;FLAVOR:UltiGCode
;TIME:3406
;MATERIAL:14063
;MATERIAL2:0
;NOZZLE_DIAMETER:0.6
;MINX:72.138
;MINY:47.281
;MINZ:0.4
;MAXX:151.084
;MAXY:175.781
;MAXZ:10
;TARGET_MACHINE.NAME:Ultimaker 2+
;Generated with Cura_SteamEngine 5.10.0
G0 F3000 Y50 ;avoid prime blob
M104 S230 ; Régler la température de l'extrudeur à 230°C
M140 S58 ; Régle la température du plateau à 58°C
M221 S100 ; Augmente le material flow de +0%
M82 ;absolute extrusion mode
G92 E0
G92 E0
G10
;LAYER_COUNT:65
;LAYER:0
M107
G0 F7200 X74.667 Y50.919 Z0.4
;TYPE:SKIRT
G11
G1 F1740 X76.95 Y48.929 E0.72685
G1 X79.59 Y47.706 E1.42514
G1 X81.852 Y47.282 E1.97748
G1 X103.332 Y47.281 E7.13268
G1 X106.102 Y47.973 E7.81791
G1 X108.658 Y49.412 E8.52188
G1 X131.638 Y72.39 E16.32121
G1 X133.166 Y75.119 E17.07185
G1 X133.826 Y78.144 E17.81493
G1 X133.612 Y81.168 E18.54251
G1 X132.672 Y83.727 E19.19679
G1 X131.424 Y85.676 E19.75223
G1 X128.576 Y88.525 E20.71904
G1 X125.868 Y90.07 E21.4673
G1 X123.053 Y90.743 E22.16194
G1 X119.288 Y90.568 E23.06651
G1 X115.891 Y88.921 E23.97256
G1 X102.907 Y77.117 E28.18399
G1 X102.91 Y109.269 E35.90047
G1 X148.695 Y154.821 E51.40092
G1 X150.252 Y157.591 E52.16355
G1 X151.084 Y161.349 E53.08731
G1 X150.258 Y165.176 E54.02694
G1 X148.716 Y167.944 E54.78738
G1 X142.597 Y174.091 E56.869
G1 X138.441 Y175.781 E57.94575
G1 X134.748 Y175.642 E58.8327
G1 X131.875 Y174.733 E59.55591
G1 X129.769 Y173.259 E60.17285
G1 X74.109 Y123.657 E78.06596
G1 X72.542 Y120.281 E78.95923
G1 X72.139 Y118.027 E79.50877
G1 X72.138 Y56.589 E94.25389
G1 X73.011 Y53.507 E95.02267
G1 X74.667 Y50.919 E95.76006
G0 F7200 X75.127 Y51.314
G1 F1740 X77.28 Y49.437 E96.44558
G1 X79.771 Y48.283 E97.10446
G1 X81.91 Y47.882 E97.62676
G1 X103.258 Y47.881 E102.75028
G1 X105.878 Y48.536 E103.39843
G1 X108.293 Y49.895 E104.0635
G1 X131.153 Y72.753 E111.8221
G1 X132.599 Y75.336 E112.53255
G1 X133.222 Y78.189 E113.23341
G1 X133.02 Y81.04 E113.91936
G1 X132.131 Y83.46 E114.53811
G1 X130.955 Y85.297 E115.06159
G1 X128.209 Y88.044 E115.99379
G1 X125.647 Y89.506 E116.70174
G1 X122.994 Y90.14 E117.35639
G1 X119.44 Y89.975 E118.21027
G1 X116.231 Y88.419 E119.06619
G1 X102.307 Y75.76 E123.58258
G1 X102.31 Y109.518 E131.6845
G1 X148.212 Y155.187 E147.22466
G1 X149.685 Y157.807 E147.94603
G1 X150.47 Y161.352 E148.81744
G1 X149.691 Y164.961 E149.70354
G1 X148.232 Y167.58 E150.42306
G1 X142.26 Y173.58 E152.45478
G1 X138.335 Y175.176 E153.47168
G1 X134.85 Y175.045 E154.30867
G1 X132.145 Y174.189 E154.9896
G1 X130.113 Y172.767 E155.58483
G1 X74.601 Y123.292 E173.43115
G1 X73.119 Y120.1 E174.27577
G1 X72.739 Y117.972 E174.79457
G1 X72.738 Y56.671 E189.50681
G1 X73.563 Y53.757 E190.23366
G1 X75.127 Y51.314 E190.92984
G0 F7200 X75.585 Y51.71
G1 F1740 X77.61 Y49.945 E191.57453
G1 X79.952 Y48.86 E192.194
G1 X81.968 Y48.482 E192.68628
G1 X103.185 Y48.481 E197.77836
G1 X105.654 Y49.098 E198.38914
G1 X107.928 Y50.378 E199.01542
G1 X130.668 Y73.116 E206.73329
G1 X132.032 Y75.553 E207.40355
G1 X132.617 Y78.23 E208.06119
G1 X132.427 Y80.915 E208.7072
G1 X131.591 Y83.191 E209.28913
G1 X130.484 Y84.92 E209.78185
G1 X127.842 Y87.563 E210.67875
G1 X125.427 Y88.941 E211.34606
G1 X122.934 Y89.537 E211.96124
G1 X119.592 Y89.382 E212.76419
G1 X116.571 Y87.917 E213.56998
G1 X101.707 Y74.403 E218.39133
G1 X101.71 Y109.767 E226.87869
G1 X147.729 Y155.552 E242.4584
G1 X149.118 Y158.023 E243.13871
G1 X149.856 Y161.355 E243.95777
G1 X149.124 Y164.746 E244.79036
G1 X147.748 Y167.216 E245.46894
G1 X141.922 Y173.069 E247.45093
G1 X138.229 Y174.571 E248.40776
G1 X134.952 Y174.448 E249.19479
G1 X132.415 Y173.645 E249.83344
G1 X130.457 Y172.275 E250.40697
G1 X75.093 Y122.927 E268.20649
G1 X73.697 Y119.92 E269.00215
G1 X73.339 Y117.916 E269.49072
G1 X73.338 Y56.753 E284.16984
G1 X74.116 Y54.005 E284.85529
G1 X75.585 Y51.71 E285.50926
G0 F7200 X76.043 Y52.106
G1 F1740 X77.94 Y50.453 E286.11313
G1 X80.133 Y49.437 E286.69319
G1 X82.026 Y49.082 E287.15543
G1 X103.112 Y49.081 E292.21607
G1 X105.43 Y49.66 E292.78949
G1 X107.563 Y50.861 E293.37698
G1 X130.183 Y73.479 E301.05412
G1 X131.465 Y75.77 E301.68419
G1 X132.013 Y78.275 E302.29961
G1 X131.835 Y80.787 E302.904
G1 X131.051 Y82.922 E303.44986
G1 X130.013 Y84.543 E303.91182
G1 X127.475 Y87.082 E304.77342
G1 X125.206 Y88.377 E305.40043
G1 X122.875 Y88.934 E305.97562
G1 X119.744 Y88.789 E306.72786
G1 X116.911 Y87.415 E307.48353
G1 X101.907 Y73.773 E312.35041
G1 X101.107 Y73.774 E312.54241
G1 X101.11 Y110.016 E321.24049
G1 X147.246 Y155.918 E336.85991
G1 X148.551 Y158.239 E337.49896
G1 X149.242 Y161.358 E338.26567
G1 X148.557 Y164.531 E339.04473
G1 X147.264 Y166.852 E339.68238
G1 X141.584 Y172.559 E341.61482
G1 X138.122 Y173.966 E342.5117
G1 X135.054 Y173.851 E343.24854
G1 X132.685 Y173.101 E343.84491
G1 X130.801 Y171.783 E344.39673
G1 X75.585 Y122.562 E362.14946
G1 X74.275 Y119.74 E362.89615
G1 X73.939 Y117.86 E363.3545
G1 X73.938 Y56.835 E378.0005
G1 X74.669 Y54.253 E378.64454
G1 X76.043 Y52.106 E379.2563
G0 F7200 X76.501 Y52.502
G1 F1740 X78.27 Y50.961 E379.81936
G1 X80.314 Y50.014 E380.36001
G1 X82.084 Y49.682 E380.79222
G1 X103.038 Y49.681 E385.82118
G1 X105.206 Y50.223 E386.35751
G1 X107.198 Y51.344 E386.9061
G1 X129.698 Y73.842 E394.54251
G1 X130.898 Y75.987 E395.13239
G1 X131.408 Y78.317 E395.70483
G1 X131.242 Y80.662 E396.26904
G1 X130.51 Y82.655 E396.7786
G1 X129.544 Y84.164 E397.20861
G1 X127.108 Y86.601 E398.03559
G1 X124.986 Y87.812 E398.62197
G1 X122.815 Y88.331 E399.15769
G1 X119.896 Y88.196 E399.859
G1 X117.251 Y86.913 E400.56454
G1 X102.235 Y73.26 E405.43532
G1 X102.001 Y73.173 E405.49524
G1 X100.785 Y73.174 E405.78708
G1 X100.507 Y73.316 E405.862
G1 X100.505 Y110.143 E414.70048
G1 X100.614 Y110.368 E414.76048
G1 X146.763 Y156.283 E430.38431
G1 X147.984 Y158.455 E430.98231
G1 X148.628 Y161.361 E431.69667
G1 X147.99 Y164.316 E432.42221
G1 X146.78 Y166.488 E433.01893
G1 X141.246 Y172.048 E434.90165
G1 X138.015 Y173.361 E435.73867
G1 X135.156 Y173.254 E436.42531
G1 X132.955 Y172.557 E436.9794
G1 X131.145 Y171.291 E437.50952
G1 X76.077 Y122.197 E455.21544
G1 X74.853 Y119.56 E455.91318
G1 X74.539 Y117.804 E456.3413
G1 X74.538 Y56.917 E470.95418
G1 X75.222 Y54.501 E471.55681
G1 X76.501 Y52.502 E472.12637
G0 F7200 X76.959 Y52.898
G1 F1740 X78.6 Y51.469 E472.64861
G1 X80.495 Y50.591 E473.14985
G1 X82.142 Y50.282 E473.55203
G1 X102.965 Y50.281 E478.54955
G1 X104.982 Y50.785 E479.04851
G1 X106.833 Y51.827 E479.5583
G1 X129.213 Y74.205 E487.15399
G1 X130.331 Y76.204 E487.70368
G1 X130.804 Y78.362 E488.2339
G1 X130.65 Y80.534 E488.75649
G1 X129.97 Y82.386 E489.22998
G1 X129.073 Y83.787 E489.62923
G1 X126.741 Y86.12 E490.42091
G1 X124.766 Y87.247 E490.96665
G1 X122.755 Y87.728 E491.46291
G1 X120.048 Y87.603 E492.11328
G1 X117.591 Y86.411 E492.76869
G1 X102.554 Y72.739 E497.64627
G1 X102.108 Y72.573 E497.76049
G1 X100.671 Y72.574 E498.10537
G1 X100.263 Y72.735 E498.21064
G1 X100.044 Y72.964 E498.28668
G1 X99.907 Y73.357 E498.38657
G1 X99.905 Y110.281 E507.24833
G1 X100.118 Y110.72 E507.36544
G1 X146.28 Y156.648 E522.99368
G1 X147.417 Y158.671 E523.55063
G1 X148.014 Y161.364 E524.21264
G1 X147.423 Y164.101 E524.88466
G1 X146.296 Y166.124 E525.44044
G1 X140.908 Y171.537 E527.27343
G1 X137.908 Y172.756 E528.0506
G1 X135.258 Y172.657 E528.68704
G1 X133.223 Y172.013 E529.19932
G1 X131.544 Y170.843 E529.69046
G1 X76.569 Y121.832 E547.36647
G1 X75.431 Y119.38 E548.01525
G1 X75.139 Y117.748 E548.41315
G1 X75.138 Y56.999 E562.99291
G1 X75.775 Y54.749 E563.55413
G1 X76.959 Y52.898 E564.08148
G0 F7200 X77.416 Y53.296
G1 F1740 X78.932 Y51.976 E564.56391
G1 X80.676 Y51.168 E565.02521
G1 X82.2 Y50.882 E565.39736
G1 X102.892 Y50.881 E570.36344
G1 X104.758 Y51.347 E570.82503
G1 X106.468 Y52.31 E571.29603
G1 X128.728 Y74.568 E578.85099
G1 X129.764 Y76.42 E579.36029
G1 X130.199 Y78.404 E579.84776
G1 X130.057 Y80.409 E580.33016
G1 X129.43 Y82.117 E580.76683
G1 X128.602 Y83.41 E581.13532
G1 X126.374 Y85.639 E581.8917
G1 X124.545 Y86.683 E582.39714
G1 X122.696 Y87.125 E582.8534
G1 X120.2 Y87.01 E583.45308
G1 X117.931 Y85.909 E584.05836
G1 X102.873 Y72.218 E588.94274
G1 X102.216 Y71.973 E589.11103
G1 X100.556 Y71.974 E589.50943
G1 X99.921 Y72.225 E589.6733
G1 X99.521 Y72.643 E589.81215
G1 X99.307 Y73.256 E589.96798
G1 X99.305 Y110.419 E598.8871
G1 X99.622 Y111.072 E599.06131
G1 X145.797 Y157.014 E614.69413
G1 X146.85 Y158.887 E615.20982
G1 X147.4 Y161.367 E615.81949
G1 X146.856 Y163.886 E616.43798
G1 X145.812 Y165.76 E616.95283
G1 X140.57 Y171.026 E618.7361
G1 X137.801 Y172.151 E619.45341
G1 X135.36 Y172.06 E620.03966
G1 X133.491 Y171.469 E620.51011
G1 X131.943 Y170.395 E620.96229
G1 X77.061 Y121.467 E638.60839
G1 X76.009 Y119.2 E639.20819
G1 X75.739 Y117.692 E639.57587
G1 X75.738 Y57.081 E654.12251
G1 X76.328 Y54.997 E654.64233
G1 X77.416 Y53.296 E655.12693
G0 F7200 X77.873 Y53.694
G1 F1740 X79.264 Y52.483 E655.56956
G1 X80.857 Y51.745 E655.99092
G1 X82.258 Y51.482 E656.33303
G1 X102.818 Y51.481 E661.26743
G1 X104.534 Y51.91 E661.69195
G1 X106.103 Y52.793 E662.12404
G1 X128.243 Y74.931 E669.63827
G1 X129.197 Y76.636 E670.10717
G1 X129.594 Y78.446 E670.55189
G1 X129.464 Y80.284 E670.99412
G1 X128.889 Y81.85 E671.39449
G1 X128.133 Y83.031 E671.73103
G1 X126.007 Y85.158 E672.45279
G1 X124.325 Y86.118 E672.91759
G1 X122.636 Y86.522 E673.33439
G1 X120.352 Y86.417 E673.88313
G1 X118.271 Y85.407 E674.43828
G1 X103.192 Y71.697 E679.32946
G1 X102.324 Y71.373 E679.55182
G1 X100.442 Y71.374 E680.0035
G1 X99.579 Y71.715 E680.2262
G1 X99.022 Y72.297 E680.41954
G1 X98.784 Y72.783 E680.54942
G1 X98.707 Y73.203 E680.6519
G1 X98.705 Y110.512 E689.60606
G1 X98.869 Y111.029 E689.73623
G1 X99.155 Y111.454 E689.85917
G1 X145.314 Y157.379 E705.4864
G1 X146.283 Y159.103 E705.96104
G1 X146.786 Y161.37 E706.51835
G1 X146.289 Y163.671 E707.08332
G1 X145.328 Y165.396 E707.55723
G1 X140.233 Y170.515 E709.29061
G1 X137.695 Y171.546 E709.94807
G1 X135.462 Y171.463 E710.48436
G1 X133.759 Y170.925 E710.91299
G1 X132.342 Y169.947 E711.32621
G1 X77.553 Y121.102 E728.94239
G1 X76.587 Y119.02 E729.49323
G1 X76.339 Y117.636 E729.83068
G1 X76.338 Y57.163 E744.3442
G1 X76.881 Y55.245 E744.82261
G1 X77.873 Y53.694 E745.26448
G0 F7200 X78.33 Y54.092
G1 F1740 X79.596 Y52.99 E745.6673
G1 X81.038 Y52.322 E746.04871
G1 X82.316 Y52.082 E746.36079
G1 X102.745 Y52.081 E751.26375
G1 X104.31 Y52.472 E751.6509
G1 X105.738 Y53.276 E752.04421
G1 X127.758 Y75.294 E759.5177
G1 X128.631 Y76.853 E759.94653
G1 X128.99 Y78.491 E760.34898
G1 X128.872 Y80.156 E760.74959
G1 X128.349 Y81.581 E761.11389
G1 X127.662 Y82.654 E761.41967
G1 X125.64 Y84.677 E762.10613
G1 X124.105 Y85.553 E762.5303
G1 X122.575 Y85.919 E762.90786
G1 X120.504 Y85.824 E763.40542
G1 X118.611 Y84.905 E763.91045
G1 X103.511 Y71.176 E768.80843
G1 X102.432 Y70.773 E769.08486
G1 X100.327 Y70.774 E769.59006
G1 X99.237 Y71.205 E769.87137
G1 X98.523 Y71.95 E770.11902
G1 X98.209 Y72.592 E770.29055
G1 X98.107 Y73.15 E770.42668
G1 X98.105 Y110.604 E779.41564
G1 X98.323 Y111.293 E779.58908
G1 X98.69 Y111.837 E779.74658
G1 X144.831 Y157.745 E795.36786
G1 X145.716 Y159.319 E795.80124
G1 X146.172 Y161.373 E796.3062
G1 X145.722 Y163.456 E796.81765
G1 X144.844 Y165.032 E797.25063
G1 X139.894 Y170.005 E798.93462
G1 X137.589 Y170.941 E799.53169
G1 X135.564 Y170.866 E800.01803
G1 X134.026 Y170.38 E800.40514
G1 X132.741 Y169.499 E800.77906
G1 X78.044 Y120.736 E818.36566
G1 X77.165 Y118.841 E818.867
G1 X76.939 Y117.58 E819.17447
G1 X76.938 Y57.245 E833.65487
G1 X77.434 Y55.493 E834.09187
G1 X78.33 Y54.092 E834.49099
G0 F7200 X78.787 Y54.49
G1 F1740 X79.928 Y53.497 E834.85402
G1 X81.219 Y52.899 E835.19548
G1 X82.374 Y52.682 E835.47753
G1 X102.672 Y52.681 E840.34905
G1 X104.086 Y53.034 E840.69883
G1 X105.373 Y53.759 E841.05335
G1 X127.273 Y75.657 E848.48611
G1 X128.064 Y77.07 E848.87475
G1 X128.385 Y78.533 E849.23423
G1 X128.279 Y80.031 E849.59464
G1 X127.809 Y81.312 E849.92212
G1 X127.191 Y82.277 E850.19715
G1 X125.273 Y84.196 E850.84831
G1 X123.885 Y84.988 E851.23184
G1 X122.514 Y85.316 E851.57017
G1 X120.656 Y85.231 E852.01655
G1 X118.951 Y84.403 E852.47146
G1 X103.853 Y70.675 E857.36891
G1 X103.222 Y70.367 E857.53743
G1 X102.513 Y70.173 E857.71384
G1 X100.242 Y70.174 E858.25888
G1 X99.555 Y70.371 E858.43041
G1 X98.875 Y70.716 E858.61341
G1 X98.025 Y71.603 E858.90826
G1 X97.634 Y72.403 E859.12196
G1 X97.507 Y73.097 E859.29129
G1 X97.505 Y110.696 E868.31505
G1 X97.777 Y111.557 E868.53175
G1 X98.225 Y112.22 E868.7238
G1 X144.348 Y158.111 E884.33914
G1 X145.149 Y159.535 E884.73126
G1 X145.558 Y161.376 E885.18387
G1 X145.155 Y163.241 E885.6418
G1 X144.36 Y164.668 E886.03384
G1 X139.556 Y169.494 E887.66811
G1 X137.482 Y170.336 E888.20533
G1 X135.666 Y170.269 E888.64146
G1 X134.291 Y169.834 E888.98758
G1 X133.14 Y169.051 E889.32168
G1 X78.535 Y120.37 E906.87871
G1 X77.743 Y118.662 E907.33055
G1 X77.539 Y117.524 E907.60803
G1 X77.538 Y57.327 E922.05531
G1 X77.987 Y55.741 E922.45091
G1 X78.787 Y54.49 E922.80729
G0 F7200 X79.244 Y54.888
G1 F1740 X80.26 Y54.004 E923.13051
G1 X81.4 Y53.476 E923.43203
G1 X82.432 Y53.282 E923.68404
G1 X102.598 Y53.281 E928.52388
G1 X103.862 Y53.597 E928.83658
G1 X105.008 Y54.242 E929.15219
G1 X126.788 Y76.02 E936.54423
G1 X127.497 Y77.287 E936.89268
G1 X127.78 Y78.576 E937.20941
G1 X127.686 Y79.906 E937.52941
G1 X127.269 Y81.043 E937.82006
G1 X126.72 Y81.9 E938.06432
G1 X124.906 Y83.715 E938.68019
G1 X123.665 Y84.423 E939.02309
G1 X122.453 Y84.713 E939.32218
G1 X120.808 Y84.638 E939.71739
G1 X119.291 Y83.901 E940.12216
G1 X104.195 Y70.175 E945.01894
G1 X103.431 Y69.802 E945.22298
G1 X102.595 Y69.573 E945.43102
G1 X100.156 Y69.574 E946.01638
G1 X99.338 Y69.809 E946.22064
G1 X98.513 Y70.227 E946.4426
G1 X97.527 Y71.256 E946.78464
G1 X97.059 Y72.214 E947.04052
G1 X96.907 Y73.044 E947.24304
G1 X96.905 Y110.788 E956.3016
G1 X97.231 Y111.821 E956.56157
G1 X97.76 Y112.603 E956.78816
G1 X143.865 Y158.477 E972.39756
G1 X144.582 Y159.751 E972.74842
G1 X144.944 Y161.379 E973.14868
G1 X144.588 Y163.026 E973.55309
G1 X143.876 Y164.304 E973.9042
G1 X139.218 Y168.983 E975.48874
G1 X137.375 Y169.731 E975.96611
G1 X135.768 Y169.672 E976.35205
G1 X134.557 Y169.289 E976.65688
G1 X133.539 Y168.603 E976.95149
G1 X79.026 Y120.004 E994.47894
G1 X78.321 Y118.483 E994.88128
G1 X78.139 Y117.468 E995.12877
G1 X78.138 Y57.409 E1009.54293
G1 X78.54 Y55.989 E1009.89712
G1 X79.244 Y54.888 E1010.21076
G0 F7200 X79.703 Y55.284
G1 F1740 X80.592 Y54.511 E1010.4935
G1 X81.581 Y54.053 E1010.75508
G1 X82.49 Y53.882 E1010.97706
G1 X102.525 Y53.881 E1015.78546
G1 X103.638 Y54.159 E1016.06079
G1 X104.643 Y54.725 E1016.33761
G1 X126.303 Y76.383 E1023.68892
G1 X126.93 Y77.504 E1023.99718
G1 X127.175 Y78.619 E1024.27117
G1 X127.093 Y79.782 E1024.55098
G1 X126.73 Y80.773 E1024.80427
G1 X126.249 Y81.523 E1025.01811
G1 X124.539 Y83.234 E1025.59867
G1 X123.445 Y83.858 E1025.90094
G1 X122.392 Y84.11 E1026.1608
G1 X120.96 Y84.045 E1026.50483
G1 X119.631 Y83.399 E1026.85948
G1 X104.537 Y69.675 E1031.75558
G1 X103.64 Y69.237 E1031.99515
G1 X102.677 Y68.973 E1032.2348
G1 X100.07 Y68.974 E1032.86048
G1 X99.121 Y69.247 E1033.09747
G1 X98.441 Y69.592 E1033.28048
G1 X97.887 Y70.014 E1033.44762
G1 X97.029 Y70.909 E1033.74518
G1 X96.484 Y72.025 E1034.04325
G1 X96.307 Y72.991 E1034.27895
G1 X96.305 Y110.879 E1043.37207
G1 X96.686 Y112.088 E1043.6763
G1 X97.293 Y112.984 E1043.93604
G1 X143.382 Y158.843 E1059.54018
G1 X144.015 Y159.967 E1059.84978
G1 X144.33 Y161.382 E1060.19769
G1 X144.021 Y162.811 E1060.54857
G1 X143.392 Y163.94 E1060.85875
G1 X138.88 Y168.472 E1062.39357
G1 X137.268 Y169.126 E1062.81108
G1 X135.87 Y169.075 E1063.14682
G1 X134.82 Y168.743 E1063.41112
G1 X133.938 Y168.155 E1063.66553
G1 X79.517 Y119.638 E1081.16339
G1 X78.899 Y118.304 E1081.51624
G1 X78.739 Y117.412 E1081.73374
G1 X78.738 Y57.491 E1096.11478
G1 X79.092 Y56.24 E1096.42681
G1 X79.703 Y55.284 E1096.6991
G0 F7200 X80.621 Y56.076
G1 F1740 X81.251 Y55.528 E1096.8995
G1 X81.949 Y55.206 E1097.08399
G1 X82.548 Y55.082 E1097.2308
G1 X102.377 Y55.081 E1101.98976
G1 X103.19 Y55.285 E1102.19092
G1 X103.913 Y55.691 E1102.38993
G1 X125.333 Y77.109 E1109.65978
G1 X125.796 Y77.938 E1109.88767
G1 X125.965 Y78.705 E1110.07616
G1 X125.907 Y79.536 E1110.27609
G1 X125.652 Y80.232 E1110.45399
G1 X125.307 Y80.769 E1110.60717
G1 X123.805 Y82.272 E1111.11714
G1 X123.004 Y82.729 E1111.33847
G1 X122.271 Y82.904 E1111.51933
G1 X121.263 Y82.859 E1111.76149
G1 X120.313 Y82.396 E1112.01513
G1 X105.221 Y68.674 E1116.91055
G1 X104.061 Y68.107 E1117.22043
G1 X102.839 Y67.773 E1117.52447
G1 X99.898 Y67.774 E1118.23031
G1 X98.687 Y68.123 E1118.53277
G1 X97.797 Y68.574 E1118.77223
G1 X97.085 Y69.117 E1118.98714
G1 X96.254 Y69.982 E1119.27502
G1 X95.865 Y70.558 E1119.44183
G1 X95.334 Y71.647 E1119.7326
G1 X95.107 Y72.885 E1120.03468
G1 X95.105 Y110.698 E1129.1098
G1 X95.209 Y111.39 E1129.27774
G1 X95.595 Y112.619 E1129.58691
G1 X96.362 Y113.749 E1129.91468
G1 X142.414 Y159.571 E1145.50626
G1 X142.883 Y160.403 E1145.73548
G1 X143.102 Y161.388 E1145.97766
G1 X142.887 Y162.381 E1146.2215
G1 X142.424 Y163.212 E1146.44981
G1 X138.204 Y167.452 E1147.88552
G1 X137.057 Y167.916 E1148.18247
G1 X136.073 Y167.881 E1148.41878
G1 X135.343 Y167.65 E1148.60254
G1 X134.702 Y167.229 E1148.7866
G1 X80.501 Y118.908 E1166.21375
G1 X80.054 Y117.942 E1166.46921
G1 X79.939 Y117.356 E1166.61253
G1 X79.938 Y57.655 E1180.94077
G1 X80.196 Y56.742 E1181.16847
G1 X80.621 Y56.076 E1181.35808
G0 F7200 X80.162 Y55.68
G1 F1740 X80.921 Y55.02 E1181.59948
G1 X81.766 Y54.629 E1181.82294
G1 X82.548 Y54.482 E1182.01391
G1 X102.451 Y54.481 E1186.79063
G1 X103.414 Y54.722 E1187.02887
G1 X104.278 Y55.208 E1187.26679
G1 X125.818 Y76.746 E1194.57737
G1 X126.363 Y77.721 E1194.84544
G1 X126.57 Y78.662 E1195.07668
G1 X126.5 Y79.659 E1195.31655
G1 X126.191 Y80.503 E1195.53226
G1 X125.778 Y81.146 E1195.71567
G1 X124.172 Y82.753 E1196.26093
G1 X123.225 Y83.293 E1196.52257
G1 X122.331 Y83.507 E1196.74319
G1 X121.112 Y83.452 E1197.03605
G1 X119.971 Y82.897 E1197.34056
G1 X104.879 Y69.174 E1202.23615
G1 X103.85 Y68.672 E1202.51093
G1 X102.758 Y68.373 E1202.78266
G1 X99.984 Y68.374 E1203.44842
G1 X98.904 Y68.685 E1203.71815
G1 X98.119 Y69.083 E1203.92938
G1 X97.488 Y69.564 E1204.1198
G1 X96.531 Y70.561 E1204.45148
G1 X95.909 Y71.836 E1204.79195
G1 X95.707 Y72.938 E1205.06083
G1 X95.705 Y110.656 E1214.11315
G1 X95.795 Y111.255 E1214.25853
G1 X96.141 Y112.355 E1214.53528
G1 X96.826 Y113.365 E1214.82817
G1 X142.898 Y159.207 E1230.42654
G1 X143.449 Y160.185 E1230.69595
G1 X143.716 Y161.385 E1230.99099
G1 X143.454 Y162.596 E1231.28836
G1 X142.908 Y163.576 E1231.5576
G1 X138.542 Y167.962 E1233.04287
G1 X137.163 Y168.521 E1233.39998
G1 X135.971 Y168.478 E1233.68625
G1 X135.082 Y168.197 E1233.91001
G1 X134.337 Y167.707 E1234.12402
G1 X80.008 Y119.272 E1251.59231
G1 X79.477 Y118.125 E1251.89566
G1 X79.339 Y117.356 E1252.08317
G1 X79.338 Y57.573 E1266.43109
G1 X79.644 Y56.491 E1266.70095
G1 X80.162 Y55.68 E1266.93191
;MESH:porte-manteau.stl
G0 F7200 X81.078 Y56.471
;TYPE:WALL-OUTER
G1 F1740 X80.749 Y56.988 E1267.09369
G1 X80.536 Y57.738 E1267.29952
G1 X80.536 Y117.32 E1283.02917
G1 X80.627 Y117.753 E1283.14598
G1 X80.991 Y118.541 E1283.37513
G1 X135.083 Y166.764 E1302.5063
G1 X135.601 Y167.102 E1302.66959
G1 X136.176 Y167.281 E1302.82858
G1 X136.951 Y167.309 E1303.03331
G1 X137.858 Y166.944 E1303.29142
G1 X141.941 Y162.841 E1304.81956
G1 X142.32 Y162.16 E1305.02531
G1 X142.488 Y161.389 E1305.23363
G1 X142.316 Y160.621 E1305.4414
G1 X141.934 Y159.94 E1305.64754
G1 X95.888 Y114.123 E1322.79623
G1 X95.043 Y112.869 E1323.19543
G1 X94.615 Y111.49 E1323.57662
G1 X94.507 Y110.782 E1323.76569
G1 X94.505 Y72.84 E1333.78238
G1 X94.775 Y71.412 E1334.16605
G1 X95.344 Y70.248 E1334.5081
G1 X95.789 Y69.6 E1334.71562
G1 X96.687 Y68.66 E1335.05882
G1 X97.48 Y68.057 E1335.32183
G1 X98.454 Y67.564 E1335.61003
G1 X99.461 Y67.275 E1335.88661
G1 X100.185 Y67.172 E1336.07967
G1 X102.952 Y67.178 E1336.81016
G1 X104.249 Y67.534 E1337.16523
G1 X105.265 Y68.031 E1337.46382
G1 X105.817 Y68.406 E1337.64
G1 X120.651 Y81.889 E1342.93212
G1 X121.416 Y82.263 E1343.15692
G1 X122.211 Y82.298 E1343.36701
G1 X122.777 Y82.165 E1343.5205
G1 X123.44 Y81.787 E1343.72198
G1 X124.86 Y80.362 E1344.25308
G1 X125.311 Y79.405 E1344.53238
G1 X125.357 Y78.743 E1344.70756
G1 X125.228 Y78.156 E1344.86623
G1 X124.846 Y77.471 E1345.07329
G1 X103.549 Y56.174 E1353.02458
G1 X102.968 Y55.85 E1353.2002
G1 X102.298 Y55.68 E1353.38268
G1 X82.573 Y55.68 E1358.59008
G1 X81.577 Y56.039 E1358.86959
G1 X81.078 Y56.471 E1359.04383
G0 F7200 X80.917 Y56.724
G0 X81.537 Y56.867
;TYPE:WALL-INNER
G1 F1740 X81.303 Y57.236 E1359.14345
G1 X81.136 Y57.822 E1359.28238
G1 X81.136 Y117.424 E1372.87164
G1 X81.483 Y118.176 E1373.06047
G1 X135.448 Y166.286 E1389.54408
G1 X135.859 Y166.554 E1389.65595
G1 X136.278 Y166.685 E1389.75604
G1 X136.845 Y166.705 E1389.8854
G1 X137.52 Y166.433 E1390.05133
G1 X141.457 Y162.477 E1391.32384
G1 X141.752 Y161.946 E1391.46234
G1 X141.874 Y161.391 E1391.5919
G1 X141.75 Y160.838 E1391.72112
G1 X141.452 Y160.307 E1391.85995
G1 X95.43 Y114.511 E1406.66292
G1 X94.494 Y113.131 E1407.04311
G1 X94.033 Y111.65 E1407.39675
G1 X93.904 Y110.807 E1407.5912
G1 X93.907 Y72.784 E1416.26044
G1 X94.2 Y71.219 E1416.62346
G1 X94.826 Y69.945 E1416.9471
G1 X95.321 Y69.225 E1417.14632
G1 X96.287 Y68.213 E1417.4653
G1 X97.161 Y67.549 E1417.71555
G1 X98.234 Y67.006 E1417.98974
G1 X99.388 Y66.677 E1418.26334
G1 X100.118 Y66.572 E1418.43149
G1 X103.038 Y66.576 E1419.09725
G1 X104.487 Y66.978 E1419.4401
G1 X105.552 Y67.501 E1419.71062
G1 X106.204 Y67.944 E1419.89034
G1 X120.991 Y81.387 E1424.44675
G1 X121.567 Y81.669 E1424.59297
G1 X122.155 Y81.695 E1424.72717
G1 X122.555 Y81.601 E1424.82085
G1 X123.072 Y81.306 E1424.95657
G1 X124.39 Y79.984 E1425.38219
G1 X124.718 Y79.279 E1425.55947
G1 X124.753 Y78.788 E1425.67171
G1 X124.661 Y78.371 E1425.76907
G1 X124.363 Y77.836 E1425.90869
G1 X103.184 Y56.657 E1432.73767
G1 X102.744 Y56.412 E1432.85249
G1 X102.224 Y56.28 E1432.97481
G1 X82.638 Y56.28 E1437.44042
G1 X81.906 Y56.547 E1437.61807
G1 X81.537 Y56.867 E1437.72943
G0 F7200 X81.939 Y57.22
;TYPE:SKIN
G1 F1740 X81.739 Y57.447 E1437.79496
G1 X81.616 Y57.882 E1437.89287
G1 X81.616 Y117.192 E1450.73942
G1 X81.879 Y117.884 E1450.89977
G1 X135.729 Y165.892 E1466.52591
G1 X136.374 Y166.205 E1466.6812
G1 X136.758 Y166.218 E1466.76442
G1 X137.251 Y166.02 E1466.87949
G1 X141.069 Y162.182 E1468.05209
G1 X141.38 Y161.393 E1468.23578
G1 X141.296 Y161.012 E1468.32029
G1 X141.066 Y160.599 E1468.42268
G1 X95.047 Y114.805 E1482.48474
G1 X94.058 Y113.344 E1482.86688
G1 X93.559 Y111.73 E1483.2328
G1 X93.424 Y110.819 E1483.43228
G1 X93.433 Y72.712 E1491.68625
G1 X93.743 Y71.065 E1492.04926
G1 X94.424 Y69.677 E1492.38413
G1 X94.958 Y68.908 E1492.58692
G1 X95.985 Y67.837 E1492.90832
G1 X96.877 Y67.153 E1493.15179
G1 X98.081 Y66.547 E1493.44375
G1 X99.314 Y66.198 E1493.72131
G1 X100.066 Y66.094 E1493.88574
G1 X103.101 Y66.095 E1494.54312
G1 X104.685 Y66.538 E1494.89938
G1 X105.809 Y67.095 E1495.17109
G1 X106.481 Y67.55 E1495.34687
G1 X121.263 Y80.982 E1499.67306
G1 X121.678 Y81.187 E1499.77331
G1 X122.39 Y81.141 E1499.92785
G1 X122.779 Y80.916 E1500.02519
G1 X124.002 Y79.689 E1500.40043
G1 X124.24 Y79.178 E1500.52253
G1 X124.2 Y78.531 E1500.66294
G1 X123.974 Y78.123 E1500.76396
G1 X102.9 Y57.053 E1507.21871
G1 X102.151 Y56.76 E1507.39291
G1 X82.702 Y56.76 E1511.60557
G1 X82.171 Y56.956 E1511.72817
G1 X81.939 Y57.22 E1511.80429
G10
G0 F7200 X80.463 Y55.525
G0 X81.784 Y54.709
G0 X102.44 Y54.561
G0 X103.383 Y54.798
G0 X104.232 Y55.275
G0 X125.751 Y76.792
G0 X126.235 Y77.659
G0 X126.432 Y78.401
G0 X123.926 Y78.954
G11
G1 F1740 X102.032 Y57.06 E1518.51083
G0 F7200 X101.183 Y57.06
G1 F1740 X123.696 Y79.572 E1525.40683
G0 F7200 X123.272 Y79.997
G1 F1740 X100.335 Y57.06 E1532.43286
G0 F7200 X99.486 Y57.06
G1 F1740 X122.848 Y80.422 E1539.58908
G0 F7200 X122.378 Y80.8
G1 F1740 X98.638 Y57.06 E1546.86108
G0 F7200 X97.789 Y57.06
G1 F1740 X121.487 Y80.758 E1554.12022
G1 X121.593 Y80.864
G10
G0 F7200 X119.902 Y82.725
G0 X110.779 Y74.43
G0 X112.46 Y72.58
G11
G1 F1740 X96.941 Y57.06 E1558.87414
G0 F7200 X96.092 Y57.06
G1 F1740 X105.77 Y66.737 E1561.83854
G1 X105.876 Y66.843
G0 F7200 X104.298 Y66.114
G1 F1740 X95.244 Y57.06 E1564.61194
G0 F7200 X94.395 Y57.06
G1 F1740 X103.13 Y65.795 E1567.28764
G0 F7200 X102.282 Y65.795
G1 F1740 X93.547 Y57.06 E1569.96333
G0 F7200 X92.698 Y57.06
G1 F1740 X101.434 Y65.796 E1572.63933
G0 F7200 X100.586 Y65.796
G1 F1740 X91.85 Y57.06 E1575.31533
G0 F7200 X91.001 Y57.06
G1 F1740 X99.773 Y65.832 E1578.00236
G0 F7200 X99.054 Y65.962
G1 F1740 X90.153 Y57.06 E1580.72905
G0 F7200 X89.304 Y57.06
G1 F1740 X98.392 Y66.148 E1583.51288
G0 F7200 X97.762 Y66.366
G1 F1740 X88.456 Y57.06 E1586.36348
G0 F7200 X87.607 Y57.06
G1 F1740 X97.197 Y66.65 E1589.30107
G0 F7200 X96.648 Y66.95
G1 F1740 X86.758 Y57.06 E1592.33057
G0 F7200 X85.91 Y57.06
G1 F1740 X96.168 Y67.318 E1595.47278
G0 F7200 X95.699 Y67.698
G1 F1740 X85.061 Y57.06 E1598.7314
G0 F7200 X84.213 Y57.06
G1 F1740 X95.285 Y68.133 E1602.12311
G0 F7200 X94.872 Y68.567
G1 F1740 X83.364 Y57.06 E1605.64808
G0 F7200 X82.581 Y57.125
G1 F1740 X94.498 Y69.043 E1609.29863
G0 F7200 X94.156 Y69.549
G1 F1740 X82.099 Y57.491 E1612.99207
G0 F7200 X81.916 Y58.157
G1 F1740 X93.877 Y70.118 E1616.65594
G0 F7200 X93.598 Y70.687
G1 F1740 X81.916 Y59.006 E1620.23421
G0 F7200 X81.916 Y59.854
G1 F1740 X93.39 Y71.329 E1623.74906
G0 F7200 X93.255 Y72.042
G1 F1740 X81.916 Y60.703 E1627.22241
G0 F7200 X81.916 Y61.552
G1 F1740 X93.129 Y72.764 E1630.657
G0 F7200 X93.129 Y73.613
G1 F1740 X81.916 Y62.4 E1634.09175
G0 F7200 X81.916 Y63.249
G1 F1740 X93.129 Y74.461 E1637.52635
G0 F7200 X93.129 Y75.31
G1 F1740 X81.916 Y64.097 E1640.9611
G0 F7200 X81.916 Y64.946
G1 F1740 X93.129 Y76.158 E1644.3957
G0 F7200 X93.129 Y77.007
G1 F1740 X81.916 Y65.794 E1647.83045
G0 F7200 X81.916 Y66.643
G1 F1740 X93.129 Y77.855 E1651.26505
G0 F7200 X93.129 Y78.704
G1 F1740 X81.916 Y67.491 E1654.6998
G0 F7200 X81.916 Y68.34
G1 F1740 X93.129 Y79.552 E1658.1344
G0 F7200 X93.129 Y80.401
G1 F1740 X81.916 Y69.188 E1661.56915
G0 F7200 X81.916 Y70.037
G1 F1740 X93.129 Y81.249 E1665.00375
G0 F7200 X93.129 Y82.098
G1 F1740 X81.916 Y70.885 E1668.4385
G0 F7200 X81.916 Y71.734
G1 F1740 X93.129 Y82.946 E1671.8731
G0 F7200 X93.129 Y83.795
G1 F1740 X81.916 Y72.582 E1675.30785
G0 F7200 X81.916 Y73.431
G1 F1740 X93.129 Y84.644 E1678.7426
G0 F7200 X93.129 Y85.493
G1 F1740 X81.916 Y74.279 E1682.1775
G0 F7200 X81.916 Y75.128
G1 F1740 X93.129 Y86.341 E1685.61226
G0 F7200 X93.129 Y87.19
G1 F1740 X81.916 Y75.977 E1689.04701
G0 F7200 X81.916 Y76.825
G1 F1740 X93.129 Y88.038 E1692.48176
G0 F7200 X93.129 Y88.887
G1 F1740 X81.916 Y77.674 E1695.91651
G0 F7200 X81.916 Y78.522
G1 F1740 X93.129 Y89.735 E1699.35126
G0 F7200 X93.129 Y90.584
G1 F1740 X81.916 Y79.371 E1702.78601
G0 F7200 X81.916 Y80.219
G1 F1740 X93.129 Y91.432 E1706.22076
G0 F7200 X93.129 Y92.281
G1 F1740 X81.916 Y81.068 E1709.65551
G0 F7200 X81.916 Y81.916
G1 F1740 X93.129 Y93.129 E1713.09026
G0 F7200 X93.129 Y93.978
G1 F1740 X81.916 Y82.765 E1716.52502
G0 F7200 X81.916 Y83.613
G1 F1740 X93.129 Y94.827 E1719.95992
G0 F7200 X93.129 Y95.675
G1 F1740 X81.916 Y84.462 E1723.39467
G0 F7200 X81.916 Y85.31
G1 F1740 X93.129 Y96.524 E1726.82958
G0 F7200 X93.129 Y97.372
G1 F1740 X81.916 Y86.159 E1730.26433
G0 F7200 X81.916 Y87.007
G1 F1740 X93.13 Y98.221 E1733.69938
G0 F7200 X93.13 Y99.07
G1 F1740 X81.916 Y87.856 E1737.13444
G0 F7200 X81.916 Y88.704
G1 F1740 X93.13 Y99.918 E1740.5695
G0 F7200 X93.13 Y100.767
G1 F1740 X81.916 Y89.553 E1744.00456
G0 F7200 X81.916 Y90.401
G1 F1740 X93.13 Y101.615 E1747.43961
G0 F7200 X93.13 Y102.464
G1 F1740 X81.916 Y91.25 E1750.87467
G0 F7200 X81.916 Y92.099
G1 F1740 X93.13 Y103.313 E1754.30973
G0 F7200 X93.13 Y104.161
G1 F1740 X81.916 Y92.947 E1757.74479
G0 F7200 X81.916 Y93.796
G1 F1740 X93.13 Y105.01 E1761.17984
G0 F7200 X93.13 Y105.858
G1 F1740 X81.916 Y94.644 E1764.6149
G0 F7200 X81.916 Y95.493
G1 F1740 X93.13 Y106.707 E1768.04996
G0 F7200 X93.13 Y107.555
G1 F1740 X81.916 Y96.341 E1771.48502
G0 F7200 X81.916 Y97.19
G1 F1740 X93.13 Y108.404 E1774.92007
G0 F7200 X93.13 Y109.252
G1 F1740 X81.916 Y98.038 E1778.35513
G0 F7200 X81.916 Y98.887
G1 F1740 X93.13 Y110.101 E1781.79019
G0 F7200 X93.137 Y110.956
G1 F1740 X81.916 Y99.735 E1785.22739
G0 F7200 X81.916 Y100.584
G1 F1740 X93.324 Y111.992 E1788.72187
G1 X93.43 Y112.098
G0 F7200 X93.714 Y113.23
G1 F1740 X81.916 Y101.432 E1792.33582
G0 F7200 X81.916 Y102.281
G1 F1740 X141.061 Y161.425 E1810.45288
G0 F7200 X140.808 Y162.021
G1 F1740 X81.916 Y103.129 E1828.4926
G0 F7200 X81.916 Y103.978
G1 F1740 X140.384 Y162.446 E1846.40244
G0 F7200 X139.961 Y162.871
G1 F1740 X81.916 Y104.826 E1864.18271
G0 F7200 X81.916 Y105.675
G1 F1740 X139.538 Y163.296 E1881.83325
G0 F7200 X139.115 Y163.722
G1 F1740 X81.916 Y106.524 E1899.35422
G0 F7200 X81.916 Y107.372
G1 F1740 X138.691 Y164.147 E1916.74546
G0 F7200 X138.268 Y164.573
G1 F1740 X81.916 Y108.221 E1934.00713
G0 F7200 X81.916 Y109.069
G1 F1740 X137.846 Y164.998 E1951.13938
G0 F7200 X137.422 Y165.423
G1 F1740 X81.916 Y109.918 E1968.14175
G0 F7200 X81.916 Y110.766
G1 F1740 X136.962 Y165.812 E1985.00336
G0 F7200 X135.983 Y165.681
G1 F1740 X81.916 Y111.615 E2001.56494
G0 F7200 X81.916 Y112.463
G1 F1740 X128.481 Y159.028 E2015.82867
G1 X128.587 Y159.134
G10
G0 F7200 X126.929 Y160.995
G0 X118.997 Y153.924
G0 X120.661 Y152.057
G11
G1 F1740 X81.916 Y113.312 E2027.69699
G0 F7200 X81.916 Y114.16
G1 F1740 X112.841 Y145.085 E2037.16989
G1 X112.947 Y145.191
G10
G0 F7200 X111.289 Y147.052
G0 X103.356 Y139.98
G0 X105.02 Y138.113
G11
G1 F1740 X81.916 Y115.009 E2044.24708
G0 F7200 X81.916 Y115.857
G1 F1740 X97.2 Y131.141 E2048.92885
G1 X97.306 Y131.247
G10
G0 F7200 X95.648 Y133.108
G0 X87.716 Y126.037
G0 X89.38 Y124.169
G11
G1 F1740 X81.916 Y116.706 E2051.21506
G1 X81.81 Y116.6
G10
;MESH:NONMESH
G0 F600 X81.81 Y116.6 Z0.55
G0 F7200 X79.418 Y116.601
G0 X79.418 Y57.588
G0 X79.689 Y56.63
G0 X80.223 Y55.734
G0 X80.911 Y56.055
;TIME_ELAPSED:314.213670
;LAYER:1
M106 S255
;TYPE:WALL-OUTER
;MESH:porte-manteau.stl
G11
G1 F2310 X80.417 Y56.825 E2051.2974
G1 X80.168 Y57.71 E2051.38014
G1 X80.172 Y117.349 E2056.74765
G1 X80.283 Y117.886 E2056.797
G1 X80.674 Y118.749 E2056.88227
G1 X134.99 Y167.176 E2063.43153
G1 X135.364 Y167.396 E2063.47058
G1 X136.129 Y167.645 E2063.54298
G1 X136.796 Y167.67 E2063.60306
G1 X137.572 Y167.475 E2063.67507
G1 X138.25 Y167.073 E2063.74601
G1 X142.225 Y163.078 E2064.25322
G1 X142.668 Y162.276 E2064.33568
G1 X142.866 Y161.386 E2064.41773
G1 X142.665 Y160.502 E2064.49932
G1 X142.211 Y159.7 E2064.58227
G1 X96.178 Y113.891 E2070.42707
G1 X95.774 Y113.343 E2070.48835
G1 X95.307 Y112.482 E2070.5765
G1 X94.989 Y111.47 E2070.67197
G1 X94.875 Y110.75 E2070.73758
G1 X94.876 Y72.565 E2074.17423
G1 X95.29 Y71.095 E2074.31168
G1 X96.026 Y69.883 E2074.43929
G1 X97.121 Y68.743 E2074.58156
G1 X98.087 Y68.132 E2074.68443
G1 X99.032 Y67.755 E2074.776
G1 X100.168 Y67.544 E2074.87999
G1 X102.904 Y67.542 E2075.12623
G1 X104.147 Y67.889 E2075.24237
G1 X105.015 Y68.309 E2075.32916
G1 X105.593 Y68.702 E2075.39206
G1 X120.389 Y82.147 E2077.19137
G1 X121.171 Y82.552 E2077.27062
G1 X122.051 Y82.713 E2077.35114
G1 X122.9 Y82.51 E2077.4297
G1 X123.684 Y82.063 E2077.51093
G1 X125.134 Y80.613 E2077.69548
G1 X125.58 Y79.812 E2077.77799
G1 X125.778 Y78.922 E2077.86005
G1 X125.577 Y78.037 E2077.94173
G1 X125.13 Y77.235 E2078.02436
G1 X103.993 Y56.098 E2080.71466
G1 X103.282 Y55.549 E2080.79551
G1 X102.327 Y55.312 E2080.88407
G1 X82.554 Y55.312 E2082.66364
G1 X81.681 Y55.561 E2082.74534
G1 X80.911 Y56.055 E2082.82768
G0 F7200 X80.75 Y56.307
G0 X81.258 Y56.624
;TYPE:WALL-INNER
G1 F3180 X80.971 Y57.073 E2082.87564
G1 X80.768 Y57.792 E2082.94288
G1 X80.772 Y117.287 E2088.29743
G1 X80.857 Y117.7 E2088.33537
G1 X81.319 Y118.519 E2088.42
G1 X135.469 Y166.799 E2094.9493
G1 X136.235 Y167.049 E2095.02182
G1 X136.733 Y167.067 E2095.06667
G1 X137.341 Y166.915 E2095.12308
G1 X137.878 Y166.596 E2095.17929
G1 X141.741 Y162.714 E2095.67218
G1 X142.101 Y162.062 E2095.73921
G1 X142.216 Y161.233 E2095.81454
G1 X142.099 Y160.721 E2095.8618
G1 X141.729 Y160.068 E2095.92935
G1 X95.732 Y114.297 E2101.76945
G1 X95.256 Y113.651 E2101.84167
G1 X94.755 Y112.717 E2101.93706
G1 X94.396 Y111.584 E2102.04402
G1 X94.272 Y110.776 E2102.1176
G1 X94.275 Y72.497 E2105.56271
G1 X94.72 Y70.884 E2105.7133
G1 X95.544 Y69.518 E2105.85687
G1 X96.718 Y68.294 E2106.00952
G1 X97.814 Y67.598 E2106.12636
G1 X98.865 Y67.179 E2106.22819
G1 X100.133 Y66.94 E2106.34432
G1 X102.99 Y66.94 E2106.60145
G1 X104.335 Y67.314 E2106.7271
G1 X105.338 Y67.799 E2106.82737
G1 X105.982 Y68.242 E2106.89772
G1 X120.735 Y81.651 E2108.69197
G1 X121.367 Y81.978 E2108.75602
G1 X122.034 Y82.1 E2108.81704
G1 X122.677 Y81.946 E2108.87655
G1 X123.317 Y81.582 E2108.94281
G1 X124.65 Y80.248 E2109.11254
G1 X125.013 Y79.596 E2109.1797
G1 X125.128 Y78.769 E2109.25485
G1 X125.011 Y78.254 E2109.30238
G1 X124.646 Y77.6 E2109.36979
G1 X103.596 Y56.549 E2112.04908
G1 X103.015 Y56.101 E2112.11511
G1 X102.254 Y55.912 E2112.18568
G1 X82.638 Y55.912 E2113.95112
G1 X81.93 Y56.114 E2114.01738
G1 X81.258 Y56.624 E2114.09331
G0 F7200 X81.627 Y56.936
;TYPE:SKIN
G1 F2040 X81.409 Y57.273 E2114.12762
G1 X81.248 Y57.853 E2114.17909
G1 X81.252 Y117.234 E2119.25616
G1 X81.314 Y117.546 E2119.28336
G1 X81.681 Y118.197 E2119.34726
G1 X135.621 Y166.289 E2125.52599
G1 X136.325 Y166.57 E2125.5908
G1 X137.154 Y166.464 E2125.66226
G1 X137.577 Y166.21 E2125.70444
G1 X141.353 Y162.422 E2126.16175
G1 X141.642 Y161.895 E2126.21314
G1 X141.731 Y161.273 E2126.26686
G1 X141.645 Y160.898 E2126.29975
G1 X141.339 Y160.36 E2126.35267
G1 X95.357 Y114.598 E2131.89931
G1 X94.857 Y113.914 E2131.97175
G1 X94.307 Y112.897 E2132.07061
G1 X93.923 Y111.677 E2132.17996
G1 X93.792 Y110.783 E2132.25722
G1 X93.798 Y72.427 E2135.53666
G1 X94.293 Y70.656 E2135.69388
G1 X95.187 Y69.186 E2135.84098
G1 X96.434 Y67.899 E2135.9942
G1 X97.625 Y67.153 E2136.11436
G1 X98.79 Y66.696 E2136.22136
G1 X100.068 Y66.464 E2136.33241
G1 X103.057 Y66.46 E2136.58797
G1 X104.531 Y66.873 E2136.71885
G1 X105.559 Y67.369 E2136.81644
G1 X106.282 Y67.865 E2136.8914
G1 X121.014 Y81.251 E2138.5933
G1 X121.523 Y81.517 E2138.6424
G1 X122.019 Y81.609 E2138.68553
G1 X122.492 Y81.494 E2138.72715
G1 X123.028 Y81.19 E2138.77984
G1 X124.262 Y79.957 E2138.92899
G1 X124.554 Y79.43 E2138.9805
G1 X124.643 Y78.809 E2139.03414
G1 X124.556 Y78.424 E2139.06789
G1 X124.258 Y77.887 E2139.1204
G1 X103.281 Y56.915 E2141.65653
G1 X102.798 Y56.544 E2141.70861
G1 X102.194 Y56.393 E2141.76184
G1 X82.703 Y56.392 E2143.42832
G1 X82.136 Y56.554 E2143.47874
G1 X81.627 Y56.936 E2143.53315
G0 F7200 X81.739 Y57.419
G1 F2040 X82.355 Y56.803 E2143.60763
G0 F7200 X83.315 Y56.692
G1 F2040 X81.549 Y58.459 E2143.82123
G0 F7200 X81.549 Y59.307
G1 F2040 X84.163 Y56.692 E2144.13736
G0 F7200 X85.012 Y56.692
G1 F2040 X81.549 Y60.156 E2144.55615
G0 F7200 X81.549 Y61.004
G1 F2040 X85.86 Y56.692 E2145.07748
G0 F7200 X86.709 Y56.692
G1 F2040 X81.549 Y61.853 E2145.70146
G0 F7200 X81.549 Y62.701
G1 F2040 X87.557 Y56.692 E2146.42798
G0 F7200 X88.406 Y56.692
G1 F2040 X81.549 Y63.55 E2147.25716
G0 F7200 X81.549 Y64.398
G1 F2040 X89.255 Y56.692 E2148.18893
G0 F7200 X90.103 Y56.692
G1 F2040 X81.549 Y65.247 E2149.2233
G0 F7200 X81.549 Y66.095
G1 F2040 X90.952 Y56.692 E2150.36027
G0 F7200 X91.8 Y56.692
G1 F2040 X81.549 Y66.944 E2151.59983
G0 F7200 X81.549 Y67.792
G1 F2040 X92.649 Y56.692 E2152.94199
G0 F7200 X93.497 Y56.692
G1 F2040 X81.549 Y68.64 E2154.38668
G0 F7200 X81.549 Y69.489
G1 F2040 X94.346 Y56.692 E2155.93404
G0 F7200 X95.194 Y56.692
G1 F2040 X81.549 Y70.337 E2157.58393
G0 F7200 X81.549 Y71.186
G1 F2040 X96.043 Y56.692 E2159.33647
G0 F7200 X96.891 Y56.692
G1 F2040 X81.549 Y72.034 E2161.19155
G0 F7200 X81.549 Y72.883
G1 F2040 X97.74 Y56.692 E2163.14929
G0 F7200 X98.588 Y56.692
G1 F2040 X81.549 Y73.731 E2165.20957
G0 F7200 X81.549 Y74.58
G1 F2040 X99.437 Y56.692 E2167.3725
G0 F7200 X100.285 Y56.692
G1 F2040 X81.549 Y75.428 E2169.63797
G0 F7200 X81.549 Y76.277
G1 F2040 X101.134 Y56.692 E2172.00609
G0 F7200 X101.982 Y56.692
G1 F2040 X81.549 Y77.126 E2174.47681
G0 F7200 X81.55 Y77.973
G1 F2040 X102.687 Y56.837 E2177.03254
G0 F7200 X103.158 Y57.214
G1 F2040 X81.55 Y78.822 E2179.64528
G0 F7200 X81.55 Y79.67
G1 F2040 X103.582 Y57.638 E2182.30928
G0 F7200 X104.006 Y58.063
G1 F2040 X81.55 Y80.519 E2185.02456
G0 F7200 X81.55 Y81.367
G1 F2040 X104.43 Y58.487 E2187.7911
G0 F7200 X104.855 Y58.911
G1 F2040 X81.55 Y82.216 E2190.60903
G0 F7200 X81.55 Y83.065
G1 F2040 X93.994 Y70.621 E2192.1137
G1 X94.1 Y70.515
G0 F7200 X93.665 Y71.798
G1 F2040 X81.55 Y83.913 E2193.57858
G0 F7200 X81.55 Y84.762
G1 F2040 X93.501 Y72.811 E2195.02364
G0 F7200 X93.501 Y73.659
G1 F2040 X81.55 Y85.61 E2196.4687
G0 F7200 X81.55 Y86.459
G1 F2040 X93.501 Y74.508 E2197.91376
G0 F7200 X93.5 Y75.357
G1 F2040 X81.55 Y87.307 E2199.3587
G0 F7200 X81.551 Y88.155
G1 F2040 X93.5 Y76.206 E2200.80351
G0 F7200 X93.5 Y77.054
G1 F2040 X81.551 Y89.004 E2202.24839
G0 F7200 X81.551 Y89.852
G1 F2040 X93.5 Y77.903 E2203.69321
G0 F7200 X93.499 Y78.752
G1 F2040 X81.551 Y90.701 E2205.13796
G0 F7200 X81.551 Y91.549
G1 F2040 X93.499 Y79.6 E2206.58272
G0 F7200 X93.499 Y80.449
G1 F2040 X81.551 Y92.398 E2208.02747
G0 F7200 X81.551 Y93.246
G1 F2040 X93.499 Y81.298 E2209.47217
G0 F7200 X93.499 Y82.147
G1 F2040 X81.551 Y94.095 E2210.91687
G0 F7200 X81.551 Y94.943
G1 F2040 X93.499 Y82.995 E2212.36156
G0 F7200 X93.499 Y83.844
G1 F2040 X81.551 Y95.792 E2213.80626
G0 F7200 X81.551 Y96.64
G1 F2040 X93.498 Y84.693 E2215.25083
G0 F7200 X93.498 Y85.542
G1 F2040 X81.551 Y97.489 E2216.69541
G0 F7200 X81.551 Y98.337
G1 F2040 X93.498 Y86.39 E2218.13998
G0 F7200 X93.497 Y87.239
G1 F2040 X81.551 Y99.185 E2219.58443
G0 F7200 X81.551 Y100.034
G1 F2040 X93.497 Y88.088 E2221.02889
G0 F7200 X93.497 Y88.936
G1 F2040 X81.551 Y100.882 E2222.47334
G0 F7200 X81.551 Y101.731
G1 F2040 X93.497 Y89.785 E2223.91779
G0 F7200 X93.496 Y90.634
G1 F2040 X81.551 Y102.579 E2225.36213
G0 F7200 X81.551 Y103.428
G1 F2040 X93.496 Y91.483 E2226.80646
G0 F7200 X93.496 Y92.331
G1 F2040 X81.551 Y104.276 E2228.25079
G0 F7200 X81.551 Y105.125
G1 F2040 X93.496 Y93.18 E2229.69513
G0 F7200 X93.496 Y94.029
G1 F2040 X81.551 Y105.973 E2231.1394
G0 F7200 X81.551 Y106.822
G1 F2040 X93.496 Y94.877 E2232.58373
G0 F7200 X93.496 Y95.726
G1 F2040 X81.552 Y107.67 E2234.02794
G0 F7200 X81.552 Y108.518
G1 F2040 X93.495 Y96.575 E2235.47203
G0 F7200 X93.495 Y97.424
G1 F2040 X81.552 Y109.367 E2236.91612
G0 F7200 X81.552 Y110.215
G1 F2040 X93.495 Y98.272 E2238.36022
G0 F7200 X93.494 Y99.122
G1 F2040 X81.552 Y111.064 E2239.80419
G0 F7200 X81.552 Y111.912
G1 F2040 X93.494 Y99.97 E2241.24816
G0 F7200 X93.494 Y100.819
G1 F2040 X81.552 Y112.761 E2242.69213
G0 F7200 X81.552 Y113.609
G1 F2040 X93.494 Y101.667 E2244.1361
G0 F7200 X93.494 Y102.516
G1 F2040 X81.552 Y114.458 E2245.58007
G0 F7200 X81.552 Y115.306
G1 F2040 X93.494 Y103.365 E2247.02398
G0 F7200 X93.494 Y104.213
G1 F2040 X81.552 Y116.155 E2248.46795
G0 F7200 X81.552 Y117.004
G1 F2040 X93.493 Y105.063 E2249.91179
G0 F7200 X93.493 Y105.911
G1 F2040 X81.731 Y117.673 E2251.334
G0 F7200 X82.092 Y118.161
G1 F2040 X93.493 Y106.76 E2252.71255
G0 F7200 X93.493 Y107.608
G1 F2040 X82.54 Y118.561 E2254.03694
G0 F7200 X82.989 Y118.961
G1 F2040 X93.492 Y108.457 E2255.30697
G0 F7200 X93.492 Y109.306
G1 F2040 X83.437 Y119.361 E2256.52278
G0 F7200 X83.885 Y119.761
G1 F2040 X93.492 Y110.155 E2257.68435
G0 F7200 X93.514 Y110.981
G1 F2040 X84.335 Y120.161 E2258.79429
G0 F7200 X84.783 Y120.561
G1 F2040 X93.625 Y111.719 E2259.86342
G0 F7200 X93.826 Y112.366
G1 F2040 X85.232 Y120.961 E2260.90263
G0 F7200 X85.68 Y121.361
G1 F2040 X94.03 Y113.011 E2261.91227
G0 F7200 X94.327 Y113.562
G1 F2040 X86.128 Y121.761 E2262.90366
G0 F7200 X86.577 Y122.16
G1 F2040 X94.628 Y114.11 E2263.87708
G0 F7200 X94.986 Y114.6
G1 F2040 X87.026 Y122.561 E2264.83963
G0 F7200 X87.474 Y122.961
G1 F2040 X95.383 Y115.052 E2265.79595
G0 F7200 X95.809 Y115.475
G1 F2040 X87.923 Y123.36 E2266.74943
G0 F7200 X88.371 Y123.761
G1 F2040 X96.234 Y115.898 E2267.70018
G0 F7200 X96.659 Y116.321
G1 F2040 X88.82 Y124.16 E2268.64804
G0 F7200 X89.269 Y124.56
G1 F2040 X97.084 Y116.745 E2269.59299
G0 F7200 X97.51 Y117.168
G1 F2040 X89.717 Y124.961 E2270.53528
G0 F7200 X90.166 Y125.36
G1 F2040 X97.935 Y117.591 E2271.47467
G0 F7200 X98.361 Y118.014
G1 F2040 X90.614 Y125.76 E2272.41134
G0 F7200 X91.063 Y126.16
G1 F2040 X98.786 Y118.438 E2273.34511
G0 F7200 X99.211 Y118.86
G1 F2040 X91.512 Y126.56 E2274.2761
G0 F7200 X91.96 Y126.96
G1 F2040 X99.636 Y119.284 E2275.20424
G0 F7200 X100.062 Y119.707
G1 F2040 X92.409 Y127.36 E2276.12961
G0 F7200 X92.857 Y127.76
G1 F2040 X100.487 Y120.13 E2277.05219
G0 F7200 X100.912 Y120.554
G1 F2040 X93.306 Y128.16 E2277.97187
G0 F7200 X93.755 Y128.56
G1 F2040 X101.338 Y120.977 E2278.88877
G0 F7200 X101.763 Y121.4
G1 F2040 X94.203 Y128.96 E2279.80289
G0 F7200 X94.652 Y129.36
G1 F2040 X102.188 Y121.823 E2280.71417
G0 F7200 X102.613 Y122.247
G1 F2040 X95.1 Y129.76 E2281.62261
G0 F7200 X95.549 Y130.16
G1 F2040 X103.039 Y122.67 E2282.52826
G0 F7200 X103.464 Y123.093
G1 F2040 X95.998 Y130.559 E2283.43102
G0 F7200 X96.446 Y130.96
G1 F2040 X103.89 Y123.516 E2284.33111
G0 F7200 X104.315 Y123.94
G1 F2040 X96.895 Y131.359 E2285.22824
G0 F7200 X97.343 Y131.759
G1 F2040 X104.74 Y124.362 E2286.12265
G0 F7200 X105.165 Y124.786
G1 F2040 X97.791 Y132.16 E2287.01428
G0 F7200 X98.24 Y132.559
G1 F2040 X105.591 Y125.209 E2287.90307
G0 F7200 X106.016 Y125.632
G1 F2040 X98.689 Y132.959 E2288.78901
G0 F7200 X99.137 Y133.36
G1 F2040 X106.441 Y126.055 E2289.67224
G0 F7200 X106.866 Y126.479
G1 F2040 X99.586 Y133.759 E2290.5525
G0 F7200 X100.034 Y134.159
G1 F2040 X107.292 Y126.902 E2291.43004
G0 F7200 X107.717 Y127.325
G1 F2040 X100.483 Y134.559 E2292.30475
G0 F7200 X100.932 Y134.959
G1 F2040 X108.142 Y127.749 E2293.17654
G0 F7200 X108.568 Y128.172
G1 F2040 X101.38 Y135.359 E2294.04562
G0 F7200 X101.829 Y135.759
G1 F2040 X108.993 Y128.595 E2294.91186
G0 F7200 X109.418 Y129.018
G1 F2040 X102.277 Y136.159 E2295.77532
G0 F7200 X102.726 Y136.559
G1 F2040 X109.843 Y129.442 E2296.63587
G0 F7200 X110.269 Y129.864
G1 F2040 X103.175 Y136.959 E2297.4937
G0 F7200 X103.623 Y137.359
G1 F2040 X110.694 Y130.288 E2298.34869
G0 F7200 X111.12 Y130.711
G1 F2040 X104.072 Y137.759 E2299.20091
G0 F7200 X104.52 Y138.159
G1 F2040 X111.545 Y131.134 E2300.05033
G0 F7200 X111.97 Y131.557
G1 F2040 X104.969 Y138.558 E2300.89686
G0 F7200 X105.418 Y138.959
G1 F2040 X112.395 Y131.981 E2301.74055
G0 F7200 X112.821 Y132.404
G1 F2040 X105.866 Y139.359 E2302.58151
G0 F7200 X106.315 Y139.758
G1 F2040 X113.246 Y132.827 E2303.41958
G0 F7200 X113.672 Y133.25
G1 F2040 X106.763 Y140.158 E2304.25492
G0 F7200 X107.212 Y140.559
G1 F2040 X114.097 Y133.674 E2305.08742
G0 F7200 X114.522 Y134.096
G1 F2040 X107.661 Y140.958 E2305.91708
G0 F7200 X108.109 Y141.358
G1 F2040 X114.947 Y134.52 E2306.7439
G0 F7200 X115.372 Y134.944
G1 F2040 X108.558 Y141.758 E2307.56782
G0 F7200 X109.006 Y142.158
G1 F2040 X115.798 Y135.366 E2308.38907
G0 F7200 X116.223 Y135.79
G1 F2040 X109.454 Y142.558 E2309.20749
G0 F7200 X109.903 Y142.958
G1 F2040 X116.649 Y136.213 E2310.02312
G0 F7200 X117.074 Y136.636
G1 F2040 X110.352 Y143.358 E2310.83592
G0 F7200 X110.801 Y143.758
G1 F2040 X117.499 Y137.059 E2311.64587
G0 F7200 X117.924 Y137.483
G1 F2040 X111.249 Y144.158 E2312.45298
G0 F7200 X111.697 Y144.558
G1 F2040 X118.35 Y137.906 E2313.25736
G0 F7200 X118.775 Y138.329
G1 F2040 X112.146 Y144.958 E2314.05891
G0 F7200 X112.595 Y145.358
G1 F2040 X119.201 Y138.752 E2314.85768
G0 F7200 X119.625 Y139.176
G1 F2040 X113.043 Y145.758 E2315.65354
G0 F7200 X113.492 Y146.158
G1 F2040 X120.051 Y139.598 E2316.44669
G0 F7200 X120.476 Y140.022
G1 F2040 X113.94 Y146.558 E2317.23699
G0 F7200 X114.389 Y146.957
G1 F2040 X120.902 Y140.445 E2318.02445
G0 F7200 X121.327 Y140.868
G1 F2040 X114.838 Y147.358 E2318.80913
G0 F7200 X115.286 Y147.758
G1 F2040 X121.752 Y141.291 E2319.59103
G0 F7200 X122.177 Y141.715
G1 F2040 X115.735 Y148.157 E2320.36996
G0 F7200 X116.183 Y148.557
G1 F2040 X122.603 Y142.138 E2321.14618
G0 F7200 X123.028 Y142.561
G1 F2040 X116.632 Y148.957 E2321.91955
G0 F7200 X117.081 Y149.357
G1 F2040 X123.453 Y142.985 E2322.69002
G0 F7200 X123.879 Y143.408
G1 F2040 X117.529 Y149.757 E2323.45778
G0 F7200 X117.978 Y150.157
G1 F2040 X124.304 Y143.831 E2324.22269
G0 F7200 X124.729 Y144.254
G1 F2040 X118.426 Y150.557 E2324.98481
G0 F7200 X118.875 Y150.957
G1 F2040 X125.154 Y144.678 E2325.74404
G0 F7200 X125.58 Y145.1
G1 F2040 X119.324 Y151.357 E2326.50055
G0 F7200 X119.772 Y151.757
G1 F2040 X126.005 Y145.524 E2327.25421
G0 F7200 X126.431 Y145.947
G1 F2040 X120.221 Y152.157 E2328.0051
G0 F7200 X120.669 Y152.557
G1 F2040 X126.856 Y146.37 E2328.7532
G0 F7200 X127.281 Y146.793
G1 F2040 X121.117 Y152.957 E2329.49852
G0 F7200 X121.567 Y153.357
G1 F2040 X127.706 Y147.217 E2330.24088
G0 F7200 X128.132 Y147.64
G1 F2040 X122.015 Y153.757 E2330.98052
G0 F7200 X122.464 Y154.156
G1 F2040 X128.557 Y148.063 E2331.71726
G0 F7200 X128.983 Y148.486
G1 F2040 X122.912 Y154.557 E2332.45133
G0 F7200 X123.36 Y154.957
G1 F2040 X129.408 Y148.91 E2333.18257
G0 F7200 X129.833 Y149.332
G1 F2040 X123.809 Y155.356 E2333.91096
G0 F7200 X124.258 Y155.757
G1 F2040 X130.258 Y149.756 E2334.63651
G0 F7200 X130.683 Y150.18
G1 F2040 X124.707 Y156.156 E2335.3591
G0 F7200 X125.155 Y156.556
G1 F2040 X131.109 Y150.602 E2336.07903
G0 F7200 X131.534 Y151.026
G1 F2040 X125.603 Y156.956 E2336.79612
G0 F7200 X126.052 Y157.356
G1 F2040 X131.96 Y151.449 E2337.51043
G0 F7200 X132.385 Y151.872
G1 F2040 X126.501 Y157.756 E2338.22189
G0 F7200 X126.949 Y158.156
G1 F2040 X132.81 Y152.295 E2338.93058
G0 F7200 X133.235 Y152.719
G1 F2040 X127.398 Y158.556 E2339.63636
G0 F7200 X127.846 Y158.956
G1 F2040 X133.661 Y153.142 E2340.33942
G0 F7200 X134.086 Y153.565
G1 F2040 X128.295 Y159.356 E2341.03964
G0 F7200 X128.744 Y159.756
G1 F2040 X134.512 Y153.988 E2341.73708
G0 F7200 X134.936 Y154.412
G1 F2040 X129.192 Y160.156 E2342.43162
G0 F7200 X129.641 Y160.556
G1 F2040 X135.362 Y154.834 E2343.12343
G0 F7200 X135.787 Y155.258
G1 F2040 X130.089 Y160.956 E2343.81241
G0 F7200 X130.538 Y161.355
G1 F2040 X136.213 Y155.681 E2344.49854
G0 F7200 X136.638 Y156.104
G1 F2040 X130.987 Y161.756 E2345.1819
G0 F7200 X131.435 Y162.156
G1 F2040 X137.063 Y156.527 E2345.86247
G0 F7200 X137.488 Y156.951
G1 F2040 X131.884 Y162.555 E2346.54008
G0 F7200 X132.332 Y162.956
G1 F2040 X137.913 Y157.374 E2347.21496
G0 F7200 X138.339 Y157.797
G1 F2040 X132.781 Y163.355 E2347.88701
G0 F7200 X133.23 Y163.755
G1 F2040 X138.764 Y158.221 E2348.55616
G0 F7200 X139.19 Y158.644
G1 F2040 X133.678 Y164.156 E2349.22264
G0 F7200 X134.127 Y164.555
G1 F2040 X139.615 Y159.067 E2349.88622
G0 F7200 X140.04 Y159.49
G1 F2040 X134.575 Y164.955 E2350.54703
G0 F7200 X135.023 Y165.356
G1 F2040 X140.465 Y159.914 E2351.20505
G0 F7200 X140.891 Y160.336
G1 F2040 X135.472 Y165.755 E2351.86029
G0 F7200 X135.97 Y166.106
G1 F2040 X141.231 Y160.845 E2352.49642
G0 F7200 X141.39 Y161.534
G1 F2040 X136.693 Y166.232 E2353.06442
G1 X136.587 Y166.338
G10
G0 F7200 X94.96 Y113.835
G0 X94.433 Y112.86
G0 X94.057 Y111.672
G0 X93.923 Y110.799
G0 X93.923 Y72.837
G0 X94.039 Y72.03
G0 X94.406 Y70.724
G0 X95.276 Y69.292
G0 X96.515 Y68.003
G0 X97.653 Y67.288
G0 X98.768 Y66.839
G0 X100.105 Y66.591
G0 X102.651 Y66.591
G0 X103.458 Y66.707
G0 X104.46 Y66.988
G0 X105.512 Y67.498
G0 X122.505 Y81.142
G11
G1 F2040 X124.205 Y79.441 E2353.27004
G0 F7200 X124.229 Y78.569
G1 F2040 X121.586 Y81.212 E2353.58962
G0 F7200 X121.06 Y80.889
G1 F2040 X123.948 Y78.002 E2353.93876
G0 F7200 X123.524 Y77.577
G1 F2040 X120.616 Y80.485 E2354.29038
G0 F7200 X120.171 Y80.081
G1 F2040 X123.1 Y77.153 E2354.64448
G0 F7200 X122.675 Y76.729
G1 F2040 X119.727 Y79.677 E2355.00094
G0 F7200 X119.283 Y79.273
G1 F2040 X122.251 Y76.305 E2355.35982
G0 F7200 X121.827 Y75.88
G1 F2040 X118.838 Y78.869 E2355.72123
G0 F7200 X118.393 Y78.466
G1 F2040 X121.402 Y75.456 E2356.08513
G0 F7200 X120.978 Y75.032
G1 F2040 X117.949 Y78.061 E2356.45138
G0 F7200 X117.504 Y77.657
G1 F2040 X120.554 Y74.608 E2356.82011
G0 F7200 X120.13 Y74.183
G1 F2040 X117.059 Y77.254 E2357.19144
G0 F7200 X116.615 Y76.85
G1 F2040 X119.705 Y73.759 E2357.56513
G0 F7200 X119.281 Y73.335
G1 F2040 X116.171 Y76.445 E2357.94118
G0 F7200 X115.726 Y76.042
G1 F2040 X118.857 Y72.91 E2358.31982
G0 F7200 X118.433 Y72.486
G1 F2040 X115.281 Y75.638 E2358.70095
G0 F7200 X114.837 Y75.233
G1 F2040 X118.008 Y72.062 E2359.08437
G0 F7200 X117.584 Y71.638
G1 F2040 X114.392 Y74.83 E2359.47033
G0 F7200 X113.947 Y74.426
G1 F2040 X117.16 Y71.213 E2359.85883
G0 F7200 X116.735 Y70.79
G1 F2040 X113.503 Y74.021 E2360.24957
G0 F7200 X113.059 Y73.618
G1 F2040 X116.311 Y70.366 E2360.64279
G0 F7200 X115.886 Y69.941
G1 F2040 X112.614 Y73.214 E2361.03848
G0 F7200 X112.169 Y72.81
G1 F2040 X115.462 Y69.517 E2361.43665
G0 F7200 X115.038 Y69.093
G1 F2040 X111.725 Y72.406 E2361.83725
G0 F7200 X111.28 Y72.002
G1 F2040 X114.614 Y68.669 E2362.24032
G0 F7200 X114.189 Y68.244
G1 F2040 X110.835 Y71.598 E2362.64587
G0 F7200 X110.391 Y71.194
G1 F2040 X113.765 Y67.82 E2363.05384
G0 F7200 X113.341 Y67.396
G1 F2040 X109.947 Y70.79 E2363.46422
G0 F7200 X109.502 Y70.386
G1 F2040 X112.916 Y66.971 E2363.87709
G0 F7200 X112.492 Y66.547
G1 F2040 X109.058 Y69.982 E2364.29237
G0 F7200 X108.613 Y69.578
G1 F2040 X112.068 Y66.123 E2364.71013
G0 F7200 X111.644 Y65.699
G1 F2040 X108.168 Y69.174 E2365.13037
G0 F7200 X107.724 Y68.77
G1 F2040 X111.219 Y65.274 E2365.55303
G0 F7200 X110.795 Y64.85
G1 F2040 X107.279 Y68.366 E2365.97817
G0 F7200 X106.835 Y67.962
G1 F2040 X110.371 Y64.426 E2366.40573
G0 F7200 X109.946 Y64.002
G1 F2040 X106.379 Y67.57 E2366.83709
G0 F7200 X105.878 Y67.222
G1 F2040 X109.522 Y63.578 E2367.27771
G0 F7200 X109.097 Y63.154
G1 F2040 X105.327 Y66.924 E2367.73356
G0 F7200 X104.754 Y66.648
G1 F2040 X108.673 Y62.73 E2368.20736
G0 F7200 X108.249 Y62.305
G1 F2040 X104.112 Y66.442 E2368.70759
G0 F7200 X103.448 Y66.258
G1 F2040 X107.825 Y61.881 E2369.23684
G0 F7200 X107.4 Y61.457
G1 F2040 X102.697 Y66.16 E2369.8055
G0 F7200 X101.848 Y66.16
G1 F2040 X106.976 Y61.033 E2370.42549
G0 F7200 X106.552 Y60.608
G1 F2040 X101 Y66.16 E2371.09682
G0 F7200 X100.151 Y66.16
G1 F2040 X106.128 Y60.184 E2371.81947
G0 F7200 X105.703 Y59.76
G1 F2040 X99.134 Y66.329 E2372.61376
G1 X99.028 Y66.435
G0 F7200 X97.89 Y66.725
G1 F2040 X105.279 Y59.335 E2373.50726
G1 X105.385 Y59.229
G0 F7200 X105.186 Y59.428
G10
;MESH:NONMESH
G0 F600 X105.186 Y59.428 Z0.7
G0 F7200 X81.107 Y56.503
G0 X80.672 Y56.169
;TIME_ELAPSED:428.194934
;LAYER:2
;TYPE:WALL-OUTER
;MESH:porte-manteau.stl
G11
G1 F2880 X80.301 Y56.756 E2373.56976
G1 X80.036 Y57.698 E2373.65783
G1 X80.036 Y117.357 E2379.02714
G1 X80.156 Y117.934 E2379.08018
G1 X80.437 Y118.559 E2379.14185
G1 X80.78 Y119.024 E2379.19386
G1 X134.915 Y167.289 E2385.72125
G1 X135.441 Y167.581 E2385.7754
G1 X136.113 Y167.781 E2385.8385
G1 X136.803 Y167.806 E2385.90064
G1 X137.643 Y167.592 E2385.97866
G1 X138.337 Y167.174 E2386.05157
G1 X142.336 Y163.155 E2386.56183
G1 X142.765 Y162.48 E2386.63382
G1 X142.948 Y161.635 E2386.71163
G1 X142.948 Y161.142 E2386.756
G1 X142.793 Y160.462 E2386.81877
G1 X142.311 Y159.612 E2386.90671
G1 X96.26 Y113.787 E2392.75368
G1 X95.599 Y112.781 E2392.86202
G1 X95.163 Y111.738 E2392.96376
G1 X95.004 Y110.728 E2393.05578
G1 X95.005 Y73.214 E2396.43204
G1 X95.106 Y72.231 E2396.52097
G1 X95.399 Y71.185 E2396.61874
G1 X96.126 Y69.975 E2396.74578
G1 X97.209 Y68.843 E2396.88678
G1 X98.351 Y68.126 E2397.00814
G1 X99.864 Y67.675 E2397.15023
G1 X102.609 Y67.677 E2397.39728
G1 X103.752 Y67.899 E2397.50207
G1 X104.504 Y68.187 E2397.57454
G1 X105.501 Y68.798 E2397.67978
G1 X120.307 Y82.256 E2399.48054
G1 X120.987 Y82.65 E2399.55127
G1 X122.051 Y82.852 E2399.64874
G1 X122.944 Y82.638 E2399.73138
G1 X123.776 Y82.163 E2399.81761
G1 X125.236 Y80.703 E2400.00344
G1 X125.674 Y80.011 E2400.07714
G1 X125.86 Y79.171 E2400.15457
G1 X125.86 Y78.677 E2400.19903
G1 X125.708 Y77.997 E2400.26175
G1 X125.226 Y77.139 E2400.35032
G1 X104.088 Y56.002 E2403.04068
G1 X103.348 Y55.421 E2403.12535
G1 X102.34 Y55.176 E2403.21872
G1 X82.537 Y55.18 E2405.00099
G1 X81.76 Y55.35 E2405.07257
G1 X81.021 Y55.82 E2405.15139
G1 X80.672 Y56.169 E2405.19581
G0 F7200 X80.512 Y56.422
G0 X81.399 Y56.291
;TYPE:WALL-INNER
G1 F4620 X80.855 Y57.002 E2405.27638
G1 X80.636 Y57.781 E2405.34921
G1 X80.636 Y117.296 E2410.70556
G1 X80.73 Y117.748 E2410.74711
G1 X81.226 Y118.618 E2410.83724
G1 X135.265 Y166.797 E2417.35304
G1 X136.211 Y167.184 E2417.44503
G1 X136.739 Y167.203 E2417.49258
G1 X137.409 Y167.032 E2417.55481
G1 X137.964 Y166.698 E2417.61311
G1 X141.865 Y162.778 E2418.11084
G1 X142.201 Y162.248 E2418.16731
G1 X142.348 Y161.571 E2418.22966
G1 X142.227 Y160.681 E2418.3105
G1 X141.829 Y159.98 E2418.38305
G1 X95.798 Y114.17 E2424.22779
G1 X95.069 Y113.063 E2424.34708
G1 X94.579 Y111.904 E2424.46033
G1 X94.406 Y110.774 E2424.56322
G1 X94.408 Y73.155 E2427.94893
G1 X94.511 Y72.146 E2428.04021
G1 X94.852 Y70.92 E2428.15474
G1 X95.645 Y69.609 E2428.29264
G1 X96.849 Y68.358 E2428.4489
G1 X98.1 Y67.572 E2428.58187
G1 X99.774 Y67.072 E2428.7391
G1 X102.642 Y67.072 E2428.99722
G1 X103.889 Y67.309 E2429.11146
G1 X104.8 Y67.658 E2429.19926
G1 X105.879 Y68.328 E2429.31357
G1 X120.663 Y81.769 E2431.11183
G1 X121.199 Y82.08 E2431.16761
G1 X121.863 Y82.206 E2431.22843
G1 X122.721 Y82.075 E2431.30655
G1 X123.409 Y81.682 E2431.37786
G1 X124.765 Y80.326 E2431.55045
G1 X125.111 Y79.779 E2431.6087
G1 X125.26 Y79.105 E2431.67082
G1 X125.142 Y78.213 E2431.7518
G1 X124.744 Y77.505 E2431.8249
G1 X103.69 Y56.452 E2434.50457
G1 X102.908 Y55.932 E2434.58909
G1 X102.268 Y55.776 E2434.64838
G1 X82.602 Y55.78 E2436.41832
G1 X81.992 Y55.913 E2436.47451
G1 X81.399 Y56.291 E2436.5378
G0 F7200 X81.711 Y56.66
;TYPE:SKIN
G1 F2340 X81.294 Y57.209 E2436.59675
G1 X81.116 Y57.842 E2436.65297
G1 X81.116 Y117.241 E2441.73158
G1 X81.188 Y117.588 E2441.76188
G1 X81.593 Y118.3 E2441.83192
G1 X135.538 Y166.394 E2448.01109
G1 X136.298 Y166.706 E2448.08133
G1 X136.684 Y166.722 E2448.11436
G1 X137.223 Y166.584 E2448.16193
G1 X137.665 Y166.318 E2448.20604
G1 X141.484 Y162.475 E2448.66927
G1 X141.75 Y162.06 E2448.71141
G1 X141.863 Y161.532 E2448.75758
G1 X141.77 Y160.851 E2448.81634
G1 X141.439 Y160.273 E2448.87329
G1 X95.428 Y114.487 E2454.42314
G1 X94.631 Y113.265 E2454.54788
G1 X94.115 Y112.03 E2454.66232
G1 X93.927 Y110.834 E2454.76583
G1 X93.929 Y73.084 E2457.99345
G1 X94.042 Y72.039 E2458.08332
G1 X94.412 Y70.72 E2458.20045
G1 X95.287 Y69.282 E2458.34437
G1 X96.518 Y67.999 E2458.49639
G1 X97.899 Y67.134 E2458.63572
G1 X99.704 Y66.595 E2458.79678
G1 X102.652 Y66.591 E2459.04884
G1 X104.052 Y66.855 E2459.17065
G1 X104.984 Y67.211 E2459.25595
G1 X106.157 Y67.934 E2459.37376
G1 X120.951 Y81.38 E2461.08303
G1 X121.363 Y81.622 E2461.12388
G1 X121.893 Y81.719 E2461.16995
G1 X122.543 Y81.619 E2461.22618
G1 X123.12 Y81.291 E2461.28292
G1 X124.384 Y80.027 E2461.43576
G1 X124.658 Y79.592 E2461.47972
G1 X124.775 Y79.062 E2461.52612
G1 X124.686 Y78.381 E2461.58484
G1 X124.354 Y77.796 E2461.64235
G1 X103.38 Y56.817 E2464.17873
G1 X102.733 Y56.383 E2464.24534
G1 X102.208 Y56.256 E2464.29153
G1 X82.649 Y56.26 E2465.96382
G1 X82.177 Y56.362 E2466.00511
G1 X81.711 Y56.66 E2466.0524
G10
G0 F7200 X104.943 Y67.342
G0 X124.411 Y78.591
G11
G1 F2340 X102.442 Y56.622 E2468.70879
G0 F7200 X101.529 Y56.557
G1 F2340 X124.389 Y79.417 E2471.47291
G0 F7200 X124.055 Y79.931
G1 F2340 X100.681 Y56.557 E2474.29918
G0 F7200 X99.832 Y56.557
G1 F2340 X123.631 Y80.356 E2477.17685
G0 F7200 X123.206 Y80.78
G1 F2340 X98.984 Y56.557 E2480.10572
G0 F7200 X98.136 Y56.558
G1 F2340 X122.74 Y81.162 E2483.08072
G0 F7200 X122.111 Y81.382
G1 F2340 X97.287 Y56.558 E2486.08232
G0 F7200 X96.439 Y56.558
G1 F2340 X119.906 Y80.025 E2488.91983
G1 X120.012 Y80.131
G0 F7200 X110.617 Y71.585
G1 F2340 X95.59 Y56.558 E2490.73683
G0 F7200 X94.742 Y56.558
G1 F2340 X105.129 Y66.945 E2491.99278
G1 X105.235 Y67.051
G0 F7200 X103.84 Y66.505
G1 F2340 X93.894 Y56.559 E2493.1954
G0 F7200 X93.045 Y56.559
G1 F2340 X102.795 Y66.308 E2494.37426
G0 F7200 X101.931 Y66.293
G1 F2340 X92.197 Y56.559 E2495.55125
G0 F7200 X91.348 Y56.559
G1 F2340 X101.084 Y66.294 E2496.72842
G0 F7200 X100.237 Y66.296
G1 F2340 X90.5 Y56.559 E2497.90577
G0 F7200 X89.652 Y56.559
G1 F2340 X99.447 Y66.355 E2499.0902
G0 F7200 X98.796 Y66.551
G1 F2340 X88.803 Y56.559 E2500.29844
G0 F7200 X87.955 Y56.559
G1 F2340 X98.144 Y66.749 E2501.53051
G0 F7200 X97.549 Y67.002
G1 F2340 X87.106 Y56.559 E2502.79323
G0 F7200 X86.259 Y56.56
G1 F2340 X97.027 Y67.329 E2504.0953
G0 F7200 X96.505 Y67.655
G1 F2340 X85.41 Y56.56 E2505.43686
G0 F7200 X84.561 Y56.56
G1 F2340 X96.054 Y68.053 E2506.82654
G0 F7200 X95.638 Y68.485
G1 F2340 X83.713 Y56.56 E2508.26845
G0 F7200 X82.864 Y56.56
G1 F2340 X95.223 Y68.918 E2509.76278
G0 F7200 X94.863 Y69.407
G1 F2340 X82.176 Y56.72 E2511.29684
G0 F7200 X81.734 Y57.126
G1 F2340 X94.542 Y69.935 E2512.84558
G0 F7200 X94.221 Y70.462
G1 F2340 X81.465 Y57.706 E2514.38797
G0 F7200 X81.416 Y58.505
G1 F2340 X93.999 Y71.089 E2515.90951
G0 F7200 X93.813 Y71.751
G1 F2340 X81.416 Y59.354 E2517.4085
G0 F7200 X81.416 Y60.202
G1 F2340 X93.692 Y72.478 E2518.89285
G0 F7200 X93.631 Y73.266
G1 F2340 X81.416 Y61.051 E2520.36983
G0 F7200 X81.416 Y61.899
G1 F2340 X93.631 Y74.115 E2521.84687
G0 F7200 X93.631 Y74.963
G1 F2340 X81.416 Y62.748 E2523.32385
G0 F7200 X81.416 Y63.596
G1 F2340 X93.631 Y75.812 E2524.80089
G0 F7200 X93.631 Y76.66
G1 F2340 X81.416 Y64.445 E2526.27787
G0 F7200 X81.416 Y65.294
G1 F2340 X93.63 Y77.508 E2527.75473
G0 F7200 X93.63 Y78.357
G1 F2340 X81.416 Y66.142 E2529.23165
G0 F7200 X81.416 Y66.991
G1 F2340 X93.63 Y79.205 E2530.70851
G0 F7200 X93.63 Y80.054
G1 F2340 X81.416 Y67.839 E2532.18543
G0 F7200 X81.416 Y68.688
G1 F2340 X93.629 Y80.902 E2533.66223
G0 F7200 X93.629 Y81.75
G1 F2340 X81.416 Y69.536 E2535.13903
G0 F7200 X81.416 Y70.385
G1 F2340 X93.629 Y82.599 E2536.61583
G0 F7200 X93.629 Y83.447
G1 F2340 X81.416 Y71.233 E2538.09262
G0 F7200 X81.416 Y72.082
G1 F2340 X93.629 Y84.296 E2539.56942
G0 F7200 X93.629 Y85.143
G1 F2340 X81.416 Y72.93 E2541.04616
G0 F7200 X81.416 Y73.779
G1 F2340 X93.629 Y85.992 E2542.5229
G0 F7200 X93.629 Y86.84
G1 F2340 X81.416 Y74.627 E2543.99964
G0 F7200 X81.416 Y75.476
G1 F2340 X93.629 Y87.689 E2545.47638
G0 F7200 X93.628 Y88.537
G1 F2340 X81.416 Y76.324 E2546.95305
G0 F7200 X81.416 Y77.173
G1 F2340 X93.628 Y89.385 E2548.42967
G0 F7200 X93.628 Y90.234
G1 F2340 X81.416 Y78.021 E2549.90635
G0 F7200 X81.416 Y78.87
G1 F2340 X93.628 Y91.082 E2551.38297
G0 F7200 X93.628 Y91.931
G1 F2340 X81.416 Y79.719 E2552.85958
G0 F7200 X81.416 Y80.567
G1 F2340 X93.627 Y92.779 E2554.33614
G0 F7200 X93.627 Y93.627
G1 F2340 X81.416 Y81.416 E2555.81264
G0 F7200 X81.416 Y82.264
G1 F2340 X93.627 Y94.476 E2557.28919
G0 F7200 X93.627 Y95.324
G1 F2340 X81.416 Y83.113 E2558.76569
G0 F7200 X81.416 Y83.961
G1 F2340 X93.627 Y96.172 E2560.24218
G0 F7200 X93.627 Y97.021
G1 F2340 X81.416 Y84.81 E2561.71868
G0 F7200 X81.416 Y85.658
G1 F2340 X93.627 Y97.869 E2563.19518
G0 F7200 X93.627 Y98.718
G1 F2340 X81.416 Y86.507 E2564.67167
G0 F7200 X81.416 Y87.355
G1 F2340 X93.626 Y99.566 E2566.14811
G0 F7200 X93.626 Y100.414
G1 F2340 X81.416 Y88.204 E2567.62448
G0 F7200 X81.416 Y89.052
G1 F2340 X93.626 Y101.263 E2569.10092
G0 F7200 X93.626 Y102.111
G1 F2340 X81.416 Y89.901 E2570.5773
G0 F7200 X81.416 Y90.749
G1 F2340 X93.626 Y102.96 E2572.05373
G0 F7200 X93.625 Y103.808
G1 F2340 X81.416 Y91.598 E2573.53005
G0 F7200 X81.416 Y92.446
G1 F2340 X93.625 Y104.656 E2575.00636
G0 F7200 X93.625 Y105.505
G1 F2340 X81.416 Y93.295 E2576.48268
G0 F7200 X81.416 Y94.143
G1 F2340 X93.625 Y106.353 E2577.95899
G0 F7200 X93.624 Y107.201
G1 F2340 X81.416 Y94.992 E2579.43518
G0 F7200 X81.416 Y95.841
G1 F2340 X93.624 Y108.049 E2580.91132
G0 F7200 X93.624 Y108.898
G1 F2340 X81.416 Y96.689 E2582.38751
G0 F7200 X81.416 Y97.538
G1 F2340 X93.624 Y109.747 E2583.86371
G0 F7200 X93.624 Y110.595
G1 F2340 X81.416 Y98.386 E2585.3399
G0 F7200 X81.416 Y99.235
G1 F2340 X93.738 Y111.557 E2586.82982
G1 X93.844 Y111.663
G0 F7200 X94.1 Y112.768
G1 F2340 X81.416 Y100.083 E2588.36357
G0 F7200 X81.416 Y100.932
G1 F2340 X141.489 Y161.005 E2595.62731
G0 F7200 X141.488 Y161.852
G1 F2340 X81.416 Y101.78 E2602.89093
G0 F7200 X81.416 Y102.629
G1 F2340 X141.162 Y162.375 E2610.11513
G0 F7200 X140.739 Y162.801
G1 F2340 X81.416 Y103.477 E2617.28825
G0 F7200 X81.416 Y104.326
G1 F2340 X140.315 Y163.226 E2624.4101
G0 F7200 X139.893 Y163.651
G1 F2340 X81.416 Y105.174 E2631.48086
G0 F7200 X81.416 Y106.023
G1 F2340 X139.47 Y164.077 E2638.50047
G0 F7200 X139.047 Y164.503
G1 F2340 X81.416 Y106.871 E2645.469
G0 F7200 X81.416 Y107.72
G1 F2340 X138.624 Y164.928 E2652.38632
G0 F7200 X138.2 Y165.353
G1 F2340 X81.416 Y108.568 E2659.25244
G0 F7200 X81.416 Y109.417
G1 F2340 X137.778 Y165.779 E2666.06746
G0 F7200 X137.323 Y166.173
G1 F2340 X81.416 Y110.266 E2672.82747
G0 F7200 X81.416 Y111.114
G1 F2340 X136.667 Y166.366 E2679.50822
G1 X136.773 Y166.472
G0 F7200 X134.682 Y165.229
G1 F2340 X81.416 Y111.963 E2685.94889
G0 F7200 X81.416 Y112.811
G1 F2340 X126.86 Y158.255 E2691.44377
G1 X126.966 Y158.361
G0 F7200 X119.037 Y151.281
G1 F2340 X81.416 Y113.66 E2695.99272
G0 F7200 X81.416 Y114.508
G1 F2340 X111.215 Y144.308 E2699.59593
G1 X111.321 Y144.414
G0 F7200 X103.392 Y137.334
G1 F2340 X81.416 Y115.357 E2702.25323
G0 F7200 X81.416 Y116.205
G1 F2340 X95.57 Y130.36 E2703.96472
G1 X95.676 Y130.466
G0 F7200 X87.748 Y123.386
G1 F2340 X81.416 Y117.054 E2704.73036
G1 X81.31 Y116.948
G0 F7200 X81.547 Y116.949
G10
;MESH:NONMESH
G0 F600 X81.547 Y116.949 Z0.85
G0 F7200 X80.996 Y56.426
G0 X80.564 Y56.089
;TIME_ELAPSED:525.815460
;LAYER:3
;TYPE:WALL-OUTER
;MESH:porte-manteau.stl
G11
G1 F2880 X80.181 Y56.696 E2704.79495
G1 X79.9 Y57.694 E2704.88827
G1 X79.9 Y117.376 E2710.25965
G1 X80.027 Y117.974 E2710.31467
G1 X80.321 Y118.627 E2710.37912
G1 X80.679 Y119.112 E2710.43337
G1 X134.831 Y167.393 E2716.96287
G1 X135.409 Y167.713 E2717.02233
G1 X136.101 Y167.917 E2717.08726
G1 X136.814 Y167.942 E2717.15147
G1 X137.714 Y167.708 E2717.23516
G1 X138.425 Y167.278 E2717.30994
G1 X142.435 Y163.251 E2717.82141
G1 X142.89 Y162.528 E2717.8983
G1 X143.083 Y161.66 E2717.97832
G1 X143.08 Y161.119 E2718.02702
G1 X142.921 Y160.418 E2718.09171
G1 X142.411 Y159.516 E2718.18497
G1 X96.377 Y113.71 E2724.02965
G1 X95.985 Y113.174 E2724.08941
G1 X95.575 Y112.418 E2724.16681
G1 X95.252 Y111.415 E2724.26165
G1 X95.14 Y110.725 E2724.32456
G1 X95.141 Y73.214 E2727.70055
G1 X95.242 Y72.248 E2727.78796
G1 X95.45 Y71.491 E2727.85862
G1 X95.867 Y70.614 E2727.94602
G1 X96.295 Y69.987 E2728.01434
G1 X97.144 Y69.111 E2728.12413
G1 X97.906 Y68.544 E2728.20962
G1 X98.641 Y68.18 E2728.28343
G1 X99.875 Y67.811 E2728.39935
G1 X102.88 Y67.81 E2728.6698
G1 X103.973 Y68.11 E2728.77181
G1 X105.185 Y68.69 E2728.89274
G1 X120.218 Y82.36 E2730.72144
G1 X120.943 Y82.779 E2730.79681
G1 X122.044 Y82.991 E2730.89772
G1 X122.984 Y82.766 E2730.98471
G1 X123.872 Y82.259 E2731.07673
G1 X125.336 Y80.791 E2731.26333
G1 X125.802 Y80.059 E2731.34142
G1 X125.992 Y79.195 E2731.42104
G1 X125.992 Y78.654 E2731.46973
G1 X125.798 Y77.789 E2731.54952
G1 X125.344 Y77.069 E2731.62612
G1 X104.185 Y55.906 E2734.31948
G1 X103.616 Y55.464 E2734.38432
G1 X103.146 Y55.233 E2734.43146
G1 X102.345 Y55.044 E2734.50553
G1 X82.53 Y55.044 E2736.28888
G1 X81.701 Y55.23 E2736.36534
G1 X80.945 Y55.708 E2736.44584
G1 X80.564 Y56.089 E2736.49433
G0 F7200 X80.404 Y56.342
G0 X81.322 Y56.18
;TYPE:WALL-INNER
G1 F4620 X80.735 Y56.942 E2736.5809
G1 X80.5 Y57.777 E2736.65897
G1 X80.5 Y117.313 E2742.01721
G1 X80.601 Y117.786 E2742.06074
G1 X81.125 Y118.706 E2742.15603
G1 X135.18 Y166.901 E2748.67386
G1 X136.198 Y167.32 E2748.77293
G1 X136.748 Y167.34 E2748.82247
G1 X137.478 Y167.15 E2748.89036
G1 X138.051 Y166.802 E2748.95069
G1 X141.963 Y162.875 E2749.44956
G1 X142.327 Y162.296 E2749.51112
G1 X142.483 Y161.596 E2749.57566
G1 X142.355 Y160.636 E2749.66283
G1 X141.929 Y159.883 E2749.74069
G1 X95.932 Y114.117 E2755.58047
G1 X95.466 Y113.481 E2755.65143
G1 X95.023 Y112.653 E2755.73595
G1 X94.669 Y111.555 E2755.83977
G1 X94.542 Y110.773 E2755.91108
G1 X94.544 Y73.154 E2759.29679
G1 X94.644 Y72.158 E2759.38688
G1 X94.888 Y71.282 E2759.46872
G1 X95.346 Y70.316 E2759.56494
G1 X95.81 Y69.632 E2759.63932
G1 X96.727 Y68.677 E2759.75848
G1 X97.59 Y68.029 E2759.85561
G1 X98.394 Y67.631 E2759.93635
G1 X99.784 Y67.208 E2760.06711
G1 X102.966 Y67.208 E2760.35349
G1 X104.207 Y67.553 E2760.46942
G1 X105.521 Y68.182 E2760.60053
G1 X120.574 Y81.873 E2762.43184
G1 X121.156 Y82.209 E2762.49232
G1 X121.842 Y82.341 E2762.5552
G1 X122.761 Y82.203 E2762.63883
G1 X123.504 Y81.778 E2762.71587
G1 X124.865 Y80.413 E2762.88935
G1 X125.239 Y79.827 E2762.95192
G1 X125.438 Y78.923 E2763.03522
G1 X125.235 Y78.021 E2763.11844
G1 X124.872 Y77.446 E2763.17964
G1 X103.787 Y56.357 E2765.86357
G1 X102.942 Y55.801 E2765.95461
G1 X102.275 Y55.644 E2766.01628
G1 X82.596 Y55.644 E2767.78739
G1 X81.934 Y55.792 E2767.84844
G1 X81.322 Y56.18 E2767.91366
G0 F7200 X81.638 Y56.545
;TYPE:SKIN
G1 F2340 X81.174 Y57.149 E2767.97878
G1 X80.98 Y57.838 E2768.03998
G1 X80.98 Y117.25 E2773.1197
G1 X81.262 Y118.083 E2773.1949
G1 X81.479 Y118.376 E2773.22607
G1 X135.45 Y166.498 E2779.40849
G1 X136.286 Y166.842 E2779.48578
G1 X136.691 Y166.858 E2779.52044
G1 X137.289 Y166.7 E2779.57332
G1 X137.749 Y166.422 E2779.61928
G1 X141.583 Y162.572 E2780.08383
G1 X141.874 Y162.107 E2780.13074
G1 X141.999 Y161.554 E2780.17921
G1 X141.898 Y160.806 E2780.24374
G1 X141.539 Y160.176 E2780.30574
G1 X95.553 Y114.413 E2785.85268
G1 X95.047 Y113.714 E2785.92646
G1 X94.579 Y112.838 E2786.01138
G1 X94.206 Y111.685 E2786.11499
G1 X94.06 Y110.791 E2786.19244
G1 X94.065 Y73.088 E2789.41605
G1 X94.178 Y72.056 E2789.50481
G1 X94.438 Y71.111 E2789.58861
G1 X94.92 Y70.091 E2789.68507
G1 X95.447 Y69.311 E2789.76555
G1 X96.387 Y68.335 E2789.88141
G1 X97.361 Y67.611 E2789.98517
G1 X98.189 Y67.195 E2790.0644
G1 X99.711 Y66.731 E2790.20045
G1 X103.033 Y66.728 E2790.48448
G1 X104.353 Y67.094 E2790.60159
G1 X105.789 Y67.778 E2790.73759
G1 X120.859 Y81.48 E2792.47904
G1 X121.323 Y81.751 E2792.52498
G1 X121.87 Y81.855 E2792.57259
G1 X122.584 Y81.747 E2792.63433
G1 X123.212 Y81.391 E2792.69605
G1 X124.484 Y80.111 E2792.85034
G1 X124.783 Y79.641 E2792.89797
G1 X124.907 Y78.76 E2792.97404
G1 X124.786 Y78.209 E2793.02227
G1 X124.492 Y77.745 E2793.06924
G1 X103.468 Y56.722 E2795.6113
G1 X102.766 Y56.252 E2795.68353
G1 X102.221 Y56.125 E2795.73137
G1 X82.645 Y56.124 E2797.40512
G1 X82.117 Y56.242 E2797.45138
G1 X81.638 Y56.545 E2797.49984
G0 F7200 X82.734 Y56.424
G1 F2340 X81.28 Y57.879 E2797.67571
G0 F7200 X81.28 Y58.727
G1 F2340 X83.583 Y56.424 E2797.95418
G0 F7200 X84.431 Y56.424
G1 F2340 X81.28 Y59.576 E2798.33524
G0 F7200 X81.28 Y60.424
G1 F2340 X85.28 Y56.424 E2798.81891
G0 F7200 X86.128 Y56.424
G1 F2340 X81.28 Y61.273 E2799.40516
G0 F7200 X81.28 Y62.121
G1 F2340 X86.977 Y56.424 E2800.09402
G0 F7200 X87.825 Y56.424
G1 F2340 X81.28 Y62.97 E2800.88547
G0 F7200 X81.28 Y63.819
G1 F2340 X88.674 Y56.424 E2801.77958
G0 F7200 X89.523 Y56.424
G1 F2340 X81.28 Y64.667 E2802.77628
G0 F7200 X81.28 Y65.516
G1 F2340 X90.371 Y56.424 E2803.87558
G0 F7200 X91.22 Y56.424
G1 F2340 X81.28 Y66.364 E2805.07748
G0 F7200 X81.28 Y67.213
G1 F2340 X92.068 Y56.424 E2806.38197
G0 F7200 X92.917 Y56.424
G1 F2340 X81.28 Y68.061 E2807.78906
G0 F7200 X81.28 Y68.91
G1 F2340 X93.765 Y56.424 E2809.29875
G0 F7200 X94.614 Y56.424
G1 F2340 X81.28 Y69.758 E2810.91104
G0 F7200 X81.28 Y70.607
G1 F2340 X95.462 Y56.424 E2812.62592
G0 F7200 X96.311 Y56.424
G1 F2340 X81.28 Y71.455 E2814.44339
G0 F7200 X81.28 Y72.304
G1 F2340 X97.159 Y56.424 E2816.36347
G0 F7200 X98.008 Y56.424
G1 F2340 X81.28 Y73.152 E2818.38614
G0 F7200 X81.28 Y74.001
G1 F2340 X98.856 Y56.424 E2820.5114
G0 F7200 X99.705 Y56.424
G1 F2340 X81.28 Y74.849 E2822.73927
G0 F7200 X81.28 Y75.698
G1 F2340 X100.553 Y56.424 E2825.06973
G0 F7200 X101.402 Y56.424
G1 F2340 X81.28 Y76.546 E2827.50279
G0 F7200 X81.28 Y77.395
G1 F2340 X102.238 Y56.436 E2830.03699
G0 F7200 X102.853 Y56.67
G1 F2340 X81.28 Y78.243 E2832.64549
G0 F7200 X81.28 Y79.092
G1 F2340 X103.347 Y57.025 E2835.31373
G0 F7200 X103.771 Y57.449
G1 F2340 X81.28 Y79.941 E2838.0333
G0 F7200 X81.28 Y80.789
G1 F2340 X104.196 Y57.873 E2840.80419
G0 F7200 X104.62 Y58.297
G1 F2340 X81.28 Y81.638 E2843.62641
G0 F7200 X81.28 Y82.486
G1 F2340 X105.044 Y58.722 E2846.49984
G0 F7200 X105.469 Y59.146
G1 F2340 X97.316 Y67.298 E2847.4856
G1 X97.21 Y67.404
G0 F7200 X98.758 Y66.705
G1 F2340 X105.893 Y59.57 E2848.34833
G0 F7200 X106.317 Y59.994
G1 F2340 X99.877 Y66.434 E2849.12703
G0 F7200 X100.727 Y66.433
G1 F2340 X106.741 Y60.419 E2849.85421
G0 F7200 X107.166 Y60.843
G1 F2340 X101.578 Y66.431 E2850.52989
G0 F7200 X102.428 Y66.429
G1 F2340 X107.59 Y61.267 E2851.15405
G0 F7200 X108.014 Y61.692
G1 F2340 X103.233 Y66.473 E2851.73215
G0 F7200 X103.897 Y66.657
G1 F2340 X108.438 Y62.116 E2852.28122
G0 F7200 X108.863 Y62.54
G1 F2340 X104.55 Y66.853 E2852.80273
G0 F7200 X105.125 Y67.126
G1 F2340 X109.287 Y62.964 E2853.30598
G0 F7200 X109.711 Y63.389
G1 F2340 X105.7 Y67.4 E2853.79097
G0 F7200 X106.199 Y67.749
G1 F2340 X110.135 Y63.813 E2854.26689
G0 F7200 X110.56 Y64.237
G1 F2340 X106.644 Y68.153 E2854.7404
G0 F7200 X107.088 Y68.558
G1 F2340 X110.984 Y64.661 E2855.21155
G0 F7200 X111.408 Y65.086
G1 F2340 X107.533 Y68.961 E2855.68009
G0 F7200 X107.977 Y69.366
G1 F2340 X111.832 Y65.51 E2856.14628
G0 F7200 X112.257 Y65.934
G1 F2340 X108.421 Y69.77 E2856.61011
G0 F7200 X108.866 Y70.173
G1 F2340 X112.681 Y66.358 E2857.0714
G0 F7200 X113.105 Y66.783
G1 F2340 X109.31 Y70.578 E2857.53028
G0 F7200 X109.755 Y70.982
G1 F2340 X113.53 Y67.207 E2857.98673
G0 F7200 X113.954 Y67.631
G1 F2340 X110.199 Y71.386 E2858.44077
G0 F7200 X110.644 Y71.79
G1 F2340 X114.378 Y68.055 E2858.89233
G0 F7200 X114.802 Y68.48
G1 F2340 X111.089 Y72.193 E2859.34128
G0 F7200 X111.533 Y72.598
G1 F2340 X115.227 Y68.904 E2859.78795
G0 F7200 X115.651 Y69.328
G1 F2340 X111.977 Y73.002 E2860.23219
G0 F7200 X112.421 Y73.406
G1 F2340 X116.075 Y69.753 E2860.67395
G0 F7200 X116.499 Y70.177
G1 F2340 X112.866 Y73.81 E2861.11324
G0 F7200 X113.311 Y74.214
G1 F2340 X116.924 Y70.601 E2861.5501
G0 F7200 X117.348 Y71.025
G1 F2340 X113.755 Y74.618 E2861.98455
G0 F7200 X114.2 Y75.022
G1 F2340 X117.772 Y71.45 E2862.41646
G0 F7200 X118.196 Y71.874
G1 F2340 X114.644 Y75.426 E2862.84595
G0 F7200 X115.089 Y75.83
G1 F2340 X118.621 Y72.298 E2863.27303
G0 F7200 X119.045 Y72.722
G1 F2340 X115.533 Y76.234 E2863.69768
G0 F7200 X115.978 Y76.638
G1 F2340 X119.469 Y73.147 E2864.1198
G0 F7200 X119.893 Y73.571
G1 F2340 X116.422 Y77.042 E2864.53949
G0 F7200 X116.866 Y77.447
G1 F2340 X120.318 Y73.995 E2864.95689
G0 F7200 X120.742 Y74.419
G1 F2340 X117.311 Y77.85 E2865.37175
G0 F7200 X117.755 Y78.255
G1 F2340 X121.166 Y74.844 E2865.78419
G0 F7200 X121.591 Y75.268
G1 F2340 X118.2 Y78.659 E2866.19422
G0 F7200 X118.645 Y79.062
G1 F2340 X122.015 Y75.692 E2866.6017
G0 F7200 X122.439 Y76.117
G1 F2340 X119.089 Y79.467 E2867.00677
G0 F7200 X119.534 Y79.871
G1 F2340 X122.863 Y76.541 E2867.40936
G0 F7200 X123.288 Y76.965
G1 F2340 X119.978 Y80.275 E2867.80959
G0 F7200 X120.422 Y80.679
G1 F2340 X123.712 Y77.389 E2868.2074
G0 F7200 X124.136 Y77.814
G1 F2340 X120.867 Y81.083 E2868.60267
G0 F7200 X121.368 Y81.43
G1 F2340 X124.491 Y78.307 E2868.98029
G0 F7200 X124.558 Y79.089
G1 F2340 X122.134 Y81.512 E2869.27332
G1 X122.028 Y81.618
G10
G0 F7200 X105.715 Y67.89
G0 X104.322 Y67.225
G0 X103.009 Y66.861
G0 X99.736 Y66.862
G0 X98.265 Y67.304
G0 X97.412 Y67.733
G0 X96.491 Y68.417
G0 X95.531 Y69.419
G0 X95.046 Y70.143
G0 X94.557 Y71.168
G0 X94.3 Y72.091
G0 X93.765 Y81.88
G11
G1 F2340 X81.28 Y94.366 E2870.78301
G0 F7200 X81.28 Y95.214
G1 F2340 X93.765 Y82.729 E2872.29264
G0 F7200 X93.764 Y83.578
G1 F2340 X81.28 Y96.063 E2873.80221
G0 F7200 X81.28 Y96.911
G1 F2340 X93.764 Y84.426 E2875.31177
G0 F7200 X93.764 Y85.275
G1 F2340 X81.28 Y97.76 E2876.82134
G0 F7200 X81.28 Y98.608
G1 F2340 X93.764 Y86.123 E2878.33091
G0 F7200 X93.764 Y86.973
G1 F2340 X81.28 Y99.457 E2879.84041
G0 F7200 X81.28 Y100.305
G1 F2340 X93.764 Y87.821 E2881.34992
G0 F7200 X93.764 Y88.67
G1 F2340 X81.28 Y101.154 E2882.85942
G0 F7200 X81.28 Y102.002
G1 F2340 X93.764 Y89.518 E2884.36893
G0 F7200 X93.763 Y90.368
G1 F2340 X81.28 Y102.851 E2885.87832
G0 F7200 X81.28 Y103.699
G1 F2340 X93.763 Y91.216 E2887.3877
G0 F7200 X93.763 Y92.065
G1 F2340 X81.28 Y104.548 E2888.89709
G0 F7200 X81.28 Y105.396
G1 F2340 X93.763 Y92.913 E2890.40647
G0 F7200 X93.762 Y93.762
G1 F2340 X81.28 Y106.245 E2891.9158
G0 F7200 X81.28 Y107.093
G1 F2340 X93.762 Y94.611 E2893.42506
G0 F7200 X93.762 Y95.459
G1 F2340 X81.28 Y107.942 E2894.93438
G0 F7200 X81.28 Y108.79
G1 F2340 X93.762 Y96.308 E2896.44365
G0 F7200 X93.762 Y97.157
G1 F2340 X81.28 Y109.639 E2897.95291
G0 F7200 X81.28 Y110.488
G1 F2340 X93.762 Y98.006 E2899.46218
G0 F7200 X93.762 Y98.854
G1 F2340 X81.28 Y111.336 E2900.97144
G0 F7200 X81.28 Y112.185
G1 F2340 X93.762 Y99.703 E2902.48071
G0 F7200 X93.761 Y100.552
G1 F2340 X81.28 Y113.033 E2903.98985
G0 F7200 X81.28 Y113.882
G1 F2340 X93.761 Y101.401 E2905.49899
G0 F7200 X93.761 Y102.249
G1 F2340 X81.28 Y114.73 E2907.00814
G0 F7200 X81.28 Y115.579
G1 F2340 X93.761 Y103.098 E2908.51728
G0 F7200 X93.761 Y103.946
G1 F2340 X81.28 Y116.427 E2910.02642
G0 F7200 X81.299 Y117.257
G1 F2340 X93.76 Y104.795 E2911.53321
G0 F7200 X93.76 Y105.644
G1 F2340 X81.514 Y117.89 E2913.01394
G0 F7200 X81.901 Y118.351
G1 F2340 X93.76 Y106.492 E2914.44787
G0 F7200 X93.76 Y107.341
G1 F2340 X82.35 Y118.752 E2915.82757
G0 F7200 X82.799 Y119.151
G1 F2340 X93.76 Y108.19 E2917.15293
G0 F7200 X93.76 Y109.039
G1 F2340 X83.247 Y119.551 E2918.42405
G0 F7200 X83.696 Y119.951
G1 F2340 X93.76 Y109.887 E2919.64094
G0 F7200 X93.76 Y110.736
G1 F2340 X84.144 Y120.351 E2920.8036
G0 F7200 X84.593 Y120.751
G1 F2340 X93.868 Y111.475 E2921.92515
G0 F7200 X94.042 Y112.151
G1 F2340 X85.042 Y121.151 E2923.01339
G0 F7200 X85.49 Y121.551
G1 F2340 X94.25 Y112.791 E2924.0726
G0 F7200 X94.522 Y113.368
G1 F2340 X85.938 Y121.951 E2925.11048
G0 F7200 X86.387 Y122.351
G1 F2340 X94.824 Y113.914 E2926.13064
G0 F7200 X95.179 Y114.408
G1 F2340 X86.836 Y122.751 E2927.13944
G0 F7200 X87.285 Y123.15
G1 F2340 X95.573 Y114.862 E2928.14158
G0 F7200 X95.999 Y115.285
G1 F2340 X87.733 Y123.551 E2929.14107
G0 F7200 X88.181 Y123.951
G1 F2340 X96.424 Y115.708 E2930.13777
G0 F7200 X96.85 Y116.131
G1 F2340 X88.63 Y124.35 E2931.13164
G0 F7200 X89.078 Y124.751
G1 F2340 X97.275 Y116.555 E2932.12272
G0 F7200 X97.7 Y116.977
G1 F2340 X89.527 Y125.151 E2933.11102
G0 F7200 X89.976 Y125.55
G1 F2340 X98.125 Y117.401 E2934.09636
G0 F7200 X98.551 Y117.824
G1 F2340 X90.424 Y125.951 E2935.07904
G0 F7200 X90.873 Y126.35
G1 F2340 X98.976 Y118.247 E2936.05881
G0 F7200 X99.402 Y118.67
G1 F2340 X91.321 Y126.75 E2937.03587
G0 F7200 X91.77 Y127.151
G1 F2340 X99.827 Y119.094 E2938.01008
G0 F7200 X100.252 Y119.517
G1 F2340 X92.219 Y127.55 E2938.9814
G0 F7200 X92.667 Y127.95
G1 F2340 X100.677 Y119.94 E2939.94993
G0 F7200 X101.103 Y120.363
G1 F2340 X93.115 Y128.35 E2940.91574
G0 F7200 X93.564 Y128.75
G1 F2340 X101.528 Y120.787 E2941.87865
G0 F7200 X101.953 Y121.209
G1 F2340 X94.013 Y129.15 E2942.83877
G0 F7200 X94.462 Y129.55
G1 F2340 X102.378 Y121.633 E2943.796
G0 F7200 X102.804 Y122.056
G1 F2340 X94.91 Y129.95 E2944.7505
G0 F7200 X95.358 Y130.35
G1 F2340 X103.229 Y122.479 E2945.70223
G0 F7200 X103.655 Y122.902
G1 F2340 X95.807 Y130.75 E2946.65117
G0 F7200 X96.256 Y131.15
G1 F2340 X104.08 Y123.326 E2947.59721
G0 F7200 X104.505 Y123.749
G1 F2340 X96.705 Y131.549 E2948.54035
G0 F7200 X97.153 Y131.95
G1 F2340 X104.93 Y124.172 E2949.48077
G0 F7200 X105.356 Y124.595
G1 F2340 X97.601 Y132.35 E2950.41847
G0 F7200 X98.05 Y132.749
G1 F2340 X105.781 Y125.019 E2951.3532
G0 F7200 X106.207 Y125.441
G1 F2340 X98.499 Y133.15 E2952.28528
G0 F7200 X98.947 Y133.55
G1 F2340 X106.632 Y125.865 E2953.21451
G0 F7200 X107.057 Y126.288
G1 F2340 X99.396 Y133.949 E2954.14084
G0 F7200 X99.844 Y134.35
G1 F2340 X107.482 Y126.711 E2955.06445
G0 F7200 X107.908 Y127.134
G1 F2340 X100.293 Y134.749 E2955.98522
G0 F7200 X100.742 Y135.149
G1 F2340 X108.333 Y127.558 E2956.90309
G0 F7200 X108.759 Y127.981
G1 F2340 X101.19 Y135.55 E2957.8183
G0 F7200 X101.639 Y135.949
G1 F2340 X109.184 Y128.404 E2958.73061
G0 F7200 X109.609 Y128.827
G1 F2340 X102.087 Y136.349 E2959.64013
G0 F7200 X102.535 Y136.75
G1 F2340 X110.034 Y129.251 E2960.54687
G0 F7200 X110.46 Y129.673
G1 F2340 X102.984 Y137.149 E2961.45084
G0 F7200 X103.433 Y137.549
G1 F2340 X110.885 Y130.097 E2962.3519
G0 F7200 X111.311 Y130.52
G1 F2340 X103.882 Y137.949 E2963.25018
G0 F7200 X104.33 Y138.349
G1 F2340 X111.736 Y130.943 E2964.14567
G0 F7200 X112.161 Y131.366
G1 F2340 X104.778 Y138.749 E2965.03839
G0 F7200 X105.227 Y139.149
G1 F2340 X112.586 Y131.79 E2965.92821
G0 F7200 X113.012 Y132.213
G1 F2340 X105.676 Y139.549 E2966.81524
G0 F7200 X106.124 Y139.949
G1 F2340 X113.437 Y132.636 E2967.69949
G0 F7200 X113.863 Y133.059
G1 F2340 X106.573 Y140.349 E2968.58097
G0 F7200 X107.021 Y140.749
G1 F2340 X114.288 Y133.483 E2969.4596
G0 F7200 X114.713 Y133.906
G1 F2340 X107.47 Y141.148 E2970.33533
G0 F7200 X107.919 Y141.549
G1 F2340 X115.138 Y134.329 E2971.20827
G0 F7200 X115.564 Y134.752
G1 F2340 X108.367 Y141.949 E2972.0785
G0 F7200 X108.816 Y142.348
G1 F2340 X115.989 Y135.175 E2972.94583
G0 F7200 X116.415 Y135.598
G1 F2340 X109.264 Y142.749 E2973.81049
G0 F7200 X109.713 Y143.148
G1 F2340 X116.839 Y136.022 E2974.67213
G0 F7200 X117.265 Y136.445
G1 F2340 X110.162 Y143.548 E2975.53099
G0 F7200 X110.61 Y143.949
G1 F2340 X117.69 Y136.868 E2976.38714
G0 F7200 X118.116 Y137.291
G1 F2340 X111.059 Y144.348 E2977.24043
G0 F7200 X111.507 Y144.748
G1 F2340 X118.541 Y137.715 E2978.09089
G0 F7200 X118.966 Y138.138
G1 F2340 X111.956 Y145.149 E2978.93857
G0 F7200 X112.405 Y145.548
G1 F2340 X119.391 Y138.561 E2979.78334
G0 F7200 X119.817 Y138.984
G1 F2340 X112.853 Y145.948 E2980.6254
G0 F7200 X113.302 Y146.348
G1 F2340 X120.242 Y139.408 E2981.46455
G0 F7200 X120.668 Y139.83
G1 F2340 X113.75 Y146.748 E2982.30104
G0 F7200 X114.198 Y147.148
G1 F2340 X121.093 Y140.254 E2983.13469
G0 F7200 X121.518 Y140.677
G1 F2340 X114.647 Y147.548 E2983.9655
G0 F7200 X115.096 Y147.948
G1 F2340 X121.943 Y141.1 E2984.79347
G0 F7200 X122.369 Y141.523
G1 F2340 X115.544 Y148.348 E2985.61871
G0 F7200 X115.993 Y148.748
G1 F2340 X122.794 Y141.947 E2986.44106
G0 F7200 X123.22 Y142.37
G1 F2340 X116.441 Y149.148 E2987.26068
G0 F7200 X116.89 Y149.547
G1 F2340 X123.645 Y142.793 E2988.0774
G0 F7200 X124.07 Y143.216
G1 F2340 X117.339 Y149.948 E2988.89135
G0 F7200 X117.787 Y150.348
G1 F2340 X124.495 Y143.64 E2989.70244
G0 F7200 X124.921 Y144.062
G1 F2340 X118.236 Y150.747 E2990.51076
G0 F7200 X118.684 Y151.148
G1 F2340 X125.346 Y144.486 E2991.3163
G0 F7200 X125.772 Y144.909
G1 F2340 X119.133 Y151.547 E2992.119
G0 F7200 X119.582 Y151.947
G1 F2340 X126.197 Y145.332 E2992.91885
G0 F7200 X126.622 Y145.755
G1 F2340 X120.03 Y152.348 E2993.71598
G0 F7200 X120.479 Y152.747
G1 F2340 X127.047 Y146.179 E2994.51016
G0 F7200 X127.473 Y146.602
G1 F2340 X120.927 Y153.147 E2995.30161
G0 F7200 X121.376 Y153.548
G1 F2340 X127.898 Y147.025 E2996.09028
G0 F7200 X128.324 Y147.448
G1 F2340 X121.825 Y153.947 E2996.87611
G0 F7200 X122.273 Y154.347
G1 F2340 X128.749 Y147.872 E2997.65909
G0 F7200 X129.174 Y148.294
G1 F2340 X122.722 Y154.747 E2998.4393
G0 F7200 X123.17 Y155.147
G1 F2340 X129.599 Y148.718 E2999.21666
G0 F7200 X130.025 Y149.141
G1 F2340 X123.619 Y155.547 E2999.99125
G0 F7200 X124.068 Y155.947
G1 F2340 X130.45 Y149.564 E3000.76299
G0 F7200 X130.876 Y149.987
G1 F2340 X124.516 Y156.347 E3001.53201
G0 F7200 X124.964 Y156.747
G1 F2340 X131.301 Y150.411 E3002.29819
G0 F7200 X131.726 Y150.834
G1 F2340 X125.413 Y157.147 E3003.06153
G0 F7200 X125.861 Y157.547
G1 F2340 X132.151 Y151.257 E3003.82208
G0 F7200 X132.577 Y151.68
G1 F2340 X126.31 Y157.946 E3004.5798
G0 F7200 X126.759 Y158.347
G1 F2340 X133.002 Y152.104 E3005.33467
G0 F7200 X133.428 Y152.526
G1 F2340 X127.207 Y158.747 E3006.08689
G0 F7200 X127.656 Y159.146
G1 F2340 X133.852 Y152.95 E3006.83608
G0 F7200 X134.278 Y153.373
G1 F2340 X128.104 Y159.547 E3007.58261
G0 F7200 X128.553 Y159.947
G1 F2340 X134.703 Y153.796 E3008.3263
G0 F7200 X135.129 Y154.219
G1 F2340 X129.002 Y160.346 E3009.06714
G0 F7200 X129.45 Y160.747
G1 F2340 X135.554 Y154.643 E3009.80521
G0 F7200 X135.979 Y155.066
G1 F2340 X129.899 Y161.146 E3010.54038
G0 F7200 X130.347 Y161.546
G1 F2340 X136.404 Y155.489 E3011.27276
G0 F7200 X136.83 Y155.912
G1 F2340 X130.796 Y161.947 E3012.00242
G0 F7200 X131.245 Y162.346
G1 F2340 X137.255 Y156.336 E3012.72912
G0 F7200 X137.681 Y156.759
G1 F2340 X131.693 Y162.746 E3013.4531
G0 F7200 X132.142 Y163.146
G1 F2340 X138.106 Y157.182 E3014.17424
G0 F7200 X138.531 Y157.605
G1 F2340 X132.59 Y163.546 E3014.8926
G0 F7200 X133.039 Y163.946
G1 F2340 X138.956 Y158.028 E3015.60812
G0 F7200 X139.382 Y158.451
G1 F2340 X133.488 Y164.346 E3016.32085
G0 F7200 X133.936 Y164.746
G1 F2340 X139.807 Y158.875 E3017.03074
G0 F7200 X140.233 Y159.298
G1 F2340 X134.384 Y165.146 E3017.73792
G0 F7200 X134.833 Y165.546
G1 F2340 X140.658 Y159.721 E3018.44225
G0 F7200 X141.083 Y160.144
G1 F2340 X135.282 Y165.946 E3019.14374
G0 F7200 X135.77 Y166.306
G1 F2340 X141.45 Y160.626 E3019.83054
G0 F7200 X141.657 Y161.268
G1 F2340 X136.383 Y166.541 E3020.46818
G1 X136.277 Y166.647
G10
G0 F7200 X95.173 Y113.666
G0 X81.28 Y93.517
G11
G1 F2340 X93.765 Y81.032 E3021.97781
G0 F7200 X93.765 Y80.183
G1 F2340 X81.28 Y92.668 E3023.48744
G0 F7200 X81.28 Y91.82
G1 F2340 X93.766 Y79.334 E3024.99719
G0 F7200 X93.766 Y78.485
G1 F2340 X81.28 Y90.971 E3026.50693
G0 F7200 X81.28 Y90.123
G1 F2340 X93.766 Y77.637 E3028.01668
G0 F7200 X93.766 Y76.788
G1 F2340 X81.28 Y89.274 E3029.52643
G0 F7200 X81.28 Y88.426
G1 F2340 X93.767 Y75.939 E3031.0363
G0 F7200 X93.767 Y75.09
G1 F2340 X81.28 Y87.577 E3032.54617
G0 F7200 X81.28 Y86.729
G1 F2340 X93.767 Y74.242 E3034.05604
G0 F7200 X93.767 Y73.393
G1 F2340 X81.28 Y85.88 E3035.5659
G0 F7200 X81.28 Y85.032
G1 F2340 X93.827 Y72.484 E3037.08309
G0 F7200 X94.043 Y71.42
G1 F2340 X81.28 Y84.183 E3038.62633
G0 F7200 X81.28 Y83.335
G1 F2340 X94.646 Y69.968 E3040.24254
G1 X94.752 Y69.862
G0 F7200 X94.619 Y69.772
G10
;MESH:NONMESH
G0 F600 X94.619 Y69.772 Z1
G0 F7200 X80.957 Y56.278
G0 X80.546 Y55.865
;TIME_ELAPSED:628.928244
;LAYER:4
;TYPE:WALL-OUTER
;MESH:porte-manteau.stl
G11
G1 F2880 X80.056 Y56.637 E3040.32484
G1 X79.764 Y57.456 E3040.40309
G1 X79.764 Y117.383 E3045.79652
G1 X79.903 Y118.022 E3045.85538
G1 X80.198 Y118.684 E3045.92061
G1 X80.588 Y119.217 E3045.98005
G1 X134.526 Y167.307 E3052.48373
G1 X135.167 Y167.749 E3052.5538
G1 X135.911 Y168.045 E3052.62587
G1 X137.005 Y168.082 E3052.72438
G1 X137.777 Y167.829 E3052.7975
G1 X138.52 Y167.374 E3052.87591
G1 X142.539 Y163.336 E3053.38866
G1 X143.018 Y162.576 E3053.46951
G1 X143.216 Y161.683 E3053.55183
G1 X143.216 Y161.094 E3053.60484
G1 X143.05 Y160.368 E3053.67187
G1 X142.679 Y159.593 E3053.7492
G1 X96.452 Y113.595 E3059.61838
G1 X95.822 Y112.629 E3059.72217
G1 X95.429 Y111.691 E3059.8137
G1 X95.276 Y110.72 E3059.90217
G1 X95.277 Y73.214 E3063.27771
G1 X95.389 Y72.075 E3063.38072
G1 X95.829 Y70.921 E3063.49187
G1 X96.374 Y70.103 E3063.58033
G1 X97.381 Y69.049 E3063.71153
G1 X98.434 Y68.387 E3063.82347
G1 X99.906 Y67.945 E3063.96179
G1 X102.601 Y67.949 E3064.20434
G1 X103.701 Y68.164 E3064.30522
G1 X104.401 Y68.44 E3064.37294
G1 X105.333 Y69.01 E3064.47126
G1 X120.139 Y82.468 E3066.27202
G1 X120.73 Y82.811 E3066.33351
G1 X121.408 Y83.025 E3066.3975
G1 X122.345 Y83.062 E3066.4819
G1 X123.027 Y82.894 E3066.54511
G1 X123.959 Y82.359 E3066.64183
G1 X125.44 Y80.875 E3066.83052
G1 X125.926 Y80.11 E3066.91209
G1 X126.128 Y79.222 E3066.99405
G1 X126.128 Y78.63 E3067.04733
G1 X125.926 Y77.741 E3067.12938
G1 X125.448 Y76.981 E3067.21019
G1 X104.276 Y55.809 E3069.90494
G1 X103.695 Y55.352 E3069.97147
G1 X103.178 Y55.101 E3070.02319
G1 X102.357 Y54.908 E3070.0991
G1 X82.522 Y54.908 E3071.88425
G1 X81.839 Y55.062 E3071.94726
G1 X81.167 Y55.381 E3072.01421
G1 X80.546 Y55.865 E3072.08507
G0 F7200 X80.386 Y56.118
G0 X80.996 Y56.275
;TYPE:WALL-INNER
G1 F4620 X80.599 Y56.901 E3072.15178
G1 X80.364 Y57.56 E3072.21475
G1 X80.364 Y117.319 E3077.59306
G1 X80.72 Y118.382 E3077.69395
G1 X81.034 Y118.811 E3077.7418
G1 X134.898 Y166.835 E3084.23656
G1 X135.452 Y167.217 E3084.29712
G1 X136.036 Y167.449 E3084.35368
G1 X136.919 Y167.479 E3084.43319
G1 X137.524 Y167.281 E3084.49048
G1 X138.146 Y166.9 E3084.55613
G1 X142.067 Y162.96 E3085.0564
G1 X142.455 Y162.344 E3085.12192
G1 X142.616 Y161.617 E3085.18894
G1 X142.48 Y160.566 E3085.28432
G1 X142.183 Y159.945 E3085.34627
G1 X95.999 Y113.994 E3091.20973
G1 X95.292 Y112.909 E3091.32628
G1 X94.853 Y111.853 E3091.4292
G1 X94.678 Y110.767 E3091.5282
G1 X94.68 Y73.156 E3094.91319
G1 X94.805 Y71.908 E3095.02608
G1 X95.297 Y70.645 E3095.14807
G1 X95.903 Y69.725 E3095.24721
G1 X97.006 Y68.577 E3095.3905
G1 X98.184 Y67.833 E3095.51589
G1 X99.802 Y67.344 E3095.66802
G1 X102.634 Y67.344 E3095.9229
G1 X103.839 Y67.574 E3096.0333
G1 X104.644 Y67.885 E3096.11097
G1 X105.711 Y68.54 E3096.22365
G1 X120.496 Y81.981 E3098.02198
G1 X120.974 Y82.259 E3098.07175
G1 X121.512 Y82.429 E3098.12253
G1 X122.284 Y82.459 E3098.19206
G1 X122.802 Y82.332 E3098.24006
G1 X123.591 Y81.879 E3098.32194
G1 X124.969 Y80.498 E3098.49752
G1 X125.364 Y79.876 E3098.56384
G1 X125.528 Y79.155 E3098.63038
G1 X125.528 Y78.697 E3098.6716
G1 X125.364 Y77.973 E3098.73842
G1 X124.976 Y77.357 E3098.80394
G1 X103.877 Y56.259 E3101.48934
G1 X102.976 Y55.67 E3101.58622
G1 X102.287 Y55.508 E3101.64992
G1 X82.588 Y55.508 E3103.42283
G1 X82.036 Y55.632 E3103.47375
G1 X81.484 Y55.895 E3103.52878
G1 X80.996 Y56.275 E3103.58444
G0 F7200 X81.357 Y56.598
;TYPE:SKIN
G1 F2340 X81.032 Y57.112 E3103.63644
G1 X80.844 Y57.64 E3103.68436
G1 X80.844 Y117.258 E3108.7817
G1 X81.142 Y118.144 E3108.86162
G1 X81.388 Y118.481 E3108.89729
G1 X135.186 Y166.447 E3115.0598
G1 X136.135 Y166.969 E3115.1524
G1 X136.845 Y166.994 E3115.21314
G1 X137.317 Y166.841 E3115.25557
G1 X137.848 Y166.515 E3115.30884
G1 X141.687 Y162.656 E3115.77425
G1 X142.002 Y162.156 E3115.82477
G1 X142.131 Y161.574 E3115.87574
G1 X142.02 Y160.718 E3115.94954
G1 X141.787 Y160.228 E3115.99593
G1 X95.624 Y114.295 E3121.56386
G1 X94.877 Y113.166 E3121.6796
G1 X94.383 Y111.986 E3121.78898
G1 X94.199 Y110.827 E3121.88931
G1 X94.201 Y73.085 E3125.11625
G1 X94.336 Y71.794 E3125.22723
G1 X94.861 Y70.417 E3125.35323
G1 X95.53 Y69.423 E3125.45568
G1 X96.693 Y68.212 E3125.59923
G1 X97.974 Y67.395 E3125.72914
G1 X99.728 Y66.867 E3125.88575
G1 X102.7 Y66.869 E3126.13986
G1 X104.001 Y67.12 E3126.25315
G1 X104.886 Y67.468 E3126.33445
G1 X105.985 Y68.146 E3126.44486
G1 X120.774 Y81.585 E3128.15341
G1 X121.606 Y81.95 E3128.23109
G1 X122.233 Y81.978 E3128.28475
G1 X122.618 Y81.883 E3128.31866
G1 X123.295 Y81.492 E3128.3855
G1 X124.588 Y80.194 E3128.54215
G1 X124.914 Y79.686 E3128.59375
G1 X125.084 Y78.925 E3128.66042
G1 X124.91 Y78.156 E3128.72783
G1 X124.595 Y77.653 E3128.77858
G1 X103.565 Y56.626 E3131.32125
G1 X102.799 Y56.12 E3131.39974
G1 X102.233 Y55.988 E3131.44943
G1 X82.651 Y55.988 E3133.12369
G1 X81.729 Y56.312 E3133.20725
G1 X81.357 Y56.598 E3133.24737
G10
G0 F7200 X104.794 Y67.57
G0 X124.772 Y78.951
G11
G1 F2340 X102.109 Y56.289 E3135.98761
G0 F7200 X101.261 Y56.289
G1 F2340 X124.598 Y79.626 E3138.80941
G0 F7200 X124.241 Y80.118
G1 F2340 X100.412 Y56.289 E3141.6907
G0 F7200 X99.563 Y56.289
G1 F2340 X123.818 Y80.543 E3144.62344
G0 F7200 X123.394 Y80.968
G1 F2340 X98.715 Y56.289 E3147.6075
G0 F7200 X97.866 Y56.289
G1 F2340 X122.932 Y81.354 E3150.63831
G0 F7200 X122.341 Y81.611
G1 F2340 X97.018 Y56.289 E3153.70018
G0 F7200 X96.169 Y56.289
G1 F2340 X121.423 Y81.542 E3156.75372
G1 X121.529 Y81.648
G0 F7200 X114.633 Y75.6
G1 F2340 X95.321 Y56.289 E3159.08877
G0 F7200 X94.472 Y56.289
G1 F2340 X105.965 Y67.781 E3160.47839
G1 X106.071 Y67.887
G0 F7200 X104.217 Y66.882
G1 F2340 X93.624 Y56.289 E3161.75924
G0 F7200 X92.775 Y56.289
G1 F2340 X103.132 Y66.646 E3163.01156
G0 F7200 X102.203 Y66.565
G1 F2340 X91.927 Y56.289 E3164.25409
G0 F7200 X91.078 Y56.289
G1 F2340 X101.356 Y66.566 E3165.4968
G0 F7200 X100.509 Y66.568
G1 F2340 X90.23 Y56.289 E3166.73968
G0 F7200 X89.381 Y56.289
G1 F2340 X99.662 Y66.569 E3167.98275
G0 F7200 X99.011 Y66.767
G1 F2340 X88.533 Y56.289 E3169.2497
G0 F7200 X87.684 Y56.289
G1 F2340 X98.361 Y66.966 E3170.54072
G0 F7200 X97.738 Y67.191
G1 F2340 X86.836 Y56.289 E3171.85893
G0 F7200 X85.987 Y56.289
G1 F2340 X97.219 Y67.521 E3173.21705
G0 F7200 X96.7 Y67.85
G1 F2340 X85.138 Y56.289 E3174.61502
G0 F7200 X84.29 Y56.289
G1 F2340 X96.245 Y68.244 E3176.06056
G0 F7200 X95.83 Y68.677
G1 F2340 X83.441 Y56.289 E3177.55852
G0 F7200 X82.621 Y56.317
G1 F2340 X95.416 Y69.111 E3179.10557
G0 F7200 X95.054 Y69.598
G1 F2340 X81.993 Y56.537 E3180.68484
G0 F7200 X81.525 Y56.918
G1 F2340 X94.712 Y70.105 E3182.27935
G0 F7200 X94.442 Y70.683
G1 F2340 X81.244 Y57.486 E3183.87513
G0 F7200 X81.144 Y58.234
G1 F2340 X94.208 Y71.298 E3185.45477
G0 F7200 X94.02 Y71.958
G1 F2340 X81.144 Y59.082 E3187.01167
G0 F7200 X81.144 Y59.931
G1 F2340 X93.938 Y72.725 E3188.55866
G0 F7200 X93.902 Y73.538
G1 F2340 X81.144 Y60.779 E3190.10136
G0 F7200 X81.144 Y61.628
G1 F2340 X93.902 Y74.386 E3191.644
G0 F7200 X93.902 Y75.235
G1 F2340 X81.144 Y62.476 E3193.18669
G0 F7200 X81.144 Y63.325
G1 F2340 X93.902 Y76.083 E3194.72933
G0 F7200 X93.902 Y76.932
G1 F2340 X81.144 Y64.173 E3196.27203
G0 F7200 X81.144 Y65.022
G1 F2340 X93.902 Y77.78 E3197.81466
G0 F7200 X93.902 Y78.628
G1 F2340 X81.144 Y65.871 E3199.35724
G0 F7200 X81.144 Y66.719
G1 F2340 X93.902 Y79.477 E3200.89988
G0 F7200 X93.902 Y80.325
G1 F2340 X81.144 Y67.568 E3202.44245
G0 F7200 X81.144 Y68.416
G1 F2340 X93.902 Y81.174 E3203.98509
G0 F7200 X93.901 Y82.022
G1 F2340 X81.144 Y69.265 E3205.52761
G0 F7200 X81.144 Y70.113
G1 F2340 X93.901 Y82.87 E3207.07012
G0 F7200 X93.901 Y83.719
G1 F2340 X81.144 Y70.962 E3208.61264
G0 F7200 X81.144 Y71.81
G1 F2340 X93.901 Y84.567 E3210.15515
G0 F7200 X93.901 Y85.416
G1 F2340 X81.144 Y72.659 E3211.69767
G0 F7200 X81.144 Y73.507
G1 F2340 X93.9 Y86.263 E3213.24007
G0 F7200 X93.9 Y87.112
G1 F2340 X81.144 Y74.356 E3214.78246
G0 F7200 X81.144 Y75.204
G1 F2340 X93.9 Y87.961 E3216.32492
G0 F7200 X93.9 Y88.809
G1 F2340 X81.144 Y76.053 E3217.86731
G0 F7200 X81.144 Y76.901
G1 F2340 X93.9 Y89.658 E3219.40977
G0 F7200 X93.9 Y90.505
G1 F2340 X81.144 Y77.75 E3220.9521
G0 F7200 X81.144 Y78.598
G1 F2340 X93.9 Y91.354 E3222.4945
G0 F7200 X93.9 Y92.202
G1 F2340 X81.144 Y79.447 E3224.03683
G0 F7200 X81.144 Y80.296
G1 F2340 X93.9 Y93.051 E3225.57917
G0 F7200 X93.9 Y93.9
G1 F2340 X81.144 Y81.144 E3227.12156
G0 F7200 X81.144 Y81.993
G1 F2340 X93.899 Y94.747 E3228.66377
G0 F7200 X93.899 Y95.596
G1 F2340 X81.144 Y82.841 E3230.20605
G0 F7200 X81.144 Y83.69
G1 F2340 X93.899 Y96.444 E3231.74826
G0 F7200 X93.899 Y97.293
G1 F2340 X81.144 Y84.538 E3233.29054
G0 F7200 X81.144 Y85.387
G1 F2340 X93.899 Y98.141 E3234.83275
G0 F7200 X93.898 Y98.989
G1 F2340 X81.144 Y86.235 E3236.3749
G0 F7200 X81.144 Y87.084
G1 F2340 X93.898 Y99.838 E3237.91706
G0 F7200 X93.898 Y100.686
G1 F2340 X81.144 Y87.932 E3239.45921
G0 F7200 X81.144 Y88.781
G1 F2340 X93.898 Y101.535 E3241.00136
G0 F7200 X93.898 Y102.383
G1 F2340 X81.144 Y89.629 E3242.54352
G0 F7200 X81.144 Y90.478
G1 F2340 X93.897 Y103.231 E3244.08555
G0 F7200 X93.897 Y104.08
G1 F2340 X81.144 Y91.326 E3245.62764
G0 F7200 X81.144 Y92.175
G1 F2340 X93.897 Y104.928 E3247.16967
G0 F7200 X93.897 Y105.777
G1 F2340 X81.144 Y93.023 E3248.71177
G0 F7200 X81.144 Y93.872
G1 F2340 X93.897 Y106.625 E3250.2538
G0 F7200 X93.897 Y107.473
G1 F2340 X81.144 Y94.72 E3251.79583
G0 F7200 X81.144 Y95.569
G1 F2340 X93.897 Y108.322 E3253.33786
G0 F7200 X93.897 Y109.17
G1 F2340 X81.144 Y96.418 E3254.87983
G0 F7200 X81.144 Y97.266
G1 F2340 X93.897 Y110.019 E3256.42187
G0 F7200 X93.904 Y110.874
G1 F2340 X81.144 Y98.115 E3257.96469
G0 F7200 X81.144 Y98.963
G1 F2340 X94.065 Y111.884 E3259.52703
G1 X94.171 Y111.99
G0 F7200 X94.585 Y113.253
G1 F2340 X81.144 Y99.812 E3261.15225
G0 F7200 X81.144 Y100.66
G1 F2340 X141.795 Y161.312 E3268.48595
G0 F7200 X141.703 Y162.068
G1 F2340 X81.144 Y101.509 E3275.80845
G0 F7200 X81.144 Y102.357
G1 F2340 X141.353 Y162.567 E3283.0887
G0 F7200 X140.93 Y162.992
G1 F2340 X81.144 Y103.206 E3290.31774
G0 F7200 X81.144 Y104.054
G1 F2340 X140.507 Y163.417 E3297.49563
G0 F7200 X140.084 Y163.843
G1 F2340 X81.144 Y104.903 E3304.62238
G0 F7200 X81.144 Y105.751
G1 F2340 X139.661 Y164.268 E3311.69798
G0 F7200 X139.238 Y164.694
G1 F2340 X81.144 Y106.6 E3318.72243
G0 F7200 X81.144 Y107.448
G1 F2340 X138.814 Y165.119 E3325.69567
G0 F7200 X138.391 Y165.544
G1 F2340 X81.144 Y108.297 E3332.61771
G0 F7200 X81.144 Y109.145
G1 F2340 X137.968 Y165.969 E3339.48859
G0 F7200 X137.503 Y166.353
G1 F2340 X81.144 Y109.994 E3346.30326
G0 F7200 X81.144 Y110.843
G1 F2340 X136.931 Y166.63 E3353.04876
G0 F7200 X136.03 Y166.577
G1 F2340 X81.144 Y111.691 E3359.68531
G0 F7200 X81.144 Y112.54
G1 F2340 X130.232 Y161.628 E3365.6208
G1 X130.338 Y161.734
G0 F7200 X122.404 Y154.648
G1 F2340 X81.144 Y113.388 E3370.60976
G0 F7200 X81.144 Y114.237
G1 F2340 X114.577 Y147.67 E3374.65232
G1 X114.683 Y147.776
G0 F7200 X106.75 Y140.691
G1 F2340 X81.144 Y115.085 E3377.74848
G0 F7200 X81.144 Y115.934
G1 F2340 X98.923 Y133.712 E3379.89817
G1 X99.029 Y133.818
G0 F7200 X91.095 Y126.733
G1 F2340 X81.144 Y116.782 E3381.1014
G0 F7200 X81.358 Y117.845
G1 F2340 X83.268 Y119.755 E3381.33235
G1 X83.374 Y119.861
G0 F7200 X83.466 Y119.762
G10
;MESH:NONMESH
G0 F600 X83.466 Y119.762 Z1.15
G0 F7200 X80.854 Y56.145
G0 X80.438 Y55.784
;TIME_ELAPSED:729.475722
;LAYER:5
;TYPE:WALL-OUTER
;MESH:porte-manteau.stl
G11
G1 F2880 X79.936 Y56.577 E3381.41682
G1 X79.628 Y57.44 E3381.49928
G1 X79.632 Y117.389 E3386.89469
G1 X79.776 Y118.074 E3386.95769
G1 X80.077 Y118.747 E3387.02404
G1 X80.491 Y119.308 E3387.08679
G1 X134.438 Y167.407 E3393.59162
G1 X135.095 Y167.862 E3393.66354
G1 X135.7 Y168.104 E3393.72219
G1 X136.458 Y168.221 E3393.79121
G1 X137.222 Y168.152 E3393.86025
G1 X137.84 Y167.95 E3393.91877
G1 X138.616 Y167.471 E3394.00084
G1 X142.639 Y163.423 E3394.51448
G1 X143.036 Y162.795 E3394.58135
G1 X143.289 Y162.083 E3394.64935
G1 X143.387 Y161.241 E3394.72565
G1 X143.139 Y160.157 E3394.82573
G1 X142.636 Y159.361 E3394.91047
G1 X96.556 Y113.507 E3400.76113
G1 X95.934 Y112.549 E3400.86393
G1 X95.651 Y111.872 E3400.92997
G1 X95.413 Y110.715 E3401.03628
G1 X95.413 Y72.908 E3404.43891
G1 X95.683 Y71.648 E3404.55489
G1 X96.101 Y70.754 E3404.64371
G1 X96.478 Y70.187 E3404.70499
G1 X97.312 Y69.32 E3404.81326
G1 X98.241 Y68.665 E3404.91556
G1 X99.131 Y68.287 E3405.00258
G1 X100.207 Y68.081 E3405.10118
G1 X102.575 Y68.081 E3405.3143
G1 X103.84 Y68.349 E3405.43068
G1 X105.021 Y68.906 E3405.5482
G1 X120.055 Y82.576 E3407.37697
G1 X120.682 Y82.939 E3407.44218
G1 X121.384 Y83.16 E3407.50841
G1 X122.197 Y83.236 E3407.5819
G1 X123.081 Y83.02 E3407.6638
G1 X123.875 Y82.636 E3407.74318
G1 X125.544 Y80.963 E3407.95587
G1 X126.058 Y80.155 E3408.04205
G1 X126.26 Y79.243 E3408.12612
G1 X126.26 Y78.606 E3408.18345
G1 X126.054 Y77.696 E3408.26742
G1 X125.547 Y76.889 E3408.3532
G1 X104.372 Y55.713 E3411.0484
G1 X103.775 Y55.244 E3411.11673
G1 X103.211 Y54.969 E3411.1732
G1 X102.361 Y54.772 E3411.25173
G1 X82.514 Y54.772 E3413.03796
G1 X81.787 Y54.938 E3413.10507
G1 X81.096 Y55.265 E3413.17387
G1 X80.438 Y55.784 E3413.2493
G0 F7200 X80.278 Y56.037
G0 X80.89 Y56.192
;TYPE:WALL-INNER
G1 F4620 X80.478 Y56.842 E3413.31856
G1 X80.228 Y57.544 E3413.38563
G1 X80.232 Y117.327 E3418.7661
G1 X80.35 Y117.888 E3418.81769
G1 X80.598 Y118.443 E3418.8724
G1 X80.937 Y118.902 E3418.92376
G1 X134.81 Y166.935 E3425.41965
G1 X135.381 Y167.33 E3425.48214
G1 X135.86 Y167.522 E3425.52859
G1 X136.477 Y167.617 E3425.58477
G1 X137.1 Y167.561 E3425.64107
G1 X137.586 Y167.402 E3425.68709
G1 X138.24 Y166.997 E3425.75632
G1 X142.167 Y163.047 E3426.25761
G1 X142.493 Y162.531 E3426.31254
G1 X142.701 Y161.946 E3426.36842
G1 X142.779 Y161.275 E3426.42922
G1 X142.577 Y160.391 E3426.51083
G1 X142.164 Y159.739 E3426.58029
G1 X96.103 Y113.905 E3432.42847
G1 X95.404 Y112.829 E3432.54395
G1 X95.075 Y112.04 E3432.62089
G1 X94.812 Y110.778 E3432.73691
G1 X94.817 Y72.845 E3436.15088
G1 X95.114 Y71.457 E3436.27863
G1 X95.566 Y70.479 E3436.37559
G1 X96.011 Y69.811 E3436.44783
G1 X96.92 Y68.866 E3436.56584
G1 X97.949 Y68.141 E3436.67913
G1 X98.957 Y67.715 E3436.77762
G1 X100.147 Y67.48 E3436.88679
G1 X102.637 Y67.484 E3437.11089
G1 X104.031 Y67.776 E3437.23907
G1 X105.352 Y68.393 E3437.37029
G1 X120.411 Y82.089 E3439.2023
G1 X120.925 Y82.387 E3439.25577
G1 X121.503 Y82.568 E3439.31028
G1 X122.153 Y82.629 E3439.36904
G1 X122.877 Y82.452 E3439.43612
G1 X123.522 Y82.14 E3439.5006
G1 X125.073 Y80.585 E3439.69827
G1 X125.495 Y79.922 E3439.769
G1 X125.66 Y79.177 E3439.83768
G1 X125.66 Y78.673 E3439.88304
G1 X125.491 Y77.928 E3439.95179
G1 X125.075 Y77.265 E3440.02223
G1 X103.973 Y56.163 E3442.70808
G1 X103.248 Y55.593 E3442.79108
G1 X102.293 Y55.372 E3442.8793
G1 X82.581 Y55.372 E3444.65338
G1 X81.984 Y55.508 E3444.70849
G1 X81.414 Y55.778 E3444.76525
G1 X80.89 Y56.192 E3444.82535
G0 F7200 X81.251 Y56.516
;TYPE:SKIN
G1 F2340 X80.912 Y57.052 E3444.87958
G1 X80.708 Y57.624 E3444.9315
G1 X80.713 Y117.26 E3450.03038
G1 X81.023 Y118.208 E3450.11566
G1 X81.291 Y118.572 E3450.15431
G1 X135.099 Y166.547 E3456.31796
G1 X135.6 Y166.895 E3456.37012
G1 X136.491 Y167.128 E3456.44886
G1 X137.389 Y166.955 E3456.52705
G1 X137.94 Y166.615 E3456.58241
G1 X141.784 Y162.747 E3457.04866
G1 X142.229 Y161.839 E3457.13511
G1 X142.291 Y161.298 E3457.18167
G1 X142.123 Y160.577 E3457.24497
G1 X141.788 Y160.041 E3457.29901
G1 X95.724 Y114.203 E3462.85521
G1 X94.966 Y113.028 E3462.97476
G1 X94.612 Y112.171 E3463.05404
G1 X94.337 Y110.86 E3463.16857
G1 X94.333 Y72.821 E3466.4209
G1 X94.647 Y71.308 E3466.55302
G1 X95.16 Y70.223 E3466.65563
G1 X95.63 Y69.507 E3466.72886
G1 X96.608 Y68.5 E3466.84888
G1 X97.738 Y67.701 E3466.96721
G1 X98.816 Y67.248 E3467.06719
G1 X100.072 Y67.004 E3467.17658
G1 X102.751 Y67.01 E3467.40564
G1 X104.185 Y67.317 E3467.53102
G1 X105.621 Y67.994 E3467.66676
G1 X120.699 Y81.701 E3469.40901
G1 X121.105 Y81.939 E3469.44925
G1 X122.124 Y82.14 E3469.53805
G1 X122.714 Y81.996 E3469.58997
G1 X123.239 Y81.743 E3469.6398
G1 X124.692 Y80.283 E3469.81592
G1 X125.042 Y79.731 E3469.8718
G1 X125.224 Y78.921 E3469.94278
G1 X125.042 Y78.113 E3470.0136
G1 X124.692 Y77.561 E3470.06948
G1 X103.666 Y56.531 E3472.61209
G1 X102.833 Y55.989 E3472.69706
G1 X102.238 Y55.852 E3472.74926
G1 X82.643 Y55.852 E3474.42463
G1 X81.659 Y56.195 E3474.51373
G1 X81.251 Y56.516 E3474.55812
G0 F7200 X81.368 Y56.942
G1 F2340 X81.871 Y56.439 E3474.61894
G0 F7200 X83.007 Y56.152
G1 F2340 X81.008 Y58.15 E3474.86059
G0 F7200 X81.008 Y58.999
G1 F2340 X83.855 Y56.152 E3475.20483
G0 F7200 X84.704 Y56.152
G1 F2340 X81.008 Y59.847 E3475.65167
G0 F7200 X81.008 Y60.696
G1 F2340 X85.552 Y56.152 E3476.20111
G0 F7200 X86.401 Y56.152
G1 F2340 X81.008 Y61.544 E3476.85315
G0 F7200 X81.008 Y62.393
G1 F2340 X87.249 Y56.152 E3477.60778
G0 F7200 X88.098 Y56.152
G1 F2340 X81.008 Y63.242 E3478.46507
G0 F7200 X81.008 Y64.09
G1 F2340 X88.946 Y56.152 E3479.42489
G0 F7200 X89.795 Y56.152
G1 F2340 X81.008 Y64.939 E3480.48738
G0 F7200 X81.008 Y65.787
G1 F2340 X90.643 Y56.152 E3481.6524
G0 F7200 X91.492 Y56.152
G1 F2340 X81.009 Y66.635 E3482.91995
G0 F7200 X81.009 Y67.483
G1 F2340 X92.34 Y56.152 E3484.29004
G0 F7200 X93.189 Y56.152
G1 F2340 X81.009 Y68.332 E3485.76279
G0 F7200 X81.009 Y69.18
G1 F2340 X94.037 Y56.152 E3487.33807
G0 F7200 X94.886 Y56.152
G1 F2340 X81.009 Y70.029 E3489.01601
G0 F7200 X81.009 Y70.878
G1 F2340 X95.734 Y56.152 E3490.79655
G0 F7200 X96.583 Y56.152
G1 F2340 X81.009 Y71.726 E3492.67969
G0 F7200 X81.009 Y72.575
G1 F2340 X97.432 Y56.152 E3494.66548
G0 F7200 X98.28 Y56.152
G1 F2340 X81.009 Y73.423 E3496.7538
G0 F7200 X81.009 Y74.272
G1 F2340 X99.129 Y56.152 E3498.94479
G0 F7200 X99.977 Y56.152
G1 F2340 X81.01 Y75.119 E3501.23819
G0 F7200 X81.01 Y75.968
G1 F2340 X100.826 Y56.152 E3503.63425
G0 F7200 X101.674 Y56.152
G1 F2340 X81.01 Y76.817 E3506.1329
G0 F7200 X81.01 Y77.665
G1 F2340 X102.464 Y56.211 E3508.72701
G0 F7200 X103.042 Y56.482
G1 F2340 X81.01 Y78.514 E3511.39102
G0 F7200 X81.01 Y79.362
G1 F2340 X103.541 Y56.831 E3514.11536
G0 F7200 X103.965 Y57.255
G1 F2340 X81.01 Y80.211 E3516.89103
G0 F7200 X81.01 Y81.059
G1 F2340 X104.389 Y57.679 E3519.71797
G0 F7200 X104.814 Y58.104
G1 F2340 X81.01 Y81.908 E3522.59624
G0 F7200 X81.01 Y82.756
G1 F2340 X105.238 Y58.528 E3525.52577
G0 F7200 X105.662 Y58.952
G1 F2340 X81.01 Y83.604 E3528.50657
G0 F7200 X81.01 Y84.453
G1 F2340 X94.463 Y71 E3530.13325
G0 F7200 X94.169 Y72.143
G1 F2340 X81.01 Y85.301 E3531.72431
G0 F7200 X81.01 Y86.15
G1 F2340 X94.035 Y73.125 E3533.29923
G0 F7200 X94.035 Y73.974
G1 F2340 X81.01 Y86.998 E3534.87409
G0 F7200 X81.01 Y87.847
G1 F2340 X94.035 Y74.823 E3536.44895
G0 F7200 X94.035 Y75.671
G1 F2340 X81.01 Y88.695 E3538.02381
G0 F7200 X81.01 Y89.544
G1 F2340 X94.035 Y76.52 E3539.59868
G0 F7200 X94.035 Y77.368
G1 F2340 X81.01 Y90.392 E3541.17354
G0 F7200 X81.01 Y91.241
G1 F2340 X94.035 Y78.217 E3542.7484
G0 F7200 X94.035 Y79.065
G1 F2340 X81.011 Y92.089 E3544.3232
G0 F7200 X81.011 Y92.937
G1 F2340 X94.035 Y79.913 E3545.898
G0 F7200 X94.035 Y80.761
G1 F2340 X81.011 Y93.786 E3547.47286
G0 F7200 X81.011 Y94.634
G1 F2340 X94.035 Y81.61 E3549.04766
G0 F7200 X94.035 Y82.459
G1 F2340 X81.011 Y95.483 E3550.62246
G0 F7200 X81.011 Y96.331
G1 F2340 X94.035 Y83.307 E3552.19726
G0 F7200 X94.035 Y84.156
G1 F2340 X81.011 Y97.18 E3553.77206
G0 F7200 X81.011 Y98.028
G1 F2340 X94.035 Y85.004 E3555.34686
G0 F7200 X94.036 Y85.852
G1 F2340 X81.011 Y98.877 E3556.92178
G0 F7200 X81.011 Y99.725
G1 F2340 X94.036 Y86.7 E3558.4967
G0 F7200 X94.036 Y87.549
G1 F2340 X81.012 Y100.573 E3560.0715
G0 F7200 X81.012 Y101.422
G1 F2340 X94.036 Y88.398 E3561.6463
G0 F7200 X94.036 Y89.246
G1 F2340 X81.012 Y102.27 E3563.2211
G0 F7200 X81.012 Y103.119
G1 F2340 X94.036 Y90.095 E3564.7959
G0 F7200 X94.036 Y90.943
G1 F2340 X81.012 Y103.967 E3566.3707
G0 F7200 X81.012 Y104.816
G1 F2340 X94.036 Y91.792 E3567.94551
G0 F7200 X94.037 Y92.639
G1 F2340 X81.012 Y105.664 E3569.52043
G0 F7200 X81.012 Y106.513
G1 F2340 X94.037 Y93.488 E3571.09535
G0 F7200 X94.037 Y94.337
G1 F2340 X81.012 Y107.361 E3572.67021
G0 F7200 X81.012 Y108.21
G1 F2340 X94.037 Y95.185 E3574.24513
G0 F7200 X94.037 Y96.034
G1 F2340 X81.013 Y109.058 E3575.81993
G0 F7200 X81.013 Y109.906
G1 F2340 X94.037 Y96.882 E3577.39473
G0 F7200 X94.037 Y97.731
G1 F2340 X81.013 Y110.755 E3578.96953
G0 F7200 X81.013 Y111.603
G1 F2340 X94.037 Y98.578 E3580.54439
G0 F7200 X94.037 Y99.427
G1 F2340 X81.013 Y112.452 E3582.11925
G0 F7200 X81.013 Y113.3
G1 F2340 X94.037 Y100.276 E3583.69405
G0 F7200 X94.037 Y101.124
G1 F2340 X81.013 Y114.149 E3585.26891
G0 F7200 X81.013 Y114.997
G1 F2340 X94.037 Y101.973 E3586.84371
G0 F7200 X94.037 Y102.821
G1 F2340 X81.013 Y115.846 E3588.41857
G0 F7200 X81.013 Y116.695
G1 F2340 X94.037 Y103.67 E3589.99344
G0 F7200 X94.037 Y104.518
G1 F2340 X81.095 Y117.461 E3591.55838
G0 F7200 X81.311 Y118.093
G1 F2340 X94.038 Y105.366 E3593.09727
G0 F7200 X94.038 Y106.215
G1 F2340 X81.709 Y118.544 E3594.58803
G0 F7200 X82.158 Y118.943
G1 F2340 X94.038 Y107.063 E3596.02451
G0 F7200 X94.038 Y107.912
G1 F2340 X82.606 Y119.343 E3597.40675
G0 F7200 X83.055 Y119.743
G1 F2340 X94.038 Y108.76 E3598.73476
G0 F7200 X94.038 Y109.609
G1 F2340 X83.504 Y120.143 E3600.00848
G0 F7200 X83.952 Y120.543
G1 F2340 X94.038 Y110.457 E3601.22803
G0 F7200 X94.11 Y111.234
G1 F2340 X84.401 Y120.943 E3602.402
G0 F7200 X84.849 Y121.343
G1 F2340 X94.255 Y111.937 E3603.53933
G0 F7200 X94.457 Y112.583
G1 F2340 X85.298 Y121.743 E3604.64685
G0 F7200 X85.747 Y122.143
G1 F2340 X94.708 Y113.182 E3605.73037
G0 F7200 X95.04 Y113.698
G1 F2340 X86.195 Y122.543 E3606.79987
G0 F7200 X86.644 Y122.943
G1 F2340 X95.374 Y114.213 E3607.85546
G0 F7200 X95.768 Y114.667
G1 F2340 X87.092 Y123.343 E3608.90452
G0 F7200 X87.541 Y123.743
G1 F2340 X96.194 Y115.089 E3609.95086
G0 F7200 X96.619 Y115.513
G1 F2340 X87.99 Y124.142 E3610.99424
G0 F7200 X88.438 Y124.543
G1 F2340 X97.045 Y115.936 E3612.03496
G0 F7200 X97.47 Y116.359
G1 F2340 X88.887 Y124.942 E3613.07277
G0 F7200 X89.335 Y125.342
G1 F2340 X97.895 Y116.782 E3614.10781
G0 F7200 X98.32 Y117.206
G1 F2340 X89.783 Y125.743 E3615.14006
G0 F7200 X90.232 Y126.142
G1 F2340 X98.746 Y117.629 E3616.16947
G0 F7200 X99.171 Y118.052
G1 F2340 X90.681 Y126.542 E3617.19604
G0 F7200 X91.129 Y126.943
G1 F2340 X99.596 Y118.476 E3618.21983
G0 F7200 X100.022 Y118.899
G1 F2340 X91.578 Y127.342 E3619.24078
G0 F7200 X92.026 Y127.742
G1 F2340 X100.447 Y119.322 E3620.25895
G0 F7200 X100.872 Y119.745
G1 F2340 X92.475 Y128.142 E3621.27427
G0 F7200 X92.924 Y128.542
G1 F2340 X101.297 Y120.169 E3622.2867
G0 F7200 X101.723 Y120.591
G1 F2340 X93.372 Y128.942 E3623.29646
G0 F7200 X93.821 Y129.342
G1 F2340 X102.148 Y121.015 E3624.30332
G0 F7200 X102.574 Y121.438
G1 F2340 X94.269 Y129.742 E3625.30746
G0 F7200 X94.718 Y130.142
G1 F2340 X102.999 Y121.861 E3626.30876
G0 F7200 X103.424 Y122.284
G1 F2340 X95.167 Y130.542 E3627.30722
G0 F7200 X95.615 Y130.942
G1 F2340 X103.849 Y122.708 E3628.30284
G0 F7200 X104.274 Y123.131
G1 F2340 X96.064 Y131.342 E3629.29561
G0 F7200 X96.512 Y131.742
G1 F2340 X104.7 Y123.554 E3630.28566
G0 F7200 X105.125 Y123.978
G1 F2340 X96.961 Y132.142 E3631.27282
G0 F7200 X97.41 Y132.542
G1 F2340 X105.551 Y124.401 E3632.25719
G0 F7200 X105.976 Y124.824
G1 F2340 X97.858 Y132.942 E3633.23878
G0 F7200 X98.306 Y133.342
G1 F2340 X106.401 Y125.247 E3634.21759
G0 F7200 X106.826 Y125.671
G1 F2340 X98.755 Y133.741 E3635.19343
G0 F7200 X99.204 Y134.142
G1 F2340 X107.252 Y126.093 E3636.16662
G0 F7200 X107.677 Y126.517
G1 F2340 X99.653 Y134.541 E3637.13684
G0 F7200 X100.101 Y134.941
G1 F2340 X108.102 Y126.941 E3638.10423
G0 F7200 X108.527 Y127.363
G1 F2340 X100.549 Y135.342 E3639.06895
G0 F7200 X100.998 Y135.741
G1 F2340 X108.952 Y127.787 E3640.03071
G0 F7200 X109.378 Y128.21
G1 F2340 X101.446 Y136.141 E3640.98975
G0 F7200 X101.896 Y136.541
G1 F2340 X109.803 Y128.633 E3641.94589
G0 F7200 X110.229 Y129.056
G1 F2340 X102.344 Y136.941 E3642.8993
G0 F7200 X102.792 Y137.341
G1 F2340 X110.654 Y129.48 E3643.84988
G0 F7200 X111.079 Y129.903
G1 F2340 X103.241 Y137.741 E3644.79761
G0 F7200 X103.689 Y138.141
G1 F2340 X111.504 Y130.326 E3645.74256
G0 F7200 X111.93 Y130.749
G1 F2340 X104.138 Y138.541 E3646.68474
G0 F7200 X104.587 Y138.941
G1 F2340 X112.355 Y131.173 E3647.62401
G0 F7200 X112.78 Y131.596
G1 F2340 X105.035 Y139.341 E3648.56049
G0 F7200 X105.484 Y139.741
G1 F2340 X113.206 Y132.019 E3649.4942
G0 F7200 X113.631 Y132.443
G1 F2340 X105.932 Y140.141 E3650.42507
G0 F7200 X106.381 Y140.541
G1 F2340 X114.056 Y132.865 E3651.35315
G0 F7200 X114.481 Y133.289
G1 F2340 X106.83 Y140.941 E3652.27834
G0 F7200 X107.278 Y141.341
G1 F2340 X114.907 Y133.712 E3653.2008
G0 F7200 X115.332 Y134.135
G1 F2340 X107.726 Y141.741 E3654.12048
G0 F7200 X108.175 Y142.14
G1 F2340 X115.758 Y134.558 E3655.03732
G0 F7200 X116.183 Y134.982
G1 F2340 X108.624 Y142.541 E3655.95132
G0 F7200 X109.073 Y142.94
G1 F2340 X116.608 Y135.405 E3656.86242
G0 F7200 X117.033 Y135.828
G1 F2340 X109.521 Y143.34 E3657.77073
G0 F7200 X109.969 Y143.741
G1 F2340 X117.458 Y136.252 E3658.67627
G0 F7200 X117.884 Y136.675
G1 F2340 X110.418 Y144.14 E3659.57896
G0 F7200 X110.867 Y144.54
G1 F2340 X118.309 Y137.098 E3660.47881
G0 F7200 X118.735 Y137.521
G1 F2340 X111.315 Y144.941 E3661.376
G0 F7200 X111.764 Y145.34
G1 F2340 X119.16 Y137.945 E3662.27023
G0 F7200 X119.585 Y138.367
G1 F2340 X112.212 Y145.74 E3663.16174
G0 F7200 X112.661 Y146.14
G1 F2340 X120.01 Y138.791 E3664.05034
G0 F7200 X120.436 Y139.214
G1 F2340 X113.11 Y146.54 E3664.93617
G0 F7200 X113.558 Y146.94
G1 F2340 X120.861 Y139.637 E3665.81921
G0 F7200 X121.286 Y140.061
G1 F2340 X114.007 Y147.34 E3666.69936
G0 F7200 X114.455 Y147.74
G1 F2340 X121.711 Y140.484 E3667.57672
G0 F7200 X122.136 Y140.907
G1 F2340 X114.903 Y148.14 E3668.4513
G0 F7200 X115.352 Y148.54
G1 F2340 X122.562 Y141.33 E3669.3231
G0 F7200 X122.987 Y141.754
G1 F2340 X115.801 Y148.94 E3670.19199
G0 F7200 X116.25 Y149.34
G1 F2340 X123.413 Y142.177 E3671.05811
G0 F7200 X123.838 Y142.6
G1 F2340 X116.698 Y149.74 E3671.92144
G0 F7200 X117.146 Y150.14
G1 F2340 X124.263 Y143.023 E3672.782
G0 F7200 X124.688 Y143.447
G1 F2340 X117.595 Y150.539 E3673.63959
G0 F7200 X118.044 Y150.94
G1 F2340 X125.113 Y143.87 E3674.4944
G0 F7200 X125.539 Y144.293
G1 F2340 X118.493 Y151.339 E3675.34637
G0 F7200 X118.941 Y151.739
G1 F2340 X125.964 Y144.716 E3676.19556
G0 F7200 X126.39 Y145.139
G1 F2340 X119.389 Y152.14 E3677.04208
G0 F7200 X119.838 Y152.539
G1 F2340 X126.815 Y145.563 E3677.88565
G0 F7200 X127.24 Y145.986
G1 F2340 X120.287 Y152.939 E3678.72637
G0 F7200 X120.735 Y153.34
G1 F2340 X127.665 Y146.409 E3679.56438
G0 F7200 X128.091 Y146.832
G1 F2340 X121.184 Y153.739 E3680.39954
G0 F7200 X121.632 Y154.139
G1 F2340 X128.516 Y147.256 E3681.23186
G0 F7200 X128.942 Y147.679
G1 F2340 X122.081 Y154.539 E3682.0614
G0 F7200 X122.53 Y154.939
G1 F2340 X129.367 Y148.102 E3682.88809
G0 F7200 X129.792 Y148.526
G1 F2340 X122.978 Y155.339 E3683.71195
G0 F7200 X123.427 Y155.739
G1 F2340 X130.217 Y148.949 E3684.53297
G0 F7200 X130.642 Y149.372
G1 F2340 X123.875 Y156.139 E3685.3512
G0 F7200 X124.324 Y156.539
G1 F2340 X131.068 Y149.795 E3686.16665
G0 F7200 X131.493 Y150.218
G1 F2340 X124.773 Y156.939 E3686.97926
G0 F7200 X125.221 Y157.339
G1 F2340 X131.919 Y150.641 E3687.78915
G0 F7200 X132.344 Y151.065
G1 F2340 X125.67 Y157.739 E3688.59614
G0 F7200 X126.118 Y158.139
G1 F2340 X132.769 Y151.488 E3689.40035
G0 F7200 X133.194 Y151.911
G1 F2340 X126.566 Y158.539 E3690.20178
G0 F7200 X127.015 Y158.939
G1 F2340 X133.619 Y152.335 E3691.0003
G0 F7200 X134.045 Y152.758
G1 F2340 X127.464 Y159.339 E3691.79604
G0 F7200 X127.912 Y159.739
G1 F2340 X134.47 Y153.181 E3692.58901
G0 F7200 X134.895 Y153.604
G1 F2340 X128.361 Y160.138 E3693.37907
G0 F7200 X128.809 Y160.539
G1 F2340 X135.32 Y154.028 E3694.16634
G0 F7200 X135.746 Y154.451
G1 F2340 X129.258 Y160.938 E3694.95078
G0 F7200 X129.707 Y161.338
G1 F2340 X136.171 Y154.874 E3695.73238
G0 F7200 X136.597 Y155.297
G1 F2340 X130.155 Y161.739 E3696.51131
G0 F7200 X130.604 Y162.138
G1 F2340 X137.022 Y155.72 E3697.28735
G0 F7200 X137.447 Y156.143
G1 F2340 X131.052 Y162.538 E3698.0606
G0 F7200 X131.501 Y162.938
G1 F2340 X137.872 Y156.567 E3698.83095
G0 F7200 X138.297 Y156.99
G1 F2340 X131.95 Y163.338 E3699.59846
G0 F7200 X132.398 Y163.738
G1 F2340 X138.723 Y157.413 E3700.36325
G0 F7200 X139.148 Y157.837
G1 F2340 X132.847 Y164.138 E3701.12514
G0 F7200 X133.295 Y164.538
G1 F2340 X139.574 Y158.26 E3701.88431
G0 F7200 X139.999 Y158.683
G1 F2340 X133.744 Y164.938 E3702.64063
G0 F7200 X134.193 Y165.338
G1 F2340 X140.424 Y159.106 E3703.39411
G0 F7200 X140.849 Y159.53
G1 F2340 X134.641 Y165.738 E3704.14476
G0 F7200 X135.09 Y166.138
G1 F2340 X141.275 Y159.953 E3704.89262
G0 F7200 X141.665 Y160.411
G1 F2340 X135.568 Y166.508 E3705.62984
G0 F7200 X136.186 Y166.739
G1 F2340 X141.915 Y161.01 E3706.32256
G0 F7200 X141.871 Y161.902
G1 F2340 X137.06 Y166.713 E3706.90428
G1 X136.954 Y166.819
G10
G0 F7200 X95.817 Y114.114
G0 X95.093 Y112.996
G0 X94.743 Y112.159
G0 X94.463 Y110.817
G0 X94.463 Y72.809
G0 X94.779 Y71.341
G0 X95.263 Y70.306
G0 X95.735 Y69.595
G0 X96.689 Y68.6
G0 X97.779 Y67.831
G0 X98.854 Y67.377
G0 X100.121 Y67.131
G0 X102.678 Y67.131
G0 X104.148 Y67.447
G0 X105.549 Y68.102
G0 X121.863 Y81.783
G11
G1 F2340 X124.881 Y78.765 E3707.26921
G0 F7200 X124.686 Y78.113
G1 F2340 X121.169 Y81.629 E3707.6944
G0 F7200 X120.675 Y81.275
G1 F2340 X124.328 Y77.621 E3708.13617
G0 F7200 X123.904 Y77.197
G1 F2340 X120.231 Y80.87 E3708.58029
G0 F7200 X119.786 Y80.467
G1 F2340 X123.48 Y76.773 E3709.02695
G0 F7200 X123.056 Y76.348
G1 F2340 X119.341 Y80.063 E3709.47615
G0 F7200 X118.897 Y79.658
G1 F2340 X122.631 Y75.924 E3709.92765
G0 F7200 X122.207 Y75.5
G1 F2340 X118.452 Y79.255 E3710.38169
G0 F7200 X118.008 Y78.85
G1 F2340 X121.783 Y75.076 E3710.83808
G0 F7200 X121.359 Y74.651
G1 F2340 X117.564 Y78.446 E3711.29695
G0 F7200 X117.119 Y78.043
G1 F2340 X120.934 Y74.227 E3711.75831
G0 F7200 X120.51 Y73.803
G1 F2340 X116.675 Y77.638 E3712.22202
G0 F7200 X116.23 Y77.234
G1 F2340 X120.086 Y73.379 E3712.6882
G0 F7200 X119.662 Y72.954
G1 F2340 X115.785 Y76.831 E3713.15699
G0 F7200 X115.341 Y76.426
G1 F2340 X119.237 Y72.53 E3713.62808
G0 F7200 X118.813 Y72.106
G1 F2340 X114.896 Y76.022 E3714.10164
G0 F7200 X114.452 Y75.619
G1 F2340 X118.389 Y71.682 E3714.57769
G0 F7200 X117.965 Y71.257
G1 F2340 X114.008 Y75.214 E3715.05615
G0 F7200 X113.563 Y74.81
G1 F2340 X117.54 Y70.833 E3715.53703
G0 F7200 X117.117 Y70.408
G1 F2340 X113.118 Y74.407 E3716.02057
G0 F7200 X112.674 Y74.002
G1 F2340 X116.692 Y69.984 E3716.50641
G0 F7200 X116.268 Y69.56
G1 F2340 X112.229 Y73.599 E3716.99478
G0 F7200 X111.784 Y73.195
G1 F2340 X115.844 Y69.135 E3717.4857
G0 F7200 X115.42 Y68.711
G1 F2340 X111.34 Y72.79 E3717.97897
G0 F7200 X110.896 Y72.387
G1 F2340 X114.995 Y68.287 E3718.47467
G0 F7200 X114.571 Y67.862
G1 F2340 X110.451 Y71.983 E3718.9729
G0 F7200 X110.007 Y71.578
G1 F2340 X114.147 Y67.438 E3719.47349
G0 F7200 X113.723 Y67.014
G1 F2340 X109.562 Y71.175 E3719.97661
G0 F7200 X109.117 Y70.771
G1 F2340 X113.298 Y66.59 E3720.48216
G0 F7200 X112.874 Y66.165
G1 F2340 X108.673 Y70.366 E3720.99013
G0 F7200 X108.228 Y69.963
G1 F2340 X112.45 Y65.741 E3721.50063
G0 F7200 X112.026 Y65.317
G1 F2340 X107.784 Y69.559 E3722.01355
G0 F7200 X107.34 Y69.154
G1 F2340 X111.601 Y64.893 E3722.52877
G0 F7200 X111.177 Y64.468
G1 F2340 X106.895 Y68.751 E3723.04659
G0 F7200 X106.45 Y68.347
G1 F2340 X110.753 Y64.044 E3723.56689
G0 F7200 X110.329 Y63.619
G1 F2340 X106.006 Y67.942 E3724.08961
G0 F7200 X105.498 Y67.602
G1 F2340 X109.905 Y63.195 E3724.62248
G0 F7200 X109.481 Y62.771
G1 F2340 X104.921 Y67.331 E3725.17385
G0 F7200 X104.342 Y67.061
G1 F2340 X109.056 Y62.346 E3725.74391
G0 F7200 X108.632 Y61.922
G1 F2340 X103.656 Y66.898 E3726.34558
G0 F7200 X102.958 Y66.748
G1 F2340 X108.208 Y61.498 E3726.98039
G0 F7200 X107.784 Y61.074
G1 F2340 X102.154 Y66.704 E3727.66114
G0 F7200 X101.306 Y66.702
G1 F2340 X107.359 Y60.649 E3728.39304
G0 F7200 X106.935 Y60.225
G1 F2340 X100.459 Y66.701 E3729.17609
G0 F7200 X99.501 Y66.811
G1 F2340 X106.511 Y59.801 E3730.0237
G0 F7200 X106.087 Y59.376
G1 F2340 X98.336 Y67.127 E3730.96092
G1 X98.23 Y67.233
G10
G0 F7200 X100.121 Y67.131
G0 X102.678 Y67.131
G0 X104.148 Y67.447
G0 X105.409 Y68.037
G0 X122.966 Y81.529
G11
G1 F2340 X124.551 Y79.944 E3731.15257
G1 X124.657 Y79.838
G0 F7200 X124.526 Y79.754
G10
;MESH:NONMESH
G0 F600 X124.526 Y79.754 Z1.3
G0 F7200 X105.212 Y68.607
G0 X80.69 Y56.154
G0 X80.228 Y55.861
;TIME_ELAPSED:837.526122
;LAYER:6
;TYPE:WALL-OUTER
;MESH:porte-manteau.stl
G11
G1 F2880 X79.816 Y56.512 E3731.22191
G1 X79.496 Y57.424 E3731.30889
G1 X79.496 Y117.396 E3736.70637
G1 X79.651 Y118.122 E3736.77319
G1 X79.957 Y118.808 E3736.84079
G1 X80.396 Y119.405 E3736.90748
G1 X134.586 Y167.717 E3743.44139
G1 X135.302 Y168.108 E3743.51481
G1 X136.058 Y168.321 E3743.5855
G1 X136.853 Y168.343 E3743.65708
G1 X137.624 Y168.181 E3743.72798
G1 X138.516 Y167.762 E3743.81668
G1 X142.743 Y163.516 E3744.3559
G1 X143.274 Y162.672 E3744.44564
G1 X143.483 Y161.731 E3744.53239
G1 X143.48 Y161.047 E3744.59395
G1 X143.307 Y160.288 E3744.66402
G1 X142.891 Y159.425 E3744.75024
G1 X96.652 Y113.415 E3750.62095
G1 X96.034 Y112.444 E3750.72454
G1 X95.798 Y111.876 E3750.77989
G1 X95.545 Y110.708 E3750.88745
G1 X95.545 Y72.916 E3754.28873
G1 X95.801 Y71.717 E3754.39907
G1 X96.206 Y70.842 E3754.48585
G1 X96.749 Y70.105 E3754.56824
G1 X97.594 Y69.217 E3754.67856
G1 X98.712 Y68.588 E3754.79401
G1 X99.925 Y68.213 E3754.90828
G1 X102.567 Y68.213 E3755.14606
G1 X103.774 Y68.469 E3755.25711
G1 X104.937 Y69.014 E3755.3727
G1 X119.971 Y82.68 E3757.20123
G1 X120.638 Y83.067 E3757.27063
G1 X121.356 Y83.292 E3757.33835
G1 X122.217 Y83.372 E3757.41617
G1 X123.121 Y83.148 E3757.49999
G1 X123.959 Y82.74 E3757.58388
G1 X125.644 Y81.055 E3757.79834
G1 X126.182 Y80.203 E3757.88903
G1 X126.392 Y79.27 E3757.9751
G1 X126.392 Y78.582 E3758.03702
G1 X126.222 Y77.827 E3758.10667
G1 X125.811 Y76.96 E3758.19303
G1 X104.471 Y55.624 E3760.90891
G1 X103.851 Y55.128 E3760.98037
G1 X103.244 Y54.837 E3761.04095
G1 X102.369 Y54.636 E3761.12175
G1 X82.502 Y54.64 E3762.90978
G1 X81.529 Y54.858 E3762.99953
G1 X80.717 Y55.372 E3763.08602
G1 X80.228 Y55.861 E3763.14826
G0 F7200 X80.068 Y56.114
G0 X80.7 Y56.238
;TYPE:WALL-INNER
G1 F4620 X80.36 Y56.775 E3763.20546
G1 X80.096 Y57.526 E3763.2771
G1 X80.096 Y117.333 E3768.65973
G1 X80.225 Y117.935 E3768.71514
G1 X80.479 Y118.505 E3768.77131
G1 X80.842 Y118.999 E3768.82648
G1 X134.934 Y167.223 E3775.34853
G1 X135.53 Y167.549 E3775.40967
G1 X136.149 Y167.723 E3775.46754
G1 X136.799 Y167.741 E3775.52606
G1 X137.432 Y167.608 E3775.58427
G1 X138.165 Y167.264 E3775.65715
G1 X142.271 Y163.14 E3776.1809
G1 X142.711 Y162.44 E3776.25532
G1 X142.883 Y161.667 E3776.32659
G1 X142.88 Y161.116 E3776.37618
G1 X142.737 Y160.487 E3776.43423
G1 X142.395 Y159.778 E3776.50508
G1 X96.181 Y113.796 E3782.37241
G1 X95.51 Y112.747 E3782.48449
G1 X95.211 Y112.024 E3782.5549
G1 X94.944 Y110.771 E3782.6702
G1 X94.944 Y72.851 E3786.083
G1 X95.234 Y71.526 E3786.20508
G1 X95.684 Y70.536 E3786.30295
G1 X96.273 Y69.74 E3786.39207
G1 X97.23 Y68.734 E3786.51703
G1 X98.473 Y68.038 E3786.64525
G1 X99.819 Y67.616 E3786.7722
G1 X102.629 Y67.616 E3787.0251
G1 X103.96 Y67.895 E3787.14749
G1 X105.267 Y68.501 E3787.27715
G1 X120.327 Y82.193 E3789.10899
G1 X120.881 Y82.515 E3789.16666
G1 X121.475 Y82.7 E3789.22265
G1 X122.171 Y82.765 E3789.28556
G1 X122.915 Y82.581 E3789.35454
G1 X123.606 Y82.244 E3789.42373
G1 X125.172 Y80.678 E3789.62305
G1 X125.62 Y79.97 E3789.69846
G1 X125.792 Y79.204 E3789.76911
G1 X125.792 Y78.648 E3789.81915
G1 X125.651 Y78.024 E3789.87673
G1 X125.313 Y77.311 E3789.94774
G1 X104.07 Y56.072 E3792.65128
G1 X103.53 Y55.64 E3792.71352
G1 X103.045 Y55.407 E3792.76195
G1 X102.301 Y55.236 E3792.83065
G1 X82.568 Y55.24 E3794.60662
G1 X81.762 Y55.42 E3794.68095
G1 X81.094 Y55.843 E3794.75211
G1 X80.7 Y56.238 E3794.80232
G0 F7200 X81.123 Y56.571
;TYPE:SKIN
G1 F2340 X80.791 Y56.991 E3794.8481
G1 X80.576 Y57.607 E3794.90388
G1 X80.576 Y117.268 E3800.0049
G1 X80.907 Y118.276 E3800.09561
G1 X81.195 Y118.668 E3800.1372
G1 X135.215 Y166.829 E3806.32496
G1 X135.71 Y167.1 E3806.37321
G1 X136.218 Y167.241 E3806.41829
G1 X136.752 Y167.259 E3806.46397
G1 X137.279 Y167.145 E3806.51007
G1 X137.884 Y166.862 E3806.56718
G1 X141.895 Y162.836 E3807.05308
G1 X142.258 Y162.252 E3807.11187
G1 X142.399 Y161.625 E3807.16682
G1 X142.276 Y160.638 E3807.25186
G1 X141.999 Y160.061 E3807.30658
G1 X95.824 Y114.115 E3812.87602
G1 X95.075 Y112.945 E3812.9948
G1 X94.748 Y112.162 E3813.06735
G1 X94.469 Y110.819 E3813.18462
G1 X94.465 Y72.796 E3816.43559
G1 X94.761 Y71.405 E3816.55718
G1 X95.252 Y70.324 E3816.6587
G1 X95.943 Y69.375 E3816.75907
G1 X96.912 Y68.372 E3816.87831
G1 X98.272 Y67.59 E3817.01244
G1 X99.746 Y67.135 E3817.14433
G1 X102.744 Y67.142 E3817.40066
G1 X104.111 Y67.437 E3817.52023
G1 X105.541 Y68.102 E3817.65507
G1 X120.615 Y81.804 E3819.39678
G1 X121.066 Y82.067 E3819.44141
G1 X122.133 Y82.276 E3819.53438
G1 X122.746 Y82.124 E3819.58838
G1 X123.323 Y81.847 E3819.6431
G1 X124.796 Y80.371 E3819.82139
G1 X125.167 Y79.782 E3819.88091
G1 X125.311 Y79.159 E3819.93558
G1 X125.192 Y78.173 E3820.02049
G1 X124.915 Y77.592 E3820.07552
G1 X103.751 Y56.432 E3822.63433
G1 X103.102 Y55.912 E3822.70544
G1 X102.246 Y55.716 E3822.78052
G1 X82.618 Y55.72 E3824.45871
G1 X81.949 Y55.87 E3824.51733
G1 X81.404 Y56.215 E3824.57248
G1 X81.123 Y56.571 E3824.61126
G10
G0 F7200 X105.462 Y68.206
G0 X124.876 Y78.207
G11
G1 F2340 X102.905 Y56.236 E3827.26789
G0 F7200 X101.837 Y56.016
G1 F2340 X125 Y79.179 E3830.06865
G0 F7200 X124.79 Y79.818
G1 F2340 X100.988 Y56.016 E3832.94667
G0 F7200 X100.14 Y56.016
G1 F2340 X124.434 Y80.31 E3835.88419
G0 F7200 X124.01 Y80.735
G1 F2340 X99.292 Y56.017 E3838.87297
G0 F7200 X98.443 Y56.017
G1 F2340 X123.586 Y81.16 E3841.91314
G0 F7200 X123.162 Y81.584
G1 F2340 X97.595 Y56.017 E3845.00458
G0 F7200 X96.746 Y56.017
G1 F2340 X122.544 Y81.815 E3848.12396
G0 F7200 X121.791 Y81.91
G1 F2340 X95.899 Y56.018 E3851.25469
G0 F7200 X95.05 Y56.018
G1 F2340 X118.606 Y79.574 E3854.10297
G1 X118.712 Y79.68
G0 F7200 X109.302 Y71.119
G1 F2340 X94.201 Y56.018 E3855.92892
G0 F7200 X93.354 Y56.018
G1 F2340 X104.725 Y67.389 E3857.30384
G1 X104.831 Y67.495
G0 F7200 X103.481 Y66.994
G1 F2340 X92.505 Y56.018 E3858.63101
G0 F7200 X91.657 Y56.018
G1 F2340 X102.475 Y66.836 E3859.93907
G0 F7200 X101.626 Y66.836
G1 F2340 X90.809 Y56.019 E3861.24701
G0 F7200 X89.96 Y56.019
G1 F2340 X100.778 Y66.837 E3862.55507
G0 F7200 X99.93 Y66.837
G1 F2340 X89.112 Y56.019 E3863.86313
G0 F7200 X88.263 Y56.019
G1 F2340 X99.227 Y66.983 E3865.18885
G0 F7200 X98.578 Y67.182
G1 F2340 X87.415 Y56.02 E3866.53856
G0 F7200 X86.567 Y56.02
G1 F2340 X97.966 Y67.419 E3867.91688
G0 F7200 X97.427 Y67.728
G1 F2340 X85.718 Y56.02 E3869.33261
G0 F7200 X84.87 Y56.021
G1 F2340 X96.887 Y68.037 E3870.78559
G0 F7200 X96.435 Y68.433
G1 F2340 X84.022 Y56.021 E3872.28645
G0 F7200 X83.173 Y56.021
G1 F2340 X96.019 Y68.866 E3873.83967
G0 F7200 X95.62 Y69.316
G1 F2340 X82.384 Y56.08 E3875.4401
G0 F7200 X81.785 Y56.329
G1 F2340 X95.261 Y69.806 E3877.06962
G0 F7200 X94.927 Y70.32
G1 F2340 X81.36 Y56.753 E3878.71008
G0 F7200 X81.016 Y57.257
G1 F2340 X94.663 Y70.904 E3880.36021
G0 F7200 X94.433 Y71.523
G1 F2340 X80.876 Y57.966 E3881.99945
G0 F7200 X80.876 Y58.814
G1 F2340 X94.283 Y72.222 E3883.62063
G0 F7200 X94.168 Y72.954
G1 F2340 X80.876 Y59.663 E3885.22777
G0 F7200 X80.876 Y60.511
G1 F2340 X94.168 Y73.803 E3886.83498
G0 F7200 X94.168 Y74.651
G1 F2340 X80.876 Y61.36 E3888.44212
G0 F7200 X80.876 Y62.208
G1 F2340 X94.168 Y75.5 E3890.04933
G0 F7200 X94.168 Y76.348
G1 F2340 X80.876 Y63.057 E3891.65647
G0 F7200 X80.876 Y63.905
G1 F2340 X94.168 Y77.197 E3893.26368
G0 F7200 X94.168 Y78.045
G1 F2340 X80.876 Y64.754 E3894.87082
G0 F7200 X80.876 Y65.603
G1 F2340 X94.168 Y78.894 E3896.47797
G0 F7200 X94.168 Y79.743
G1 F2340 X80.876 Y66.451 E3898.08517
G0 F7200 X80.876 Y67.3
G1 F2340 X94.168 Y80.592 E3899.69238
G0 F7200 X94.168 Y81.44
G1 F2340 X80.876 Y68.148 E3901.29959
G0 F7200 X80.876 Y68.997
G1 F2340 X94.168 Y82.289 E3902.90679
G0 F7200 X94.168 Y83.137
G1 F2340 X80.876 Y69.845 E3904.514
G0 F7200 X80.876 Y70.694
G1 F2340 X94.168 Y83.986 E3906.1212
G0 F7200 X94.168 Y84.834
G1 F2340 X80.876 Y71.542 E3907.72841
G0 F7200 X80.876 Y72.391
G1 F2340 X94.169 Y85.684 E3909.33573
G0 F7200 X94.169 Y86.532
G1 F2340 X80.876 Y73.239 E3910.94306
G0 F7200 X80.876 Y74.088
G1 F2340 X94.169 Y87.381 E3912.55039
G0 F7200 X94.169 Y88.229
G1 F2340 X80.876 Y74.936 E3914.15771
G0 F7200 X80.876 Y75.785
G1 F2340 X94.169 Y89.078 E3915.76504
G0 F7200 X94.169 Y89.926
G1 F2340 X80.876 Y76.633 E3917.37237
G0 F7200 X80.876 Y77.482
G1 F2340 X94.169 Y90.775 E3918.97969
G0 F7200 X94.169 Y91.623
G1 F2340 X80.876 Y78.33 E3920.58702
G0 F7200 X80.876 Y79.179
G1 F2340 X94.17 Y92.473 E3922.19447
G0 F7200 X94.17 Y93.321
G1 F2340 X80.876 Y80.028 E3923.80185
G0 F7200 X80.876 Y80.876
G1 F2340 X94.17 Y94.17 E3925.4093
G0 F7200 X94.17 Y95.018
G1 F2340 X80.876 Y81.725 E3927.01669
G0 F7200 X80.876 Y82.573
G1 F2340 X94.17 Y95.867 E3928.62414
G0 F7200 X94.17 Y96.715
G1 F2340 X80.876 Y83.422 E3930.23152
G0 F7200 X80.876 Y84.27
G1 F2340 X94.17 Y97.564 E3931.83897
G0 F7200 X94.17 Y98.413
G1 F2340 X80.876 Y85.119 E3933.44642
G0 F7200 X80.876 Y85.967
G1 F2340 X94.17 Y99.262 E3935.05393
G0 F7200 X94.17 Y100.11
G1 F2340 X80.876 Y86.816 E3936.66137
G0 F7200 X80.876 Y87.664
G1 F2340 X94.17 Y100.959 E3938.26888
G0 F7200 X94.17 Y101.807
G1 F2340 X80.876 Y88.513 E3939.87633
G0 F7200 X80.876 Y89.361
G1 F2340 X94.17 Y102.656 E3941.48384
G0 F7200 X94.17 Y103.504
G1 F2340 X80.876 Y90.21 E3943.09128
G0 F7200 X80.876 Y91.058
G1 F2340 X94.17 Y104.353 E3944.69879
G0 F7200 X94.171 Y105.202
G1 F2340 X80.876 Y91.907 E3946.30636
G0 F7200 X80.876 Y92.755
G1 F2340 X94.171 Y106.05 E3947.91393
G0 F7200 X94.171 Y106.899
G1 F2340 X80.876 Y93.604 E3949.5215
G0 F7200 X80.876 Y94.452
G1 F2340 X94.171 Y107.748 E3951.12913
G0 F7200 X94.171 Y108.596
G1 F2340 X80.876 Y95.301 E3952.7367
G0 F7200 X80.876 Y96.15
G1 F2340 X94.171 Y109.445 E3954.34426
G0 F7200 X94.171 Y110.293
G1 F2340 X80.876 Y96.998 E3955.95183
G0 F7200 X80.876 Y97.847
G1 F2340 X94.247 Y111.218 E3957.56859
G0 F7200 X94.484 Y112.303
G1 F2340 X80.876 Y98.695 E3959.214
G0 F7200 X80.876 Y99.544
G1 F2340 X95.51 Y114.178 E3960.98348
G1 X95.616 Y114.284
G0 F7200 X86.582 Y123.068
G1 F2340 X80.945 Y117.432 E3961.66502
G0 F7200 X80.876 Y116.514
G1 F2340 X94.405 Y130.043 E3963.30088
G1 X94.511 Y130.149
G0 F7200 X102.229 Y137.019
G1 F2340 X80.876 Y115.666 E3965.88278
G0 F7200 X80.876 Y114.817
G1 F2340 X110.053 Y143.994 E3969.41073
G1 X110.159 Y144.1
G0 F7200 X117.877 Y150.969
G1 F2340 X80.876 Y113.969 E3973.88465
G0 F7200 X80.876 Y113.12
G1 F2340 X125.7 Y157.944 E3979.30456
G1 X125.806 Y158.05
G0 F7200 X133.524 Y164.919
G1 F2340 X80.876 Y112.272 E3985.67044
G0 F7200 X80.876 Y111.423
G1 F2340 X136.354 Y166.901 E3992.37858
G0 F7200 X137.12 Y166.819
G1 F2340 X80.876 Y110.575 E3999.17934
G0 F7200 X80.876 Y109.726
G1 F2340 X137.736 Y166.586 E4006.05458
G0 F7200 X138.159 Y166.161
G1 F2340 X80.876 Y108.877 E4012.98103
G0 F7200 X80.876 Y108.029
G1 F2340 X138.583 Y165.736 E4019.95869
G0 F7200 X139.007 Y165.311
G1 F2340 X80.876 Y107.18 E4026.98761
G0 F7200 X80.876 Y106.332
G1 F2340 X139.43 Y164.886 E4034.06768
G0 F7200 X139.854 Y164.461
G1 F2340 X80.876 Y105.483 E4041.19902
G0 F7200 X80.876 Y104.635
G1 F2340 X140.277 Y164.036 E4048.38151
G0 F7200 X140.701 Y163.611
G1 F2340 X80.876 Y103.786 E4055.61527
G0 F7200 X80.876 Y102.938
G1 F2340 X141.124 Y163.186 E4062.90017
G0 F7200 X141.548 Y162.761
G1 F2340 X80.876 Y102.089 E4070.23634
G0 F7200 X80.876 Y101.241
G1 F2340 X141.899 Y162.263 E4077.61489
G0 F7200 X142.095 Y161.611
G1 F2340 X80.876 Y100.392 E4085.0172
G1 X80.77 Y100.286
G10
G0 F7200 X104.59 Y123.257
G11
G1 F2340 X141.918 Y160.585 E4089.53073
G1 X142.024 Y160.691
G0 F7200 X141.863 Y160.768
G10
;MESH:NONMESH
G0 F600 X141.863 Y160.768 Z1.45
G0 F7200 X96.384 Y113.642
G0 X95.738 Y112.636
G0 X94.99 Y112.301
G0 X80.636 Y56.034
G0 X80.219 Y55.615
;TIME_ELAPSED:944.477537
;LAYER:7
;TYPE:WALL-OUTER
;MESH:porte-manteau.stl
G11
G1 F2880 X79.598 Y56.613 E4089.63652
G1 X79.36 Y57.639 E4089.73131
G1 X79.361 Y117.33 E4095.1035
G1 X79.528 Y118.18 E4095.18146
G1 X79.837 Y118.868 E4095.24934
G1 X80.304 Y119.505 E4095.32043
G1 X134.271 Y167.62 E4101.82755
G1 X134.944 Y168.09 E4101.90143
G1 X135.85 Y168.449 E4101.98914
G1 X136.858 Y168.479 E4102.0799
G1 X137.606 Y168.328 E4102.14858
G1 X138.597 Y167.87 E4102.24683
G1 X142.843 Y163.604 E4102.78853
G1 X143.402 Y162.716 E4102.88297
G1 X143.616 Y161.755 E4102.97158
G1 X143.616 Y161.022 E4103.03755
G1 X143.439 Y160.252 E4103.10865
G1 X143 Y159.341 E4103.19967
G1 X97.006 Y113.577 E4109.03913
G1 X96.212 Y112.585 E4109.15349
G1 X95.681 Y111.047 E4109.29992
G1 X95.686 Y72.588 E4112.76123
G1 X96.098 Y71.335 E4112.87994
G1 X96.645 Y70.408 E4112.97682
G1 X97.503 Y69.513 E4113.0884
G1 X98.324 Y68.926 E4113.17923
G1 X99.186 Y68.557 E4113.26362
G1 X100.214 Y68.349 E4113.35802
G1 X102.879 Y68.351 E4113.59787
G1 X104.151 Y68.766 E4113.71829
G1 X105.045 Y69.294 E4113.81173
G1 X119.89 Y82.788 E4115.61726
G1 X120.598 Y83.195 E4115.69076
G1 X121.327 Y83.424 E4115.75953
G1 X122.232 Y83.504 E4115.8413
G1 X123.165 Y83.276 E4115.92774
G1 X124.047 Y82.844 E4116.01613
G1 X125.747 Y81.143 E4116.23257
G1 X126.196 Y80.428 E4116.30856
G1 X126.461 Y79.687 E4116.37938
G1 X126.568 Y78.745 E4116.46471
G1 X126.35 Y77.787 E4116.55313
G1 X125.915 Y76.872 E4116.64431
G1 X104.528 Y55.489 E4119.36618
G1 X103.932 Y55.021 E4119.43438
G1 X103.276 Y54.706 E4119.49987
G1 X102.382 Y54.504 E4119.58236
G1 X82.494 Y54.504 E4121.37228
G1 X81.675 Y54.69 E4121.44787
G1 X80.956 Y55.033 E4121.51957
G1 X80.219 Y55.615 E4121.60408
G0 F7200 X80.061 Y55.869
G0 X80.673 Y56.021
;TYPE:WALL-INNER
G1 F4620 X80.16 Y56.845 E4121.69144
G1 X79.96 Y57.707 E4121.77108
G1 X79.961 Y117.272 E4127.13193
G1 X80.104 Y117.996 E4127.19835
G1 X80.359 Y118.564 E4127.25439
G1 X80.75 Y119.099 E4127.31403
G1 X134.644 Y167.148 E4133.81229
G1 X135.23 Y167.558 E4133.87666
G1 X135.973 Y167.852 E4133.94858
G1 X136.807 Y167.877 E4134.02367
G1 X137.418 Y167.754 E4134.07976
G1 X138.247 Y167.37 E4134.16199
G1 X142.371 Y163.228 E4134.68803
G1 X142.839 Y162.484 E4134.76714
G1 X143.016 Y161.689 E4134.84044
G1 X143.016 Y161.09 E4134.89435
G1 X142.869 Y160.452 E4134.95328
G1 X142.504 Y159.694 E4135.02899
G1 X96.605 Y114.027 E4140.85624
G1 X95.672 Y112.873 E4140.98979
G1 X95.083 Y111.144 E4141.15419
G1 X95.085 Y72.507 E4144.63152
G1 X95.552 Y71.087 E4144.76605
G1 X96.177 Y70.024 E4144.87703
G1 X97.11 Y69.06 E4144.99777
G1 X98.027 Y68.398 E4145.09956
G1 X99.007 Y67.984 E4145.19531
G1 X100.154 Y67.752 E4145.30063
G1 X102.98 Y67.748 E4145.55497
G1 X104.403 Y68.217 E4145.68982
G1 X105.42 Y68.822 E4145.79632
G1 X120.246 Y82.3 E4147.59961
G1 X120.84 Y82.642 E4147.6613
G1 X121.445 Y82.832 E4147.71837
G1 X122.186 Y82.898 E4147.78533
G1 X122.959 Y82.709 E4147.85695
G1 X123.693 Y82.349 E4147.93052
G1 X125.275 Y80.767 E4148.13188
G1 X125.653 Y80.164 E4148.19593
G1 X125.873 Y79.55 E4148.25463
G1 X125.96 Y78.779 E4148.32446
G1 X125.78 Y77.985 E4148.39774
G1 X125.417 Y77.223 E4148.4737
G1 X104.129 Y55.939 E4151.18297
G1 X103.613 Y55.533 E4151.24206
G1 X103.078 Y55.276 E4151.29547
G1 X102.315 Y55.104 E4151.36587
G1 X82.561 Y55.104 E4153.14373
G1 X81.873 Y55.26 E4153.20722
G1 X81.275 Y55.545 E4153.26684
G1 X80.673 Y56.021 E4153.33591
G0 F7200 X81.032 Y56.347
;TYPE:SKIN
G1 F2340 X80.61 Y57.028 E4153.40441
G1 X80.44 Y57.759 E4153.46858
G1 X80.44 Y117.223 E4158.55275
G1 X80.561 Y117.844 E4158.60684
G1 X81.111 Y118.775 E4158.6993
G1 X134.947 Y166.772 E4164.86599
G1 X135.456 Y167.13 E4164.9192
G1 X136.07 Y167.373 E4164.97565
G1 X136.758 Y167.395 E4165.03451
G1 X137.266 Y167.292 E4165.07883
G1 X137.969 Y166.969 E4165.14497
G1 X141.995 Y162.924 E4165.63293
G1 X142.386 Y162.296 E4165.69618
G1 X142.536 Y161.638 E4165.75388
G1 X142.411 Y160.609 E4165.84251
G1 X142.107 Y159.977 E4165.90247
G1 X96.193 Y114.292 E4171.44035
G1 X95.252 Y113.115 E4171.56919
G1 X94.605 Y111.225 E4171.73999
G1 X94.605 Y72.427 E4175.05722
G1 X95.106 Y70.883 E4175.19601
G1 X95.795 Y69.729 E4175.31092
G1 X96.791 Y68.697 E4175.43355
G1 X97.792 Y67.974 E4175.53912
G1 X98.891 Y67.513 E4175.64102
G1 X100.102 Y67.269 E4175.74664
G1 X103.055 Y67.271 E4175.99912
G1 X104.606 Y67.778 E4176.13864
G1 X105.697 Y68.426 E4176.24713
G1 X120.531 Y81.904 E4177.96077
G1 X121.034 Y82.199 E4178.01063
G1 X122.148 Y82.412 E4178.1076
G1 X122.788 Y82.252 E4178.164
G1 X123.407 Y81.952 E4178.22282
G1 X124.896 Y80.463 E4178.40286
G1 X125.216 Y79.955 E4178.45419
G1 X125.401 Y79.443 E4178.50074
G1 X125.472 Y78.798 E4178.55622
G1 X125.322 Y78.143 E4178.61367
G1 X125.019 Y77.504 E4178.67414
G1 X103.804 Y56.293 E4181.23911
G1 X102.917 Y55.73 E4181.32894
G1 X102.263 Y55.584 E4181.38623
G1 X82.61 Y55.584 E4183.06656
G1 X82.032 Y55.714 E4183.11722
G1 X81.528 Y55.956 E4183.16502
G1 X81.032 Y56.347 E4183.21902
G0 F7200 X80.807 Y57.503
G1 F2340 X82.363 Y55.947 E4183.40716
G0 F7200 X83.275 Y55.883
G1 F2340 X80.74 Y58.418 E4183.71368
G0 F7200 X80.74 Y59.267
G1 F2340 X84.124 Y55.883 E4184.12286
G0 F7200 X84.972 Y55.883
G1 F2340 X80.74 Y60.115 E4184.63457
G0 F7200 X80.74 Y60.964
G1 F2340 X85.821 Y55.883 E4185.24894
G0 F7200 X86.669 Y55.883
G1 F2340 X80.74 Y61.812 E4185.96585
G0 F7200 X80.74 Y62.661
G1 F2340 X87.518 Y55.883 E4186.78541
G0 F7200 X88.366 Y55.883
G1 F2340 X80.74 Y63.51 E4187.70757
G0 F7200 X80.74 Y64.358
G1 F2340 X89.215 Y55.883 E4188.73233
G0 F7200 X90.063 Y55.883
G1 F2340 X80.74 Y65.207 E4189.85969
G0 F7200 X80.74 Y66.055
G1 F2340 X90.912 Y55.883 E4191.08964
G0 F7200 X91.761 Y55.883
G1 F2340 X80.74 Y66.904 E4192.42224
G0 F7200 X80.74 Y67.752
G1 F2340 X92.609 Y55.883 E4193.85739
G0 F7200 X93.458 Y55.883
G1 F2340 X80.74 Y68.601 E4195.39519
G0 F7200 X80.74 Y69.449
G1 F2340 X94.306 Y55.883 E4197.03552
G0 F7200 X95.155 Y55.883
G1 F2340 X80.74 Y70.298 E4198.77852
G0 F7200 X80.74 Y71.146
G1 F2340 X96.003 Y55.883 E4200.62405
G0 F7200 X96.852 Y55.883
G1 F2340 X80.74 Y71.995 E4202.57223
G0 F7200 X80.74 Y72.843
G1 F2340 X97.7 Y55.883 E4204.62295
G0 F7200 X98.549 Y55.883
G1 F2340 X80.74 Y73.692 E4206.77633
G0 F7200 X80.74 Y74.54
G1 F2340 X99.397 Y55.883 E4209.03225
G0 F7200 X100.246 Y55.883
G1 F2340 X80.74 Y75.389 E4211.39082
G0 F7200 X80.74 Y76.237
G1 F2340 X101.094 Y55.883 E4213.85193
G0 F7200 X101.943 Y55.883
G1 F2340 X80.74 Y77.086 E4216.4157
G0 F7200 X80.74 Y77.934
G1 F2340 X102.688 Y55.987 E4219.06949
G0 F7200 X103.239 Y56.284
G1 F2340 X80.74 Y78.783 E4221.78996
G0 F7200 X80.74 Y79.632
G1 F2340 X103.73 Y56.642 E4224.5698
G0 F7200 X104.154 Y57.066
G1 F2340 X80.74 Y80.48 E4227.40091
G0 F7200 X80.74 Y81.329
G1 F2340 X104.578 Y57.491 E4230.28329
G0 F7200 X105.003 Y57.915
G1 F2340 X80.74 Y82.177 E4233.217
G0 F7200 X80.74 Y83.026
G1 F2340 X105.427 Y58.339 E4236.20203
G0 F7200 X105.851 Y58.763
G1 F2340 X80.74 Y83.874 E4239.23833
G0 F7200 X80.74 Y84.723
G1 F2340 X95.025 Y70.438 E4240.96561
G1 X95.131 Y70.332
G0 F7200 X94.485 Y71.826
G1 F2340 X80.74 Y85.571 E4242.62759
G0 F7200 X80.74 Y86.42
G1 F2340 X94.307 Y72.853 E4244.26805
G0 F7200 X94.307 Y73.702
G1 F2340 X80.74 Y87.268 E4245.90844
G0 F7200 X80.74 Y88.117
G1 F2340 X94.307 Y74.55 E4247.5489
G0 F7200 X94.307 Y75.399
G1 F2340 X80.74 Y88.965 E4249.1893
G0 F7200 X80.74 Y89.814
G1 F2340 X94.307 Y76.247 E4250.82975
G0 F7200 X94.307 Y77.096
G1 F2340 X80.74 Y90.662 E4252.47015
G0 F7200 X80.74 Y91.511
G1 F2340 X94.307 Y77.944 E4254.11061
G0 F7200 X94.307 Y78.793
G1 F2340 X80.74 Y92.359 E4255.751
G0 F7200 X80.74 Y93.208
G1 F2340 X94.307 Y79.641 E4257.39146
G0 F7200 X94.307 Y80.49
G1 F2340 X80.74 Y94.057 E4259.03192
G0 F7200 X80.74 Y94.905
G1 F2340 X94.307 Y81.338 E4260.67238
G0 F7200 X94.307 Y82.187
G1 F2340 X80.74 Y95.754 E4262.31283
G0 F7200 X80.74 Y96.602
G1 F2340 X94.307 Y83.036 E4263.95323
G0 F7200 X94.307 Y83.884
G1 F2340 X80.74 Y97.451 E4265.59369
G0 F7200 X80.74 Y98.299
G1 F2340 X94.307 Y84.733 E4267.23409
G0 F7200 X94.307 Y85.581
G1 F2340 X80.74 Y99.148 E4268.87454
G0 F7200 X80.74 Y99.996
G1 F2340 X94.307 Y86.43 E4270.51494
G0 F7200 X94.307 Y87.278
G1 F2340 X80.74 Y100.845 E4272.1554
G0 F7200 X80.74 Y101.693
G1 F2340 X94.307 Y88.127 E4273.79579
G0 F7200 X94.307 Y88.975
G1 F2340 X80.74 Y102.542 E4275.43625
G0 F7200 X80.74 Y103.39
G1 F2340 X94.307 Y89.824 E4277.07665
G0 F7200 X94.307 Y90.672
G1 F2340 X80.74 Y104.239 E4278.71711
G0 F7200 X80.74 Y105.087
G1 F2340 X94.307 Y91.521 E4280.3575
G0 F7200 X94.307 Y92.369
G1 F2340 X80.74 Y105.936 E4281.99796
G0 F7200 X80.74 Y106.784
G1 F2340 X94.307 Y93.218 E4283.63836
G0 F7200 X94.307 Y94.066
G1 F2340 X80.74 Y107.633 E4285.27881
G0 F7200 X80.74 Y108.481
G1 F2340 X94.307 Y94.915 E4286.91921
G0 F7200 X94.307 Y95.763
G1 F2340 X80.74 Y109.33 E4288.55967
G0 F7200 X80.74 Y110.179
G1 F2340 X94.307 Y96.612 E4290.20013
G0 F7200 X94.307 Y97.461
G1 F2340 X80.74 Y111.027 E4291.84052
G0 F7200 X80.74 Y111.876
G1 F2340 X94.307 Y98.309 E4293.48098
G0 F7200 X94.307 Y99.158
G1 F2340 X80.74 Y112.724 E4295.12138
G0 F7200 X80.74 Y113.573
G1 F2340 X94.307 Y100.006 E4296.76183
G0 F7200 X94.307 Y100.855
G1 F2340 X80.74 Y114.421 E4298.40223
G0 F7200 X80.74 Y115.27
G1 F2340 X94.307 Y101.703 E4300.04269
G0 F7200 X94.307 Y102.552
G1 F2340 X80.74 Y116.118 E4301.68308
G0 F7200 X80.74 Y116.967
G1 F2340 X94.307 Y103.4 E4303.32354
G0 F7200 X94.307 Y104.249
G1 F2340 X80.843 Y117.713 E4304.95154
G0 F7200 X81.152 Y118.252
G1 F2340 X94.307 Y105.097 E4306.54219
G0 F7200 X94.307 Y105.946
G1 F2340 X81.517 Y118.735 E4308.08863
G0 F7200 X81.966 Y119.135
G1 F2340 X94.307 Y106.794 E4309.58085
G0 F7200 X94.307 Y107.643
G1 F2340 X82.414 Y119.536 E4311.01889
G0 F7200 X82.863 Y119.935
G1 F2340 X94.307 Y108.491 E4312.40265
G0 F7200 X94.307 Y109.34
G1 F2340 X83.311 Y120.335 E4313.73217
G0 F7200 X83.76 Y120.735
G1 F2340 X94.307 Y110.188 E4315.00746
G0 F7200 X94.307 Y111.037
G1 F2340 X84.209 Y121.135 E4316.22846
G0 F7200 X84.657 Y121.535
G1 F2340 X94.463 Y111.729 E4317.41416
G0 F7200 X94.679 Y112.362
G1 F2340 X85.106 Y121.935 E4318.57168
G0 F7200 X85.554 Y122.335
G1 F2340 X94.895 Y112.994 E4319.70115
G0 F7200 X95.206 Y113.532
G1 F2340 X86.003 Y122.735 E4320.81393
G0 F7200 X86.452 Y123.135
G1 F2340 X95.582 Y114.004 E4321.91795
G0 F7200 X95.959 Y114.476
G1 F2340 X86.901 Y123.534 E4323.0132
G0 F7200 X87.349 Y123.935
G1 F2340 X96.38 Y114.903 E4324.10525
G0 F7200 X96.805 Y115.327
G1 F2340 X87.797 Y124.335 E4325.19445
G0 F7200 X88.246 Y124.734
G1 F2340 X97.231 Y115.75 E4326.28082
G0 F7200 X97.656 Y116.173
G1 F2340 X88.695 Y125.135 E4327.3644
G0 F7200 X89.144 Y125.534
G1 F2340 X98.081 Y116.596 E4328.44508
G0 F7200 X98.506 Y117.02
G1 F2340 X89.592 Y125.934 E4329.52292
G0 F7200 X90.04 Y126.335
G1 F2340 X98.932 Y117.443 E4330.59809
G0 F7200 X99.357 Y117.866
G1 F2340 X90.489 Y126.734 E4331.67037
G0 F7200 X90.937 Y127.134
G1 F2340 X99.783 Y118.289 E4332.73993
G0 F7200 X100.208 Y118.712
G1 F2340 X91.386 Y127.534 E4333.80664
G0 F7200 X91.835 Y127.934
G1 F2340 X100.633 Y119.135 E4334.87051
G0 F7200 X101.059 Y119.558
G1 F2340 X92.283 Y128.334 E4335.93167
G0 F7200 X92.732 Y128.734
G1 F2340 X101.484 Y119.982 E4336.98992
G0 F7200 X101.91 Y120.405
G1 F2340 X93.18 Y129.134 E4338.04545
G0 F7200 X93.629 Y129.533
G1 F2340 X102.335 Y120.828 E4339.09807
G0 F7200 X102.76 Y121.251
G1 F2340 X94.078 Y129.934 E4340.14792
G0 F7200 X94.526 Y130.334
G1 F2340 X103.185 Y121.675 E4341.19493
G0 F7200 X103.611 Y122.098
G1 F2340 X94.975 Y130.733 E4342.23909
G0 F7200 X95.423 Y131.134
G1 F2340 X104.036 Y122.521 E4343.28053
G0 F7200 X104.462 Y122.944
G1 F2340 X95.872 Y131.533 E4344.31914
G0 F7200 X96.321 Y131.933
G1 F2340 X104.887 Y123.368 E4345.35483
G0 F7200 X105.312 Y123.79
G1 F2340 X96.769 Y132.334 E4346.38787
G0 F7200 X97.218 Y132.733
G1 F2340 X105.737 Y124.214 E4347.41795
G0 F7200 X106.163 Y124.637
G1 F2340 X97.666 Y133.133 E4348.44531
G0 F7200 X98.115 Y133.533
G1 F2340 X106.588 Y125.06 E4349.46982
G0 F7200 X107.014 Y125.483
G1 F2340 X98.564 Y133.933 E4350.49156
G0 F7200 X99.012 Y134.333
G1 F2340 X107.439 Y125.907 E4351.51045
G0 F7200 X107.864 Y126.33
G1 F2340 X99.461 Y134.733 E4352.5265
G0 F7200 X99.909 Y135.133
G1 F2340 X108.289 Y126.753 E4353.53977
G0 F7200 X108.715 Y127.176
G1 F2340 X100.358 Y135.533 E4354.55026
G0 F7200 X100.807 Y135.933
G1 F2340 X109.14 Y127.6 E4355.55785
G0 F7200 X109.565 Y128.022
G1 F2340 X101.255 Y136.333 E4356.56271
G0 F7200 X101.704 Y136.733
G1 F2340 X109.991 Y128.445 E4357.5648
G0 F7200 X110.416 Y128.869
G1 F2340 X102.152 Y137.133 E4358.56404
G0 F7200 X102.601 Y137.532
G1 F2340 X110.842 Y129.292 E4359.56044
G0 F7200 X111.267 Y129.715
G1 F2340 X103.049 Y137.932 E4360.55406
G0 F7200 X103.498 Y138.333
G1 F2340 X111.692 Y130.138 E4361.5449
G0 F7200 X112.117 Y130.562
G1 F2340 X103.947 Y138.732 E4362.53278
G0 F7200 X104.395 Y139.132
G1 F2340 X112.543 Y130.984 E4363.518
G0 F7200 X112.968 Y131.408
G1 F2340 X104.844 Y139.532 E4364.50032
G0 F7200 X105.292 Y139.932
G1 F2340 X113.394 Y131.831 E4365.47991
G0 F7200 X113.819 Y132.254
G1 F2340 X105.741 Y140.332 E4366.45666
G0 F7200 X106.19 Y140.732
G1 F2340 X114.244 Y132.677 E4367.43058
G0 F7200 X114.669 Y133.101
G1 F2340 X106.638 Y141.132 E4368.40165
G0 F7200 X107.087 Y141.532
G1 F2340 X115.095 Y133.524 E4369.36994
G0 F7200 X115.52 Y133.947
G1 F2340 X107.535 Y141.932 E4370.33544
G0 F7200 X107.984 Y142.332
G1 F2340 X115.946 Y134.37 E4371.29817
G0 F7200 X116.371 Y134.794
G1 F2340 X108.433 Y142.732 E4372.258
G0 F7200 X108.881 Y143.132
G1 F2340 X116.796 Y135.216 E4373.2151
G0 F7200 X117.221 Y135.64
G1 F2340 X109.33 Y143.531 E4374.16924
G0 F7200 X109.778 Y143.932
G1 F2340 X117.647 Y136.063 E4375.12073
G0 F7200 X118.072 Y136.486
G1 F2340 X110.227 Y144.332 E4376.06937
G0 F7200 X110.676 Y144.731
G1 F2340 X118.498 Y136.909 E4377.01517
G0 F7200 X118.923 Y137.333
G1 F2340 X111.124 Y145.132 E4377.95818
G0 F7200 X111.573 Y145.531
G1 F2340 X119.348 Y137.756 E4378.8983
G0 F7200 X119.774 Y138.179
G1 F2340 X112.021 Y145.931 E4379.8357
G0 F7200 X112.47 Y146.332
G1 F2340 X120.199 Y138.602 E4380.77031
G0 F7200 X120.625 Y139.025
G1 F2340 X112.919 Y146.731 E4381.70208
G0 F7200 X113.367 Y147.131
G1 F2340 X121.05 Y139.449 E4382.63101
G0 F7200 X121.475 Y139.871
G1 F2340 X113.816 Y147.531 E4383.55716
G0 F7200 X114.264 Y147.931
G1 F2340 X121.9 Y140.295 E4384.48047
G0 F7200 X122.326 Y140.718
G1 F2340 X114.713 Y148.331 E4385.401
G0 F7200 X115.162 Y148.731
G1 F2340 X122.751 Y141.141 E4386.31869
G0 F7200 X123.177 Y141.564
G1 F2340 X115.61 Y149.131 E4387.23365
G0 F7200 X116.059 Y149.53
G1 F2340 X123.602 Y141.988 E4388.14566
G0 F7200 X124.027 Y142.411
G1 F2340 X116.507 Y149.931 E4389.05494
G0 F7200 X116.955 Y150.331
G1 F2340 X124.452 Y142.834 E4389.96144
G0 F7200 X124.878 Y143.257
G1 F2340 X117.404 Y150.73 E4390.8651
G0 F7200 X117.853 Y151.131
G1 F2340 X125.303 Y143.681 E4391.76592
G0 F7200 X125.729 Y144.103
G1 F2340 X118.302 Y151.53 E4392.66396
G0 F7200 X118.75 Y151.93
G1 F2340 X126.154 Y144.527 E4393.55915
G0 F7200 X126.579 Y144.95
G1 F2340 X119.198 Y152.331 E4394.45163
G0 F7200 X119.647 Y152.73
G1 F2340 X127.004 Y145.373 E4395.3412
G0 F7200 X127.43 Y145.796
G1 F2340 X120.096 Y153.13 E4396.228
G0 F7200 X120.545 Y153.53
G1 F2340 X127.855 Y146.22 E4397.11189
G0 F7200 X128.28 Y146.643
G1 F2340 X120.993 Y153.93 E4397.993
G0 F7200 X121.441 Y154.33
G1 F2340 X128.705 Y147.066 E4398.87132
G0 F7200 X129.131 Y147.489
G1 F2340 X121.89 Y154.73 E4399.74687
G0 F7200 X122.339 Y155.13
G1 F2340 X129.556 Y147.913 E4400.61952
G0 F7200 X129.982 Y148.335
G1 F2340 X122.788 Y155.53 E4401.48944
G0 F7200 X123.236 Y155.93
G1 F2340 X130.407 Y148.758 E4402.35659
G0 F7200 X130.832 Y149.182
G1 F2340 X123.684 Y156.33 E4403.22089
G0 F7200 X124.133 Y156.73
G1 F2340 X131.258 Y149.605 E4404.08241
G0 F7200 X131.683 Y150.028
G1 F2340 X124.582 Y157.13 E4404.94109
G0 F7200 X125.031 Y157.529
G1 F2340 X132.109 Y150.451 E4405.79693
G0 F7200 X132.534 Y150.875
G1 F2340 X125.479 Y157.929 E4406.64992
G0 F7200 X125.927 Y158.33
G1 F2340 X132.959 Y151.298 E4407.5002
G0 F7200 X133.384 Y151.721
G1 F2340 X126.376 Y158.729 E4408.34757
G0 F7200 X126.825 Y159.129
G1 F2340 X133.81 Y152.144 E4409.19217
G0 F7200 X134.235 Y152.567
G1 F2340 X127.274 Y159.529 E4410.03392
G0 F7200 X127.722 Y159.929
G1 F2340 X134.661 Y152.99 E4410.87295
G0 F7200 X135.086 Y153.414
G1 F2340 X128.17 Y160.329 E4411.70914
G0 F7200 X128.619 Y160.729
G1 F2340 X135.511 Y153.837 E4412.54249
G0 F7200 X135.936 Y154.26
G1 F2340 X129.067 Y161.129 E4413.37305
G0 F7200 X129.517 Y161.529
G1 F2340 X136.362 Y154.683 E4414.20078
G0 F7200 X136.787 Y155.107
G1 F2340 X129.965 Y161.929 E4415.02566
G0 F7200 X130.413 Y162.329
G1 F2340 X137.213 Y155.53 E4415.84783
G0 F7200 X137.638 Y155.953
G1 F2340 X130.862 Y162.729 E4416.66715
G0 F7200 X131.31 Y163.129
G1 F2340 X138.063 Y156.376 E4417.48369
G0 F7200 X138.488 Y156.8
G1 F2340 X131.759 Y163.528 E4418.29727
G0 F7200 X132.208 Y163.929
G1 F2340 X138.914 Y157.222 E4419.10819
G0 F7200 X139.339 Y157.646
G1 F2340 X132.656 Y164.329 E4419.91626
G0 F7200 X133.105 Y164.728
G1 F2340 X139.765 Y158.069 E4420.7215
G0 F7200 X140.19 Y158.492
G1 F2340 X133.553 Y165.129 E4421.52401
G0 F7200 X134.002 Y165.528
G1 F2340 X140.615 Y158.915 E4422.32362
G0 F7200 X141.041 Y159.338
G1 F2340 X134.451 Y165.928 E4423.12046
G0 F7200 X134.899 Y166.328
G1 F2340 X141.466 Y159.762 E4423.91445
G0 F7200 X141.88 Y160.196
G1 F2340 X135.372 Y166.704 E4424.70136
G0 F7200 X135.929 Y166.995
G1 F2340 X142.136 Y160.789 E4425.45182
G0 F7200 X142.227 Y161.546
G1 F2340 X136.739 Y167.034 E4426.11541
G1 X136.633 Y167.14
G10
G0 F7200 X95.368 Y113.053
G0 X94.734 Y111.198
G0 X94.733 Y72.457
G0 X95.226 Y70.949
G0 X95.889 Y69.823
G0 X96.876 Y68.796
G0 X97.855 Y68.097
G0 X98.895 Y67.647
G0 X100.124 Y67.401
G0 X103.031 Y67.401
G0 X104.539 Y67.894
G0 X105.414 Y68.409
G0 X122.474 Y82.022
G11
G1 F2340 X125.094 Y79.401 E4426.43226
G0 F7200 X125.105 Y78.542
G1 F2340 X121.632 Y82.015 E4426.8522
G0 F7200 X120.979 Y81.819
G1 F2340 X124.882 Y77.916 E4427.32414
G0 F7200 X124.52 Y77.43
G1 F2340 X120.489 Y81.461 E4427.81155
G0 F7200 X120.044 Y81.057
G1 F2340 X124.096 Y77.005 E4428.30149
G0 F7200 X123.672 Y76.581
G1 F2340 X119.599 Y80.653 E4428.79392
G0 F7200 X119.155 Y80.249
G1 F2340 X123.247 Y76.157 E4429.28871
G0 F7200 X122.823 Y75.733
G1 F2340 X118.711 Y79.845 E4429.78591
G0 F7200 X118.266 Y79.441
G1 F2340 X122.399 Y75.308 E4430.28565
G0 F7200 X121.975 Y74.884
G1 F2340 X117.821 Y79.038 E4430.78793
G0 F7200 X117.376 Y78.634
G1 F2340 X121.55 Y74.46 E4431.29264
G0 F7200 X121.126 Y74.035
G1 F2340 X116.932 Y78.229 E4431.79975
G0 F7200 X116.487 Y77.826
G1 F2340 X120.702 Y73.611 E4432.30941
G0 F7200 X120.277 Y73.187
G1 F2340 X116.043 Y77.422 E4432.82143
G0 F7200 X115.598 Y77.018
G1 F2340 X119.853 Y72.763 E4433.33592
G0 F7200 X119.429 Y72.338
G1 F2340 X115.153 Y76.614 E4433.85296
G0 F7200 X114.708 Y76.211
G1 F2340 X119.005 Y71.914 E4434.37253
G0 F7200 X118.58 Y71.49
G1 F2340 X114.264 Y75.806 E4434.8944
G0 F7200 X113.819 Y75.402
G1 F2340 X118.156 Y71.066 E4435.41875
G0 F7200 X117.732 Y70.641
G1 F2340 X113.375 Y74.999 E4435.94564
G0 F7200 X112.93 Y74.595
G1 F2340 X117.307 Y70.218 E4436.47488
G0 F7200 X116.883 Y69.794
G1 F2340 X112.485 Y74.191 E4437.00661
G0 F7200 X112.041 Y73.787
G1 F2340 X116.458 Y69.369 E4437.54075
G0 F7200 X116.034 Y68.945
G1 F2340 X111.596 Y73.383 E4438.07737
G0 F7200 X111.152 Y72.979
G1 F2340 X115.61 Y68.521 E4438.61641
G0 F7200 X115.186 Y68.097
G1 F2340 X110.707 Y72.575 E4439.15793
G0 F7200 X110.262 Y72.172
G1 F2340 X114.761 Y67.672 E4439.70199
G0 F7200 X114.337 Y67.248
G1 F2340 X109.817 Y71.768 E4440.24853
G0 F7200 X109.373 Y71.363
G1 F2340 X113.913 Y66.824 E4440.79742
G0 F7200 X113.489 Y66.399
G1 F2340 X108.928 Y70.96 E4441.34892
G0 F7200 X108.484 Y70.556
G1 F2340 X113.064 Y65.975 E4441.90277
G0 F7200 X112.64 Y65.551
G1 F2340 X108.039 Y70.152 E4442.4591
G0 F7200 X107.594 Y69.748
G1 F2340 X112.216 Y65.127 E4443.01791
G0 F7200 X111.791 Y64.702
G1 F2340 X107.15 Y69.344 E4443.57914
G0 F7200 X106.705 Y68.94
G1 F2340 X111.367 Y64.278 E4444.14284
G0 F7200 X110.943 Y63.854
G1 F2340 X106.26 Y68.536 E4444.70903
G0 F7200 X105.805 Y68.143
G1 F2340 X110.518 Y63.43 E4445.2789
G0 F7200 X110.094 Y63.006
G1 F2340 X105.273 Y67.826 E4445.86178
G0 F7200 X104.742 Y67.51
G1 F2340 X109.669 Y62.582 E4446.45759
G0 F7200 X109.245 Y62.158
G1 F2340 X104.105 Y67.297 E4447.07903
G0 F7200 X103.467 Y67.087
G1 F2340 X108.821 Y61.733 E4447.72641
G0 F7200 X108.397 Y61.309
G1 F2340 X102.731 Y66.974 E4448.41145
G0 F7200 X101.884 Y66.973
G1 F2340 X107.972 Y60.885 E4449.14759
G0 F7200 X107.548 Y60.46
G1 F2340 X101.037 Y66.971 E4449.93487
G0 F7200 X100.189 Y66.971
G1 F2340 X107.124 Y60.036 E4450.77341
G0 F7200 X106.7 Y59.612
G1 F2340 X99.156 Y67.155 E4451.68554
G1 X99.05 Y67.261
G0 F7200 X97.832 Y67.631
G1 F2340 X106.275 Y59.188 E4452.70643
G1 X106.381 Y59.082
G0 F7200 X106.183 Y59.279
G10
;MESH:NONMESH
G0 F600 X106.183 Y59.279 Z1.6
G0 F7200 X82.162 Y56.706
;TIME_ELAPSED:1055.667533
;LAYER:8
;TYPE:FILL
;MESH:porte-manteau.stl
G11
G1 F6300 X94.888 Y69.432 E4454.32618
G1 X94.943 Y69.349
G1 X81.378 Y72.984 E4455.5901
G0 F7200 X81.377 Y68.649
G1 F6300 X93.667 Y80.939 E4457.15437
G0 F7200 X93.667 Y79.008
G1 F6300 X81.379 Y82.301 E4458.29931
G0 F7200 X81.377 Y81.377
G1 F6300 X93.666 Y93.666 E4459.86344
G0 F7200 X93.666 Y91.125
G1 F6300 X85.536 Y121.466 E4462.69046
G0 F7200 X82.939 Y119.153
G1 F6300 X96.185 Y115.604 E4463.92465
G1 X96.374 Y115.792
G1 X93.057 Y128.171 E4465.07807
G0 F7200 X90.975 Y126.317
G1 F6300 X103.562 Y122.944 E4466.25087
G1 X103.73 Y123.111
G1 X100.578 Y134.876 E4467.34706
G0 F7200 X99.011 Y133.481
G1 F6300 X110.94 Y130.285 E4468.45853
G1 X111.086 Y130.432
G1 X108.098 Y141.581 E4469.49735
G0 F7200 X107.047 Y140.646
G1 F6300 X118.318 Y137.626 E4470.54753
G1 X118.442 Y137.751
G1 X115.619 Y148.286 E4471.52913
G0 F7200 X115.083 Y147.81
G1 F6300 X125.696 Y144.966 E4472.518
G1 X125.799 Y145.07
G1 X123.14 Y154.991 E4473.4424
G1 X123.119 Y154.974
G1 X133.073 Y152.307 E4474.36986
G1 X133.155 Y152.39
G1 X130.661 Y161.696 E4475.23696
G0 F7200 X131.155 Y162.138
G1 F6300 X140.451 Y159.648 E4476.10309
G1 X140.511 Y159.709
G1 X139.27 Y164.34 E4476.53458
G1 X139.078 Y164.534
G1 X81.378 Y106.834 E4483.8786
G0 F7200 X81.379 Y110.253
G1 F6300 X93.664 Y106.962 E4485.02323
G0 F7200 X93.665 Y106.393
G1 F6300 X81.378 Y94.106 E4486.58711
G0 F7200 X81.379 Y91.619
G1 F6300 X93.666 Y88.326 E4487.73197
G0 F7200 X93.665 Y97.644
G1 F6300 X81.379 Y100.936 E4488.87671
G0 F7200 X81.379 Y102.206
G1 F6300 X93.62 Y56.522 E4493.13331
G0 F7200 X94.706 Y56.522
G1 F6300 X105.287 Y67.104 E4494.48012
G0 F7200 X104.591 Y66.764
G1 F6300 X111.185 Y64.997 E4495.09452
G0 F7200 X110.238 Y64.051
G1 F6300 X108.678 Y69.872 E4495.63689
G0 F7200 X113.023 Y73.822
G1 F6300 X118.533 Y72.345 E4496.1503
G0 F7200 X117.586 Y71.399
G1 F6300 X116.17 Y76.684 E4496.64273
G0 F7200 X120.938 Y81.019
G1 F6300 X123.785 Y80.256 E4496.908
G10
G0 F7200 X105.53 Y68.631
G0 X104.669 Y68.128
G0 X100.308 Y66.334
G11
G1 F6300 X102.868 Y56.783 E4497.79793
G0 F7200 X103.837 Y57.648
G1 F6300 X81.379 Y63.666 E4499.89046
G0 F7200 X81.378 Y67.436
G1 F6300 X84.303 Y56.522 E4500.90739
G0 F7200 X84.303 Y54.78
G0 X84.303 Y54.368
;TYPE:WALL-OUTER
G1 F2880 X82.255 Y54.368 E4501.09171
G1 X81.243 Y54.721 E4501.18817
G1 X80.587 Y55.129 E4501.2577
G1 X80.004 Y55.706 E4501.33152
G1 X79.592 Y56.36 E4501.40108
G1 X79.224 Y57.388 E4501.49935
G1 X79.224 Y117.62 E4506.92023
G1 X79.54 Y118.585 E4507.01162
G1 X80.04 Y119.456 E4507.10201
G1 X134.384 Y167.902 E4513.65429
G1 X135.226 Y168.372 E4513.74107
G1 X136.236 Y168.644 E4513.83521
G1 X137.473 Y168.537 E4513.94696
G1 X138.437 Y168.091 E4514.04255
G1 X138.874 Y167.785 E4514.09057
G1 X143.103 Y163.532 E4514.63036
G1 X143.574 Y162.56 E4514.72757
G1 X143.748 Y161.779 E4514.79958
G1 X143.748 Y160.999 E4514.86978
G1 X143.567 Y160.213 E4514.94237
G1 X143.104 Y159.257 E4515.03797
G1 X96.876 Y113.255 E4520.90747
G1 X96.319 Y112.461 E4520.99476
G1 X95.932 Y111.359 E4521.09988
G1 X95.817 Y110.702 E4521.15991
G1 X95.822 Y72.575 E4524.59134
G1 X96.21 Y71.411 E4524.70176
G1 X96.749 Y70.492 E4524.79765
G1 X97.628 Y69.58 E4524.91165
G1 X98.368 Y69.055 E4524.99331
G1 X99.205 Y68.689 E4525.07552
G1 X100.222 Y68.485 E4525.16888
G1 X102.9 Y68.486 E4525.4099
G1 X104.072 Y68.877 E4525.52109
G1 X104.961 Y69.398 E4525.61383
G1 X119.966 Y83.044 E4527.43922
G1 X120.915 Y83.46 E4527.53247
G1 X121.667 Y83.611 E4527.60151
G1 X122.444 Y83.592 E4527.67146
G1 X123.182 Y83.416 E4527.73974
G1 X124.127 Y82.956 E4527.83433
G1 X126.012 Y81.071 E4528.07425
G1 X126.482 Y80.1 E4528.17134
G1 X126.66 Y79.318 E4528.24352
G1 X126.66 Y78.534 E4528.31408
G1 X126.479 Y77.744 E4528.38702
G1 X126.023 Y76.792 E4528.48203
G1 X104.275 Y55.044 E4531.25009
G1 X103.308 Y54.574 E4531.34686
G1 X102.383 Y54.368 E4531.43215
G1 X84.303 Y54.368 E4533.05935
G0 F7200 X84.003 Y54.368
G0 X84.303 Y54.968
;TYPE:WALL-INNER
G1 F4620 X82.357 Y54.968 E4533.23449
G1 X81.503 Y55.265 E4533.31586
G1 X80.961 Y55.603 E4533.37335
G1 X80.475 Y56.084 E4533.43489
G1 X80.135 Y56.624 E4533.49232
G1 X79.824 Y57.492 E4533.57531
G1 X79.824 Y117.524 E4538.97819
G1 X80.091 Y118.34 E4539.05546
G1 X80.512 Y119.073 E4539.13153
G1 X134.734 Y167.41 E4545.66909
G1 X135.454 Y167.812 E4545.7433
G1 X136.29 Y168.037 E4545.82122
G1 X137.317 Y167.948 E4545.914
G1 X138.332 Y167.479 E4546.01463
G1 X142.607 Y163.18 E4546.56027
G1 X143.004 Y162.362 E4546.64211
G1 X143.148 Y161.713 E4546.70194
G1 X143.148 Y161.067 E4546.76008
G1 X142.997 Y160.413 E4546.82049
G1 X142.608 Y159.611 E4546.90071
G1 X96.423 Y113.649 E4552.76492
G1 X95.78 Y112.743 E4552.86491
G1 X95.344 Y111.485 E4552.98474
G1 X95.219 Y110.753 E4553.05157
G1 X95.221 Y72.492 E4556.49506
G1 X95.664 Y71.162 E4556.62123
G1 X96.265 Y70.129 E4556.72879
G1 X97.236 Y69.126 E4556.85443
G1 X98.068 Y68.529 E4556.94659
G1 X99.025 Y68.117 E4557.04037
G1 X100.162 Y67.888 E4557.14475
G1 X102.983 Y67.884 E4557.39864
G1 X104.323 Y68.328 E4557.52569
G1 X105.336 Y68.925 E4557.63151
G1 X120.297 Y82.534 E4559.45173
G1 X121.097 Y82.884 E4559.53032
G1 X121.72 Y83.009 E4559.58751
G1 X122.366 Y82.994 E4559.64566
G1 X122.978 Y82.848 E4559.70229
G1 X123.774 Y82.46 E4559.78199
G1 X125.516 Y80.718 E4560.00371
G1 X125.912 Y79.9 E4560.0855
G1 X126.06 Y79.251 E4560.14541
G1 X126.06 Y78.602 E4560.20382
G1 X125.909 Y77.943 E4560.26467
G1 X125.526 Y77.144 E4560.34441
G1 X103.922 Y55.54 E4563.09415
G1 X103.109 Y55.144 E4563.17554
G1 X102.317 Y54.968 E4563.24856
G1 X84.303 Y54.968 E4564.86982
G0 F7200 X84.304 Y55.539
;TYPE:SKIN
G1 F1746 X82.45 Y55.54 E4565.07589
G1 F1728.4 X81.747 Y55.786 E4565.15942
G1 X81.321 Y56.051 E4565.21568
G1 F1740.9 X80.65 Y56.867 E4565.33341
G1 F1735.9 X80.392 Y57.614 E4565.4217
G1 F1730.9 X80.394 Y87.52 E4568.77132
G1 F1735.9 X80.395 Y117.426 E4572.11242
G1 F1725.9 X80.621 Y118.101 E4572.19235
G1 F1730.9 X80.962 Y118.707 E4572.27024
G1 F1746 X108.016 Y142.824 E4576.29863
G1 F1740.9 X135.069 Y166.94 E4580.33721
G1 F1720.9 X135.668 Y167.268 E4580.41409
G1 F1718.5 X136.339 Y167.454 E4580.49257
G1 F1740.9 X137.167 Y167.386 E4580.58515
G1 F1751.1 X137.985 Y167.022 E4580.68441
G1 F1746 X142.12 Y162.86 E4581.33652
G1 X142.463 Y162.167 E4581.42246
G1 F1756.2 X142.58 Y161.128 E4581.53808
G1 F1751.1 X142.458 Y160.607 E4581.5974
G1 F1743.5 X142.119 Y159.927 E4581.68197
G1 X126.744 Y144.628 E4584.09589
G1 F1751.1 X111.369 Y129.329 E4586.50053
G1 F1758.8 X95.994 Y114.029 E4588.89598
G1 F1756.2 X95.241 Y112.943 E4589.04212
G1 X94.786 Y111.585 E4589.20049
G1 X94.651 Y110.767 E4589.29217
G1 X94.651 Y101.192 E4590.35097
G1 F1766.5 X94.651 Y91.617 E4591.40432
G1 F1779.6 X94.651 Y82.042 E4592.45084
G1 F1790.1 X94.651 Y72.467 E4593.49191
G1 F1808.9 X95.045 Y71.116 E4593.64351
G1 F1771.7 X95.487 Y70.328 E4593.74265
G1 F1743.5 X95.853 Y69.74 E4593.81973
G1 F1763.9 X96.838 Y68.716 E4593.97624
G1 F1771.7 X97.725 Y68.067 E4594.09684
G1 F1776.9 X98.885 Y67.541 E4594.23623
G1 F1766.5 X100.139 Y67.316 E4594.37638
G1 F1756.2 X103.059 Y67.321 E4594.69928
G1 F1766.5 X104.479 Y67.772 E4594.86318
G1 F1782.2 X105.582 Y68.388 E4595.00108
G1 X110.592 Y72.941 E4595.74004
G1 F1761.3 X115.602 Y77.494 E4596.48671
G1 F1746 X120.613 Y82.048 E4597.23933
G1 F1751.1 X121.261 Y82.337 E4597.31799
G1 F1748.5 X121.758 Y82.431 E4597.37414
G1 F1738.4 X122.771 Y82.315 E4597.48791
G1 F1735.9 X123.459 Y81.97 E4597.57389
G1 F1730.9 X125.039 Y80.385 E4597.82456
G1 F1735.9 X125.367 Y79.705 E4597.9089
G1 F1730.9 X125.486 Y79.187 E4597.96843
G1 F1735.9 X125.366 Y78.13 E4598.08728
G1 X125.037 Y77.458 E4598.17087
G1 F1725.9 X103.589 Y56.014 E4601.57654
G1 F1711.1 X102.908 Y55.694 E4601.66167
G1 F1723.4 X102.257 Y55.536 E4601.73699
G1 F1756.2 X84.304 Y55.539 E4603.72224
G0 F7200 X84.303 Y56.316
G1 F1756.2 X102.196 Y56.312 E4605.70084
G1 F1740.9 X103.141 Y56.667 E4605.81333
G1 F1725.9 X124.359 Y77.877 E4609.18216
G1 F1735.9 X124.631 Y78.389 E4609.24693
G1 X124.697 Y79.172 E4609.33472
G1 F1730.9 X124.388 Y79.94 E4609.42744
G1 X123.031 Y81.3 E4609.64263
G1 F1738.4 X122.516 Y81.579 E4609.70798
G1 F1748.5 X121.698 Y81.641 E4609.79904
G1 F1740.9 X121.018 Y81.371 E4609.88057
G1 F1746 X113.617 Y74.643 E4610.9923
G1 F1763.9 X106.216 Y67.915 E4612.09405
G1 F1751.1 X105.549 Y67.469 E4612.18301
G1 F1730.9 X104.599 Y66.982 E4612.30258
G1 F1735.9 X103.054 Y66.54 E4612.48211
G1 F1751.1 X100.112 Y66.54 E4612.80827
G1 F1738.4 X99.327 Y66.659 E4612.89686
G1 F1723.4 X98.323 Y66.929 E4613.01376
G1 F1730.9 X97.205 Y67.478 E4613.15326
G1 F1746 X96.267 Y68.19 E4613.28415
G1 F1756.2 X95.287 Y69.209 E4613.44049
G1 F1740.9 X94.806 Y69.93 E4613.53707
G1 F1716 X94.186 Y71.16 E4613.69253
G1 F1720.9 X93.873 Y72.603 E4613.85875
G1 F1735.9 X93.873 Y91.7 E4615.99227
G1 F1746 X93.873 Y110.797 E4618.1149
G1 X94.002 Y111.644 E4618.21013
G1 F1743.5 X94.492 Y113.202 E4618.3919
G1 F1751.1 X95.407 Y114.535 E4618.57114
G1 F1758.8 X110.754 Y129.806 E4620.96215
G1 F1751.1 X126.1 Y145.077 E4623.36232
G1 F1743.5 X141.447 Y160.348 E4625.77183
G1 X141.721 Y160.865 E4625.83695
G1 F1761.3 X141.823 Y161.458 E4625.90332
G1 F1766.5 X141.726 Y161.919 E4625.95514
G1 F1748.5 X141.448 Y162.44 E4626.0207
G1 F1746 X137.532 Y166.378 E4626.63798
G1 F1751.1 X136.913 Y166.645 E4626.71272
G1 F1748.5 X136.251 Y166.656 E4626.78622
G1 F1740.9 X135.504 Y166.288 E4626.87901
G1 X81.503 Y118.147 E4634.94068
G1 X81.17 Y117.284 E4635.04375
G1 F1735.9 X81.169 Y87.538 E4638.36698
G1 F1730.9 X81.168 Y57.792 E4641.69868
G1 F1735.9 X81.347 Y57.221 E4641.76553
G1 F1740.9 X81.898 Y56.573 E4641.86032
G1 F1733.4 X82.6 Y56.316 E4641.94394
G1 F1746 X84.303 Y56.316 E4642.13323
G10
;MESH:NONMESH
G0 F600 X84.303 Y56.316 Z1.75
G0 F7200 X87.344 Y87.004
;TIME_ELAPSED:1100.158105
;LAYER:9
;TYPE:FILL
;MESH:porte-manteau.stl
G11
G1 F6300 X87.344 Y92.844 E4642.65883
G1 X93.765 Y92.844 E4643.23672
G1 X93.709 Y92.247 E4643.29069
G1 X93.932 Y92.101 E4643.31467
G1 X94.748 Y92.005 E4643.38862
G1 X94.748 Y87.889 E4643.75906
G1 X93.986 Y87.803 E4643.82808
G1 X93.753 Y87.642 E4643.85357
G1 X93.741 Y87.391 E4643.87618
G1 X93.899 Y87 E4643.91414
G1 X87.344 Y87.004 E4644.50409
G10
G0 F7200 X87.344 Y107.436
G11
G1 F6300 X87.344 Y113.276 E4645.02969
G1 X94.286 Y113.283 E4645.65447
G1 X93.472 Y111.768 E4645.80925
G1 X93.229 Y110.417 E4645.93279
G1 X93.365 Y109.069 E4646.05473
G1 X93.843 Y107.427 E4646.20864
G1 X92.689 Y107.421 E4646.3125
G1 X87.344 Y107.436 E4646.79356
G0 F7200 X87.584 Y108.591
G1 F6300 X91.023 Y107.669 E4647.114
G0 F7200 X89.36 Y107.193
G1 F6300 X93.14 Y93.085 E4648.4285
G1 X93.086 Y93.086
G1 X95.109 Y95.109 E4648.68599
G0 F7200 X94.934 Y95.109
G0 X94.934 Y97.257
G0 X95.109 Y97.257
G1 F6300 X79.936 Y101.323 E4650.09974
G0 F7200 X80.109 Y101.323
G0 X80.109 Y105.391
G0 X79.936 Y105.391
G1 F6300 X87.104 Y112.56 E4651.01214
G0 F7200 X87.795 Y113.037
G1 F6300 X89.232 Y107.672 E4651.51201
G0 F7200 X87.104 Y108.719
G1 F6300 X79.936 Y110.64 E4652.1799
G0 F7200 X80.109 Y110.64
G0 X80.109 Y107.592
G0 X79.936 Y107.592
G1 F6300 X94.007 Y55.079 E4657.07279
G0 F7200 X93.265 Y55.081
G1 F6300 X120.827 Y82.643 E4660.58086
G0 F7200 X120.895 Y82.49
G0 X119.399 Y81.338
G0 X119.286 Y81.461
G1 F6300 X125.838 Y79.706 E4661.19133
G0 F7200 X125.683 Y79.651
G0 X125.213 Y77.265
G0 X125.356 Y77.176
G1 F6300 X124.061 Y82.01 E4661.64173
G0 F7200 X123.945 Y81.893
G0 X115.865 Y78.124
G0 X115.752 Y78.246
G1 F6300 X118.016 Y69.794 E4662.42923
G0 F7200 X117.896 Y69.913
G0 X120.018 Y72.035
G0 X120.139 Y71.915
G1 F6300 X111.371 Y74.265 E4663.2462
G0 F7200 X111.486 Y74.141
G0 X108.374 Y71.31
G0 X108.259 Y71.435
G1 F6300 X110.668 Y62.446 E4664.08376
G0 F7200 X110.548 Y62.565
G0 X112.67 Y64.686
G0 X112.79 Y64.567
G1 F6300 X100.806 Y67.778 E4665.20036
G0 F7200 X99.921 Y67.778
G1 F6300 X103.256 Y55.333 E4666.35993
G0 F7200 X103.2 Y55.493
G0 X105.321 Y57.338
G0 X105.442 Y57.218
G1 F6300 X79.936 Y64.053 E4668.73647
G0 F7200 X80.109 Y64.053
G0 X80.109 Y67.208
G0 X79.936 Y67.208
G1 F6300 X95.109 Y82.381 E4670.66767
G0 F7200 X94.934 Y82.381
G0 X94.934 Y85.738
G0 X95.109 Y85.738
G1 F6300 X94.602 Y87.632 E4670.84414
G0 F7200 X94.503 Y88.102
G1 F6300 X87.585 Y89.956 E4671.48873
G0 F7200 X87.104 Y90.084
G1 F6300 X79.936 Y92.005 E4672.15661
G0 F7200 X79.936 Y92.664
G1 F6300 X95.109 Y107.837 E4674.08782
G0 F7200 X94.934 Y107.837
G0 X94.934 Y106.575
G0 X95.108 Y106.575
G1 F6300 X92.837 Y107.183 E4674.29941
G0 F7200 X88.062 Y113.518
G1 F6300 X140.093 Y165.549 E4680.92187
G0 F7200 X139.976 Y165.431
G0 X138.408 Y167.007
G0 X138.524 Y167.124
G1 F6300 X140.94 Y158.108 E4681.76194
G0 F7200 X140.821 Y158.227
G0 X141.936 Y159.336
G0 X142.056 Y159.217
G1 F6300 X129.491 Y162.584 E4682.93269
G0 F7200 X130.244 Y163.253
G1 F6300 X133.584 Y150.789 E4684.09403
G0 F7200 X133.465 Y150.908
G0 X134.559 Y151.996
G0 X134.679 Y151.877
G1 F6300 X121.455 Y155.42 E4685.32616
G0 F7200 X121.567 Y155.296
G0 X122.834 Y156.426
G0 X122.723 Y156.549
G1 F6300 X126.228 Y143.469 E4686.5449
G0 F7200 X126.108 Y143.588
G0 X127.18 Y144.655
G0 X127.3 Y144.536
G1 F6300 X113.418 Y148.256 E4687.83836
G0 F7200 X113.53 Y148.131
G0 X115.313 Y149.721
G0 X115.202 Y149.844
G1 F6300 X118.871 Y136.149 E4689.11437
G0 F7200 X118.751 Y136.268
G0 X119.803 Y137.314
G0 X119.923 Y137.195
G1 F6300 X105.382 Y141.092 E4690.46925
G0 F7200 X105.494 Y140.967
G0 X107.793 Y143.016
G0 X107.681 Y143.14
G1 F6300 X111.515 Y128.83 E4691.80257
G0 F7200 X111.395 Y128.949
G0 X112.426 Y129.974
G0 X112.546 Y129.855
G1 F6300 X97.345 Y133.928 E4693.21892
G0 F7200 X97.458 Y133.802
G0 X100.272 Y136.311
G0 X100.16 Y136.435
G1 F6300 X104.159 Y121.511 E4694.60946
G0 F7200 X104.039 Y121.63
G0 X105.048 Y122.633
G0 X105.168 Y122.514
G1 F6300 X89.309 Y126.764 E4696.08714
G0 F7200 X89.422 Y126.638
G0 X92.751 Y129.606
G0 X92.639 Y129.73
G1 F6300 X96.803 Y114.19 E4697.53508
G0 F7200 X96.682 Y114.31
G0 X97.67 Y115.293
G0 X97.791 Y115.173
G1 F6300 X81.272 Y119.6 E4699.07425
G0 F7200 X81.386 Y119.473
G0 X80.446 Y118.406
G0 X80.29 Y118.474
G1 F6300 X82.584 Y120.767 E4699.36616
G0 F7200 X82.696 Y120.642
G0 X85.23 Y122.901
G0 X85.118 Y123.026
G1 F6300 X87.666 Y113.517 E4700.25216
G10
G0 F7200 X92.604 Y92.604
G11
G1 F6300 X87.584 Y87.584 E4700.89111
G0 F7200 X87.104 Y87.104
G1 F6300 X79.936 Y79.936 E4701.80344
G0 F7200 X80.109 Y79.936
G0 X80.109 Y82.688
G0 X79.936 Y82.688
G1 F6300 X95.11 Y78.622 E4703.21728
G0 F7200 X94.934 Y78.622
G0 X94.995 Y72.484
G0 X95.363 Y71.359
G0 X95.788 Y70.392
G0 X95.933 Y70.477
G1 F6300 X81.09 Y55.634 E4705.10649
G0 F7200 X81.209 Y55.755
G0 X84.689 Y55.252
G0 X84.689 Y55.079
G1 F6300 X79.936 Y72.818 E4706.75931
G0 F7200 X79.936 Y73.37
G1 F6300 X97.81 Y68.581 E4708.42471
G10
G0 F7200 X97.728 Y68.435
G0 X96.086 Y69.999
G0 X95.449 Y71.095
G0 X94.995 Y72.484
G0 X94.934 Y87.939
G0 X95.109 Y87.939
G11
G1 F6300 X94.989 Y87.971 E4708.43589
G0 F7200 X94.477 Y88.098
G1 F6300 X93.269 Y92.604 E4708.85575
G0 F7200 X93.633 Y91.248
G1 F6300 X93.708 Y90.966 E4708.88201
G0 F7200 X93.717 Y88.312
G1 F6300 X93.87 Y88.271 E4708.89627
G0 F7200 X95.534 Y88.271
G0 X95.945 Y88.271
;TYPE:WALL-OUTER
G1 F2880 X95.945 Y72.627 E4710.30423
G1 X96.322 Y71.476 E4710.41323
G1 X96.855 Y70.566 E4710.50815
G1 X97.839 Y69.537 E4710.63629
G1 X98.806 Y68.977 E4710.73686
G1 X99.956 Y68.613 E4710.84542
G1 X102.55 Y68.613 E4711.07888
G1 X103.572 Y68.822 E4711.17276
G1 X104.43 Y69.213 E4711.25762
G1 X105.138 Y69.733 E4711.33668
G1 X119.898 Y83.153 E4713.13207
G1 X120.879 Y83.583 E4713.22847
G1 X121.674 Y83.739 E4713.30139
G1 X122.464 Y83.72 E4713.37251
G1 X123.244 Y83.528 E4713.4448
G1 X124.206 Y83.053 E4713.54136
G1 X125.92 Y81.338 E4713.75958
G1 X126.444 Y80.519 E4713.84709
G1 X126.713 Y79.752 E4713.92024
G1 X126.806 Y78.925 E4713.99514
G1 X126.713 Y78.1 E4714.06986
G1 X126.444 Y77.328 E4714.14344
G1 X125.944 Y76.533 E4714.22796
G1 X104.787 Y55.376 E4716.92081
G1 X103.919 Y54.674 E4717.02128
G1 X102.68 Y54.241 E4717.1394
G1 X82.513 Y54.24 E4718.95443
G1 X81.567 Y54.45 E4719.04164
G1 X80.64 Y54.897 E4719.13427
G1 X79.9 Y55.633 E4719.2282
G1 X79.465 Y56.324 E4719.30169
G1 X79.096 Y57.379 E4719.40228
G1 X79.096 Y117.42 E4724.80597
G1 X79.279 Y118.27 E4724.88422
G1 X79.679 Y119.165 E4724.97245
G1 X80.336 Y119.89 E4725.0605
G1 X134.315 Y168.009 E4731.56868
G1 X135.193 Y168.495 E4731.65899
G1 X136.024 Y168.717 E4731.73641
G1 X136.873 Y168.743 E4731.81285
G1 X137.724 Y168.565 E4731.8911
G1 X138.757 Y168.083 E4731.99369
G1 X143.012 Y163.807 E4732.5366
G1 X143.54 Y162.98 E4732.62491
G1 X143.805 Y162.213 E4732.69794
G1 X143.897 Y161.385 E4732.77292
G1 X143.776 Y160.354 E4732.86635
G1 X143.198 Y159.17 E4732.98493
G1 X96.948 Y113.147 E4738.85716
G1 X96.377 Y112.243 E4738.95339
G1 X95.945 Y111.021 E4739.07004
G1 X95.945 Y88.271 E4741.11754
G0 F7200 X95.945 Y87.971
G0 X95.348 Y88.272
;TYPE:WALL-INNER
G1 F4620 X95.349 Y72.534 E4742.53396
G1 X95.775 Y71.23 E4742.65743
G1 X96.37 Y70.203 E4742.76425
G1 X97.488 Y69.039 E4742.90951
G1 X98.563 Y68.429 E4743.02075
G1 X99.83 Y68.016 E4743.14068
G1 X102.609 Y68.016 E4743.39079
G1 X103.756 Y68.251 E4743.49617
G1 X104.709 Y68.674 E4743.59001
G1 X105.542 Y69.289 E4743.68319
G1 X120.229 Y82.643 E4745.46973
G1 X121.059 Y83.007 E4745.5513
G1 X121.725 Y83.138 E4745.61238
G1 X122.384 Y83.122 E4745.67171
G1 X123.037 Y82.961 E4745.73224
G1 X123.852 Y82.559 E4745.81403
G1 X125.45 Y80.96 E4746.01748
G1 X125.901 Y80.255 E4746.09281
G1 X126.124 Y79.618 E4746.15355
G1 X126.202 Y78.925 E4746.21631
G1 X126.124 Y78.234 E4746.2789
G1 X125.9 Y77.59 E4746.34026
G1 X125.472 Y76.909 E4746.41265
G1 X104.385 Y55.822 E4749.09659
G1 X103.623 Y55.206 E4749.18478
G1 X102.578 Y54.841 E4749.2844
G1 X82.579 Y54.84 E4751.08431
G1 X81.765 Y55.021 E4751.15936
G1 X80.992 Y55.393 E4751.23656
G1 X80.371 Y56.011 E4751.31541
G1 X80.009 Y56.586 E4751.37657
G1 X79.696 Y57.481 E4751.4619
G1 X79.696 Y117.356 E4756.85065
G1 X79.853 Y118.082 E4756.9175
G1 X80.188 Y118.833 E4756.99151
G1 X80.759 Y119.464 E4757.0681
G1 X134.664 Y167.517 E4763.56735
G1 X135.419 Y167.934 E4763.64497
G1 X136.112 Y168.119 E4763.70953
G1 X136.82 Y168.141 E4763.77328
G1 X137.533 Y167.992 E4763.83883
G1 X138.407 Y167.583 E4763.92568
G1 X142.541 Y163.429 E4764.45313
G1 X142.996 Y162.717 E4764.52917
G1 X143.216 Y162.08 E4764.58983
G1 X143.293 Y161.387 E4764.65258
G1 X143.192 Y160.526 E4764.7306
G1 X142.702 Y159.523 E4764.83107
G1 X96.478 Y113.519 E4770.70044
G1 X95.837 Y112.504 E4770.80848
G1 X95.347 Y111.123 E4770.94036
G1 X95.348 Y88.272 E4772.99695
G0 F7200 X94.434 Y88.272
;MESH:NONMESH
G0 F600 X94.434 Y88.272 Z1.9
G0 F7200 X87.344 Y87.004
;TIME_ELAPSED:1125.247398
;LAYER:10
;TYPE:FILL
;MESH:porte-manteau.stl
G1 F6300 X87.344 Y92.844 E4773.52255
G1 X93.765 Y92.844 E4774.10044
G1 X93.709 Y92.247 E4774.15441
G1 X93.932 Y92.101 E4774.1784
G1 X94.748 Y92.005 E4774.25234
G1 X94.748 Y87.889 E4774.62278
G1 X93.986 Y87.803 E4774.6918
G1 X93.753 Y87.642 E4774.71729
G1 X93.741 Y87.391 E4774.7399
G1 X93.899 Y87 E4774.77786
G1 X87.344 Y87.004 E4775.36781
G10
G0 F7200 X87.344 Y107.436
G11
G1 F6300 X87.344 Y113.276 E4775.89341
G1 X94.286 Y113.283 E4776.51819
G1 X93.472 Y111.768 E4776.67297
G1 X93.229 Y110.417 E4776.79651
G1 X93.365 Y109.069 E4776.91845
G1 X93.843 Y107.427 E4777.07236
G1 X92.689 Y107.421 E4777.17623
G1 X87.344 Y107.436 E4777.65728
G0 F7200 X87.584 Y108.591
G1 F6300 X91.023 Y107.669 E4777.97772
G0 F7200 X89.36 Y107.193
G1 F6300 X93.14 Y93.085 E4779.29222
G1 X93.086 Y93.086
G1 X95.109 Y95.109 E4779.54971
G0 F7200 X94.934 Y95.109
G0 X94.934 Y97.257
G0 X95.109 Y97.257
G1 F6300 X79.938 Y101.322 E4780.96326
G0 F7200 X80.109 Y101.323
G0 X80.109 Y105.393
G0 X79.936 Y105.392
G1 F6300 X87.104 Y112.56 E4781.8756
G0 F7200 X87.795 Y113.037
G1 F6300 X89.232 Y107.672 E4782.37547
G0 F7200 X87.104 Y108.719
G1 F6300 X79.936 Y110.64 E4783.04336
G0 F7200 X80.109 Y110.641
G0 X80.109 Y107.591
G0 X79.936 Y107.59
G1 F6300 X94.007 Y55.079 E4787.93608
G0 F7200 X93.264 Y55.08
G1 F6300 X120.825 Y82.642 E4791.44408
G0 F7200 X120.892 Y82.489
G0 X119.398 Y81.337
G0 X119.283 Y81.462
G1 F6300 X125.875 Y79.696 E4792.05829
G0 F7200 X125.711 Y79.677
G0 X125.212 Y77.264
G0 X125.356 Y77.174
G1 F6300 X124.059 Y82.014 E4792.50926
G0 F7200 X123.941 Y81.896
G0 X115.865 Y78.124
G0 X115.751 Y78.248
G1 F6300 X118.017 Y69.791 E4793.29723
G0 F7200 X117.896 Y69.912
G0 X120.02 Y72.036
G0 X120.142 Y71.915
G1 F6300 X111.371 Y74.265 E4794.11447
G0 F7200 X111.485 Y74.142
G0 X108.372 Y71.311
G0 X108.259 Y71.434
G1 F6300 X110.668 Y62.444 E4794.95211
G0 F7200 X110.548 Y62.564
G0 X112.671 Y64.687
G0 X112.793 Y64.566
G1 F6300 X100.822 Y67.774 E4796.06752
G0 F7200 X99.91 Y67.82
G1 F6300 X103.254 Y55.34 E4797.23034
G0 F7200 X103.18 Y55.492
G0 X105.323 Y57.339
G0 X105.444 Y57.218
G1 F6300 X79.941 Y64.051 E4799.60656
G0 F7200 X80.109 Y64.052
G0 X80.109 Y67.212
G0 X79.939 Y67.211
G1 F6300 X95.109 Y82.381 E4801.53739
G0 F7200 X94.934 Y82.381
G0 X94.934 Y85.738
G0 X95.109 Y85.738
G1 F6300 X94.602 Y87.632 E4801.71385
G0 F7200 X94.503 Y88.102
G1 F6300 X87.585 Y89.956 E4802.35844
G0 F7200 X87.104 Y90.084
G1 F6300 X79.938 Y92.004 E4803.02613
G0 F7200 X79.937 Y92.665
G1 F6300 X95.109 Y107.837 E4804.95721
G0 F7200 X94.934 Y107.837
G0 X94.934 Y106.575
G0 X95.108 Y106.575
G1 F6300 X92.837 Y107.183 E4805.1688
G0 F7200 X88.062 Y113.518
G1 F6300 X140.095 Y165.551 E4811.79152
G0 F7200 X139.977 Y165.432
G0 X138.403 Y167.013
G0 X138.522 Y167.133
G1 F6300 X140.94 Y158.106 E4812.63259
G0 F7200 X140.821 Y158.225
G0 X141.938 Y159.336
G0 X142.058 Y159.217
G1 F6300 X129.491 Y162.584 E4813.80351
G0 F7200 X130.244 Y163.254
G1 F6300 X133.584 Y150.788 E4814.96502
G0 F7200 X133.465 Y150.906
G0 X134.56 Y151.996
G0 X134.68 Y151.876
G1 F6300 X121.455 Y155.42 E4816.19727
G0 F7200 X121.567 Y155.295
G0 X122.834 Y156.424
G0 X122.723 Y156.548
G1 F6300 X126.228 Y143.469 E4817.41592
G0 F7200 X126.109 Y143.587
G0 X127.182 Y144.655
G0 X127.301 Y144.536
G1 F6300 X113.42 Y148.255 E4818.70927
G0 F7200 X113.532 Y148.131
G0 X115.313 Y149.719
G0 X115.202 Y149.843
G1 F6300 X118.871 Y136.15 E4819.98511
G0 F7200 X118.752 Y136.268
G0 X119.803 Y137.314
G0 X119.923 Y137.195
G1 F6300 X105.384 Y141.091 E4821.33979
G0 F7200 X105.496 Y140.966
G0 X107.793 Y143.014
G0 X107.681 Y143.138
G1 F6300 X111.515 Y128.831 E4822.67285
G0 F7200 X111.396 Y128.949
G0 X112.426 Y129.974
G0 X112.545 Y129.855
G1 F6300 X97.348 Y133.927 E4824.08883
G0 F7200 X97.46 Y133.802
G0 X100.272 Y136.309
G0 X100.16 Y136.433
G1 F6300 X104.159 Y121.512 E4825.47911
G0 F7200 X104.04 Y121.63
G0 X105.048 Y122.633
G0 X105.167 Y122.514
G1 F6300 X89.313 Y126.762 E4826.9563
G0 F7200 X89.425 Y126.638
G0 X92.751 Y129.603
G0 X92.639 Y129.728
G1 F6300 X96.802 Y114.193 E4828.40378
G0 F7200 X96.683 Y114.311
G0 X97.669 Y115.292
G0 X97.788 Y115.174
G1 F6300 X81.277 Y119.598 E4829.94219
G0 F7200 X81.389 Y119.473
G0 X80.449 Y118.41
G0 X80.294 Y118.478
G1 F6300 X82.548 Y120.731 E4830.22901
G0 F7200 X82.66 Y120.606
G0 X85.23 Y122.898
G0 X85.119 Y123.022
G1 F6300 X87.666 Y113.517 E4831.11464
G10
G0 F7200 X92.604 Y92.604
G11
G1 F6300 X87.584 Y87.584 E4831.75359
G0 F7200 X87.104 Y87.104
G1 F6300 X79.938 Y79.938 E4832.66567
G0 F7200 X80.109 Y79.939
G0 X80.109 Y82.688
G0 X79.939 Y82.687
G1 F6300 X95.11 Y78.622 E4834.07922
G0 F7200 X94.934 Y78.622
G0 X94.995 Y72.483
G0 X95.363 Y71.358
G0 X95.788 Y70.393
G0 X95.935 Y70.479
G1 F6300 X81.11 Y55.654 E4835.96614
G0 F7200 X81.216 Y55.788
G0 X84.688 Y55.252
G0 X84.689 Y55.079
G1 F6300 X79.939 Y72.809 E4837.61811
G0 F7200 X79.939 Y73.369
G1 F6300 X97.676 Y68.617 E4839.27074
G10
G0 F7200 X97.563 Y68.489
G0 X96.683 Y69.355
G0 X95.999 Y70.15
G0 X95.449 Y71.094
G0 X94.995 Y72.483
G0 X94.934 Y87.939
G0 X95.109 Y87.939
G11
G1 F6300 X94.989 Y87.971 E4839.28192
G0 F7200 X94.477 Y88.098
G1 F6300 X93.269 Y92.604 E4839.70178
G0 F7200 X93.633 Y91.248
G1 F6300 X93.708 Y90.966 E4839.72804
G0 F7200 X93.717 Y88.312
G1 F6300 X93.87 Y88.271 E4839.7423
G0 F7200 X95.534 Y88.271
G0 X95.945 Y88.271
;TYPE:WALL-OUTER
G1 F2880 X95.945 Y72.626 E4841.15035
G1 X96.327 Y71.467 E4841.26017
G1 X96.774 Y70.703 E4841.33984
G1 X97.371 Y70.012 E4841.42202
G1 X98.199 Y69.27 E4841.52209
G1 X99.232 Y68.818 E4841.62357
G1 X100.225 Y68.613 E4841.71482
G1 X102.52 Y68.611 E4841.92137
G1 X103.572 Y68.822 E4842.01794
G1 X104.433 Y69.213 E4842.10305
G1 X105.089 Y69.689 E4842.17599
G1 X119.897 Y83.156 E4843.97742
G1 X120.886 Y83.584 E4844.07441
G1 X121.663 Y83.739 E4844.14572
G1 X122.456 Y83.72 E4844.21711
G1 X123.241 Y83.528 E4844.28984
G1 X124.21 Y83.052 E4844.38701
G1 X126.112 Y81.151 E4844.62903
G1 X126.691 Y79.955 E4844.74862
G1 X126.806 Y78.925 E4844.84189
G1 X126.713 Y78.1 E4844.91661
G1 X126.443 Y77.327 E4844.99031
G1 X125.943 Y76.529 E4845.07506
G1 X104.755 Y55.341 E4847.77185
G1 X104.083 Y54.804 E4847.84927
G1 X103.341 Y54.45 E4847.92326
G1 X102.399 Y54.24 E4848.01012
G1 X82.513 Y54.24 E4849.79986
G1 X81.567 Y54.45 E4849.88707
G1 X80.829 Y54.804 E4849.96074
G1 X80.178 Y55.322 E4850.03561
G1 X79.531 Y56.135 E4850.12913
G1 X79.1 Y57.377 E4850.24745
G1 X79.096 Y117.42 E4855.65132
G1 X79.279 Y118.269 E4855.72948
G1 X79.601 Y118.983 E4855.79997
G1 X80.139 Y119.708 E4855.88123
G1 X134.315 Y168.009 E4862.41353
G1 X135.193 Y168.495 E4862.50385
G1 X136.024 Y168.717 E4862.58126
G1 X136.873 Y168.743 E4862.65771
G1 X137.724 Y168.565 E4862.73596
G1 X138.762 Y168.081 E4862.83903
G1 X143.012 Y163.807 E4863.3815
G1 X143.54 Y162.98 E4863.4698
G1 X143.805 Y162.213 E4863.54284
G1 X143.898 Y161.385 E4863.61783
G1 X143.801 Y160.561 E4863.6925
G1 X143.528 Y159.792 E4863.76594
G1 X143.032 Y159.001 E4863.84997
G1 X96.972 Y113.175 E4869.69758
G1 X96.36 Y112.208 E4869.80057
G1 X95.945 Y111.016 E4869.91417
G1 X95.945 Y88.271 E4871.96122
G0 F7200 X95.945 Y87.971
G0 X95.348 Y88.272
;TYPE:WALL-INNER
G1 F4620 X95.349 Y72.534 E4873.37764
G1 X95.774 Y71.22 E4873.50193
G1 X96.284 Y70.357 E4873.59215
G1 X96.928 Y69.606 E4873.68119
G1 X97.881 Y68.755 E4873.79618
G1 X99.049 Y68.246 E4873.91084
G1 X100.164 Y68.016 E4874.01331
G1 X102.609 Y68.011 E4874.23336
G1 X103.755 Y68.25 E4874.33872
G1 X104.709 Y68.671 E4874.43257
G1 X105.518 Y69.266 E4874.52295
G1 X120.227 Y82.645 E4876.31246
G1 X121.066 Y83.008 E4876.39473
G1 X121.715 Y83.137 E4876.45429
G1 X122.376 Y83.122 E4876.51379
G1 X123.035 Y82.961 E4876.57485
G1 X123.856 Y82.558 E4876.65716
G1 X125.616 Y80.798 E4876.88117
G1 X126.106 Y79.787 E4876.98228
G1 X126.202 Y78.925 E4877.06034
G1 X126.124 Y78.234 E4877.12293
G1 X125.899 Y77.589 E4877.18441
G1 X125.471 Y76.905 E4877.25703
G1 X104.355 Y55.789 E4879.94466
G1 X103.763 Y55.316 E4880.01285
G1 X103.144 Y55.021 E4880.07457
G1 X102.333 Y54.84 E4880.14935
G1 X82.579 Y54.84 E4881.92721
G1 X81.764 Y55.021 E4882.00235
G1 X81.149 Y55.316 E4882.06374
G1 X80.605 Y55.749 E4882.12631
G1 X80.064 Y56.429 E4882.20452
G1 X79.7 Y57.478 E4882.30445
G1 X79.696 Y117.356 E4887.69347
G1 X79.852 Y118.081 E4887.76021
G1 X80.121 Y118.677 E4887.81907
G1 X80.584 Y119.301 E4887.889
G1 X134.664 Y167.517 E4894.40976
G1 X135.419 Y167.934 E4894.48739
G1 X136.112 Y168.119 E4894.55194
G1 X136.82 Y168.141 E4894.61569
G1 X137.533 Y167.992 E4894.68125
G1 X138.413 Y167.582 E4894.76862
G1 X142.541 Y163.43 E4895.29556
G1 X142.996 Y162.717 E4895.37168
G1 X143.216 Y162.08 E4895.43234
G1 X143.294 Y161.387 E4895.4951
G1 X143.213 Y160.698 E4895.55754
G1 X142.985 Y160.055 E4895.61894
G1 X142.56 Y159.378 E4895.69088
G1 X96.519 Y113.573 E4901.53594
G1 X95.825 Y112.492 E4901.65156
G1 X95.347 Y111.124 E4901.78197
G1 X95.348 Y88.272 E4903.83865
G0 F7200 X94.434 Y88.272
;MESH:NONMESH
G0 F600 X94.434 Y88.272 Z2.05
G0 F7200 X87.344 Y87.004
;TIME_ELAPSED:1150.328235
;LAYER:11
;TYPE:FILL
;MESH:porte-manteau.stl
G1 F6300 X87.344 Y92.844 E4904.36425
G1 X93.765 Y92.844 E4904.94214
G1 X93.709 Y92.247 E4904.99611
G1 X93.932 Y92.101 E4905.0201
G1 X94.748 Y92.005 E4905.09405
G1 X94.748 Y87.889 E4905.46449
G1 X93.986 Y87.803 E4905.5335
G1 X93.753 Y87.642 E4905.55899
G1 X93.741 Y87.391 E4905.58161
G1 X93.899 Y87 E4905.61956
G1 X87.344 Y87.004 E4906.20951
G10
G0 F7200 X87.344 Y107.436
G11
G1 F6300 X87.344 Y113.276 E4906.73511
G1 X94.286 Y113.283 E4907.35989
G1 X93.472 Y111.768 E4907.51468
G1 X93.229 Y110.417 E4907.63822
G1 X93.365 Y109.069 E4907.76015
G1 X93.843 Y107.427 E4907.91407
G1 X92.689 Y107.421 E4908.01793
G1 X87.344 Y107.436 E4908.49898
G0 F7200 X87.584 Y108.591
G1 F6300 X91.023 Y107.669 E4908.81942
G0 F7200 X89.36 Y107.193
G1 F6300 X93.14 Y93.085 E4910.13393
G1 X93.086 Y93.086
G1 X95.109 Y95.109 E4910.39141
G0 F7200 X94.934 Y95.109
G0 X94.934 Y97.257
G0 X95.109 Y97.257
G1 F6300 X79.937 Y101.322 E4911.80505
G0 F7200 X80.109 Y101.322
G0 X80.109 Y105.391
G0 X79.936 Y105.391
G1 F6300 X87.104 Y112.56 E4912.71746
G0 F7200 X87.795 Y113.037
G1 F6300 X89.232 Y107.672 E4913.21733
G0 F7200 X87.104 Y108.719
G1 F6300 X79.936 Y110.64 E4913.88521
G0 F7200 X80.109 Y110.64
G0 X80.109 Y107.592
G0 X79.936 Y107.592
G1 F6300 X94.007 Y55.079 E4918.77811
G0 F7200 X93.264 Y55.08
G1 F6300 X120.829 Y82.645 E4922.28656
G0 F7200 X120.896 Y82.49
G0 X119.397 Y81.337
G0 X119.282 Y81.462
G1 F6300 X125.875 Y79.696 E4922.90085
G0 F7200 X125.711 Y79.677
G0 X125.212 Y77.264
G0 X125.356 Y77.174
G1 F6300 X124.059 Y82.016 E4923.35199
G0 F7200 X123.94 Y81.897
G0 X115.865 Y78.125
G0 X115.751 Y78.249
G1 F6300 X118.017 Y69.791 E4924.14006
G0 F7200 X117.896 Y69.912
G0 X120.02 Y72.036
G0 X120.142 Y71.915
G1 F6300 X111.371 Y74.265 E4924.95729
G0 F7200 X111.485 Y74.141
G0 X108.373 Y71.311
G0 X108.26 Y71.433
G1 F6300 X110.668 Y62.444 E4925.79482
G0 F7200 X110.548 Y62.564
G0 X112.671 Y64.687
G0 X112.793 Y64.566
G1 F6300 X100.822 Y67.774 E4926.91023
G0 F7200 X99.91 Y67.821
G1 F6300 X103.254 Y55.341 E4928.07305
G0 F7200 X103.181 Y55.493
G0 X105.323 Y57.339
G0 X105.444 Y57.218
G1 F6300 X79.937 Y64.052 E4930.44965
G0 F7200 X80.109 Y64.052
G0 X80.109 Y67.208
G0 X79.936 Y67.208
G1 F6300 X95.11 Y82.382 E4932.38098
G0 F7200 X94.934 Y82.382
G0 X94.934 Y85.737
G0 X95.11 Y85.737
G1 F6300 X94.602 Y87.632 E4932.55755
G0 F7200 X94.503 Y88.102
G1 F6300 X87.585 Y89.956 E4933.20215
G0 F7200 X87.104 Y90.084
G1 F6300 X79.936 Y92.005 E4933.87003
G0 F7200 X79.936 Y92.664
G1 F6300 X95.109 Y107.837 E4935.80124
G0 F7200 X94.934 Y107.837
G0 X94.934 Y106.575
G0 X95.108 Y106.575
G1 F6300 X92.837 Y107.183 E4936.01283
G0 F7200 X88.062 Y113.518
G1 F6300 X140.095 Y165.551 E4942.63555
G0 F7200 X139.977 Y165.432
G0 X138.403 Y167.013
G0 X138.522 Y167.133
G1 F6300 X140.94 Y158.106 E4943.47662
G0 F7200 X140.821 Y158.225
G0 X141.938 Y159.336
G0 X142.058 Y159.217
G1 F6300 X129.491 Y162.584 E4944.64754
G0 F7200 X130.244 Y163.253
G1 F6300 X133.584 Y150.787 E4945.80905
G0 F7200 X133.464 Y150.906
G0 X134.56 Y151.996
G0 X134.681 Y151.876
G1 F6300 X121.455 Y155.42 E4947.04138
G0 F7200 X121.567 Y155.296
G0 X122.834 Y156.425
G0 X122.723 Y156.549
G1 F6300 X126.228 Y143.468 E4948.2602
G0 F7200 X126.108 Y143.587
G0 X127.182 Y144.655
G0 X127.302 Y144.536
G1 F6300 X113.418 Y148.256 E4949.55384
G0 F7200 X113.53 Y148.131
G0 X115.313 Y149.72
G0 X115.202 Y149.844
G1 F6300 X118.872 Y136.148 E4950.82996
G0 F7200 X118.752 Y136.268
G0 X119.804 Y137.315
G0 X119.925 Y137.195
G1 F6300 X105.382 Y141.092 E4952.18501
G0 F7200 X105.495 Y140.967
G0 X107.793 Y143.016
G0 X107.681 Y143.14
G1 F6300 X111.515 Y128.829 E4953.51842
G0 F7200 X111.395 Y128.948
G0 X112.426 Y129.974
G0 X112.547 Y129.854
G1 F6300 X97.345 Y133.928 E4954.93488
G0 F7200 X97.458 Y133.802
G0 X100.272 Y136.311
G0 X100.16 Y136.435
G1 F6300 X104.159 Y121.511 E4956.32543
G0 F7200 X104.039 Y121.63
G0 X105.049 Y122.634
G0 X105.169 Y122.514
G1 F6300 X89.309 Y126.764 E4957.80319
G0 F7200 X89.422 Y126.638
G0 X92.751 Y129.606
G0 X92.639 Y129.73
G1 F6300 X96.803 Y114.191 E4959.25104
G0 F7200 X96.683 Y114.31
G0 X97.67 Y115.293
G0 X97.791 Y115.173
G1 F6300 X81.272 Y119.6 E4960.79021
G0 F7200 X81.386 Y119.474
G0 X80.447 Y118.405
G0 X80.29 Y118.474
G1 F6300 X82.584 Y120.767 E4961.08213
G0 F7200 X82.696 Y120.642
G0 X85.23 Y122.901
G0 X85.118 Y123.026
G1 F6300 X87.666 Y113.517 E4961.96813
G10
G0 F7200 X92.604 Y92.604
G11
G1 F6300 X87.584 Y87.584 E4962.60707
G0 F7200 X87.104 Y87.104
G1 F6300 X79.936 Y79.936 E4963.51941
G0 F7200 X80.109 Y79.936
G0 X80.109 Y82.687
G0 X79.937 Y82.687
G1 F6300 X95.11 Y78.622 E4964.93313
G0 F7200 X94.934 Y78.622
G0 X94.995 Y72.483
G0 X95.482 Y70.994
G0 X95.93 Y70.475
G1 F6300 X81.11 Y55.654 E4966.81948
G0 F7200 X81.216 Y55.788
G0 X84.689 Y55.252
G0 X84.689 Y55.079
G1 F6300 X79.936 Y72.817 E4968.47221
G0 F7200 X79.936 Y73.37
G1 F6300 X97.788 Y68.587 E4970.13556
G10
G0 F7200 X97.692 Y68.452
G0 X97.055 Y68.986
G0 X96.329 Y69.746
G0 X95.536 Y70.829
G0 X94.995 Y72.483
G0 X94.934 Y87.939
G0 X95.109 Y87.939
G11
G1 F6300 X94.989 Y87.971 E4970.14674
G0 F7200 X94.477 Y88.098
G1 F6300 X93.269 Y92.604 E4970.5666
G0 F7200 X93.633 Y91.248
G1 F6300 X93.708 Y90.966 E4970.59286
G0 F7200 X93.717 Y88.312
G1 F6300 X93.87 Y88.271 E4970.60712
G0 F7200 X95.534 Y88.271
G0 X95.945 Y88.271
;TYPE:WALL-OUTER
G1 F2880 X95.945 Y72.626 E4972.01517
G1 X96.393 Y71.266 E4972.14404
G1 X97.07 Y70.34 E4972.24728
G1 X97.658 Y69.724 E4972.32392
G1 X98.406 Y69.179 E4972.40721
G1 X99.232 Y68.818 E4972.48834
G1 X100.225 Y68.613 E4972.5796
G1 X102.52 Y68.611 E4972.78615
G1 X103.572 Y68.822 E4972.88271
G1 X104.376 Y69.182 E4972.962
G1 X105.117 Y69.713 E4973.04404
G1 X119.901 Y83.16 E4974.84266
G1 X120.893 Y83.587 E4974.93986
G1 X121.693 Y83.739 E4975.01315
G1 X122.452 Y83.72 E4975.08148
G1 X123.233 Y83.532 E4975.15378
G1 X124.211 Y83.052 E4975.25183
G1 X126.112 Y81.151 E4975.49379
G1 X126.691 Y79.955 E4975.61338
G1 X126.806 Y78.925 E4975.70665
G1 X126.713 Y78.1 E4975.78138
G1 X126.443 Y77.327 E4975.85507
G1 X125.943 Y76.529 E4975.93982
G1 X104.755 Y55.341 E4978.63661
G1 X104.083 Y54.804 E4978.71403
G1 X103.341 Y54.45 E4978.78802
G1 X102.395 Y54.24 E4978.87523
G1 X82.513 Y54.24 E4980.66461
G1 X81.567 Y54.45 E4980.75183
G1 X80.829 Y54.804 E4980.82549
G1 X80.178 Y55.322 E4980.90037
G1 X79.531 Y56.135 E4980.99388
G1 X79.096 Y57.389 E4981.11334
G1 X79.096 Y117.42 E4986.51613
G1 X79.279 Y118.27 E4986.59438
G1 X79.679 Y119.165 E4986.68261
G1 X80.336 Y119.89 E4986.77067
G1 X134.315 Y168.009 E4993.27884
G1 X135.193 Y168.495 E4993.36915
G1 X136.024 Y168.717 E4993.44657
G1 X136.873 Y168.743 E4993.52301
G1 X137.724 Y168.565 E4993.60126
G1 X138.762 Y168.081 E4993.70434
G1 X143.012 Y163.807 E4994.2468
G1 X143.54 Y162.98 E4994.33511
G1 X143.805 Y162.213 E4994.40814
G1 X143.898 Y161.385 E4994.48313
G1 X143.801 Y160.561 E4994.5578
G1 X143.528 Y159.792 E4994.63124
G1 X143.032 Y159.001 E4994.71527
G1 X96.984 Y113.183 E5000.56161
G1 X96.352 Y112.192 E5000.66739
G1 X95.945 Y111.008 E5000.78007
G1 X95.945 Y88.271 E5002.8264
G0 F7200 X95.945 Y87.971
G0 X95.348 Y88.272
;TYPE:WALL-INNER
G1 F4620 X95.349 Y72.534 E5004.24282
G1 X95.85 Y70.99 E5004.38891
G1 X96.574 Y69.999 E5004.49937
G1 X97.283 Y69.254 E5004.59193
G1 X98.105 Y68.654 E5004.68352
G1 X99.05 Y68.246 E5004.77616
G1 X100.164 Y68.016 E5004.87854
G1 X102.609 Y68.011 E5005.09859
G1 X103.756 Y68.25 E5005.20403
G1 X104.704 Y68.671 E5005.29739
G1 X105.47 Y69.227 E5005.38257
G1 X120.23 Y82.649 E5007.17809
G1 X121.07 Y83.01 E5007.26037
G1 X121.742 Y83.137 E5007.32192
G1 X122.373 Y83.122 E5007.37873
G1 X123.028 Y82.964 E5007.43937
G1 X123.857 Y82.557 E5007.52249
G1 X125.616 Y80.798 E5007.74637
G1 X126.106 Y79.787 E5007.84748
G1 X126.202 Y78.925 E5007.92554
G1 X126.124 Y78.234 E5007.98813
G1 X125.899 Y77.589 E5008.04961
G1 X125.471 Y76.905 E5008.12223
G1 X104.355 Y55.789 E5010.80986
G1 X103.763 Y55.316 E5010.87805
G1 X103.144 Y55.021 E5010.93977
G1 X102.329 Y54.84 E5011.0149
G1 X82.579 Y54.84 E5012.7924
G1 X81.764 Y55.021 E5012.86754
G1 X81.149 Y55.316 E5012.92893
G1 X80.605 Y55.749 E5012.99151
G1 X80.064 Y56.429 E5013.06971
G1 X79.696 Y57.489 E5013.1707
G1 X79.696 Y117.356 E5018.55873
G1 X79.853 Y118.082 E5018.62558
G1 X80.188 Y118.833 E5018.69959
G1 X80.759 Y119.464 E5018.77618
G1 X134.664 Y167.517 E5025.27542
G1 X135.419 Y167.934 E5025.35305
G1 X136.112 Y168.119 E5025.4176
G1 X136.82 Y168.141 E5025.48135
G1 X137.533 Y167.992 E5025.54691
G1 X138.413 Y167.582 E5025.63428
G1 X142.541 Y163.43 E5026.16122
G1 X142.996 Y162.717 E5026.23735
G1 X143.216 Y162.08 E5026.298
G1 X143.294 Y161.387 E5026.36076
G1 X143.213 Y160.698 E5026.4232
G1 X142.985 Y160.055 E5026.4846
G1 X142.56 Y159.378 E5026.55654
G1 X96.514 Y113.555 E5032.40307
G1 X95.814 Y112.467 E5032.5195
G1 X95.347 Y111.109 E5032.64875
G1 X95.348 Y88.272 E5034.70408
G0 F7200 X94.434 Y88.272
;MESH:NONMESH
G0 F600 X94.434 Y88.272 Z2.2
G0 F7200 X87.344 Y87.004
;TIME_ELAPSED:1175.411993
;LAYER:12
;TYPE:FILL
;MESH:porte-manteau.stl
G1 F6300 X87.344 Y92.844 E5035.22968
G1 X93.784 Y92.844 E5035.80928
G1 X93.275 Y90.7 E5036.0076
G1 X93.319 Y89.066 E5036.15471
G1 X93.617 Y87.761 E5036.27519
G1 X93.918 Y87.001 E5036.34876
G1 X87.344 Y87.004 E5036.94042
G10
G0 F7200 X87.344 Y107.436
G11
G1 F6300 X87.344 Y113.276 E5037.46602
G1 X94.307 Y113.283 E5038.09269
G1 X93.492 Y111.759 E5038.24823
G1 X93.249 Y110.413 E5038.37133
G1 X93.385 Y109.073 E5038.49254
G1 X93.863 Y107.427 E5038.6468
G1 X92.197 Y107.421 E5038.79675
G1 X87.344 Y107.436 E5039.23352
G0 F7200 X87.584 Y108.591
G1 F6300 X91.042 Y107.664 E5039.55573
G0 F7200 X89.36 Y107.193
G1 F6300 X93.14 Y93.085 E5040.87023
G1 X93.086 Y93.086
G1 X95.108 Y95.108 E5041.12759
G0 F7200 X94.934 Y95.108
G0 X94.934 Y97.257
G0 X95.108 Y97.257
G1 F6300 X79.937 Y101.322 E5042.54115
G0 F7200 X80.109 Y101.322
G0 X80.109 Y105.391
G0 X79.936 Y105.391
G1 F6300 X87.104 Y112.56 E5043.45355
G0 F7200 X87.795 Y113.037
G1 F6300 X89.233 Y107.67 E5043.95361
G0 F7200 X87.104 Y108.719
G1 F6300 X79.936 Y110.64 E5044.6215
G0 F7200 X80.109 Y110.64
G0 X80.109 Y107.592
G0 X79.936 Y107.592
G1 F6300 X94.007 Y55.079 E5049.51439
G0 F7200 X93.264 Y55.08
G1 F6300 X120.823 Y82.64 E5053.02215
G0 F7200 X120.889 Y82.487
G0 X119.399 Y81.338
G0 X119.285 Y81.461
G1 F6300 X125.875 Y79.696 E5053.63615
G0 F7200 X125.711 Y79.677
G0 X125.212 Y77.264
G0 X125.356 Y77.174
G1 F6300 X124.059 Y82.015 E5054.08721
G0 F7200 X123.941 Y81.896
G0 X115.865 Y78.124
G0 X115.751 Y78.247
G1 F6300 X118.017 Y69.791 E5054.8751
G0 F7200 X117.896 Y69.912
G0 X120.02 Y72.036
G0 X120.142 Y71.915
G1 F6300 X111.372 Y74.264 E5055.69222
G0 F7200 X111.485 Y74.141
G0 X108.373 Y71.31
G0 X108.259 Y71.434
G1 F6300 X110.668 Y62.444 E5056.52987
G0 F7200 X110.548 Y62.564
G0 X112.671 Y64.687
G0 X112.793 Y64.566
G1 F6300 X100.823 Y67.774 E5057.64518
G0 F7200 X99.91 Y67.822
G1 F6300 X103.254 Y55.341 E5058.80809
G0 F7200 X103.181 Y55.493
G0 X105.323 Y57.339
G0 X105.444 Y57.218
G1 F6300 X79.937 Y64.052 E5061.18469
G0 F7200 X80.109 Y64.052
G0 X80.109 Y67.208
G0 X79.936 Y67.208
G1 F6300 X95.109 Y82.381 E5063.1159
G0 F7200 X94.934 Y82.381
G0 X94.934 Y85.738
G0 X95.109 Y85.738
G1 F6300 X94.768 Y87.01 E5063.23442
G0 F7200 X94.989 Y87.971
G1 F6300 X95.108 Y87.94 E5063.24549
G0 F7200 X94.934 Y87.94
G0 X93.212 Y88.448
G1 F6300 X87.585 Y89.956 E5063.76979
G0 F7200 X87.104 Y90.084
G1 F6300 X79.936 Y92.005 E5064.43767
G0 F7200 X79.936 Y92.664
G1 F6300 X94.82 Y107.548 E5066.3321
G0 F7200 X95.106 Y106.575
G1 F6300 X92.837 Y107.183 E5066.54351
G0 F7200 X88.062 Y113.518
G1 F6300 X140.095 Y165.551 E5073.16623
G0 F7200 X139.977 Y165.432
G0 X138.403 Y167.013
G0 X138.522 Y167.133
G1 F6300 X140.94 Y158.106 E5074.0073
G0 F7200 X140.821 Y158.225
G0 X141.938 Y159.336
G0 X142.058 Y159.217
G1 F6300 X129.491 Y162.584 E5075.17822
G0 F7200 X130.244 Y163.253
G1 F6300 X133.584 Y150.787 E5076.33974
G0 F7200 X133.464 Y150.906
G0 X134.56 Y151.996
G0 X134.68 Y151.876
G1 F6300 X121.455 Y155.42 E5077.57198
G0 F7200 X121.567 Y155.296
G0 X122.834 Y156.425
G0 X122.723 Y156.549
G1 F6300 X126.228 Y143.468 E5078.7908
G0 F7200 X126.108 Y143.587
G0 X127.182 Y144.655
G0 X127.302 Y144.536
G1 F6300 X113.418 Y148.256 E5080.08444
G0 F7200 X113.53 Y148.131
G0 X115.313 Y149.72
G0 X115.202 Y149.844
G1 F6300 X118.872 Y136.148 E5081.36056
G0 F7200 X118.752 Y136.268
G0 X119.804 Y137.314
G0 X119.924 Y137.195
G1 F6300 X105.382 Y141.092 E5082.71552
G0 F7200 X105.495 Y140.967
G0 X107.793 Y143.016
G0 X107.681 Y143.14
G1 F6300 X111.515 Y128.829 E5084.04893
G0 F7200 X111.395 Y128.948
G0 X112.426 Y129.974
G0 X112.547 Y129.854
G1 F6300 X97.345 Y133.928 E5085.46539
G0 F7200 X97.458 Y133.802
G0 X100.272 Y136.311
G0 X100.16 Y136.435
G1 F6300 X104.159 Y121.511 E5086.85594
G0 F7200 X104.039 Y121.63
G0 X105.048 Y122.633
G0 X105.168 Y122.514
G1 F6300 X89.309 Y126.764 E5088.33361
G0 F7200 X89.422 Y126.638
G0 X92.751 Y129.606
G0 X92.639 Y129.73
G1 F6300 X96.803 Y114.191 E5089.78146
G0 F7200 X96.683 Y114.31
G0 X97.67 Y115.293
G0 X97.791 Y115.173
G1 F6300 X81.272 Y119.6 E5091.32064
G0 F7200 X81.386 Y119.474
G0 X80.447 Y118.405
G0 X80.29 Y118.474
G1 F6300 X82.584 Y120.767 E5091.61255
G0 F7200 X82.696 Y120.642
G0 X85.23 Y122.901
G0 X85.118 Y123.026
G1 F6300 X87.666 Y113.517 E5092.49855
G10
G0 F7200 X92.604 Y92.604
G11
G1 F6300 X87.584 Y87.584 E5093.13749
G0 F7200 X87.104 Y87.104
G1 F6300 X79.936 Y79.936 E5094.04983
G0 F7200 X80.109 Y79.936
G0 X80.109 Y82.687
G0 X79.937 Y82.687
G1 F6300 X95.11 Y78.622 E5095.46356
G0 F7200 X94.934 Y78.622
G0 X94.995 Y72.483
G0 X95.482 Y70.994
G0 X95.93 Y70.475
G1 F6300 X81.11 Y55.654 E5097.3499
G0 F7200 X81.216 Y55.788
G0 X84.689 Y55.252
G0 X84.689 Y55.079
G1 F6300 X79.936 Y72.817 E5099.00264
G0 F7200 X79.936 Y73.37
G1 F6300 X97.79 Y68.586 E5100.66618
G10
G0 F7200 X97.694 Y68.451
G0 X97.055 Y68.986
G0 X96.329 Y69.746
G0 X95.536 Y70.829
G0 X94.995 Y72.483
G0 X93.708 Y90.967
G11
G1 F6300 X93.644 Y91.208 E5100.68863
G0 F7200 X93.381 Y92.187
G1 F6300 X93.269 Y92.604 E5100.72749
G0 F7200 X95.534 Y92.605
G0 X95.944 Y92.605
;TYPE:WALL-OUTER
G1 F2880 X95.945 Y72.626 E5102.5256
G1 X96.393 Y71.266 E5102.65447
G1 X97.07 Y70.34 E5102.7577
G1 X97.658 Y69.724 E5102.83435
G1 X98.406 Y69.179 E5102.91764
G1 X99.233 Y68.818 E5102.99885
G1 X100.233 Y68.613 E5103.09072
G1 X102.52 Y68.611 E5103.29655
G1 X103.572 Y68.822 E5103.39312
G1 X104.376 Y69.182 E5103.4724
G1 X105.117 Y69.713 E5103.55445
G1 X119.901 Y83.156 E5105.35283
G1 X120.897 Y83.587 E5105.4505
G1 X121.701 Y83.739 E5105.52414
G1 X122.445 Y83.72 E5105.59113
G1 X123.23 Y83.535 E5105.66371
G1 X124.21 Y83.052 E5105.76204
G1 X126.112 Y81.151 E5106.00406
G1 X126.691 Y79.955 E5106.12365
G1 X126.806 Y78.925 E5106.21693
G1 X126.713 Y78.1 E5106.29165
G1 X126.443 Y77.327 E5106.36534
G1 X125.943 Y76.529 E5106.45009
G1 X104.755 Y55.341 E5109.14689
G1 X104.083 Y54.804 E5109.22431
G1 X103.341 Y54.45 E5109.2983
G1 X102.395 Y54.24 E5109.38551
G1 X82.513 Y54.24 E5111.17489
G1 X81.567 Y54.45 E5111.2621
G1 X80.829 Y54.804 E5111.33577
G1 X80.178 Y55.322 E5111.41064
G1 X79.531 Y56.135 E5111.50415
G1 X79.096 Y57.389 E5111.62361
G1 X79.096 Y117.42 E5117.0264
G1 X79.279 Y118.27 E5117.10465
G1 X79.679 Y119.165 E5117.19288
G1 X80.336 Y119.89 E5117.28094
G1 X134.315 Y168.009 E5123.78911
G1 X135.193 Y168.495 E5123.87943
G1 X136.024 Y168.717 E5123.95684
G1 X136.873 Y168.743 E5124.03329
G1 X137.724 Y168.565 E5124.11153
G1 X138.762 Y168.081 E5124.21461
G1 X143.012 Y163.807 E5124.75708
G1 X143.54 Y162.98 E5124.84538
G1 X143.805 Y162.213 E5124.91842
G1 X143.898 Y161.385 E5124.99341
G1 X143.801 Y160.561 E5125.06808
G1 X143.528 Y159.792 E5125.14152
G1 X143.032 Y159.001 E5125.22555
G1 X96.984 Y113.183 E5131.07188
G1 X96.419 Y112.377 E5131.16047
G1 X96.044 Y111.293 E5131.2637
G1 X95.944 Y110.681 E5131.31951
G1 X95.944 Y92.605 E5132.94635
G0 F7200 X95.944 Y92.305
G0 X95.347 Y92.605
;TYPE:WALL-INNER
G1 F4620 X95.349 Y72.534 E5134.75274
G1 X95.85 Y70.99 E5134.89884
G1 X96.574 Y69.999 E5135.00929
G1 X97.283 Y69.254 E5135.10185
G1 X98.105 Y68.654 E5135.19344
G1 X99.051 Y68.246 E5135.28617
G1 X100.173 Y68.016 E5135.38925
G1 X102.609 Y68.011 E5135.60849
G1 X103.756 Y68.25 E5135.71393
G1 X104.704 Y68.671 E5135.80729
G1 X105.47 Y69.227 E5135.89247
G1 X120.231 Y82.645 E5137.68781
G1 X121.074 Y83.01 E5137.77049
G1 X121.75 Y83.138 E5137.83241
G1 X122.368 Y83.122 E5137.88805
G1 X123.026 Y82.967 E5137.94889
G1 X123.856 Y82.558 E5138.03216
G1 X125.616 Y80.798 E5138.25618
G1 X126.106 Y79.787 E5138.35729
G1 X126.202 Y78.925 E5138.43535
G1 X126.124 Y78.234 E5138.49793
G1 X125.899 Y77.589 E5138.55941
G1 X125.471 Y76.905 E5138.63203
G1 X104.355 Y55.789 E5141.31966
G1 X103.763 Y55.316 E5141.38786
G1 X103.144 Y55.021 E5141.44957
G1 X102.329 Y54.84 E5141.52471
G1 X82.579 Y54.84 E5143.30221
G1 X81.764 Y55.021 E5143.37735
G1 X81.149 Y55.316 E5143.43873
G1 X80.605 Y55.749 E5143.50131
G1 X80.064 Y56.429 E5143.57952
G1 X79.696 Y57.489 E5143.6805
G1 X79.696 Y117.356 E5149.06853
G1 X79.853 Y118.082 E5149.13538
G1 X80.188 Y118.833 E5149.20939
G1 X80.759 Y119.464 E5149.28598
G1 X134.664 Y167.517 E5155.78523
G1 X135.419 Y167.934 E5155.86285
G1 X136.112 Y168.119 E5155.92741
G1 X136.82 Y168.141 E5155.99116
G1 X137.533 Y167.992 E5156.05672
G1 X138.413 Y167.582 E5156.14409
G1 X142.541 Y163.43 E5156.67103
G1 X142.996 Y162.717 E5156.74715
G1 X143.216 Y162.08 E5156.8078
G1 X143.294 Y161.387 E5156.87057
G1 X143.213 Y160.698 E5156.933
G1 X142.985 Y160.055 E5156.9944
G1 X142.56 Y159.378 E5157.06635
G1 X96.531 Y113.576 E5162.91045
G1 X95.877 Y112.653 E5163.01226
G1 X95.462 Y111.439 E5163.12773
G1 X95.346 Y110.729 E5163.19248
G1 X95.347 Y92.605 E5164.82364
G0 F7200 X94.741 Y92.601
;TYPE:SKIN
G1 F1589.4 X94.749 Y87.247 E5165.46985
G1 F1606.8 X94.49 Y87.197 E5165.50139
G1 X94.182 Y87.965 E5165.60032
G1 X93.911 Y89.164 E5165.74728
G1 F1589.4 X93.884 Y90.635 E5165.92486
G1 F1572.3 X94.36 Y92.647 E5166.17676
G1 X94.741 Y92.601 E5166.22352
G10
G0 F7200 X94.388 Y107.712
G11
G1 F1686.9 X93.964 Y109.153 E5166.39561
G1 F1644.8 X93.866 Y110.449 E5166.54785
G1 F1720.9 X94.061 Y111.589 E5166.67805
G1 F1905.1 X94.906 Y113.338 E5166.8779
G1 F1929 X95.49 Y113.083 E5166.94274
G1 F1808.9 X94.895 Y111.54 E5167.1209
G1 F1694.1 X94.728 Y110.621 E5167.22751
G1 F1672.7 X94.762 Y109.23 E5167.38811
G1 F1686.9 X94.762 Y107.765 E5167.55596
G1 X94.388 Y107.712 E5167.59924
G10
;MESH:NONMESH
G0 F600 X94.388 Y107.712 Z2.35
G0 F7200 X81.216 Y55.788
G0 X81.11 Y55.654
;TIME_ELAPSED:1202.361980
;LAYER:13
;TYPE:FILL
;MESH:porte-manteau.stl
G11
G1 F6300 X95.93 Y70.475 E5169.48558
G0 F7200 X95.794 Y70.374
G0 X96.816 Y69.25
G0 X97.694 Y68.451
G0 X97.79 Y68.586
G1 F6300 X79.936 Y73.37 E5171.14912
G0 F7200 X79.936 Y72.817
G1 F6300 X84.689 Y55.079 E5172.80186
G0 F7200 X84.689 Y55.252
G0 X93.264 Y55.252
G0 X93.264 Y55.08
G1 F6300 X120.825 Y82.642 E5176.30987
G0 F7200 X120.892 Y82.487
G0 X119.4 Y81.338
G0 X119.286 Y81.461
G1 F6300 X125.875 Y79.696 E5176.92378
G0 F7200 X125.711 Y79.677
G0 X125.212 Y77.264
G0 X125.356 Y77.174
G1 F6300 X124.059 Y82.017 E5177.37501
G0 F7200 X123.94 Y81.897
G0 X115.865 Y78.123
G0 X115.751 Y78.247
G1 F6300 X118.017 Y69.791 E5178.16291
G0 F7200 X117.896 Y69.912
G0 X120.02 Y72.036
G0 X120.142 Y71.915
G1 F6300 X111.372 Y74.264 E5178.98003
G0 F7200 X111.486 Y74.141
G0 X108.373 Y71.31
G0 X108.259 Y71.434
G1 F6300 X110.668 Y62.444 E5179.81767
G0 F7200 X110.548 Y62.564
G0 X112.671 Y64.687
G0 X112.793 Y64.566
G1 F6300 X100.823 Y67.774 E5180.93299
G0 F7200 X99.91 Y67.822
G1 F6300 X103.254 Y55.341 E5182.0959
G0 F7200 X103.181 Y55.493
G0 X105.323 Y57.339
G0 X105.444 Y57.218
G1 F6300 X79.937 Y64.052 E5184.4725
G0 F7200 X80.109 Y64.052
G0 X80.109 Y67.208
G0 X79.936 Y67.208
G1 F6300 X95.109 Y82.381 E5186.40371
G0 F7200 X94.934 Y82.381
G0 X94.934 Y85.738
G0 X95.109 Y85.738
G1 F6300 X94.99 Y86.184 E5186.44525
G0 F7200 X94.934 Y86.183
G0 X94.934 Y87.94
G0 X95.108 Y87.94
G1 F6300 X94.989 Y87.971 E5186.45632
G0 F7200 X94.934 Y87.97
G0 X93.14 Y93.085
G1 F6300 X89.36 Y107.195 E5187.771
G0 F7200 X87.104 Y108.719
G1 F6300 X79.936 Y110.64 E5188.43888
G0 F7200 X80.109 Y110.64
G0 X80.109 Y107.592
G0 X79.936 Y107.592
G1 F6300 X94.007 Y55.079 E5193.33178
G10
G0 F7200 X94.007 Y55.252
G0 X94.934 Y78.622
G0 X95.11 Y78.622
G11
G1 F6300 X79.937 Y82.687 E5194.74551
G0 F7200 X80.109 Y82.687
G0 X80.109 Y79.936
G0 X79.936 Y79.936
G1 F6300 X87.104 Y87.104 E5195.65784
G0 F7200 X87.104 Y90.084
G1 F6300 X79.936 Y92.005 E5196.32573
G0 F7200 X79.936 Y92.664
G1 F6300 X94.172 Y106.9 E5198.13768
G1 X94.219 Y106.813
G1 X92.818 Y107.188 E5198.2682
G0 F7200 X87.104 Y112.56
G1 F6300 X79.936 Y105.391 E5199.18061
G0 F7200 X80.109 Y105.391
G0 X80.109 Y101.322
G0 X79.937 Y101.322
G1 F6300 X95.108 Y97.257 E5200.59416
G0 F7200 X94.934 Y97.257
G0 X94.934 Y95.109
G0 X95.109 Y95.109
G1 F6300 X93.086 Y93.086 E5200.85165
G10
G0 F7200 X88.062 Y113.518
G11
G1 F6300 X140.095 Y165.551 E5207.47437
G0 F7200 X139.977 Y165.432
G0 X138.403 Y167.013
G0 X138.522 Y167.133
G1 F6300 X140.94 Y158.106 E5208.31544
G0 F7200 X140.821 Y158.225
G0 X141.938 Y159.336
G0 X142.058 Y159.217
G1 F6300 X129.491 Y162.584 E5209.48636
G0 F7200 X130.244 Y163.253
G1 F6300 X133.584 Y150.787 E5210.64787
G0 F7200 X133.464 Y150.906
G0 X134.56 Y151.996
G0 X134.681 Y151.876
G1 F6300 X121.455 Y155.42 E5211.8802
G0 F7200 X121.567 Y155.296
G0 X122.834 Y156.425
G0 X122.723 Y156.549
G1 F6300 X126.228 Y143.468 E5213.09902
G0 F7200 X126.108 Y143.587
G0 X127.182 Y144.655
G0 X127.302 Y144.536
G1 F6300 X113.418 Y148.256 E5214.39266
G0 F7200 X113.53 Y148.131
G0 X115.313 Y149.72
G0 X115.202 Y149.844
G1 F6300 X118.872 Y136.148 E5215.66878
G0 F7200 X118.752 Y136.267
G0 X119.805 Y137.315
G0 X119.925 Y137.195
G1 F6300 X105.382 Y141.092 E5217.02383
G0 F7200 X105.495 Y140.967
G0 X107.793 Y143.016
G0 X107.681 Y143.14
G1 F6300 X111.516 Y128.828 E5218.35735
G0 F7200 X111.395 Y128.948
G0 X112.427 Y129.974
G0 X112.548 Y129.854
G1 F6300 X97.345 Y133.928 E5219.7739
G0 F7200 X97.458 Y133.802
G0 X100.272 Y136.311
G0 X100.16 Y136.435
G1 F6300 X104.159 Y121.509 E5221.16462
G0 F7200 X104.039 Y121.628
G0 X105.049 Y122.633
G0 X105.169 Y122.514
G1 F6300 X89.309 Y126.764 E5222.64238
G0 F7200 X89.422 Y126.638
G0 X92.751 Y129.606
G0 X92.639 Y129.73
G1 F6300 X96.803 Y114.189 E5224.0904
G0 F7200 X96.682 Y114.309
G0 X97.671 Y115.293
G0 X97.792 Y115.173
G1 F6300 X81.272 Y119.6 E5225.62966
G0 F7200 X81.386 Y119.474
G0 X80.447 Y118.405
G0 X80.29 Y118.474
G1 F6300 X82.584 Y120.767 E5225.92158
G0 F7200 X82.696 Y120.642
G0 X85.23 Y122.901
G0 X85.118 Y123.026
G1 F6300 X87.666 Y113.517 E5226.80758
G0 F7200 X79.509 Y113.517
G0 X79.096 Y113.517
;TYPE:WALL-OUTER
G1 F2880 X79.096 Y117.42 E5227.15885
G1 X79.279 Y118.27 E5227.2371
G1 X79.679 Y119.165 E5227.32533
G1 X80.336 Y119.89 E5227.41339
G1 X134.315 Y168.009 E5233.92156
G1 X135.193 Y168.495 E5234.01188
G1 X136.024 Y168.717 E5234.08929
G1 X136.873 Y168.743 E5234.16573
G1 X137.724 Y168.565 E5234.24398
G1 X138.762 Y168.081 E5234.34706
G1 X143.012 Y163.807 E5234.88952
G1 X143.54 Y162.98 E5234.97783
G1 X143.805 Y162.213 E5235.05086
G1 X143.898 Y161.385 E5235.12585
G1 X143.801 Y160.561 E5235.20052
G1 X143.528 Y159.792 E5235.27397
G1 X143.032 Y159.001 E5235.35799
G1 X96.996 Y113.195 E5241.2028
G1 X96.346 Y112.181 E5241.3112
G1 X95.944 Y110.989 E5241.42442
G1 X95.945 Y72.626 E5244.87709
G1 X96.393 Y71.266 E5245.00596
G1 X97.07 Y70.34 E5245.1092
G1 X97.658 Y69.724 E5245.18584
G1 X98.406 Y69.179 E5245.26913
G1 X99.233 Y68.818 E5245.35035
G1 X100.233 Y68.613 E5245.44222
G1 X102.52 Y68.611 E5245.64805
G1 X103.572 Y68.822 E5245.74461
G1 X104.376 Y69.182 E5245.8239
G1 X105.117 Y69.713 E5245.90594
G1 X119.905 Y83.16 E5247.70483
G1 X120.905 Y83.591 E5247.80283
G1 X121.709 Y83.743 E5247.87648
G1 X122.432 Y83.724 E5247.94157
G1 X123.222 Y83.535 E5248.01468
G1 X124.207 Y83.056 E5248.11325
G1 X126.112 Y81.151 E5248.35572
G1 X126.691 Y79.955 E5248.47531
G1 X126.806 Y78.925 E5248.56858
G1 X126.713 Y78.1 E5248.6433
G1 X126.443 Y77.327 E5248.717
G1 X125.943 Y76.529 E5248.80175
G1 X104.755 Y55.341 E5251.49854
G1 X104.083 Y54.804 E5251.57596
G1 X103.341 Y54.45 E5251.64995
G1 X102.395 Y54.24 E5251.73716
G1 X82.513 Y54.24 E5253.52654
G1 X81.567 Y54.45 E5253.61376
G1 X80.829 Y54.804 E5253.68742
G1 X80.178 Y55.322 E5253.7623
G1 X79.531 Y56.135 E5253.85581
G1 X79.096 Y57.389 E5253.97527
G1 X79.096 Y113.517 E5259.02679
G0 F7200 X79.096 Y113.817
G0 X79.696 Y113.517
;TYPE:WALL-INNER
G1 F4620 X79.696 Y117.356 E5259.3723
G1 X79.853 Y118.082 E5259.43915
G1 X80.188 Y118.833 E5259.51316
G1 X80.759 Y119.464 E5259.58975
G1 X134.664 Y167.517 E5266.08899
G1 X135.419 Y167.934 E5266.16662
G1 X136.112 Y168.119 E5266.23117
G1 X136.82 Y168.141 E5266.29492
G1 X137.533 Y167.992 E5266.36048
G1 X138.413 Y167.582 E5266.44785
G1 X142.541 Y163.43 E5266.97479
G1 X142.996 Y162.717 E5267.05092
G1 X143.216 Y162.08 E5267.11157
G1 X143.294 Y161.387 E5267.17433
G1 X143.213 Y160.698 E5267.23677
G1 X142.985 Y160.055 E5267.29817
G1 X142.56 Y159.378 E5267.37011
G1 X96.526 Y113.567 E5273.21511
G1 X95.789 Y112.418 E5273.33796
G1 X95.346 Y111.085 E5273.46438
G1 X95.349 Y72.534 E5276.93397
G1 X95.85 Y70.99 E5277.08007
G1 X96.574 Y69.999 E5277.19052
G1 X97.283 Y69.254 E5277.28308
G1 X98.105 Y68.654 E5277.37468
G1 X99.051 Y68.246 E5277.4674
G1 X100.173 Y68.016 E5277.57048
G1 X102.609 Y68.011 E5277.78972
G1 X103.756 Y68.25 E5277.89516
G1 X104.704 Y68.671 E5277.98852
G1 X105.47 Y69.227 E5278.0737
G1 X120.235 Y82.649 E5279.86955
G1 X121.081 Y83.014 E5279.95247
G1 X121.757 Y83.141 E5280.01438
G1 X122.354 Y83.126 E5280.06813
G1 X123.018 Y82.967 E5280.12957
G1 X123.854 Y82.56 E5280.21326
G1 X125.616 Y80.798 E5280.43752
G1 X126.106 Y79.787 E5280.53864
G1 X126.202 Y78.925 E5280.6167
G1 X126.124 Y78.234 E5280.67928
G1 X125.899 Y77.589 E5280.74076
G1 X125.471 Y76.905 E5280.81338
G1 X104.355 Y55.789 E5283.50101
G1 X103.763 Y55.316 E5283.56921
G1 X103.144 Y55.021 E5283.63092
G1 X102.329 Y54.84 E5283.70606
G1 X82.579 Y54.84 E5285.48356
G1 X81.764 Y55.021 E5285.55869
G1 X81.149 Y55.316 E5285.62008
G1 X80.605 Y55.749 E5285.68266
G1 X80.064 Y56.429 E5285.76086
G1 X79.696 Y57.489 E5285.86185
G1 X79.696 Y113.517 E5290.90437
G0 F7200 X80.109 Y113.517
G0 X87.225 Y113.396
;TYPE:SKIN
G1 F2340 X94.653 Y113.404 E5291.53946
G1 X95.856 Y114.252 E5291.66531
G1 X96.19 Y113.933 E5291.7048
G1 X95.363 Y112.66 E5291.83459
G1 X94.864 Y111.162 E5291.96959
G1 X94.864 Y106.583 E5292.36109
G1 X94.523 Y106.497 E5292.39116
G1 X94.177 Y107.146 E5292.45404
G1 X93.913 Y107.304 E5292.48035
G1 X87.225 Y107.316 E5293.05217
G1 X87.225 Y113.396 E5293.57201
G0 F7200 X87.526 Y108.484
G1 F2340 X88.396 Y107.614 E5293.67721
G0 F7200 X89.246 Y107.612
G1 F2340 X87.526 Y109.333 E5293.88524
G0 F7200 X87.526 Y110.181
G1 F2340 X90.096 Y107.611 E5294.196
G0 F7200 X90.947 Y107.609
G1 F2340 X87.526 Y111.03 E5294.60965
G0 F7200 X87.526 Y111.878
G1 F2340 X91.797 Y107.608 E5295.12602
G0 F7200 X92.647 Y107.606
G1 F2340 X87.526 Y112.727 E5295.74522
G0 F7200 X88.005 Y113.096
G1 F2340 X93.496 Y107.605 E5296.40917
G0 F7200 X94.564 Y107.386
G1 F2340 X88.852 Y113.097 E5297.09978
G0 F7200 X89.7 Y113.098
G1 F2340 X94.564 Y108.235 E5297.68785
G0 F7200 X94.564 Y109.083
G1 F2340 X90.547 Y113.1 E5298.17356
G0 F7200 X91.395 Y113.1
G1 F2340 X94.564 Y109.932 E5298.55668
G0 F7200 X94.564 Y110.78
G1 F2340 X92.243 Y113.101 E5298.83733
G0 F7200 X93.09 Y113.102
G1 F2340 X94.668 Y111.524 E5299.02813
G0 F7200 X94.88 Y112.161
G1 F2340 X93.938 Y113.103 E5299.14203
G0 F7200 X94.769 Y113.121
G1 F2340 X95.092 Y112.798 E5299.18109
G0 F7200 X95.428 Y113.31
G1 F2340 X95.267 Y113.471 E5299.20056
G10
G0 F7200 X95.047 Y111.589
G0 X94.514 Y93.78
G11
G1 F2340 X94.868 Y93.692 E5299.23175
G1 X94.868 Y86.16 E5299.87573
G1 X94.477 Y86.07 E5299.91004
G1 X94.176 Y86.708 E5299.97035
G1 X93.905 Y86.88 E5299.99779
G1 X87.224 Y86.884 E5300.56902
G1 X87.224 Y92.964 E5301.08886
G1 X93.904 Y92.964 E5301.66
G1 X94.17 Y93.124 E5301.68654
G1 X94.514 Y93.78 E5301.74987
G0 F7200 X94.472 Y93.052
G1 F2340 X94.568 Y92.957 E5301.76142
G0 F7200 X93.971 Y92.705
G1 F2340 X94.568 Y92.108 E5301.83361
G0 F7200 X94.568 Y91.26
G1 F2340 X93.163 Y92.664 E5302.00343
G0 F7200 X92.315 Y92.664
G1 F2340 X94.568 Y90.411 E5302.27585
G0 F7200 X94.568 Y89.563
G1 F2340 X91.466 Y92.664 E5302.65087
G0 F7200 X90.618 Y92.664
G1 F2340 X94.568 Y88.714 E5303.12849
G0 F7200 X94.568 Y87.866
G1 F2340 X89.769 Y92.664 E5303.7087
G0 F7200 X88.921 Y92.664
G1 F2340 X94.568 Y87.017 E5304.39151
G0 F7200 X93.557 Y87.18
G1 F2340 X88.072 Y92.664 E5305.05467
G0 F7200 X87.524 Y92.364
G1 F2340 X92.707 Y87.181 E5305.68137
G0 F7200 X91.859 Y87.181
G1 F2340 X87.524 Y91.516 E5306.20554
G0 F7200 X87.524 Y90.667
G1 F2340 X91.01 Y87.181 E5306.62705
G0 F7200 X90.16 Y87.182
G1 F2340 X87.524 Y89.819 E5306.94584
G0 F7200 X87.524 Y88.97
G1 F2340 X89.311 Y87.183 E5307.16192
G0 F7200 X88.462 Y87.183
G1 F2340 X87.524 Y88.122 E5307.2754
G0 F7200 X87.524 Y87.273
G1 F2340 X87.613 Y87.183 E5307.28622
;MESH:NONMESH
G0 F600 X87.613 Y87.183 Z2.5
G0 F7200 X80.296 Y88.104
;TIME_ELAPSED:1232.447965
;LAYER:14
;TYPE:FILL
;MESH:porte-manteau.stl
G1 F6300 X80.296 Y91.744 E5307.61382
G1 X86.744 Y91.744 E5308.19414
G1 X86.744 Y88.104 E5308.52174
G1 X80.296 Y88.104 E5309.10206
G10
G0 F7200 X80.296 Y108.532
G11
G1 F6300 X80.296 Y112.176 E5309.43002
G1 X86.744 Y112.176 E5310.01034
G1 X86.744 Y108.532 E5310.3383
G1 X80.296 Y108.532 E5310.91862
G0 F7200 X79.936 Y107.591
G1 F6300 X84.117 Y91.987 E5312.37252
G0 F7200 X84.247 Y91.505
G1 F6300 X85.093 Y88.344 E5312.66702
G0 F7200 X85.222 Y87.865
G1 F6300 X94.007 Y55.079 E5315.72185
G0 F7200 X93.264 Y55.08
G1 F6300 X120.825 Y82.641 E5319.2298
G0 F7200 X120.891 Y82.488
G0 X119.399 Y81.339
G0 X119.286 Y81.461
G1 F6300 X125.875 Y79.696 E5319.84371
G0 F7200 X125.711 Y79.677
G0 X125.212 Y77.264
G0 X125.356 Y77.174
G1 F6300 X124.059 Y82.017 E5320.29494
G0 F7200 X123.94 Y81.897
G0 X115.864 Y78.124
G0 X115.751 Y78.247
G1 F6300 X118.017 Y69.791 E5321.08283
G0 F7200 X117.896 Y69.912
G0 X120.02 Y72.036
G0 X120.142 Y71.915
G1 F6300 X111.372 Y74.264 E5321.89996
G0 F7200 X111.485 Y74.141
G0 X108.373 Y71.311
G0 X108.259 Y71.434
G1 F6300 X110.668 Y62.444 E5322.7376
G0 F7200 X110.548 Y62.564
G0 X112.671 Y64.687
G0 X112.793 Y64.566
G1 F6300 X100.823 Y67.774 E5323.85292
G0 F7200 X99.91 Y67.822
G1 F6300 X103.254 Y55.341 E5325.01583
G0 F7200 X103.181 Y55.493
G0 X105.323 Y57.339
G0 X105.444 Y57.218
G1 F6300 X79.937 Y64.052 E5327.39243
G0 F7200 X80.109 Y64.052
G0 X80.109 Y67.208
G0 X79.936 Y67.208
G1 F6300 X95.109 Y82.381 E5329.32363
G0 F7200 X94.934 Y82.381
G0 X94.934 Y85.738
G0 X95.109 Y85.738
G1 F6300 X94.989 Y86.188 E5329.36555
G0 F7200 X94.934 Y86.187
G0 X94.934 Y87.94
G0 X95.108 Y87.94
G1 F6300 X94.988 Y87.972 E5329.37673
G0 F7200 X94.934 Y87.971
G0 X93.905 Y93.905
G1 F6300 X94.407 Y94.407 E5329.44062
G1 X94.576 Y94.576
G1 X95.108 Y95.108 E5329.50833
G0 F7200 X94.934 Y95.108
G0 X94.934 Y97.257
G0 X95.108 Y97.257
G1 F6300 X79.936 Y101.323 E5330.922
G0 F7200 X80.109 Y101.323
G0 X80.109 Y105.391
G0 X79.936 Y105.391
G1 F6300 X82.838 Y108.294 E5331.29143
G0 F7200 X83.316 Y108.772
G1 F6300 X86.48 Y111.936 E5331.69414
G0 F7200 X86.962 Y112.418
G1 F6300 X87.104 Y112.56 E5331.71221
G0 F7200 X87.447 Y114.335
G1 F6300 X85.118 Y123.026 E5332.522
G0 F7200 X85.23 Y122.901
G0 X82.696 Y120.642
G0 X82.584 Y120.767
G1 F6300 X80.29 Y118.474 E5332.81391
G0 F7200 X80.447 Y118.405
G0 X81.386 Y119.474
G0 X81.272 Y119.6
G1 F6300 X97.797 Y115.172 E5334.35363
G0 F7200 X96.701 Y114.571
G1 F6300 X92.639 Y129.73 E5335.76607
G0 F7200 X92.751 Y129.606
G0 X89.422 Y126.638
G0 X89.309 Y126.764
G1 F6300 X105.174 Y122.512 E5337.24432
G0 F7200 X105.05 Y122.635
G0 X104.037 Y121.627
G0 X104.16 Y121.505
G1 F6300 X100.16 Y136.435 E5338.6354
G0 F7200 X100.272 Y136.311
G0 X97.458 Y133.802
G0 X97.345 Y133.928
G1 F6300 X112.551 Y129.853 E5340.05223
G0 F7200 X112.428 Y129.975
G0 X111.394 Y128.946
G0 X111.516 Y128.825
G1 F6300 X107.681 Y143.14 E5341.38602
G0 F7200 X107.793 Y143.016
G0 X105.495 Y140.967
G0 X105.382 Y141.092
G1 F6300 X119.928 Y137.194 E5342.74135
G0 F7200 X119.806 Y137.316
G0 X118.751 Y136.266
G0 X118.873 Y136.145
G1 F6300 X115.202 Y149.844 E5344.01776
G0 F7200 X115.313 Y149.72
G0 X113.53 Y148.131
G0 X113.418 Y148.256
G1 F6300 X127.305 Y144.535 E5345.31168
G0 F7200 X127.183 Y144.656
G0 X126.107 Y143.586
G0 X126.229 Y143.465
G1 F6300 X122.723 Y156.549 E5346.53078
G0 F7200 X122.834 Y156.425
G0 X121.567 Y155.296
G0 X121.455 Y155.42
G1 F6300 X134.682 Y151.876 E5347.7632
G0 F7200 X134.561 Y151.997
G0 X133.464 Y150.905
G0 X133.585 Y150.785
G1 F6300 X130.244 Y163.253 E5348.92491
G0 F7200 X129.491 Y162.584
G1 F6300 X142.059 Y159.217 E5350.09592
G0 F7200 X141.938 Y159.337
G0 X140.821 Y158.225
G0 X140.941 Y158.105
G1 F6300 X138.522 Y167.133 E5350.9371
G0 F7200 X138.403 Y167.013
G0 X139.977 Y165.432
G0 X140.095 Y165.551
G1 F6300 X88.88 Y114.336 E5357.4557
G0 F7200 X86.504 Y108.88
G1 F6300 X80.537 Y110.479 E5358.01168
G0 F7200 X89.576 Y106.387
G1 F6300 X92.921 Y93.904 E5359.17479
G0 F7200 X86.503 Y90.245
G1 F6300 X81.806 Y91.504 E5359.61244
G0 F7200 X80.109 Y92.664
G0 X79.936 Y92.664
G1 F6300 X93.652 Y106.38 E5361.3582
G10
G0 F7200 X87.104 Y87.104
G11
G1 F6300 X79.936 Y79.936 E5362.27054
G0 F7200 X80.109 Y79.936
G0 X80.109 Y82.687
G0 X79.937 Y82.687
G1 F6300 X95.11 Y78.622 E5363.68427
G0 F7200 X94.934 Y78.622
G0 X94.995 Y72.483
G0 X95.482 Y70.994
G0 X95.93 Y70.475
G1 F6300 X81.11 Y55.654 E5365.57061
G0 F7200 X81.216 Y55.788
G0 X84.689 Y55.252
G0 X84.689 Y55.079
G1 F6300 X79.936 Y72.818 E5367.22344
G0 F7200 X79.936 Y73.37
G1 F6300 X97.79 Y68.586 E5368.88698
G0 F7200 X98.285 Y69.267
;TYPE:WALL-OUTER
G1 F2880 X98.406 Y69.179 E5368.90045
G1 X99.233 Y68.818 E5368.98166
G1 X100.233 Y68.613 E5369.07353
G1 X102.52 Y68.611 E5369.27936
G1 X103.572 Y68.822 E5369.37593
G1 X104.376 Y69.182 E5369.45521
G1 X105.117 Y69.713 E5369.53725
G1 X119.905 Y83.16 E5371.33614
G1 X120.908 Y83.591 E5371.43439
G1 X121.717 Y83.743 E5371.50848
G1 X122.425 Y83.724 E5371.57222
G1 X123.218 Y83.539 E5371.64551
G1 X124.207 Y83.056 E5371.74457
G1 X126.112 Y81.151 E5371.98703
G1 X126.691 Y79.955 E5372.10662
G1 X126.806 Y78.925 E5372.1999
G1 X126.713 Y78.1 E5372.27462
G1 X126.443 Y77.327 E5372.34831
G1 X125.943 Y76.529 E5372.43306
G1 X104.755 Y55.341 E5375.12986
G1 X104.083 Y54.804 E5375.20727
G1 X103.341 Y54.45 E5375.28127
G1 X102.395 Y54.24 E5375.36848
G1 X82.513 Y54.24 E5377.15786
G1 X81.567 Y54.45 E5377.24507
G1 X80.829 Y54.804 E5377.31874
G1 X80.178 Y55.322 E5377.39361
G1 X79.531 Y56.135 E5377.48712
G1 X79.096 Y57.389 E5377.60658
G1 X79.096 Y117.42 E5383.00937
G1 X79.279 Y118.27 E5383.08762
G1 X79.679 Y119.165 E5383.17585
G1 X80.336 Y119.89 E5383.26391
G1 X134.315 Y168.009 E5389.77208
G1 X135.193 Y168.495 E5389.8624
G1 X136.024 Y168.717 E5389.93981
G1 X136.873 Y168.743 E5390.01626
G1 X137.724 Y168.565 E5390.0945
G1 X138.762 Y168.081 E5390.19758
G1 X143.012 Y163.807 E5390.74005
G1 X143.54 Y162.98 E5390.82835
G1 X143.805 Y162.213 E5390.90139
G1 X143.898 Y161.385 E5390.97638
G1 X143.801 Y160.561 E5391.05105
G1 X143.528 Y159.792 E5391.12449
G1 X143.028 Y158.997 E5391.20901
G1 X97.188 Y113.387 E5397.02887
G1 X96.671 Y112.757 E5397.10222
G1 X96.329 Y112.141 E5397.16563
G1 X95.944 Y110.984 E5397.27538
G1 X95.945 Y72.626 E5400.7276
G1 X96.393 Y71.266 E5400.85647
G1 X97.07 Y70.34 E5400.95971
G1 X97.658 Y69.724 E5401.03635
G1 X98.285 Y69.267 E5401.10618
G0 F7200 X98.406 Y69.179
G0 X98.543 Y69.119
G0 X97.931 Y68.781
;TYPE:WALL-INNER
G1 F4628.5 X98.105 Y68.654 E5401.12553
G1 F4620 X99.051 Y68.246 E5401.21825
G1 X100.173 Y68.016 E5401.32133
G1 X102.609 Y68.011 E5401.54057
G1 X103.756 Y68.25 E5401.64602
G1 X104.704 Y68.671 E5401.73938
G1 X105.47 Y69.227 E5401.82456
G1 X120.234 Y82.648 E5403.62028
G1 X121.084 Y83.013 E5403.70353
G1 X121.765 Y83.141 E5403.7659
G1 X122.348 Y83.126 E5403.81838
G1 X123.016 Y82.97 E5403.88012
G1 X123.853 Y82.561 E5403.96396
G1 X125.616 Y80.798 E5404.18836
G1 X126.106 Y79.787 E5404.28947
G1 X126.202 Y78.925 E5404.36753
G1 X126.124 Y78.234 E5404.43012
G1 X125.899 Y77.589 E5404.4916
G1 X125.471 Y76.905 E5404.56422
G1 X104.355 Y55.789 E5407.25184
G1 X103.763 Y55.316 E5407.32004
G1 X103.144 Y55.021 E5407.38175
G1 X102.329 Y54.84 E5407.45689
G1 X82.579 Y54.84 E5409.23439
G1 X81.764 Y55.021 E5409.30953
G1 X81.149 Y55.316 E5409.37092
G1 X80.605 Y55.749 E5409.43349
G1 X80.064 Y56.429 E5409.5117
G1 X79.696 Y57.489 E5409.61268
G1 X79.696 Y117.356 E5415.00071
G1 X79.853 Y118.082 E5415.06756
G1 X80.188 Y118.833 E5415.14157
G1 X80.759 Y119.464 E5415.21816
G1 X134.664 Y167.517 E5421.71741
G1 X135.419 Y167.934 E5421.79504
G1 X136.112 Y168.119 E5421.85959
G1 X136.82 Y168.141 E5421.92334
G1 X137.533 Y167.992 E5421.9889
G1 X138.413 Y167.582 E5422.07627
G1 X142.541 Y163.43 E5422.60321
G1 X142.996 Y162.717 E5422.67933
G1 X143.216 Y162.08 E5422.73999
G1 X143.294 Y161.387 E5422.80275
G1 X143.213 Y160.698 E5422.86519
G1 X142.985 Y160.056 E5422.9265
G1 X142.556 Y159.374 E5422.99902
G1 X96.724 Y113.768 E5428.81811
G1 X96.175 Y113.095 E5428.89628
G1 X95.779 Y112.382 E5428.96968
G1 X95.346 Y111.092 E5429.09215
G1 X95.349 Y72.534 E5432.56237
G1 X95.85 Y70.99 E5432.70846
G1 X96.574 Y69.999 E5432.81892
G1 X97.283 Y69.254 E5432.91148
G1 F4628.5 X97.931 Y68.781 E5432.98356
G10
G0 F7200 X97.694 Y68.451
G0 X97.055 Y68.986
G0 X96.329 Y69.746
G0 X95.536 Y70.829
G0 X94.995 Y72.483
G0 X94.603 Y85.403
;TYPE:SKIN
G11
G1 F2340 X94.256 Y85.939 E5433.03815
G1 X94.004 Y86.076 E5433.06268
G1 X87.224 Y86.076 E5433.64237
G1 X87.224 Y93.784 E5434.3014
G1 X94.004 Y93.784 E5434.88109
G1 X94.262 Y93.93 E5434.90644
G1 X94.572 Y94.45 E5434.9582
G1 X94.868 Y94.368 E5434.98446
G1 X94.868 Y85.481 E5435.7443
G1 X94.603 Y85.403 E5435.76792
G0 F7200 X94.01 Y86.373
G1 F2340 X94.568 Y86.932 E5435.83545
G0 F7200 X94.568 Y87.78
G1 F2340 X93.164 Y86.376 E5436.00521
G0 F7200 X92.316 Y86.376
G1 F2340 X94.568 Y88.629 E5436.27758
G0 F7200 X94.568 Y89.477
G1 F2340 X91.467 Y86.376 E5436.65253
G0 F7200 X90.619 Y86.376
G1 F2340 X94.568 Y90.326 E5437.13009
G0 F7200 X94.568 Y91.174
G1 F2340 X89.77 Y86.376 E5437.71024
G0 F7200 X88.922 Y86.376
G1 F2340 X94.568 Y92.023 E5438.39299
G0 F7200 X94.568 Y92.871
G1 F2340 X88.073 Y86.376 E5439.17833
G0 F7200 X87.524 Y86.676
G1 F2340 X94.568 Y93.72 E5440.03006
G0 F7200 X93.484 Y93.484
G1 F2340 X87.524 Y87.524 E5440.75071
G0 F7200 X87.524 Y88.373
G1 F2340 X92.635 Y93.484 E5441.36871
G0 F7200 X91.787 Y93.484
G1 F2340 X87.524 Y89.221 E5441.88417
G0 F7200 X87.524 Y90.07
G1 F2340 X90.938 Y93.484 E5442.29698
G0 F7200 X90.09 Y93.484
G1 F2340 X87.524 Y90.918 E5442.60725
G0 F7200 X87.524 Y91.767
G1 F2340 X89.241 Y93.484 E5442.81486
G0 F7200 X88.393 Y93.484
G1 F2340 X87.524 Y92.615 E5442.91993
G1 X87.418 Y92.509
G0 F7200 X87.435 Y106.507
G1 F2340 X87.224 Y106.508 E5442.93798
G1 X87.224 Y114.212 E5443.59667
G1 X95.33 Y114.221 E5444.28973
G1 X96.335 Y114.807 E5444.3892
G1 X96.652 Y114.44 E5444.43066
G1 X95.795 Y113.386 E5444.54681
G1 X95.327 Y112.551 E5444.62865
G1 X94.864 Y111.158 E5444.75416
G1 X94.864 Y105.919 E5445.20209
G1 X94.578 Y105.839 E5445.22748
G1 X94.26 Y106.357 E5445.27945
G1 X94.005 Y106.5 E5445.30445
G1 X87.435 Y106.507 E5445.86619
G0 F7200 X94.046 Y106.774
G1 F2340 X94.564 Y107.292 E5445.92882
G0 F7200 X94.564 Y108.141
G1 F2340 X93.225 Y106.801 E5446.09079
G0 F7200 X92.377 Y106.802
G1 F2340 X94.564 Y108.989 E5446.35523
G0 F7200 X94.564 Y109.838
G1 F2340 X91.53 Y106.804 E5446.72208
G0 F7200 X90.682 Y106.804
G1 F2340 X94.564 Y110.686 E5447.19148
G0 F7200 X94.726 Y111.697
G1 F2340 X89.835 Y106.806 E5447.78287
G0 F7200 X88.987 Y106.806
G1 F2340 X95.292 Y113.111 E5448.54524
G0 F7200 X95.249 Y113.916
G1 F2340 X88.139 Y106.807 E5449.40489
G0 F7200 X87.524 Y107.04
G1 F2340 X94.399 Y113.916 E5450.23624
G0 F7200 X93.551 Y113.916
G1 F2340 X87.524 Y107.888 E5450.96506
G0 F7200 X87.524 Y108.737
G1 F2340 X92.702 Y113.915 E5451.59116
G0 F7200 X91.852 Y113.914
G1 F2340 X87.524 Y109.585 E5452.11454
G0 F7200 X87.524 Y110.434
G1 F2340 X91.003 Y113.913 E5452.53521
G0 F7200 X90.155 Y113.913
G1 F2340 X87.524 Y111.282 E5452.85333
G0 F7200 X87.524 Y112.131
G1 F2340 X89.305 Y113.913 E5453.06874
G0 F7200 X88.456 Y113.912
G1 F2340 X87.524 Y112.979 E5453.1815
G1 X87.419 Y112.873
G10
;MESH:NONMESH
G0 F600 X87.419 Y112.873 Z2.65
G0 F7200 X80.296 Y88.104
;TIME_ELAPSED:1264.621134
;LAYER:15
;TYPE:FILL
;MESH:porte-manteau.stl
G11
G1 F6300 X80.296 Y91.744 E5453.5091
G1 X86.744 Y91.744 E5454.08942
G1 X86.744 Y88.104 E5454.41702
G1 X80.296 Y88.104 E5454.99734
G10
G0 F7200 X80.296 Y108.532
G11
G1 F6300 X80.296 Y112.176 E5455.3253
G1 X86.744 Y112.176 E5455.90562
G1 X86.744 Y108.532 E5456.23358
G1 X80.296 Y108.532 E5456.8139
G0 F7200 X79.936 Y107.591
G1 F6300 X84.117 Y91.987 E5458.2678
G0 F7200 X84.247 Y91.505
G1 F6300 X85.093 Y88.344 E5458.5623
G0 F7200 X85.222 Y87.865
G1 F6300 X94.007 Y55.079 E5461.61713
G0 F7200 X93.264 Y55.08
G1 F6300 X120.826 Y82.642 E5465.1252
G0 F7200 X120.893 Y82.488
G0 X119.4 Y81.336
G0 X119.285 Y81.461
G1 F6300 X125.875 Y79.696 E5465.7392
G0 F7200 X125.711 Y79.677
G0 X125.212 Y77.264
G0 X125.356 Y77.174
G1 F6300 X124.059 Y82.017 E5466.19043
G0 F7200 X123.94 Y81.897
G0 X115.866 Y78.123
G0 X115.751 Y78.247
G1 F6300 X118.017 Y69.791 E5466.97833
G0 F7200 X117.896 Y69.912
G0 X120.02 Y72.036
G0 X120.142 Y71.915
G1 F6300 X111.372 Y74.264 E5467.79545
G0 F7200 X111.486 Y74.14
G0 X108.374 Y71.31
G0 X108.259 Y71.434
G1 F6300 X110.668 Y62.444 E5468.63309
G0 F7200 X110.548 Y62.564
G0 X112.671 Y64.687
G0 X112.793 Y64.566
G1 F6300 X100.823 Y67.774 E5469.74841
G0 F7200 X99.91 Y67.822
G1 F6300 X103.254 Y55.341 E5470.91132
G0 F7200 X103.181 Y55.493
G0 X105.323 Y57.339
G0 X105.444 Y57.218
G1 F6300 X79.937 Y64.052 E5473.28792
G0 F7200 X80.109 Y64.052
G0 X80.109 Y67.208
G0 X79.936 Y67.208
G1 F6300 X95.109 Y82.381 E5475.21913
G0 F7200 X94.934 Y82.381
G0 X94.934 Y85.741
G0 X95.108 Y85.741
G1 F6300 X94.988 Y86.189 E5475.26087
G0 F7200 X94.934 Y86.189
G0 X94.934 Y87.94
G0 X95.107 Y87.94
G1 F6300 X94.987 Y87.972 E5475.27204
G0 F7200 X94.934 Y87.972
G0 X92.772 Y94.462
G1 F6300 X89.73 Y105.814 E5476.32977
G0 F7200 X93.088 Y105.816
G1 F6300 X79.936 Y92.664 E5478.00375
G0 F7200 X80.109 Y92.664
G0 X81.806 Y91.504
G1 F6300 X86.503 Y90.245 E5478.4414
G0 F7200 X87.104 Y87.104
G1 F6300 X79.936 Y79.936 E5479.35374
G0 F7200 X80.109 Y79.936
G0 X80.109 Y82.687
G0 X79.937 Y82.687
G1 F6300 X95.109 Y78.622 E5480.76738
G0 F7200 X94.934 Y78.622
G0 X94.995 Y72.483
G0 X95.482 Y70.994
G0 X95.93 Y70.475
G1 F6300 X81.11 Y55.654 E5482.65372
G0 F7200 X81.216 Y55.788
G0 X84.689 Y55.252
G0 X84.689 Y55.079
G1 F6300 X79.936 Y72.818 E5484.30655
G0 F7200 X79.936 Y73.37
G1 F6300 X97.79 Y68.586 E5485.97009
G10
G0 F7200 X97.694 Y68.451
G0 X97.055 Y68.986
G0 X96.329 Y69.746
G0 X95.536 Y70.829
G0 X94.995 Y72.483
G0 X94.934 Y94.977
G0 X94.977 Y94.977
G11
G1 F6300 X95.107 Y95.107 E5485.98664
G0 F7200 X94.934 Y95.107
G0 X94.934 Y97.258
G0 X95.106 Y97.258
G1 F6300 X79.936 Y101.323 E5487.4001
G0 F7200 X80.109 Y101.323
G0 X80.109 Y105.391
G0 X79.936 Y105.391
G1 F6300 X82.838 Y108.294 E5487.76953
G0 F7200 X83.316 Y108.772
G1 F6300 X86.48 Y111.936 E5488.17224
G0 F7200 X86.962 Y112.418
G1 F6300 X87.104 Y112.56 E5488.19032
G0 F7200 X87.298 Y114.891
G1 F6300 X85.118 Y123.026 E5488.9483
G0 F7200 X85.23 Y122.901
G0 X82.696 Y120.642
G0 X82.584 Y120.767
G1 F6300 X80.29 Y118.474 E5489.24022
G0 F7200 X80.447 Y118.405
G0 X81.386 Y119.474
G0 X81.272 Y119.6
G1 F6300 X97.787 Y115.174 E5490.77902
G0 F7200 X97.669 Y115.291
G0 X96.529 Y115.213
G1 F6300 X92.639 Y129.73 E5492.13164
G0 F7200 X92.751 Y129.606
G0 X89.422 Y126.638
G0 X89.309 Y126.764
G1 F6300 X105.166 Y122.515 E5493.60912
G0 F7200 X105.048 Y122.632
G0 X104.04 Y121.63
G0 X104.158 Y121.513
G1 F6300 X100.16 Y136.435 E5494.99946
G0 F7200 X100.272 Y136.311
G0 X97.458 Y133.802
G0 X97.345 Y133.928
G1 F6300 X112.545 Y129.855 E5496.41573
G0 F7200 X112.426 Y129.973
G0 X111.396 Y128.949
G0 X111.515 Y128.831
G1 F6300 X107.681 Y143.14 E5497.74896
G0 F7200 X107.793 Y143.016
G0 X105.495 Y140.967
G0 X105.382 Y141.092
G1 F6300 X119.923 Y137.195 E5499.10384
G0 F7200 X119.804 Y137.314
G0 X118.752 Y136.268
G0 X118.871 Y136.15
G1 F6300 X115.202 Y149.844 E5500.37977
G0 F7200 X115.313 Y149.72
G0 X113.53 Y148.131
G0 X113.418 Y148.256
G1 F6300 X127.301 Y144.536 E5501.67331
G0 F7200 X127.182 Y144.655
G0 X126.109 Y143.587
G0 X126.228 Y143.469
G1 F6300 X122.723 Y156.549 E5502.89205
G0 F7200 X122.834 Y156.425
G0 X121.567 Y155.296
G0 X121.455 Y155.42
G1 F6300 X134.68 Y151.876 E5504.12429
G0 F7200 X134.56 Y151.996
G0 X133.465 Y150.906
G0 X133.584 Y150.788
G1 F6300 X130.244 Y163.253 E5505.28572
G0 F7200 X129.491 Y162.584
G1 F6300 X142.058 Y159.217 E5506.45664
G0 F7200 X141.938 Y159.336
G0 X140.821 Y158.225
G0 X140.94 Y158.106
G1 F6300 X138.522 Y167.133 E5507.29771
G0 F7200 X138.403 Y167.013
G0 X139.977 Y165.432
G0 X140.095 Y165.551
G1 F6300 X89.438 Y114.894 E5513.74529
G0 F7200 X86.504 Y108.88
G1 F6300 X80.537 Y110.479 E5514.30127
G0 F7200 X79.509 Y110.479
G0 X79.096 Y110.479
;TYPE:WALL-OUTER
G1 F2880 X79.096 Y117.42 E5514.92596
G1 X79.279 Y118.27 E5515.00421
G1 X79.679 Y119.165 E5515.09244
G1 X80.336 Y119.89 E5515.1805
G1 X134.315 Y168.009 E5521.68867
G1 X135.193 Y168.495 E5521.77899
G1 X136.024 Y168.717 E5521.8564
G1 X136.873 Y168.743 E5521.93285
G1 X137.724 Y168.565 E5522.01109
G1 X138.762 Y168.081 E5522.11417
G1 X143.012 Y163.807 E5522.65664
G1 X143.54 Y162.98 E5522.74494
G1 X143.805 Y162.213 E5522.81798
G1 X143.898 Y161.385 E5522.89297
G1 X143.801 Y160.561 E5522.96764
G1 X143.528 Y159.792 E5523.04108
G1 X143.032 Y159.001 E5523.12511
G1 X96.992 Y113.195 E5528.97017
G1 X96.526 Y112.52 E5529.04399
G1 X96.151 Y111.688 E5529.12613
G1 X95.945 Y110.675 E5529.21916
G1 X95.945 Y72.626 E5532.64357
G1 X96.393 Y71.266 E5532.77244
G1 X97.07 Y70.34 E5532.87568
G1 X97.658 Y69.724 E5532.95232
G1 X98.406 Y69.179 E5533.03562
G1 X99.233 Y68.818 E5533.11683
G1 X100.233 Y68.613 E5533.2087
G1 X102.52 Y68.611 E5533.41453
G1 X103.572 Y68.822 E5533.5111
G1 X104.376 Y69.182 E5533.59038
G1 X105.117 Y69.713 E5533.67242
G1 X119.909 Y83.164 E5535.47182
G1 X120.916 Y83.595 E5535.5704
G1 X121.724 Y83.743 E5535.64433
G1 X122.417 Y83.724 E5535.70673
G1 X123.215 Y83.539 E5535.78045
G1 X124.207 Y83.056 E5535.87975
G1 X126.112 Y81.151 E5536.12222
G1 X126.691 Y79.955 E5536.24181
G1 X126.806 Y78.925 E5536.33509
G1 X126.713 Y78.1 E5536.40981
G1 X126.443 Y77.327 E5536.4835
G1 X125.943 Y76.529 E5536.56825
G1 X104.755 Y55.341 E5539.26504
G1 X104.083 Y54.804 E5539.34246
G1 X103.341 Y54.45 E5539.41645
G1 X102.395 Y54.24 E5539.50366
G1 X82.513 Y54.24 E5541.29304
G1 X81.567 Y54.45 E5541.38026
G1 X80.829 Y54.804 E5541.45392
G1 X80.178 Y55.322 E5541.5288
G1 X79.531 Y56.135 E5541.62231
G1 X79.096 Y57.389 E5541.74177
G1 X79.096 Y110.479 E5546.51987
G0 F7200 X79.096 Y110.779
G0 X79.696 Y110.479
;TYPE:WALL-INNER
G1 F4620 X79.696 Y117.356 E5547.1388
G1 X79.853 Y118.082 E5547.20565
G1 X80.188 Y118.833 E5547.27966
G1 X80.759 Y119.464 E5547.35625
G1 X134.664 Y167.517 E5553.85549
G1 X135.419 Y167.934 E5553.93312
G1 X136.112 Y168.119 E5553.99767
G1 X136.82 Y168.141 E5554.06142
G1 X137.533 Y167.992 E5554.12698
G1 X138.413 Y167.582 E5554.21435
G1 X142.541 Y163.43 E5554.74129
G1 X142.996 Y162.717 E5554.81742
G1 X143.216 Y162.08 E5554.87807
G1 X143.294 Y161.387 E5554.94083
G1 X143.213 Y160.698 E5555.00327
G1 X142.985 Y160.055 E5555.06467
G1 X142.56 Y159.378 E5555.13661
G1 X96.537 Y113.586 E5560.9797
G1 X96.004 Y112.816 E5561.06398
G1 X95.582 Y111.887 E5561.15582
G1 X95.344 Y110.737 E5561.26151
G1 X95.349 Y72.534 E5564.69978
G1 X95.85 Y70.99 E5564.84587
G1 X96.574 Y69.999 E5564.95633
G1 X97.283 Y69.254 E5565.04889
G1 X98.105 Y68.654 E5565.14048
G1 X99.051 Y68.246 E5565.2332
G1 X100.173 Y68.016 E5565.33628
G1 X102.609 Y68.011 E5565.55552
G1 X103.756 Y68.25 E5565.66097
G1 X104.704 Y68.671 E5565.75432
G1 X105.47 Y69.227 E5565.83951
G1 X120.238 Y82.652 E5567.63574
G1 X121.09 Y83.017 E5567.71916
G1 X121.771 Y83.141 E5567.78145
G1 X122.34 Y83.126 E5567.83268
G1 X123.013 Y82.97 E5567.89486
G1 X123.854 Y82.56 E5567.97906
G1 X125.616 Y80.798 E5568.20333
G1 X126.106 Y79.787 E5568.30444
G1 X126.202 Y78.925 E5568.3825
G1 X126.124 Y78.234 E5568.44509
G1 X125.899 Y77.589 E5568.50657
G1 X125.471 Y76.905 E5568.57919
G1 X104.355 Y55.789 E5571.26681
G1 X103.763 Y55.316 E5571.33501
G1 X103.144 Y55.021 E5571.39673
G1 X102.329 Y54.84 E5571.47186
G1 X82.579 Y54.84 E5573.24936
G1 X81.764 Y55.021 E5573.3245
G1 X81.149 Y55.316 E5573.38589
G1 X80.605 Y55.749 E5573.44846
G1 X80.064 Y56.429 E5573.52667
G1 X79.696 Y57.489 E5573.62766
G1 X79.696 Y110.479 E5578.39676
G0 F7200 X80.109 Y110.479
G0 X87.224 Y110.478
;TYPE:SKIN
G1 F2340 X87.225 Y114.768 E5578.76355
G1 X95.863 Y114.78 E5579.5021
G1 X96.799 Y115.203 E5579.58992
G1 X97.074 Y114.805 E5579.63128
G1 X96.179 Y113.911 E5579.73944
G1 X95.57 Y113.028 E5579.83115
G1 X95.115 Y112.023 E5579.92548
G1 X94.864 Y110.763 E5580.03532
G1 X94.864 Y105.393 E5580.49446
G1 X94.673 Y105.329 E5580.51168
G1 X94.299 Y105.818 E5580.56432
G1 X94.059 Y105.936 E5580.58718
G1 X87.224 Y105.929 E5581.17158
G1 X87.224 Y110.478 E5581.56052
G0 F7200 X87.525 Y106.788
G1 F2340 X88.084 Y106.229 E5581.62811
G0 F7200 X88.931 Y106.23
G1 F2340 X87.525 Y107.637 E5581.79817
G0 F7200 X87.525 Y108.485
G1 F2340 X89.779 Y106.231 E5582.07072
G0 F7200 X90.627 Y106.231
G1 F2340 X87.525 Y109.334 E5582.44586
G0 F7200 X87.525 Y110.182
G1 F2340 X91.474 Y106.233 E5582.92335
G0 F7200 X92.322 Y106.234
G1 F2340 X87.525 Y111.031 E5583.50338
G0 F7200 X87.525 Y111.879
G1 F2340 X93.17 Y106.234 E5584.18595
G0 F7200 X94.018 Y106.235
G1 F2340 X87.525 Y112.728 E5584.97105
G0 F7200 X87.525 Y113.576
G1 F2340 X94.564 Y106.538 E5585.82211
G0 F7200 X94.564 Y107.386
G1 F2340 X87.525 Y114.425 E5586.67324
G0 F7200 X88.328 Y114.47
G1 F2340 X94.564 Y108.235 E5587.4272
G0 F7200 X94.564 Y109.083
G1 F2340 X89.175 Y114.471 E5588.07875
G0 F7200 X90.022 Y114.473
G1 F2340 X94.564 Y109.932 E5588.62789
G0 F7200 X94.564 Y110.78
G1 F2340 X90.87 Y114.474 E5589.07455
G0 F7200 X91.717 Y114.475
G1 F2340 X94.701 Y111.491 E5589.43536
G0 F7200 X94.858 Y112.182
G1 F2340 X92.565 Y114.476 E5589.71268
G0 F7200 X93.412 Y114.477
G1 F2340 X95.122 Y112.767 E5589.91945
G0 F7200 X95.408 Y113.33
G1 F2340 X94.259 Y114.478 E5590.05832
G0 F7200 X95.107 Y114.48
G1 F2340 X95.758 Y113.829 E5590.13703
G0 F7200 X96.14 Y114.295
G1 F2340 X95.945 Y114.49 E5590.16061
G10
G0 F7200 X95.249 Y112.001
G0 X95.02 Y110.895
G0 X94.671 Y94.95
G11
G1 F2340 X94.864 Y94.886 E5590.178
G1 X94.867 Y84.977 E5591.02522
G1 X94.65 Y84.908 E5591.04469
G1 X94.317 Y85.375 E5591.09373
G1 X94.072 Y85.5 E5591.11724
G1 X87.224 Y85.5 E5591.70275
G1 X87.225 Y94.339 E5592.45848
G1 X94.064 Y94.339 E5593.04322
G1 X94.305 Y94.46 E5593.06627
G1 X94.671 Y94.95 E5593.11856
G0 F7200 X94.24 Y94.134
G1 F2340 X94.564 Y93.809 E5593.1578
G0 F7200 X94.564 Y92.961
G1 F2340 X93.486 Y94.039 E5593.28815
G0 F7200 X92.637 Y94.039
G1 F2340 X94.564 Y92.112 E5593.52115
G0 F7200 X94.564 Y91.263
G1 F2340 X91.789 Y94.039 E5593.85675
G0 F7200 X90.94 Y94.039
G1 F2340 X94.564 Y90.415 E5594.29495
G0 F7200 X94.564 Y89.566
G1 F2340 X90.092 Y94.039 E5594.83574
G0 F7200 X89.243 Y94.039
G1 F2340 X94.564 Y88.718 E5595.47913
G0 F7200 X94.564 Y87.869
G1 F2340 X88.395 Y94.039 E5596.22512
G0 F7200 X87.546 Y94.039
G1 F2340 X94.564 Y87.021 E5597.0737
G0 F7200 X94.564 Y86.172
G1 F2340 X87.525 Y93.212 E5597.92489
G0 F7200 X87.525 Y92.363
G1 F2340 X94.104 Y85.784 E5598.72039
G0 F7200 X93.239 Y85.8
G1 F2340 X87.525 Y91.514 E5599.4113
G0 F7200 X87.525 Y90.666
G1 F2340 X92.391 Y85.8 E5599.99967
G0 F7200 X91.542 Y85.8
G1 F2340 X87.525 Y89.817 E5600.48539
G0 F7200 X87.525 Y88.969
G1 F2340 X90.694 Y85.8 E5600.86857
G0 F7200 X89.845 Y85.8
G1 F2340 X87.525 Y88.12 E5601.14909
G0 F7200 X87.525 Y87.272
G1 F2340 X88.996 Y85.8 E5601.32702
G0 F7200 X88.148 Y85.8
G1 F2340 X87.525 Y86.423 E5601.40235
;MESH:NONMESH
G0 F600 X87.525 Y86.423 Z2.8
G0 F7200 X80.296 Y88.104
;TIME_ELAPSED:1297.242156
;LAYER:16
;TYPE:FILL
;MESH:porte-manteau.stl
G1 F6300 X80.296 Y91.744 E5601.72995
G1 X86.744 Y91.744 E5602.31027
G1 X86.744 Y88.104 E5602.63787
G1 X80.296 Y88.104 E5603.21819
G10
G0 F7200 X80.296 Y108.532
G11
G1 F6300 X80.296 Y112.176 E5603.54615
G1 X86.744 Y112.176 E5604.12647
G1 X86.744 Y108.532 E5604.45443
G1 X80.296 Y108.532 E5605.03475
G0 F7200 X79.936 Y107.591
G1 F6300 X84.117 Y91.987 E5606.48865
G0 F7200 X84.247 Y91.505
G1 F6300 X85.093 Y88.344 E5606.78315
G0 F7200 X85.222 Y87.865
G1 F6300 X94.007 Y55.079 E5609.83798
G0 F7200 X93.264 Y55.08
G1 F6300 X120.828 Y82.644 E5613.34631
G0 F7200 X120.895 Y82.488
G0 X119.399 Y81.337
G0 X119.285 Y81.461
G1 F6300 X125.875 Y79.696 E5613.96031
G0 F7200 X125.711 Y79.677
G0 X125.212 Y77.264
G0 X125.356 Y77.174
G1 F6300 X124.059 Y82.017 E5614.41154
G0 F7200 X123.94 Y81.897
G0 X115.865 Y78.124
G0 X115.751 Y78.247
G1 F6300 X118.017 Y69.791 E5615.19943
G0 F7200 X117.896 Y69.912
G0 X120.02 Y72.036
G0 X120.142 Y71.915
G1 F6300 X111.372 Y74.264 E5616.01655
G0 F7200 X111.486 Y74.141
G0 X108.373 Y71.31
G0 X108.259 Y71.434
G1 F6300 X110.668 Y62.444 E5616.8542
G0 F7200 X110.548 Y62.564
G0 X112.671 Y64.687
G0 X112.793 Y64.566
G1 F6300 X100.823 Y67.774 E5617.96952
G0 F7200 X99.91 Y67.822
G1 F6300 X103.254 Y55.341 E5619.13243
G0 F7200 X103.181 Y55.493
G0 X105.323 Y57.339
G0 X105.444 Y57.218
G1 F6300 X79.937 Y64.052 E5621.50902
G0 F7200 X80.109 Y64.052
G0 X80.109 Y67.208
G0 X79.936 Y67.208
G1 F6300 X95.106 Y82.378 E5623.43985
G0 F7200 X94.934 Y82.378
G0 X94.934 Y78.623
G0 X95.105 Y78.623
G1 F6300 X79.937 Y82.687 E5624.85312
G0 F7200 X80.109 Y82.687
G0 X80.109 Y79.936
G0 X79.936 Y79.936
G1 F6300 X87.104 Y87.104 E5625.76546
G0 F7200 X86.503 Y90.245
G1 F6300 X81.806 Y91.504 E5626.20311
G0 F7200 X80.109 Y92.664
G0 X79.936 Y92.664
G1 F6300 X92.66 Y105.388 E5627.82261
G0 F7200 X89.844 Y105.389
G1 F6300 X92.656 Y94.894 E5628.80048
G0 F7200 X94.934 Y97.257
G0 X95.108 Y97.257
G1 F6300 X79.936 Y101.323 E5630.21414
G0 F7200 X80.109 Y101.323
G0 X80.109 Y105.391
G0 X79.936 Y105.391
G1 F6300 X82.838 Y108.294 E5630.58357
G0 F7200 X83.316 Y108.772
G1 F6300 X86.48 Y111.936 E5630.98628
G0 F7200 X86.962 Y112.418
G1 F6300 X87.104 Y112.56 E5631.00436
G0 F7200 X87.182 Y115.323
G1 F6300 X85.118 Y123.026 E5631.72208
G0 F7200 X85.23 Y122.901
G0 X82.696 Y120.642
G0 X82.584 Y120.767
G1 F6300 X80.29 Y118.474 E5632.014
G0 F7200 X80.447 Y118.405
G0 X81.386 Y119.474
G0 X81.272 Y119.6
G1 F6300 X96.686 Y115.469 E5633.45021
G1 X96.482 Y115.386
G1 X92.639 Y129.73 E5634.7867
G0 F7200 X92.751 Y129.606
G0 X89.422 Y126.638
G0 X89.309 Y126.764
G1 F6300 X105.168 Y122.514 E5636.26438
G0 F7200 X105.048 Y122.633
G0 X104.04 Y121.629
G0 X104.159 Y121.511
G1 F6300 X100.16 Y136.435 E5637.65492
G0 F7200 X100.272 Y136.311
G0 X97.458 Y133.802
G0 X97.345 Y133.928
G1 F6300 X112.547 Y129.854 E5639.07138
G0 F7200 X112.426 Y129.974
G0 X111.396 Y128.948
G0 X111.515 Y128.83
G1 F6300 X107.681 Y143.14 E5640.4047
G0 F7200 X107.793 Y143.016
G0 X105.495 Y140.967
G0 X105.382 Y141.092
G1 F6300 X119.925 Y137.195 E5641.75975
G0 F7200 X119.805 Y137.315
G0 X118.752 Y136.267
G0 X118.871 Y136.149
G1 F6300 X115.202 Y149.844 E5643.03577
G0 F7200 X115.313 Y149.72
G0 X113.53 Y148.131
G0 X113.418 Y148.256
G1 F6300 X127.302 Y144.536 E5644.3294
G0 F7200 X127.182 Y144.655
G0 X126.109 Y143.587
G0 X126.228 Y143.469
G1 F6300 X122.723 Y156.549 E5645.54813
G0 F7200 X122.834 Y156.425
G0 X121.567 Y155.296
G0 X121.455 Y155.42
G1 F6300 X134.681 Y151.876 E5646.78047
G0 F7200 X134.56 Y151.996
G0 X133.464 Y150.906
G0 X133.584 Y150.787
G1 F6300 X130.244 Y163.253 E5647.94198
G0 F7200 X129.491 Y162.584
G1 F6300 X142.058 Y159.217 E5649.1129
G0 F7200 X141.938 Y159.336
G0 X140.821 Y158.225
G0 X140.94 Y158.106
G1 F6300 X138.522 Y167.133 E5649.95397
G0 F7200 X138.403 Y167.013
G0 X139.977 Y165.432
G0 X140.095 Y165.551
G1 F6300 X89.87 Y115.326 E5656.34657
G0 F7200 X86.504 Y108.88
G1 F6300 X80.537 Y110.479 E5656.90255
G10
G0 F7200 X97.555 Y115.236
G11
G1 F6300 X97.791 Y115.173 E5656.92453
G10
G0 F7200 X97.671 Y115.292
G0 X96.271 Y113.815
G0 X95.521 Y112.735
G0 X94.996 Y111.125
G0 X94.995 Y72.483
G0 X95.482 Y70.994
G0 X95.93 Y70.475
G11
G1 F6300 X81.11 Y55.654 E5658.81087
G0 F7200 X81.216 Y55.788
G0 X84.689 Y55.252
G0 X84.689 Y55.079
G1 F6300 X79.936 Y72.818 E5660.4637
G0 F7200 X79.936 Y73.37
G1 F6300 X97.79 Y68.586 E5662.12724
G0 F7200 X98.285 Y69.267
;TYPE:WALL-OUTER
G1 F2880 X98.406 Y69.179 E5662.14071
G1 X99.233 Y68.818 E5662.22192
G1 X100.233 Y68.613 E5662.31379
G1 X102.52 Y68.611 E5662.51962
G1 X103.572 Y68.822 E5662.61619
G1 X104.376 Y69.182 E5662.69547
G1 X105.117 Y69.713 E5662.77752
G1 X119.913 Y83.167 E5664.57736
G1 X120.915 Y83.594 E5664.67539
G1 X121.735 Y83.743 E5664.7504
G1 X122.41 Y83.724 E5664.81117
G1 X123.207 Y83.543 E5664.88473
G1 X124.203 Y83.06 E5664.98435
G1 X126.112 Y81.151 E5665.22733
G1 X126.691 Y79.955 E5665.34692
G1 X126.806 Y78.925 E5665.44019
G1 X126.713 Y78.1 E5665.51492
G1 X126.443 Y77.327 E5665.58861
G1 X125.943 Y76.529 E5665.67336
G1 X104.755 Y55.341 E5668.37015
G1 X104.083 Y54.804 E5668.44757
G1 X103.341 Y54.45 E5668.52156
G1 X102.395 Y54.24 E5668.60877
G1 X82.513 Y54.24 E5670.39815
G1 X81.567 Y54.45 E5670.48537
G1 X80.829 Y54.804 E5670.55903
G1 X80.178 Y55.322 E5670.63391
G1 X79.531 Y56.135 E5670.72742
G1 X79.096 Y57.389 E5670.84688
G1 X79.096 Y117.42 E5676.24967
G1 X79.279 Y118.27 E5676.32792
G1 X79.679 Y119.165 E5676.41615
G1 X80.336 Y119.89 E5676.50421
G1 X134.315 Y168.009 E5683.01238
G1 X135.193 Y168.495 E5683.10269
G1 X136.024 Y168.717 E5683.18011
G1 X136.873 Y168.743 E5683.25655
G1 X137.724 Y168.565 E5683.3348
G1 X138.762 Y168.081 E5683.43788
G1 X143.012 Y163.807 E5683.98034
G1 X143.54 Y162.98 E5684.06865
G1 X143.805 Y162.213 E5684.14168
G1 X143.898 Y161.385 E5684.21667
G1 X143.801 Y160.561 E5684.29134
G1 X143.528 Y159.792 E5684.36479
G1 X143.032 Y159.001 E5684.44881
G1 X96.996 Y113.195 E5690.29362
G1 X96.385 Y112.314 E5690.39011
G1 X95.95 Y110.987 E5690.5158
G1 X95.945 Y72.626 E5693.96829
G1 X96.393 Y71.266 E5694.09716
G1 X97.07 Y70.34 E5694.20039
G1 X97.658 Y69.724 E5694.27704
G1 X98.285 Y69.267 E5694.34687
G0 F7200 X98.406 Y69.179
G0 X98.543 Y69.119
G0 X97.931 Y68.781
;TYPE:WALL-INNER
G1 F4628.5 X98.105 Y68.654 E5694.36622
G1 F4620 X99.051 Y68.246 E5694.45894
G1 X100.173 Y68.016 E5694.56202
G1 X102.609 Y68.011 E5694.78126
G1 X103.756 Y68.25 E5694.88671
G1 X104.704 Y68.671 E5694.98006
G1 X105.47 Y69.227 E5695.06525
G1 X120.241 Y82.655 E5696.86186
G1 X121.088 Y83.016 E5696.94472
G1 X122.049 Y83.191 E5697.03264
G1 X123.007 Y82.973 E5697.12106
G1 X123.85 Y82.564 E5697.20539
G1 X125.616 Y80.798 E5697.43016
G1 X126.106 Y79.787 E5697.53128
G1 X126.202 Y78.925 E5697.60934
G1 X126.124 Y78.234 E5697.67192
G1 X125.899 Y77.589 E5697.7334
G1 X125.471 Y76.905 E5697.80602
G1 X104.355 Y55.789 E5700.49365
G1 X103.763 Y55.316 E5700.56185
G1 X103.144 Y55.021 E5700.62356
G1 X102.329 Y54.84 E5700.6987
G1 X82.579 Y54.84 E5702.4762
G1 X81.764 Y55.021 E5702.55133
G1 X81.149 Y55.316 E5702.61272
G1 X80.605 Y55.749 E5702.6753
G1 X80.064 Y56.429 E5702.7535
G1 X79.696 Y57.489 E5702.85449
G1 X79.696 Y117.356 E5708.24252
G1 X79.853 Y118.082 E5708.30937
G1 X80.188 Y118.833 E5708.38338
G1 X80.759 Y119.464 E5708.45997
G1 X134.664 Y167.517 E5714.95922
G1 X135.419 Y167.934 E5715.03684
G1 X136.112 Y168.119 E5715.1014
G1 X136.82 Y168.141 E5715.16515
G1 X137.533 Y167.992 E5715.2307
G1 X138.413 Y167.582 E5715.31808
G1 X142.541 Y163.43 E5715.84501
G1 X142.996 Y162.717 E5715.92114
G1 X143.216 Y162.08 E5715.98179
G1 X143.294 Y161.387 E5716.04455
G1 X143.213 Y160.698 E5716.10699
G1 X142.985 Y160.055 E5716.16839
G1 X142.56 Y159.378 E5716.24033
G1 X96.542 Y113.587 E5722.08304
G1 X95.836 Y112.57 E5722.19446
G1 X95.344 Y111.053 E5722.33799
G1 X95.349 Y72.534 E5725.8047
G1 X95.85 Y70.99 E5725.9508
G1 X96.574 Y69.999 E5726.06125
G1 X97.283 Y69.254 E5726.15381
G1 F4628.5 X97.931 Y68.781 E5726.2259
G10
G0 F7200 X97.694 Y68.451
G0 X97.055 Y68.986
G0 X96.329 Y69.746
G0 X95.536 Y70.829
G0 X94.995 Y72.483
G0 X94.689 Y84.513
;TYPE:SKIN
G11
G1 F2340 X94.341 Y84.961 E5726.2744
G1 X94.104 Y85.076 E5726.29692
G1 X87.224 Y85.076 E5726.88516
G1 X87.224 Y94.772 E5727.71417
G1 X94.104 Y94.772 E5728.30241
G1 X94.338 Y94.883 E5728.32455
G1 X94.704 Y95.338 E5728.37448
G1 X94.868 Y95.279 E5728.38938
G1 X94.864 Y84.574 E5729.30466
G1 X94.689 Y84.513 E5729.32051
G0 F7200 X93.861 Y85.376
G1 F2340 X94.566 Y86.08 E5729.40569
G0 F7200 X94.566 Y86.929
G1 F2340 X93.013 Y85.376 E5729.59347
G0 F7200 X92.164 Y85.376
G1 F2340 X94.566 Y87.778 E5729.88391
G0 F7200 X94.566 Y88.627
G1 F2340 X91.316 Y85.376 E5730.27694
G0 F7200 X90.467 Y85.376
G1 F2340 X94.566 Y89.475 E5730.77258
G0 F7200 X94.567 Y90.324
G1 F2340 X89.619 Y85.376 E5731.37087
G0 F7200 X88.77 Y85.376
G1 F2340 X94.567 Y91.173 E5732.07181
G0 F7200 X94.567 Y92.021
G1 F2340 X87.922 Y85.376 E5732.87529
G0 F7200 X87.524 Y85.827
G1 F2340 X94.568 Y92.871 E5733.72702
G0 F7200 X94.568 Y93.719
G1 F2340 X87.524 Y86.676 E5734.57869
G0 F7200 X87.524 Y87.524
G1 F2340 X94.568 Y94.568 E5735.43041
G0 F7200 X93.623 Y94.472
G1 F2340 X87.524 Y88.373 E5736.16788
G0 F7200 X87.524 Y89.221
G1 F2340 X92.775 Y94.472 E5736.8028
G0 F7200 X91.926 Y94.472
G1 F2340 X87.524 Y90.07 E5737.33507
G0 F7200 X87.524 Y90.918
G1 F2340 X91.077 Y94.472 E5737.76474
G0 F7200 X90.229 Y94.472
G1 F2340 X87.524 Y91.767 E5738.09182
G0 F7200 X87.524 Y92.615
G1 F2340 X89.38 Y94.472 E5738.3163
G0 F7200 X88.532 Y94.472
G1 F2340 X87.524 Y93.464 E5738.43818
G0 F7200 X87.524 Y94.312
G1 F2340 X87.683 Y94.472 E5738.45747
G0 F7200 X87.683 Y105.508
G1 F2340 X87.224 Y105.508 E5738.49671
G1 X87.224 Y115.204 E5739.32572
G1 X96.375 Y115.208 E5740.10813
G1 X97.198 Y115.552 E5740.1844
G1 X97.45 Y115.176 E5740.2231
G1 X96.157 Y113.884 E5740.37938
G1 X95.41 Y112.81 E5740.49123
G1 X94.868 Y111.168 E5740.63908
G1 X94.868 Y104.993 E5741.16704
G1 X94.715 Y104.938 E5741.18094
G1 X94.336 Y105.399 E5741.23196
G1 X94.104 Y105.508 E5741.25388
G1 X87.683 Y105.508 E5741.80288
G0 F7200 X93.929 Y105.808
G1 F2340 X94.568 Y106.448 E5741.8802
G0 F7200 X94.568 Y107.296
G1 F2340 X93.08 Y105.808 E5742.06012
G0 F7200 X92.231 Y105.808
G1 F2340 X94.568 Y108.145 E5742.3427
G0 F7200 X94.569 Y108.994
G1 F2340 X91.383 Y105.808 E5742.72794
G0 F7200 X90.534 Y105.808
G1 F2340 X94.569 Y109.843 E5743.21583
G0 F7200 X94.569 Y110.691
G1 F2340 X89.686 Y105.808 E5743.80626
G0 F7200 X88.837 Y105.808
G1 F2340 X94.728 Y111.698 E5744.51851
G1 X94.834 Y111.804
G0 F7200 X95.167 Y112.986
G1 F2340 X87.989 Y105.808 E5745.38644
G0 F7200 X87.524 Y106.191
G1 F2340 X96.24 Y114.908 E5746.4404
G0 F7200 X95.391 Y114.907
G1 F2340 X87.524 Y107.04 E5747.39164
G0 F7200 X87.524 Y107.888
G1 F2340 X94.542 Y114.907 E5748.24028
G0 F7200 X93.693 Y114.906
G1 F2340 X87.524 Y108.737 E5748.98621
G0 F7200 X87.524 Y109.585
G1 F2340 X92.845 Y114.906 E5749.6296
G0 F7200 X91.995 Y114.906
G1 F2340 X87.524 Y110.434 E5750.17027
G0 F7200 X87.524 Y111.282
G1 F2340 X91.147 Y114.906 E5750.60841
G0 F7200 X90.298 Y114.905
G1 F2340 X87.524 Y112.131 E5750.94383
G0 F7200 X87.524 Y112.979
G1 F2340 X89.449 Y114.905 E5751.17665
G0 F7200 X88.6 Y114.904
G1 F2340 X87.524 Y113.828 E5751.30676
G0 F7200 X87.524 Y114.676
G1 F2340 X87.751 Y114.904 E5751.33426
G10
;MESH:NONMESH
G0 F600 X87.751 Y114.904 Z2.95
G0 F7200 X80.296 Y88.104
;TIME_ELAPSED:1331.418673
;LAYER:17
;TYPE:FILL
;MESH:porte-manteau.stl
G11
G1 F6300 X80.296 Y91.744 E5751.66186
G1 X86.744 Y91.744 E5752.24218
G1 X86.744 Y88.104 E5752.56978
G1 X80.296 Y88.104 E5753.1501
G10
G0 F7200 X80.296 Y108.532
G11
G1 F6300 X80.296 Y112.176 E5753.47806
G1 X86.744 Y112.176 E5754.05838
G1 X86.744 Y108.532 E5754.38634
G1 X80.296 Y108.532 E5754.96666
G0 F7200 X79.936 Y107.591
G1 F6300 X84.117 Y91.987 E5756.42056
G0 F7200 X84.247 Y91.505
G1 F6300 X85.093 Y88.344 E5756.71507
G0 F7200 X85.222 Y87.865
G1 F6300 X94.007 Y55.079 E5759.7699
G0 F7200 X93.264 Y55.08
G1 F6300 X120.824 Y82.64 E5763.27771
G0 F7200 X120.89 Y82.487
G0 X119.399 Y81.337
G0 X119.284 Y81.462
G1 F6300 X125.875 Y79.696 E5763.89183
G0 F7200 X125.711 Y79.677
G0 X125.212 Y77.264
G0 X125.356 Y77.174
G1 F6300 X124.059 Y82.016 E5764.34297
G0 F7200 X123.94 Y81.897
G0 X115.865 Y78.124
G0 X115.751 Y78.247
G1 F6300 X118.017 Y69.791 E5765.13086
G0 F7200 X117.896 Y69.912
G0 X120.02 Y72.036
G0 X120.142 Y71.915
G1 F6300 X111.371 Y74.265 E5765.94809
G0 F7200 X111.485 Y74.141
G0 X108.373 Y71.31
G0 X108.259 Y71.434
G1 F6300 X110.668 Y62.444 E5766.78574
G0 F7200 X110.548 Y62.564
G0 X112.671 Y64.687
G0 X112.793 Y64.566
G1 F6300 X100.823 Y67.774 E5767.90106
G0 F7200 X99.91 Y67.822
G1 F6300 X103.254 Y55.341 E5769.06397
G0 F7200 X103.181 Y55.493
G0 X105.323 Y57.339
G0 X105.444 Y57.218
G1 F6300 X79.937 Y64.052 E5771.44056
G0 F7200 X80.109 Y64.052
G0 X80.109 Y67.208
G0 X79.936 Y67.208
G1 F6300 X95.107 Y82.379 E5773.37152
G0 F7200 X94.934 Y82.379
G0 X94.934 Y78.622
G0 X95.108 Y78.622
G1 F6300 X79.937 Y82.687 E5774.78507
G0 F7200 X80.109 Y82.687
G0 X80.109 Y79.936
G0 X79.936 Y79.936
G1 F6300 X87.104 Y87.104 E5775.69741
G0 F7200 X86.503 Y90.245
G1 F6300 X81.806 Y91.504 E5776.13506
G0 F7200 X80.109 Y92.664
G0 X79.936 Y92.664
G1 F6300 X92.321 Y105.048 E5777.71135
G0 F7200 X89.935 Y105.049
G1 F6300 X92.565 Y95.235 E5778.62578
G0 F7200 X94.934 Y97.259
G0 X95.103 Y97.259
G1 F6300 X79.936 Y101.323 E5780.03896
G0 F7200 X80.109 Y101.323
G0 X80.109 Y105.391
G0 X79.936 Y105.391
G1 F6300 X82.838 Y108.294 E5780.40839
G0 F7200 X83.316 Y108.772
G1 F6300 X86.48 Y111.936 E5780.8111
G0 F7200 X86.962 Y112.418
G1 F6300 X87.104 Y112.56 E5780.82917
G0 F7200 X87.104 Y115.615
G1 F6300 X85.118 Y123.026 E5781.5197
G0 F7200 X85.23 Y122.901
G0 X82.696 Y120.642
G0 X82.584 Y120.767
G1 F6300 X80.29 Y118.474 E5781.81161
G0 F7200 X80.447 Y118.405
G0 X81.386 Y119.474
G0 X81.272 Y119.6
G1 F6300 X95.941 Y115.669 E5783.1784
G0 F7200 X96.407 Y115.668
G1 F6300 X92.639 Y129.73 E5784.48863
G0 F7200 X92.751 Y129.606
G0 X89.422 Y126.638
G0 X89.309 Y126.764
G1 F6300 X105.172 Y122.513 E5785.96668
G0 F7200 X105.049 Y122.635
G0 X104.038 Y121.628
G0 X104.16 Y121.507
G1 F6300 X100.16 Y136.435 E5787.35759
G0 F7200 X100.272 Y136.311
G0 X97.458 Y133.802
G0 X97.345 Y133.928
G1 F6300 X112.549 Y129.854 E5788.77422
G0 F7200 X112.427 Y129.975
G0 X111.394 Y128.948
G0 X111.516 Y128.827
G1 F6300 X107.681 Y143.14 E5790.10783
G0 F7200 X107.793 Y143.016
G0 X105.495 Y140.967
G0 X105.382 Y141.092
G1 F6300 X119.926 Y137.195 E5791.46297
G0 F7200 X119.805 Y137.315
G0 X118.751 Y136.267
G0 X118.872 Y136.146
G1 F6300 X115.202 Y149.844 E5792.73927
G0 F7200 X115.313 Y149.72
G0 X113.53 Y148.131
G0 X113.418 Y148.256
G1 F6300 X127.303 Y144.535 E5794.03301
G0 F7200 X127.182 Y144.655
G0 X126.108 Y143.587
G0 X126.228 Y143.467
G1 F6300 X122.723 Y156.549 E5795.25192
G0 F7200 X122.834 Y156.425
G0 X121.567 Y155.296
G0 X121.455 Y155.42
G1 F6300 X134.681 Y151.876 E5796.48425
G0 F7200 X134.56 Y151.996
G0 X133.464 Y150.905
G0 X133.584 Y150.786
G1 F6300 X130.244 Y163.253 E5797.64585
G0 F7200 X129.491 Y162.584
G1 F6300 X142.058 Y159.217 E5798.81677
G0 F7200 X141.938 Y159.336
G0 X140.821 Y158.225
G0 X140.94 Y158.106
G1 F6300 X138.522 Y167.133 E5799.65784
G0 F7200 X138.403 Y167.013
G0 X139.977 Y165.432
G0 X140.095 Y165.551
G1 F6300 X90.211 Y115.666 E5806.0071
G0 F7200 X86.504 Y108.88
G1 F6300 X80.537 Y110.479 E5806.56308
G10
G0 F7200 X80.109 Y73.37
G0 X79.936 Y73.37
G11
G1 F6300 X97.79 Y68.586 E5808.22663
G0 F7200 X97.694 Y68.451
G0 X95.794 Y70.374
G0 X95.93 Y70.475
G1 F6300 X81.11 Y55.654 E5810.11297
G0 F7200 X81.216 Y55.788
G0 X84.689 Y55.252
G0 X84.689 Y55.079
G1 F6300 X79.936 Y72.818 E5811.76579
G0 F7200 X79.096 Y72.818
;TYPE:WALL-OUTER
G1 F2880 X79.096 Y117.42 E5815.77997
G1 X79.279 Y118.27 E5815.85823
G1 X79.679 Y119.165 E5815.94645
G1 X80.336 Y119.89 E5816.03451
G1 X134.315 Y168.009 E5822.54268
G1 X135.193 Y168.495 E5822.633
G1 X136.024 Y168.717 E5822.71041
G1 X136.873 Y168.743 E5822.78686
G1 X137.724 Y168.565 E5822.8651
G1 X138.762 Y168.081 E5822.96818
G1 X143.012 Y163.807 E5823.51065
G1 X143.54 Y162.98 E5823.59895
G1 X143.805 Y162.213 E5823.67199
G1 X143.898 Y161.385 E5823.74698
G1 X143.801 Y160.561 E5823.82165
G1 X143.528 Y159.792 E5823.89509
G1 X143.032 Y159.001 E5823.97912
G1 X97.198 Y113.398 E5829.79815
G1 X96.506 Y112.573 E5829.89506
G1 X95.884 Y111.063 E5830.04204
G1 X95.792 Y110.082 E5830.13072
G1 X95.944 Y109.089 E5830.22113
G1 X95.944 Y91.17 E5831.83384
G1 X95.788 Y90.07 E5831.93383
G1 X95.944 Y88.647 E5832.06267
G1 X95.945 Y72.626 E5833.50456
G1 X96.393 Y71.266 E5833.63343
G1 X97.07 Y70.34 E5833.73667
G1 X97.658 Y69.724 E5833.81331
G1 X98.406 Y69.179 E5833.8966
G1 X99.233 Y68.818 E5833.97781
G1 X100.233 Y68.613 E5834.06969
G1 X102.52 Y68.611 E5834.27552
G1 X103.572 Y68.822 E5834.37208
G1 X104.376 Y69.182 E5834.45136
G1 X105.117 Y69.713 E5834.53341
G1 X119.912 Y83.167 E5836.33319
G1 X120.923 Y83.594 E5836.43196
G1 X121.74 Y83.743 E5836.50671
G1 X122.398 Y83.728 E5836.56594
G1 X123.203 Y83.543 E5836.64028
G1 X124.203 Y83.059 E5836.74027
G1 X126.112 Y81.151 E5836.98318
G1 X126.691 Y79.955 E5837.10277
G1 X126.806 Y78.925 E5837.19605
G1 X126.713 Y78.1 E5837.27077
G1 X126.443 Y77.327 E5837.34446
G1 X125.943 Y76.529 E5837.42921
G1 X104.755 Y55.341 E5840.126
G1 X104.083 Y54.804 E5840.20342
G1 X103.341 Y54.45 E5840.27741
G1 X102.395 Y54.24 E5840.36462
G1 X82.513 Y54.24 E5842.154
G1 X81.567 Y54.45 E5842.24122
G1 X80.829 Y54.804 E5842.31488
G1 X80.178 Y55.322 E5842.38976
G1 X79.531 Y56.135 E5842.48327
G1 X79.096 Y57.389 E5842.60273
G1 X79.096 Y72.818 E5843.99134
G0 F7200 X79.096 Y73.118
G0 X79.696 Y72.818
;TYPE:WALL-INNER
G1 F4620 X79.696 Y117.356 E5847.99976
G1 X79.853 Y118.082 E5848.06661
G1 X80.188 Y118.833 E5848.14062
G1 X80.759 Y119.464 E5848.21721
G1 X134.664 Y167.517 E5854.71645
G1 X135.419 Y167.934 E5854.79408
G1 X136.112 Y168.119 E5854.85863
G1 X136.82 Y168.141 E5854.92238
G1 X137.533 Y167.992 E5854.98794
G1 X138.413 Y167.582 E5855.07531
G1 X142.541 Y163.43 E5855.60225
G1 X142.996 Y162.717 E5855.67838
G1 X143.216 Y162.08 E5855.73903
G1 X143.294 Y161.387 E5855.80179
G1 X143.213 Y160.698 E5855.86423
G1 X142.985 Y160.055 E5855.92563
G1 X142.56 Y159.378 E5855.99757
G1 X96.739 Y113.784 E5861.8152
G1 X95.983 Y112.878 E5861.9214
G1 X95.286 Y111.177 E5862.08685
G1 X95.186 Y110.092 E5862.18491
G1 X95.344 Y109.043 E5862.28039
G1 X95.344 Y91.212 E5863.88518
G1 X95.182 Y90.052 E5863.99059
G1 X95.344 Y88.613 E5864.12092
G1 X95.349 Y72.534 E5865.56803
G1 X95.85 Y70.99 E5865.71412
G1 X96.574 Y69.999 E5865.82458
G1 X97.283 Y69.254 E5865.91714
G1 X98.105 Y68.654 E5866.00873
G1 X99.051 Y68.246 E5866.10145
G1 X100.173 Y68.016 E5866.20453
G1 X102.609 Y68.011 E5866.42377
G1 X103.756 Y68.25 E5866.52922
G1 X104.704 Y68.671 E5866.62257
G1 X105.47 Y69.227 E5866.70776
G1 X120.24 Y82.654 E5868.50424
G1 X121.095 Y83.016 E5868.5878
G1 X121.788 Y83.142 E5868.65119
G1 X122.323 Y83.13 E5868.69936
G1 X123.003 Y82.973 E5868.76217
G1 X123.851 Y82.563 E5868.84694
G1 X125.616 Y80.798 E5869.07159
G1 X126.106 Y79.787 E5869.1727
G1 X126.202 Y78.925 E5869.25076
G1 X126.124 Y78.234 E5869.31334
G1 X125.899 Y77.589 E5869.37482
G1 X125.471 Y76.905 E5869.44744
G1 X104.355 Y55.789 E5872.13507
G1 X103.763 Y55.316 E5872.20327
G1 X103.144 Y55.021 E5872.26498
G1 X102.329 Y54.84 E5872.34012
G1 X82.579 Y54.84 E5874.11762
G1 X81.764 Y55.021 E5874.19276
G1 X81.149 Y55.316 E5874.25414
G1 X80.605 Y55.749 E5874.31672
G1 X80.064 Y56.429 E5874.39493
G1 X79.696 Y57.489 E5874.49591
G1 X79.696 Y72.818 E5875.87552
G0 F7200 X80.109 Y72.818
G0 X87.225 Y84.737
;TYPE:SKIN
G1 F2340 X87.224 Y95.112 E5876.76258
G1 X94.14 Y95.112 E5877.3539
G1 X94.367 Y95.215 E5877.37522
G1 X94.738 Y95.642 E5877.42358
G1 X94.864 Y95.595 E5877.43508
G1 X94.864 Y91.237 E5877.80769
G1 X94.697 Y90.052 E5877.91001
G1 X94.864 Y88.575 E5878.03709
G1 X94.864 Y84.258 E5878.4062
G1 X94.723 Y84.206 E5878.41905
G1 X94.365 Y84.629 E5878.46643
G1 X94.136 Y84.736 E5878.48804
G1 X87.225 Y84.737 E5879.07893
G0 F7200 X87.525 Y85.575
G1 F2340 X88.063 Y85.037 E5879.14398
G0 F7200 X88.912 Y85.037
G1 F2340 X87.525 Y86.423 E5879.31163
G0 F7200 X87.525 Y87.272
G1 F2340 X89.76 Y85.037 E5879.58188
G0 F7200 X90.609 Y85.037
G1 F2340 X87.525 Y88.12 E5879.95472
G0 F7200 X87.525 Y88.969
G1 F2340 X91.458 Y85.036 E5880.43028
G0 F7200 X92.306 Y85.036
G1 F2340 X87.525 Y89.817 E5881.00837
G0 F7200 X87.525 Y90.666
G1 F2340 X93.155 Y85.036 E5881.68913
G0 F7200 X94.003 Y85.036
G1 F2340 X87.525 Y91.514 E5882.47242
G0 F7200 X87.525 Y92.363
G1 F2340 X94.564 Y85.324 E5883.32354
G0 F7200 X94.564 Y86.172
G1 F2340 X87.525 Y93.212 E5884.17472
G0 F7200 X87.525 Y94.06
G1 F2340 X94.564 Y87.021 E5885.02584
G0 F7200 X94.564 Y87.869
G1 F2340 X87.622 Y94.812 E5885.8653
G0 F7200 X88.47 Y94.812
G1 F2340 X94.543 Y88.739 E5886.59962
G0 F7200 X94.435 Y89.696
G1 F2340 X89.319 Y94.812 E5887.21822
G0 F7200 X90.167 Y94.812
G1 F2340 X94.459 Y90.52 E5887.73719
G0 F7200 X94.564 Y91.263
G1 F2340 X91.016 Y94.812 E5888.16625
G0 F7200 X91.864 Y94.812
G1 F2340 X94.564 Y92.112 E5888.49273
G0 F7200 X94.564 Y92.961
G1 F2340 X92.713 Y94.812 E5888.71654
G0 F7200 X93.562 Y94.812
G1 F2340 X94.564 Y93.809 E5888.83776
G0 F7200 X94.564 Y94.658
G1 F2340 X94.325 Y94.897 E5888.86666
G0 F7200 X94.735 Y104.634
G1 F2340 X94.364 Y105.065 E5888.91528
G1 X94.136 Y105.168 E5888.93667
G1 X87.224 Y105.168 E5889.52765
G1 X87.225 Y115.544 E5890.41479
G1 X96.792 Y115.548 E5891.23277
G1 X97.5 Y115.837 E5891.29815
G1 X97.746 Y115.464 E5891.33636
G1 X96.364 Y114.088 E5891.5031
G1 X95.564 Y113.122 E5891.61034
G1 X94.813 Y111.289 E5891.7797
G1 X94.704 Y110.084 E5891.88315
G1 X94.864 Y109.013 E5891.97574
G1 X94.864 Y104.682 E5892.34604
G1 X94.735 Y104.634 E5892.35781
G0 F7200 X87.525 Y105.939
G1 F2340 X87.997 Y105.468 E5892.41482
G0 F7200 X88.845 Y105.468
G1 F2340 X87.525 Y106.788 E5892.57443
G0 F7200 X87.525 Y107.637
G1 F2340 X89.694 Y105.468 E5892.83669
G0 F7200 X90.542 Y105.468
G1 F2340 X87.525 Y108.485 E5893.20149
G0 F7200 X87.525 Y109.334
G1 F2340 X91.391 Y105.468 E5893.66895
G0 F7200 X92.239 Y105.468
G1 F2340 X87.525 Y110.182 E5894.23895
G0 F7200 X87.525 Y111.031
G1 F2340 X93.088 Y105.468 E5894.9116
G0 F7200 X93.936 Y105.468
G1 F2340 X87.525 Y111.879 E5895.68679
G0 F7200 X87.525 Y112.728
G1 F2340 X94.564 Y105.689 E5896.53791
G0 F7200 X94.564 Y106.538
G1 F2340 X87.525 Y113.576 E5897.38897
G0 F7200 X87.525 Y114.425
G1 F2340 X94.564 Y107.386 E5898.24009
G0 F7200 X94.564 Y108.235
G1 F2340 X87.554 Y115.244 E5899.08765
G0 F7200 X88.402 Y115.244
G1 F2340 X94.547 Y109.1 E5899.83061
G0 F7200 X94.404 Y110.091
G1 F2340 X89.25 Y115.245 E5900.45381
G0 F7200 X90.099 Y115.245
G1 F2340 X94.474 Y110.87 E5900.98281
G0 F7200 X94.609 Y111.584
G1 F2340 X90.947 Y115.246 E5901.42561
G0 F7200 X91.795 Y115.246
G1 F2340 X94.855 Y112.186 E5901.79561
G0 F7200 X95.102 Y112.788
G1 F2340 X92.643 Y115.246 E5902.09288
G0 F7200 X93.492 Y115.246
G1 F2340 X95.374 Y113.364 E5902.32044
G0 F7200 X95.759 Y113.828
G1 F2340 X94.339 Y115.247 E5902.49208
G0 F7200 X95.188 Y115.247
G1 F2340 X96.143 Y114.292 E5902.60755
G0 F7200 X96.57 Y114.714
G1 F2340 X96.036 Y115.248 E5902.67212
G0 F7200 X96.847 Y115.285
G1 F2340 X96.995 Y115.137 E5902.69002
G0 F7200 X96.898 Y115.231
G10
;MESH:NONMESH
G0 F600 X96.898 Y115.231 Z3.1
G0 F7200 X95.688 Y113.076
G0 X95.02 Y111.46
G0 X81.216 Y55.788
G0 X81.11 Y55.654
;TIME_ELAPSED:1365.408589
;LAYER:18
;TYPE:FILL
;MESH:porte-manteau.stl
G11
G1 F6300 X95.93 Y70.475 E5904.57636
G0 F7200 X95.794 Y70.374
G0 X96.816 Y69.25
G0 X97.694 Y68.451
G0 X97.79 Y68.586
G1 F6300 X79.936 Y73.37 E5906.2399
G0 F7200 X79.936 Y72.818
G1 F6300 X84.689 Y55.079 E5907.89273
G0 F7200 X84.689 Y55.252
G0 X93.264 Y55.252
G0 X93.264 Y55.08
G1 F6300 X120.826 Y82.642 E5911.4008
G0 F7200 X120.893 Y82.487
G0 X119.399 Y81.337
G0 X119.285 Y81.461
G1 F6300 X125.875 Y79.696 E5912.0148
G0 F7200 X125.711 Y79.677
G0 X125.212 Y77.264
G0 X125.356 Y77.174
G1 F6300 X124.059 Y82.016 E5912.46595
G0 F7200 X123.94 Y81.897
G0 X115.865 Y78.123
G0 X115.751 Y78.247
G1 F6300 X118.017 Y69.791 E5913.25384
G0 F7200 X117.896 Y69.912
G0 X120.02 Y72.036
G0 X120.142 Y71.915
G1 F6300 X111.372 Y74.264 E5914.07096
G0 F7200 X111.486 Y74.141
G0 X108.373 Y71.31
G0 X108.259 Y71.434
G1 F6300 X110.668 Y62.444 E5914.9086
G0 F7200 X110.548 Y62.564
G0 X112.671 Y64.687
G0 X112.793 Y64.566
G1 F6300 X100.823 Y67.774 E5916.02392
G0 F7200 X99.91 Y67.822
G1 F6300 X103.254 Y55.341 E5917.18683
G0 F7200 X103.181 Y55.493
G0 X105.323 Y57.339
G0 X105.444 Y57.218
G1 F6300 X79.937 Y64.052 E5919.56343
G0 F7200 X80.109 Y64.052
G0 X80.109 Y67.208
G0 X79.936 Y67.208
G1 F6300 X95.106 Y82.378 E5921.49426
G0 F7200 X94.934 Y82.378
G0 X94.934 Y78.623
G0 X95.107 Y78.623
G1 F6300 X79.937 Y82.687 E5922.9077
G0 F7200 X80.109 Y82.687
G0 X80.109 Y79.936
G0 X79.936 Y79.936
G1 F6300 X87.104 Y87.104 E5923.82004
G0 F7200 X85.222 Y87.865
G1 F6300 X94.007 Y55.079 E5926.87487
G10
G0 F7200 X94.007 Y55.252
G0 X84.117 Y91.987
G11
G1 F6300 X79.936 Y107.591 E5928.32877
G0 F7200 X80.109 Y107.591
G0 X80.109 Y105.391
G0 X79.936 Y105.391
G1 F6300 X82.838 Y108.294 E5928.69819
G0 F7200 X86.962 Y112.418
G1 F6300 X87.104 Y112.56 E5928.71627
G0 F7200 X87.104 Y115.614
G1 F6300 X85.118 Y123.026 E5929.40688
G0 F7200 X85.23 Y122.901
G0 X82.696 Y120.642
G0 X82.584 Y120.767
G1 F6300 X80.29 Y118.474 E5929.69879
G0 F7200 X80.447 Y118.405
G0 X81.386 Y119.474
G0 X81.272 Y119.6
G1 F6300 X94.944 Y115.936 E5930.97269
G0 F7200 X96.335 Y115.936
G1 F6300 X92.639 Y129.73 E5932.25795
G0 F7200 X92.751 Y129.606
G0 X89.422 Y126.638
G0 X89.309 Y126.764
G1 F6300 X105.169 Y122.514 E5933.73571
G0 F7200 X105.049 Y122.633
G0 X104.04 Y121.629
G0 X104.159 Y121.51
G1 F6300 X100.16 Y136.435 E5935.12634
G0 F7200 X100.272 Y136.311
G0 X97.458 Y133.802
G0 X97.345 Y133.928
G1 F6300 X112.547 Y129.854 E5936.5428
G0 F7200 X112.427 Y129.973
G0 X111.396 Y128.948
G0 X111.515 Y128.829
G1 F6300 X107.681 Y143.14 E5937.87621
G0 F7200 X107.793 Y143.016
G0 X105.495 Y140.967
G0 X105.382 Y141.092
G1 F6300 X119.925 Y137.195 E5939.23126
G0 F7200 X119.805 Y137.314
G0 X118.752 Y136.267
G0 X118.872 Y136.148
G1 F6300 X115.202 Y149.844 E5940.50738
G0 F7200 X115.313 Y149.72
G0 X113.53 Y148.131
G0 X113.418 Y148.256
G1 F6300 X127.303 Y144.535 E5941.80113
G0 F7200 X127.183 Y144.655
G0 X126.109 Y143.586
G0 X126.228 Y143.468
G1 F6300 X122.723 Y156.549 E5943.01995
G0 F7200 X122.834 Y156.425
G0 X121.567 Y155.296
G0 X121.455 Y155.42
G1 F6300 X134.681 Y151.876 E5944.25228
G0 F7200 X134.561 Y151.996
G0 X133.464 Y150.905
G0 X133.584 Y150.786
G1 F6300 X130.244 Y163.253 E5945.41388
G0 F7200 X129.491 Y162.584
G1 F6300 X142.059 Y159.217 E5946.58489
G0 F7200 X141.939 Y159.336
G0 X140.821 Y158.224
G0 X140.941 Y158.105
G1 F6300 X138.522 Y167.133 E5947.42607
G0 F7200 X138.403 Y167.013
G0 X139.977 Y165.432
G0 X140.095 Y165.551
G1 F6300 X90.479 Y115.935 E5953.74115
G0 F7200 X90.006 Y104.783
G1 F6300 X92.493 Y95.503 E5954.60583
G0 F7200 X94.934 Y97.258
G0 X95.104 Y97.258
G1 F6300 X79.936 Y101.323 E5956.01912
G0 F7200 X80.109 Y101.323
G0 X80.109 Y92.664
G0 X79.936 Y92.664
G1 F6300 X92.053 Y104.78 E5957.5613
G0 F7200 X95.534 Y104.78
G0 X95.944 Y104.78
;TYPE:WALL-OUTER
G1 F2880 X95.944 Y92.648 E5958.65318
G1 X95.749 Y92.138 E5958.70232
G1 X95.376 Y90.641 E5958.84117
G1 X95.409 Y89.185 E5958.97224
G1 X95.665 Y87.977 E5959.08338
G1 X95.944 Y87.211 E5959.15675
G1 X95.945 Y72.626 E5960.4694
G1 X96.393 Y71.266 E5960.59827
G1 X97.07 Y70.34 E5960.70151
G1 X97.658 Y69.724 E5960.77815
G1 X98.406 Y69.179 E5960.86144
G1 X99.233 Y68.818 E5960.94265
G1 X100.233 Y68.613 E5961.03453
G1 X102.52 Y68.611 E5961.24036
G1 X103.572 Y68.822 E5961.33692
G1 X104.376 Y69.182 E5961.4162
G1 X105.117 Y69.713 E5961.49825
G1 X119.49 Y82.782 E5963.24662
G1 X120.177 Y83.28 E5963.32298
G1 X120.93 Y83.598 E5963.39655
G1 X121.751 Y83.743 E5963.47158
G1 X122.391 Y83.728 E5963.5292
G1 X123.196 Y83.546 E5963.60348
G1 X124.199 Y83.063 E5963.70367
G1 X126.112 Y81.151 E5963.94709
G1 X126.691 Y79.955 E5964.06668
G1 X126.806 Y78.925 E5964.15996
G1 X126.713 Y78.1 E5964.23468
G1 X126.443 Y77.327 E5964.30837
G1 X125.943 Y76.529 E5964.39312
G1 X104.755 Y55.341 E5967.08991
G1 X104.083 Y54.804 E5967.16733
G1 X103.341 Y54.45 E5967.24132
G1 X102.395 Y54.24 E5967.32854
G1 X82.513 Y54.24 E5969.11792
G1 X81.567 Y54.45 E5969.20513
G1 X80.829 Y54.804 E5969.27879
G1 X80.178 Y55.322 E5969.35367
G1 X79.531 Y56.135 E5969.44718
G1 X79.096 Y57.389 E5969.56664
G1 X79.096 Y117.42 E5974.96943
G1 X79.279 Y118.27 E5975.04768
G1 X79.679 Y119.165 E5975.13591
G1 X80.336 Y119.89 E5975.22397
G1 X134.315 Y168.009 E5981.73214
G1 X135.193 Y168.495 E5981.82246
G1 X136.024 Y168.717 E5981.89987
G1 X136.873 Y168.743 E5981.97631
G1 X137.724 Y168.565 E5982.05456
G1 X138.762 Y168.081 E5982.15764
G1 X143.012 Y163.807 E5982.7001
G1 X143.54 Y162.98 E5982.78841
G1 X143.805 Y162.213 E5982.86144
G1 X143.898 Y161.385 E5982.93643
G1 X143.801 Y160.561 E5983.01111
G1 X143.528 Y159.792 E5983.08455
G1 X143.028 Y158.997 E5983.16907
G1 X97.217 Y113.418 E5988.98511
G1 X96.615 Y112.868 E5989.0585
G1 X95.989 Y112.18 E5989.14222
G1 X95.497 Y111.207 E5989.24035
G1 X95.364 Y110.374 E5989.31627
G1 X95.502 Y108.913 E5989.44834
G1 X95.944 Y107.641 E5989.56954
G1 X95.944 Y104.78 E5989.82703
G0 F7200 X95.944 Y104.48
G0 X95.344 Y104.78
;TYPE:WALL-INNER
G1 F4620 X95.344 Y92.76 E5990.90883
G1 X95.167 Y92.285 E5990.95445
G1 X94.773 Y90.707 E5991.10083
G1 X94.813 Y89.116 E5991.24406
G1 X95.078 Y87.847 E5991.36074
G1 X95.344 Y87.105 E5991.43168
G1 X95.349 Y72.534 E5992.74307
G1 X95.85 Y70.99 E5992.88916
G1 X96.574 Y69.999 E5992.99962
G1 X97.283 Y69.254 E5993.09218
G1 X98.105 Y68.654 E5993.18377
G1 X99.051 Y68.246 E5993.27649
G1 X100.173 Y68.016 E5993.37957
G1 X102.609 Y68.011 E5993.59881
G1 X103.756 Y68.25 E5993.70426
G1 X104.704 Y68.671 E5993.79761
G1 X105.47 Y69.227 E5993.8828
G1 X119.869 Y82.316 E5995.63411
G1 X120.473 Y82.754 E5995.70126
G1 X121.101 Y83.019 E5995.7626
G1 X122.059 Y83.188 E5995.85016
G1 X122.997 Y82.976 E5995.93671
G1 X123.847 Y82.567 E5996.0216
G1 X125.616 Y80.798 E5996.24676
G1 X126.106 Y79.787 E5996.34787
G1 X126.202 Y78.925 E5996.42593
G1 X126.124 Y78.234 E5996.48852
G1 X125.899 Y77.589 E5996.55
G1 X125.471 Y76.905 E5996.62261
G1 X104.355 Y55.789 E5999.31024
G1 X103.763 Y55.316 E5999.37844
G1 X103.144 Y55.021 E5999.44015
G1 X102.329 Y54.84 E5999.51529
G1 X82.579 Y54.84 E6001.29279
G1 X81.764 Y55.021 E6001.36793
G1 X81.149 Y55.316 E6001.42932
G1 X80.605 Y55.749 E6001.49189
G1 X80.064 Y56.429 E6001.5701
G1 X79.696 Y57.489 E6001.67108
G1 X79.696 Y117.356 E6007.05911
G1 X79.853 Y118.082 E6007.12596
G1 X80.188 Y118.833 E6007.19997
G1 X80.759 Y119.464 E6007.27656
G1 X134.664 Y167.517 E6013.77581
G1 X135.419 Y167.934 E6013.85344
G1 X136.112 Y168.119 E6013.91799
G1 X136.82 Y168.141 E6013.98174
G1 X137.533 Y167.992 E6014.0473
G1 X138.413 Y167.582 E6014.13467
G1 X142.541 Y163.43 E6014.66161
G1 X142.996 Y162.717 E6014.73773
G1 X143.216 Y162.08 E6014.79838
G1 X143.294 Y161.387 E6014.86115
G1 X143.213 Y160.698 E6014.92359
G1 X142.985 Y160.056 E6014.9849
G1 X142.556 Y159.374 E6015.05741
G1 X96.803 Y113.852 E6020.86614
G1 X96.173 Y113.274 E6020.94309
G1 X95.489 Y112.523 E6021.03451
G1 X94.908 Y111.361 E6021.15143
G1 X94.76 Y110.378 E6021.2409
G1 X94.918 Y108.76 E6021.38721
G1 X95.344 Y107.539 E6021.5036
G1 X95.344 Y104.78 E6021.75191
G0 F7200 X94.864 Y104.78
;TYPE:SKIN
G1 F2340 X94.864 Y104.434 E6021.78149
G1 X94.757 Y104.392 E6021.79132
G1 X94.387 Y104.801 E6021.83848
G1 X94.165 Y104.9 E6021.85926
G1 X87.224 Y104.904 E6022.45271
G1 X87.223 Y108.144 E6022.72973
G1 X87.109 Y108.349 E6022.74979
G1 X86.924 Y108.412 E6022.7665
G1 X80.176 Y108.412 E6023.34345
G1 X80.176 Y112.296 E6023.67553
G1 X86.924 Y112.296 E6024.25249
G1 X87.109 Y112.359 E6024.2692
G1 X87.222 Y112.554 E6024.28847
G1 X87.224 Y115.812 E6024.56703
G1 X98.006 Y115.816 E6025.48889
G1 X98.033 Y115.752 E6025.49483
G1 X96.455 Y114.185 E6025.68497
G1 X95.817 Y113.598 E6025.75909
G1 X95.103 Y112.81 E6025.85001
G1 X94.454 Y111.545 E6025.97157
G1 X94.276 Y110.387 E6026.07174
G1 X94.437 Y108.672 E6026.21902
G1 X94.864 Y107.456 E6026.32921
G1 X94.864 Y104.78 E6026.55801
G0 F7200 X94.168 Y105.199
G1 F2340 X94.564 Y105.595 E6026.60589
G0 F7200 X94.564 Y106.444
G1 F2340 X93.321 Y105.201 E6026.75619
G0 F7200 X92.473 Y105.201
G1 F2340 X94.564 Y107.292 E6027.00902
G0 F7200 X94.373 Y107.95
G1 F2340 X91.625 Y105.202 E6027.3413
G0 F7200 X90.778 Y105.203
G1 F2340 X94.153 Y108.578 E6027.74939
G0 F7200 X94.071 Y109.345
G1 F2340 X89.929 Y105.203 E6028.25022
G0 F7200 X89.081 Y105.203
G1 F2340 X93.997 Y110.119 E6028.84464
G0 F7200 X94.075 Y111.045
G1 F2340 X88.233 Y105.204 E6029.55096
G0 F7200 X87.523 Y105.342
G1 F2340 X94.527 Y112.347 E6030.39792
G1 X94.633 Y112.453
G0 F7200 X94.301 Y115.514
G1 F2340 X87.321 Y108.534 E6031.2419
G0 F7200 X87.521 Y107.885
G1 F2340 X95.15 Y115.514 E6032.16437
G0 F7200 X95.998 Y115.514
G1 F2340 X87.521 Y107.038 E6033.1893
G0 F7200 X87.522 Y106.19
G1 F2340 X96.469 Y115.137 E6034.27113
G1 X96.47 Y115.137
G1 X96.847 Y115.514 E6034.31672
G0 F7200 X93.452 Y115.514
G1 F2340 X86.65 Y108.712 E6035.13918
G0 F7200 X85.802 Y108.712
G1 F2340 X92.603 Y115.514 E6035.96159
G0 F7200 X91.754 Y115.513
G1 F2340 X84.953 Y108.712 E6036.78393
G0 F7200 X84.105 Y108.712
G1 F2340 X90.906 Y115.513 E6037.60628
G0 F7200 X90.057 Y115.513
G1 F2340 X87.519 Y112.975 E6037.91316
G0 F7200 X87.521 Y113.825
G1 F2340 X89.208 Y115.512 E6038.11715
G0 F7200 X88.359 Y115.512
G1 F2340 X87.522 Y114.675 E6038.21835
G0 F7200 X86.54 Y111.996
G1 F2340 X83.256 Y108.712 E6038.61544
G0 F7200 X82.408 Y108.712
G1 F2340 X85.691 Y111.996 E6039.01246
G0 F7200 X84.843 Y111.996
G1 F2340 X81.559 Y108.712 E6039.40955
G0 F7200 X80.711 Y108.712
G1 F2340 X83.994 Y111.996 E6039.80657
G0 F7200 X83.146 Y111.996
G1 F2340 X80.476 Y109.326 E6040.12942
G0 F7200 X80.476 Y110.174
G1 F2340 X82.297 Y111.996 E6040.34966
G0 F7200 X81.449 Y111.996
G1 F2340 X80.476 Y111.023 E6040.46732
G0 F7200 X80.476 Y111.871
G1 F2340 X80.6 Y111.996 E6040.48237
G10
G0 F7200 X87.224 Y95.38
G11
G1 F2340 X94.164 Y95.38 E6041.07574
G1 X94.388 Y95.48 E6041.09671
G1 X94.754 Y95.888 E6041.14358
G1 X94.864 Y95.846 E6041.15364
G1 X94.864 Y92.851 E6041.40972
G1 X94.696 Y92.397 E6041.45111
G1 X94.297 Y90.773 E6041.59409
G1 X94.333 Y89.054 E6041.74109
G1 X94.617 Y87.702 E6041.85921
G1 X94.864 Y87.019 E6041.92131
G1 X94.864 Y84.002 E6042.17926
G1 X94.75 Y83.958 E6042.18971
G1 X94.384 Y84.368 E6042.2367
G1 X94.161 Y84.468 E6042.2576
G1 X87.224 Y84.472 E6042.85071
G1 X87.223 Y87.809 E6043.13602
G1 X87.01 Y87.984 E6043.15959
G1 X80.176 Y87.984 E6043.7439
G1 X80.176 Y91.864 E6044.07564
G1 X87.01 Y91.864 E6044.65995
G1 X87.223 Y92.039 E6044.68352
G1 X87.224 Y95.38 E6044.96917
G0 F7200 X81.382 Y91.564
G1 F2340 X80.476 Y90.658 E6045.07872
G0 F7200 X80.476 Y89.81
G1 F2340 X82.23 Y91.564 E6045.29081
G0 F7200 X83.079 Y91.564
G1 F2340 X80.476 Y88.961 E6045.60555
G0 F7200 X80.647 Y88.284
G1 F2340 X83.927 Y91.564 E6046.00215
G0 F7200 X84.776 Y91.564
G1 F2340 X81.495 Y88.284 E6046.39882
G0 F7200 X82.344 Y88.284
G1 F2340 X85.624 Y91.564 E6046.79542
G0 F7200 X86.473 Y91.564
G1 F2340 X83.193 Y88.284 E6047.19202
G0 F7200 X84.041 Y88.284
G1 F2340 X90.838 Y95.08 E6048.01382
G0 F7200 X91.686 Y95.08
G1 F2340 X84.89 Y88.284 E6048.83556
G0 F7200 X85.738 Y88.284
G1 F2340 X92.535 Y95.08 E6049.65736
G0 F7200 X93.383 Y95.08
G1 F2340 X86.587 Y88.284 E6050.4791
G0 F7200 X87.282 Y88.13
G1 F2340 X94.286 Y95.134 E6051.32599
G0 F7200 X94.564 Y94.564
G1 F2340 X87.524 Y87.524 E6052.17723
G0 F7200 X87.524 Y86.675
G1 F2340 X94.564 Y93.716 E6053.02854
G0 F7200 X94.543 Y92.846
G1 F2340 X87.524 Y85.826 E6053.8773
G0 F7200 X87.524 Y84.978
G1 F2340 X94.204 Y91.659 E6054.68508
G0 F7200 X94.002 Y90.608
G1 F2340 X88.166 Y84.772 E6055.39074
G0 F7200 X89.014 Y84.771
G1 F2340 X94.02 Y89.777 E6055.99604
G0 F7200 X94.049 Y88.958
G1 F2340 X89.862 Y84.771 E6056.50231
G0 F7200 X90.71 Y84.771
G1 F2340 X94.197 Y88.257 E6056.92388
G0 F7200 X94.349 Y87.561
G1 F2340 X91.558 Y84.77 E6057.26136
G0 F7200 X92.406 Y84.769
G1 F2340 X94.564 Y86.927 E6057.52229
G0 F7200 X94.564 Y86.079
G1 F2340 X93.254 Y84.769 E6057.68069
G0 F7200 X94.102 Y84.769
G1 F2340 X94.564 Y85.23 E6057.7365
G0 F7200 X87.521 Y92.612
G1 F2340 X89.989 Y95.08 E6058.03491
G0 F7200 X89.141 Y95.08
G1 F2340 X87.521 Y93.461 E6058.23074
G0 F7200 X87.523 Y94.311
G1 F2340 X88.292 Y95.08 E6058.32372
G10
;MESH:NONMESH
G0 F600 X88.292 Y95.08 Z3.25
G0 F7200 X81.216 Y55.788
G0 X81.11 Y55.654
;TIME_ELAPSED:1401.894462
;LAYER:19
;TYPE:FILL
;MESH:porte-manteau.stl
G11
G1 F6300 X95.93 Y70.475 E6060.21006
G0 F7200 X95.794 Y70.374
G0 X96.816 Y69.25
G0 X97.694 Y68.451
G0 X97.79 Y68.586
G1 F6300 X79.936 Y73.37 E6061.87361
G0 F7200 X79.937 Y72.816
G1 F6300 X84.689 Y55.079 E6063.52623
G0 F7200 X84.689 Y55.252
G0 X93.264 Y55.252
G0 X93.264 Y55.08
G1 F6300 X120.822 Y82.638 E6067.0338
G0 F7200 X120.887 Y82.484
G0 X119.399 Y81.337
G0 X119.284 Y81.462
G1 F6300 X125.875 Y79.696 E6067.64791
G0 F7200 X125.711 Y79.677
G0 X125.212 Y77.264
G0 X125.356 Y77.174
G1 F6300 X124.059 Y82.016 E6068.09905
G0 F7200 X123.94 Y81.897
G0 X115.865 Y78.123
G0 X115.751 Y78.247
G1 F6300 X118.017 Y69.791 E6068.88694
G0 F7200 X117.896 Y69.912
G0 X120.02 Y72.036
G0 X120.142 Y71.915
G1 F6300 X111.371 Y74.265 E6069.70418
G0 F7200 X111.486 Y74.14
G0 X108.373 Y71.31
G0 X108.259 Y71.434
G1 F6300 X110.668 Y62.444 E6070.54182
G0 F7200 X110.548 Y62.564
G0 X112.671 Y64.687
G0 X112.793 Y64.566
G1 F6300 X100.823 Y67.774 E6071.65714
G0 F7200 X99.91 Y67.822
G1 F6300 X103.254 Y55.341 E6072.82005
G0 F7200 X103.181 Y55.493
G0 X105.323 Y57.339
G0 X105.444 Y57.218
G1 F6300 X79.937 Y64.052 E6075.19665
G0 F7200 X80.109 Y64.052
G0 X80.109 Y67.208
G0 X79.936 Y67.208
G1 F6300 X95.106 Y82.378 E6077.12747
G0 F7200 X94.934 Y82.378
G0 X94.934 Y78.623
G0 X95.107 Y78.623
G1 F6300 X79.937 Y82.687 E6078.54092
G0 F7200 X80.109 Y82.687
G0 X80.109 Y79.936
G0 X79.936 Y79.936
G1 F6300 X87.104 Y87.104 E6079.45325
G0 F7200 X85.421 Y87.123
G1 F6300 X94.007 Y55.079 E6082.43895
G10
G0 F7200 X94.007 Y55.252
G0 X83.919 Y92.726
G11
G1 F6300 X79.946 Y107.554 E6083.82054
G0 F7200 X80.109 Y107.554
G0 X82.097 Y107.553
G1 F6300 X79.936 Y105.391 E6084.09565
G0 F7200 X80.109 Y105.391
G0 X80.109 Y101.323
G0 X79.936 Y101.323
G1 F6300 X95.103 Y97.259 E6085.50884
G0 F7200 X94.934 Y97.259
G0 X92.437 Y95.711
G1 F6300 X90.062 Y104.573 E6086.33456
G0 F7200 X91.844 Y104.572
G1 F6300 X80 Y92.728 E6087.84206
G10
G0 F7200 X80.109 Y92.728
G0 X87.104 Y115.613
G11
G1 F6300 X85.118 Y123.026 E6088.53276
G0 F7200 X85.23 Y122.901
G0 X82.696 Y120.642
G0 X82.584 Y120.767
G1 F6300 X80.29 Y118.474 E6088.82467
G0 F7200 X80.447 Y118.405
G0 X81.386 Y119.474
G0 X81.272 Y119.6
G1 F6300 X94.167 Y116.144 E6090.02618
G0 F7200 X96.279 Y116.144
G1 F6300 X92.639 Y129.73 E6091.29204
G0 F7200 X92.751 Y129.606
G0 X89.422 Y126.638
G0 X89.309 Y126.764
G1 F6300 X105.171 Y122.513 E6092.77
G0 F7200 X105.049 Y122.634
G0 X104.039 Y121.629
G0 X104.159 Y121.509
G1 F6300 X100.16 Y136.435 E6094.16072
G0 F7200 X100.272 Y136.311
G0 X97.458 Y133.802
G0 X97.345 Y133.928
G1 F6300 X112.549 Y129.854 E6095.57735
G0 F7200 X112.427 Y129.975
G0 X111.395 Y128.948
G0 X111.516 Y128.828
G1 F6300 X107.681 Y143.14 E6096.91087
G0 F7200 X107.793 Y143.016
G0 X105.495 Y140.967
G0 X105.382 Y141.092
G1 F6300 X119.926 Y137.195 E6098.26601
G0 F7200 X119.805 Y137.315
G0 X118.751 Y136.267
G0 X118.872 Y136.147
G1 F6300 X115.202 Y149.844 E6099.54222
G0 F7200 X115.313 Y149.72
G0 X113.53 Y148.131
G0 X113.418 Y148.256
G1 F6300 X127.303 Y144.535 E6100.83597
G0 F7200 X127.182 Y144.655
G0 X126.108 Y143.586
G0 X126.228 Y143.467
G1 F6300 X122.723 Y156.549 E6102.05487
G0 F7200 X122.834 Y156.425
G0 X121.567 Y155.296
G0 X121.455 Y155.42
G1 F6300 X134.681 Y151.876 E6103.28721
G0 F7200 X134.56 Y151.996
G0 X133.464 Y150.906
G0 X133.584 Y150.787
G1 F6300 X130.244 Y163.253 E6104.44872
G0 F7200 X129.491 Y162.584
G1 F6300 X142.058 Y159.217 E6105.61964
G0 F7200 X141.938 Y159.336
G0 X140.821 Y158.225
G0 X140.94 Y158.106
G1 F6300 X138.522 Y167.133 E6106.46071
G0 F7200 X138.403 Y167.013
G0 X139.977 Y165.432
G0 X140.095 Y165.551
G1 F6300 X90.687 Y116.143 E6112.74932
G0 F7200 X95.229 Y112.461
G0 X95.585 Y112.258
;TYPE:WALL-OUTER
G1 F2880 X95.151 Y111.506 E6112.82746
G1 X94.893 Y110.579 E6112.91407
G1 X95.048 Y108.977 E6113.05892
G1 X95.591 Y107.489 E6113.20148
G1 X95.944 Y106.788 E6113.27211
G1 X95.944 Y93.497 E6114.4683
G1 X95.782 Y93.2 E6114.49875
G1 X95.455 Y92.472 E6114.57058
G1 X95.124 Y91.472 E6114.66538
G1 X94.932 Y90.355 E6114.76738
G1 X94.962 Y89.183 E6114.8729
G1 X95.202 Y88.091 E6114.97353
G1 X95.528 Y87.159 E6115.06239
G1 X95.944 Y86.344 E6115.14474
G1 X95.945 Y72.626 E6116.37936
G1 X96.393 Y71.266 E6116.50823
G1 X97.07 Y70.34 E6116.61147
G1 X97.658 Y69.724 E6116.68811
G1 X98.406 Y69.179 E6116.77141
G1 X99.233 Y68.818 E6116.85262
G1 X100.233 Y68.613 E6116.94449
G1 X102.52 Y68.611 E6117.15032
G1 X103.572 Y68.822 E6117.24689
G1 X104.376 Y69.182 E6117.32617
G1 X105.117 Y69.713 E6117.40821
G1 X119.912 Y83.167 E6119.20799
G1 X120.938 Y83.598 E6119.30815
G1 X121.759 Y83.743 E6119.38318
G1 X122.383 Y83.728 E6119.43936
G1 X123.193 Y83.546 E6119.51408
G1 X124.197 Y83.066 E6119.61423
G1 X126.112 Y81.151 E6119.85797
G1 X126.691 Y79.955 E6119.97756
G1 X126.806 Y78.925 E6120.07084
G1 X126.713 Y78.1 E6120.14556
G1 X126.443 Y77.327 E6120.21925
G1 X125.943 Y76.529 E6120.304
G1 X104.755 Y55.341 E6123.0008
G1 X104.083 Y54.804 E6123.07821
G1 X103.341 Y54.45 E6123.15221
G1 X102.395 Y54.24 E6123.23942
G1 X82.513 Y54.24 E6125.0288
G1 X81.567 Y54.45 E6125.11601
G1 X80.829 Y54.804 E6125.18968
G1 X80.178 Y55.322 E6125.26455
G1 X79.531 Y56.135 E6125.35806
G1 X79.096 Y57.389 E6125.47752
G1 X79.096 Y117.42 E6130.88031
G1 X79.279 Y118.27 E6130.95856
G1 X79.679 Y119.165 E6131.04679
G1 X80.336 Y119.89 E6131.13485
G1 X134.315 Y168.009 E6137.64302
G1 X135.193 Y168.495 E6137.73334
G1 X136.024 Y168.717 E6137.81075
G1 X136.873 Y168.743 E6137.8872
G1 X137.724 Y168.565 E6137.96544
G1 X138.762 Y168.081 E6138.06852
G1 X143.012 Y163.807 E6138.61099
G1 X143.54 Y162.98 E6138.69929
G1 X143.805 Y162.213 E6138.77233
G1 X143.898 Y161.385 E6138.84731
G1 X143.801 Y160.561 E6138.92199
G1 X143.528 Y159.792 E6138.99543
G1 X143.032 Y159.001 E6139.07946
G1 X97.696 Y113.893 E6144.8353
G1 X96.998 Y113.496 E6144.90757
G1 X96.176 Y112.904 E6144.99874
G1 X95.585 Y112.258 E6145.07754
G0 F7200 X95.435 Y111.999
G0 X95.101 Y112.612
;TYPE:WALL-INNER
G1 F4620 X94.588 Y111.724 E6145.16983
G1 X94.288 Y110.631 E6145.27184
G1 X94.463 Y108.817 E6145.43586
G1 X95.055 Y107.219 E6145.58923
G1 X95.344 Y106.646 E6145.64699
G1 X95.344 Y93.691 E6146.81294
G1 X94.891 Y92.678 E6146.91281
G1 X94.547 Y91.641 E6147.01114
G1 X94.334 Y90.4 E6147.12446
G1 X94.362 Y89.14 E6147.23789
G1 X94.616 Y87.962 E6147.34635
G1 X94.967 Y86.938 E6147.44377
G1 X95.344 Y86.2 E6147.51836
G1 X95.349 Y72.534 E6148.7483
G1 X95.85 Y70.99 E6148.89439
G1 X96.574 Y69.999 E6149.00485
G1 X97.283 Y69.254 E6149.09741
G1 X98.105 Y68.654 E6149.189
G1 X99.051 Y68.246 E6149.28172
G1 X100.173 Y68.016 E6149.3848
G1 X102.609 Y68.011 E6149.60404
G1 X103.756 Y68.25 E6149.70949
G1 X104.704 Y68.671 E6149.80284
G1 X105.47 Y69.227 E6149.88803
G1 X120.24 Y82.654 E6151.68451
G1 X121.108 Y83.019 E6151.76925
G1 X122.057 Y83.187 E6151.85599
G1 X122.995 Y82.976 E6151.94252
G1 X123.847 Y82.568 E6152.02754
G1 X125.617 Y80.797 E6152.25289
G1 X126.106 Y79.787 E6152.35388
G1 X126.202 Y78.925 E6152.43194
G1 X126.124 Y78.234 E6152.49453
G1 X125.899 Y77.589 E6152.55601
G1 X125.471 Y76.905 E6152.62863
G1 X104.355 Y55.789 E6155.31625
G1 X103.763 Y55.316 E6155.38445
G1 X103.144 Y55.021 E6155.44616
G1 X102.329 Y54.84 E6155.5213
G1 X82.579 Y54.84 E6157.2988
G1 X81.764 Y55.021 E6157.37394
G1 X81.149 Y55.316 E6157.43533
G1 X80.605 Y55.749 E6157.4979
G1 X80.064 Y56.429 E6157.57611
G1 X79.696 Y57.489 E6157.67709
G1 X79.696 Y117.356 E6163.06512
G1 X79.853 Y118.082 E6163.13197
G1 X80.188 Y118.833 E6163.20598
G1 X80.759 Y119.464 E6163.28257
G1 X134.664 Y167.517 E6169.78182
G1 X135.419 Y167.934 E6169.85945
G1 X136.112 Y168.119 E6169.924
G1 X136.82 Y168.141 E6169.98775
G1 X137.533 Y167.992 E6170.05331
G1 X138.413 Y167.582 E6170.14068
G1 X142.541 Y163.43 E6170.66762
G1 X142.996 Y162.717 E6170.74374
G1 X143.216 Y162.08 E6170.8044
G1 X143.294 Y161.387 E6170.86716
G1 X143.213 Y160.698 E6170.9296
G1 X142.985 Y160.055 E6170.991
G1 X142.56 Y159.378 E6171.06294
G1 X97.33 Y114.375 E6176.80535
G1 X96.631 Y113.972 E6176.87797
G1 X95.774 Y113.357 E6176.9729
G1 X95.101 Y112.612 E6177.06326
G0 F7200 X94.744 Y112.946
;TYPE:SKIN
G1 F2340 X94.703 Y112.902 E6177.0684
G1 X94.14 Y111.907 E6177.16615
G1 X93.795 Y110.668 E6177.27611
G1 X93.988 Y108.739 E6177.44186
G1 X94.57 Y107.127 E6177.5884
G1 X94.864 Y106.53 E6177.6453
G1 X94.864 Y104.233 E6177.84169
G1 X94.768 Y104.195 E6177.85052
G1 X94.392 Y104.597 E6177.89758
G1 X94.172 Y104.692 E6177.91807
G1 X87.224 Y104.692 E6178.51212
G1 X87.224 Y107.437 E6178.74682
G1 X86.976 Y107.672 E6178.77603
G1 X80.176 Y107.672 E6179.35743
G1 X80.176 Y113.036 E6179.81605
G1 X86.98 Y113.036 E6180.3978
G1 X87.224 Y113.286 E6180.42766
G1 X87.224 Y116.02 E6180.66142
G1 X98.219 Y116.023 E6181.60149
G1 X98.244 Y115.963 E6181.60705
G1 X97.036 Y114.761 E6181.75275
G1 X96.408 Y114.4 E6181.81469
G1 X95.44 Y113.693 E6181.91718
G1 X94.744 Y112.946 E6182.00447
G0 F7200 X97.418 Y115.562
G1 F2340 X97.258 Y115.723 E6182.02388
G0 F7200 X96.992 Y115.14
G1 F2340 X96.409 Y115.723 E6182.09437
G0 F7200 X95.561 Y115.723
G1 F2340 X96.491 Y114.792 E6182.20688
G0 F7200 X95.977 Y114.458
G1 F2340 X94.713 Y115.722 E6182.35972
G0 F7200 X93.864 Y115.722
G1 F2340 X95.485 Y114.102 E6182.55566
G0 F7200 X95.037 Y113.701
G1 F2340 X93.016 Y115.722 E6182.80003
G0 F7200 X92.168 Y115.722
G1 F2340 X94.627 Y113.262 E6183.09742
G0 F7200 X94.279 Y112.762
G1 F2340 X91.319 Y115.722 E6183.45533
G0 F7200 X90.471 Y115.722
G1 F2340 X93.972 Y112.221 E6183.87866
G0 F7200 X93.743 Y111.601
G1 F2340 X89.623 Y115.721 E6184.37683
G0 F7200 X88.774 Y115.721
G1 F2340 X93.558 Y110.937 E6184.95529
G0 F7200 X93.551 Y110.096
G1 F2340 X87.926 Y115.721 E6185.63543
G0 F7200 X87.524 Y115.274
G1 F2340 X93.646 Y109.153 E6186.37562
G0 F7200 X93.923 Y108.027
G1 F2340 X87.524 Y114.425 E6187.14929
G0 F7200 X87.524 Y113.577
G1 F2340 X94.49 Y106.611 E6187.99159
G0 F7200 X94.564 Y105.689
G1 F2340 X87.325 Y112.928 E6188.8669
G0 F7200 X86.668 Y112.736
G1 F2340 X94.564 Y104.841 E6189.82158
G0 F7200 X93.564 Y104.992
G1 F2340 X85.819 Y112.736 E6190.75801
G0 F7200 X84.971 Y112.736
G1 F2340 X92.715 Y104.992 E6191.69438
G0 F7200 X91.867 Y104.992
G1 F2340 X84.122 Y112.736 E6192.63081
G0 F7200 X83.274 Y112.736
G1 F2340 X91.018 Y104.992 E6193.56717
G0 F7200 X90.17 Y104.992
G1 F2340 X82.425 Y112.736 E6194.5036
G0 F7200 X81.577 Y112.736
G1 F2340 X86.341 Y107.972 E6195.07964
G0 F7200 X85.493 Y107.972
G1 F2340 X80.728 Y112.736 E6195.65574
G0 F7200 X80.477 Y112.139
G1 F2340 X84.644 Y107.972 E6196.1596
G0 F7200 X83.796 Y107.972
G1 F2340 X80.477 Y111.291 E6196.56091
G0 F7200 X80.477 Y110.442
G1 F2340 X82.947 Y107.972 E6196.85958
G0 F7200 X82.099 Y107.972
G1 F2340 X80.477 Y109.594 E6197.0557
G0 F7200 X80.477 Y108.745
G1 F2340 X81.25 Y107.972 E6197.14917
G0 F7200 X87.524 Y106.789
G1 F2340 X89.321 Y104.992 E6197.36645
G0 F7200 X88.472 Y104.992
G1 F2340 X87.524 Y105.94 E6197.48108
G0 F7200 X87.524 Y105.092
G1 F2340 X87.624 Y104.992 E6197.49317
G0 F7200 X87.624 Y95.588
G1 F2340 X94.184 Y95.588 E6198.05405
G1 X94.403 Y95.682 E6198.07443
G1 X94.779 Y96.082 E6198.12137
G1 X94.864 Y96.048 E6198.12919
G1 X94.864 Y93.788 E6198.32242
G1 X94.445 Y92.851 E6198.41018
G1 X94.076 Y91.732 E6198.51092
G1 X93.852 Y90.434 E6198.62354
G1 X93.886 Y89.081 E6198.73926
G1 X94.168 Y87.761 E6198.85467
G1 X94.508 Y86.781 E6198.94336
G1 X94.864 Y86.083 E6199.01035
G1 X94.864 Y83.802 E6199.20538
G1 X94.772 Y83.766 E6199.21382
G1 X94.395 Y84.166 E6199.26082
G1 X94.176 Y84.26 E6199.28119
G1 X87.224 Y84.26 E6199.87559
G1 X87.218 Y87.004 E6200.1102
G1 X87.137 Y87.152 E6200.12463
G1 X86.922 Y87.24 E6200.14449
G1 X80.176 Y87.244 E6200.72127
G1 X80.176 Y92.607 E6201.17981
G1 X86.979 Y92.604 E6201.76147
G1 X87.218 Y92.841 E6201.79025
G1 X87.224 Y95.588 E6202.02511
G1 X87.624 Y95.588 E6202.05931
G0 F7200 X93.933 Y95.288
G1 F2340 X94.564 Y94.658 E6202.13555
G0 F7200 X94.55 Y93.823
G1 F2340 X93.085 Y95.288 E6202.31269
G0 F7200 X92.236 Y95.288
G1 F2340 X94.288 Y93.236 E6202.56081
G0 F7200 X94.055 Y92.621
G1 F2340 X91.388 Y95.288 E6202.88329
G0 F7200 X90.539 Y95.288
G1 F2340 X93.845 Y91.983 E6203.28298
G0 F7200 X93.693 Y91.286
G1 F2340 X89.691 Y95.288 E6203.76688
G0 F7200 X88.842 Y95.288
G1 F2340 X93.568 Y90.563 E6204.33826
G0 F7200 X93.57 Y89.712
G1 F2340 X87.994 Y95.288 E6205.01249
G0 F7200 X87.524 Y94.909
G1 F2340 X93.643 Y88.791 E6205.75231
G0 F7200 X93.875 Y87.71
G1 F2340 X87.524 Y94.061 E6206.52024
G0 F7200 X87.524 Y93.212
G1 F2340 X94.391 Y86.346 E6207.35051
G0 F7200 X94.564 Y85.324
G1 F2340 X87.354 Y92.534 E6208.2223
G0 F7200 X86.735 Y92.304
G1 F2340 X94.564 Y84.475 E6209.16895
G0 F7200 X93.632 Y84.559
G1 F2340 X85.887 Y92.304 E6210.10544
G0 F7200 X85.037 Y92.305
G1 F2340 X92.783 Y84.559 E6211.04205
G0 F7200 X91.934 Y84.559
G1 F2340 X84.188 Y92.306 E6211.97872
G0 F7200 X83.34 Y92.306
G1 F2340 X91.086 Y84.559 E6212.91539
G0 F7200 X90.237 Y84.559
G1 F2340 X82.49 Y92.306 E6213.85212
G0 F7200 X81.641 Y92.307
G1 F2340 X86.408 Y87.54 E6214.42852
G0 F7200 X85.559 Y87.541
G1 F2340 X80.793 Y92.307 E6215.0048
G0 F7200 X80.476 Y91.775
G1 F2340 X84.71 Y87.541 E6215.51676
G0 F7200 X83.861 Y87.541
G1 F2340 X80.476 Y90.927 E6215.92612
G0 F7200 X80.476 Y90.078
G1 F2340 X83.012 Y87.542 E6216.23276
G0 F7200 X82.163 Y87.543
G1 F2340 X80.476 Y89.23 E6216.43674
G0 F7200 X80.476 Y88.381
G1 F2340 X81.314 Y87.543 E6216.53807
G0 F7200 X87.524 Y86.424
G1 F2340 X89.389 Y84.559 E6216.76358
G0 F7200 X88.54 Y84.559
G1 F2340 X87.524 Y85.575 E6216.88643
G0 F7200 X87.524 Y84.727
G1 F2340 X87.692 Y84.559 E6216.90674
G10
;MESH:NONMESH
G0 F600 X87.692 Y84.559 Z3.4
G0 F7200 X81.216 Y55.788
G0 X81.11 Y55.654
;TIME_ELAPSED:1439.510925
;LAYER:20
;TYPE:FILL
;MESH:porte-manteau.stl
G11
G1 F6300 X95.93 Y70.475 E6218.79308
G0 F7200 X95.794 Y70.374
G0 X96.816 Y69.25
G0 X97.694 Y68.451
G0 X97.79 Y68.586
G1 F6300 X79.936 Y73.37 E6220.45663
G0 F7200 X79.937 Y72.816
G1 F6300 X84.689 Y55.079 E6222.10926
G0 F7200 X84.689 Y55.252
G0 X93.264 Y55.252
G0 X93.264 Y55.08
G1 F6300 X120.821 Y82.637 E6225.61669
G0 F7200 X120.885 Y82.484
G0 X119.398 Y81.338
G0 X119.285 Y81.461
G1 F6300 X125.875 Y79.696 E6226.23069
G0 F7200 X125.711 Y79.677
G0 X125.212 Y77.264
G0 X125.356 Y77.174
G1 F6300 X124.059 Y82.016 E6226.68184
G0 F7200 X123.94 Y81.897
G0 X115.865 Y78.124
G0 X115.752 Y78.246
G1 F6300 X118.017 Y69.791 E6227.46962
G0 F7200 X117.896 Y69.912
G0 X120.02 Y72.036
G0 X120.142 Y71.915
G1 F6300 X111.372 Y74.264 E6228.28674
G0 F7200 X111.485 Y74.141
G0 X108.373 Y71.31
G0 X108.259 Y71.434
G1 F6300 X110.668 Y62.444 E6229.12439
G0 F7200 X110.548 Y62.564
G0 X112.671 Y64.687
G0 X112.793 Y64.566
G1 F6300 X100.823 Y67.774 E6230.2397
G0 F7200 X99.91 Y67.822
G1 F6300 X103.254 Y55.341 E6231.40261
G0 F7200 X103.181 Y55.493
G0 X105.323 Y57.339
G0 X105.444 Y57.218
G1 F6300 X79.937 Y64.052 E6233.77921
G0 F7200 X80.109 Y64.052
G0 X80.109 Y67.208
G0 X79.936 Y67.208
G1 F6300 X95.106 Y82.378 E6235.71004
G0 F7200 X94.934 Y82.378
G0 X94.934 Y78.623
G0 X95.107 Y78.623
G1 F6300 X79.937 Y82.687 E6237.12348
G0 F7200 X80.109 Y82.687
G0 X80.109 Y79.936
G0 X79.936 Y79.936
G1 F6300 X86.721 Y86.721 E6237.98707
G0 F7200 X85.528 Y86.722
G1 F6300 X94.007 Y55.079 E6240.93541
G10
G0 F7200 X94.007 Y55.252
G0 X83.811 Y93.128
G11
G1 F6300 X80.054 Y107.153 E6242.24216
G0 F7200 X80.109 Y107.153
G0 X81.696 Y107.151
G1 F6300 X79.936 Y105.391 E6242.46617
G0 F7200 X80.109 Y105.391
G0 X80.109 Y101.323
G0 X79.936 Y101.323
G1 F6300 X95.104 Y97.258 E6243.87947
G0 F7200 X94.934 Y97.258
G0 X92.395 Y95.867
G1 F6300 X90.105 Y104.415 E6244.67592
G0 F7200 X91.686 Y104.414
G1 F6300 X80.4 Y93.128 E6246.11239
G10
G0 F7200 X87.104 Y115.614
G11
G1 F6300 X85.118 Y123.026 E6246.803
G0 F7200 X85.23 Y122.901
G0 X82.696 Y120.642
G0 X82.584 Y120.767
G1 F6300 X80.29 Y118.474 E6247.09492
G0 F7200 X80.447 Y118.405
G0 X81.386 Y119.474
G0 X81.272 Y119.6
G1 F6300 X93.582 Y116.301 E6248.24191
G0 F7200 X96.237 Y116.303
G1 F6300 X92.639 Y129.73 E6249.49297
G0 F7200 X92.751 Y129.606
G0 X89.422 Y126.638
G0 X89.309 Y126.764
G1 F6300 X105.167 Y122.514 E6250.97056
G0 F7200 X105.047 Y122.633
G0 X104.04 Y121.63
G0 X104.158 Y121.513
G1 F6300 X100.16 Y136.435 E6252.36091
G0 F7200 X100.272 Y136.311
G0 X97.458 Y133.802
G0 X97.345 Y133.928
G1 F6300 X112.545 Y129.855 E6253.77717
G0 F7200 X112.426 Y129.974
G0 X111.396 Y128.949
G0 X111.515 Y128.831
G1 F6300 X107.681 Y143.14 E6255.11041
G0 F7200 X107.793 Y143.016
G0 X105.495 Y140.967
G0 X105.382 Y141.092
G1 F6300 X119.923 Y137.195 E6256.46528
G0 F7200 X119.803 Y137.314
G0 X118.752 Y136.268
G0 X118.871 Y136.15
G1 F6300 X115.202 Y149.844 E6257.74121
G0 F7200 X115.313 Y149.72
G0 X113.53 Y148.131
G0 X113.418 Y148.256
G1 F6300 X127.301 Y144.536 E6259.03476
G0 F7200 X127.181 Y144.655
G0 X126.109 Y143.588
G0 X126.228 Y143.469
G1 F6300 X122.723 Y156.549 E6260.25349
G0 F7200 X122.834 Y156.425
G0 X121.567 Y155.296
G0 X121.455 Y155.42
G1 F6300 X134.68 Y151.876 E6261.48574
G0 F7200 X134.56 Y151.996
G0 X133.465 Y150.906
G0 X133.584 Y150.788
G1 F6300 X130.244 Y163.253 E6262.64716
G0 F7200 X129.491 Y162.584
G1 F6300 X142.058 Y159.217 E6263.81808
G0 F7200 X141.938 Y159.336
G0 X140.821 Y158.225
G0 X140.94 Y158.106
G1 F6300 X138.522 Y167.133 E6264.65915
G0 F7200 X138.403 Y167.013
G0 X139.977 Y165.432
G0 X140.095 Y165.551
G1 F6300 X90.844 Y116.3 E6270.92778
G0 F7200 X94.897 Y112.62
G0 X95.199 Y112.344
;TYPE:WALL-OUTER
G1 F2880 X95.129 Y112.267 E6270.93715
G1 X94.648 Y111.37 E6271.02875
G1 X94.465 Y110.378 E6271.11954
G1 X94.573 Y109.282 E6271.21866
G1 X94.887 Y108.199 E6271.32014
G1 X95.291 Y107.294 E6271.40934
G1 X95.682 Y106.567 E6271.48363
G1 X95.944 Y106.153 E6271.52773
G1 X95.944 Y94.133 E6272.60953
G1 X95.59 Y93.556 E6272.67045
G1 X95.224 Y92.854 E6272.7417
G1 X94.767 Y91.783 E6272.8465
G1 X94.476 Y90.559 E6272.95973
G1 X94.512 Y89.228 E6273.07956
G1 X94.755 Y88.153 E6273.17876
G1 X95.074 Y87.32 E6273.25903
G1 X95.419 Y86.614 E6273.32976
G1 X95.944 Y85.7 E6273.42462
G1 X95.945 Y72.626 E6274.60128
G1 X96.393 Y71.266 E6274.73015
G1 X97.07 Y70.34 E6274.83339
G1 X97.658 Y69.724 E6274.91003
G1 X98.406 Y69.179 E6274.99332
G1 X99.233 Y68.818 E6275.07454
G1 X100.233 Y68.613 E6275.16641
G1 X102.52 Y68.611 E6275.37224
G1 X103.572 Y68.822 E6275.4688
G1 X104.376 Y69.182 E6275.54809
G1 X105.117 Y69.713 E6275.63013
G1 X119.912 Y83.167 E6277.42991
G1 X120.946 Y83.602 E6277.53087
G1 X121.766 Y83.747 E6277.60582
G1 X122.374 Y83.728 E6277.66056
G1 X123.185 Y83.55 E6277.73529
G1 X124.196 Y83.067 E6277.83613
G1 X126.112 Y81.151 E6278.08
G1 X126.691 Y79.955 E6278.19959
G1 X126.806 Y78.925 E6278.29286
G1 X126.713 Y78.1 E6278.36758
G1 X126.443 Y77.327 E6278.44128
G1 X125.943 Y76.529 E6278.52603
G1 X104.755 Y55.341 E6281.22282
G1 X104.083 Y54.804 E6281.30024
G1 X103.341 Y54.45 E6281.37423
G1 X102.395 Y54.24 E6281.46144
G1 X82.513 Y54.24 E6283.25082
G1 X81.567 Y54.45 E6283.33804
G1 X80.829 Y54.804 E6283.4117
G1 X80.178 Y55.322 E6283.48658
G1 X79.531 Y56.135 E6283.58009
G1 X79.096 Y57.389 E6283.69955
G1 X79.096 Y117.42 E6289.10234
G1 X79.279 Y118.27 E6289.18059
G1 X79.679 Y119.165 E6289.26882
G1 X80.336 Y119.89 E6289.35687
G1 X134.315 Y168.009 E6295.86505
G1 X135.193 Y168.495 E6295.95536
G1 X136.024 Y168.717 E6296.03278
G1 X136.873 Y168.743 E6296.10922
G1 X137.724 Y168.565 E6296.18747
G1 X138.762 Y168.081 E6296.29055
G1 X143.012 Y163.807 E6296.83301
G1 X143.54 Y162.98 E6296.92132
G1 X143.805 Y162.213 E6296.99435
G1 X143.898 Y161.385 E6297.06934
G1 X143.801 Y160.561 E6297.14401
G1 X143.528 Y159.792 E6297.21745
G1 X143.032 Y159.001 E6297.30148
G1 X98.279 Y114.476 E6302.98312
G1 X97.277 Y113.934 E6303.08565
G1 X96.334 Y113.408 E6303.18283
G1 X95.755 Y112.956 E6303.24893
G1 X95.199 Y112.344 E6303.32335
G0 F7200 X95.129 Y112.267
G0 X95.037 Y112.095
G0 X94.759 Y112.748
;TYPE:WALL-INNER
G1 F4620 X94.629 Y112.605 E6303.34074
G1 X94.063 Y111.539 E6303.44937
G1 X93.856 Y110.369 E6303.5563
G1 X93.984 Y109.166 E6303.66519
G1 X94.327 Y107.977 E6303.77656
G1 X94.762 Y107.01 E6303.87199
G1 X95.344 Y105.932 E6303.98225
G1 X95.344 Y94.303 E6305.02886
G1 X95.058 Y93.834 E6305.0783
G1 X94.672 Y93.09 E6305.15373
G1 X94.197 Y91.972 E6305.26306
G1 X93.876 Y90.637 E6305.38663
G1 X93.91 Y89.172 E6305.51852
G1 X94.187 Y87.957 E6305.63067
G1 X94.549 Y87.026 E6305.72057
G1 X94.899 Y86.316 E6305.79182
G1 X95.344 Y85.54 E6305.87232
G1 X95.349 Y72.534 E6307.04286
G1 X95.85 Y70.99 E6307.18896
G1 X96.574 Y69.999 E6307.29941
G1 X97.283 Y69.254 E6307.39197
G1 X98.105 Y68.654 E6307.48357
G1 X99.051 Y68.246 E6307.57629
G1 X100.173 Y68.016 E6307.67937
G1 X102.609 Y68.011 E6307.89861
G1 X103.756 Y68.25 E6308.00405
G1 X104.704 Y68.671 E6308.09741
G1 X105.47 Y69.227 E6308.1826
G1 X120.24 Y82.654 E6309.97908
G1 X121.116 Y83.023 E6310.06462
G1 X122.044 Y83.186 E6310.14942
G1 X122.989 Y82.979 E6310.23649
G1 X123.844 Y82.57 E6310.32179
G1 X125.616 Y80.798 E6310.54733
G1 X126.106 Y79.787 E6310.64844
G1 X126.202 Y78.925 E6310.7265
G1 X126.124 Y78.234 E6310.78909
G1 X125.899 Y77.589 E6310.85057
G1 X125.471 Y76.905 E6310.92319
G1 X104.355 Y55.789 E6313.61082
G1 X103.763 Y55.316 E6313.67901
G1 X103.144 Y55.021 E6313.74073
G1 X102.329 Y54.84 E6313.81586
G1 X82.579 Y54.84 E6315.59336
G1 X81.764 Y55.021 E6315.6685
G1 X81.149 Y55.316 E6315.72989
G1 X80.605 Y55.749 E6315.79246
G1 X80.064 Y56.429 E6315.87067
G1 X79.696 Y57.489 E6315.97166
G1 X79.696 Y117.356 E6321.35969
G1 X79.853 Y118.082 E6321.42654
G1 X80.188 Y118.833 E6321.50055
G1 X80.759 Y119.464 E6321.57714
G1 X134.664 Y167.517 E6328.07638
G1 X135.419 Y167.934 E6328.15401
G1 X136.112 Y168.119 E6328.21856
G1 X136.82 Y168.141 E6328.28231
G1 X137.533 Y167.992 E6328.34787
G1 X138.413 Y167.582 E6328.43524
G1 X142.541 Y163.43 E6328.96218
G1 X142.996 Y162.717 E6329.0383
G1 X143.216 Y162.08 E6329.09896
G1 X143.294 Y161.387 E6329.16172
G1 X143.213 Y160.698 E6329.22416
G1 X142.985 Y160.055 E6329.28556
G1 X142.56 Y159.378 E6329.3575
G1 X97.917 Y114.962 E6335.0252
G1 X96.985 Y114.458 E6335.12056
G1 X96.018 Y113.918 E6335.22024
G1 X95.347 Y113.396 E6335.29675
G1 X94.759 Y112.748 E6335.3755
G0 F7200 X93.865 Y112.203
;TYPE:SKIN
G1 F2340 X93.604 Y111.686 E6335.42762
G1 X93.372 Y110.404 E6335.54488
G1 X93.515 Y109.052 E6335.66724
G1 X93.673 Y108.504 E6335.71857
G1 X88.425 Y108.512 E6336.19089
G1 X88.425 Y112.196 E6336.52245
G1 X93.865 Y112.203 E6337.01205
G0 F7200 X93.864 Y112.483
G0 X93.184 Y109.306
G1 F2340 X92.683 Y108.805 E6337.07581
G0 F7200 X91.836 Y108.807
G1 F2340 X93.107 Y110.077 E6337.23752
G0 F7200 X93.175 Y110.994
G1 F2340 X90.989 Y108.808 E6337.51575
G0 F7200 X90.143 Y108.81
G1 F2340 X93.234 Y111.902 E6337.90924
G0 F7200 X92.384 Y111.9
G1 F2340 X89.296 Y108.812 E6338.30228
G0 F7200 X88.725 Y109.09
G1 F2340 X91.535 Y111.9 E6338.65993
G0 F7200 X90.685 Y111.898
G1 F2340 X88.725 Y109.938 E6338.9094
G0 F7200 X88.725 Y110.787
G1 F2340 X89.835 Y111.897 E6339.05068
G0 F7200 X88.985 Y111.895
G1 F2340 X88.725 Y111.635 E6339.08377
G0 F7200 X87.944 Y111.635
G1 F2340 X87.944 Y108.322 E6339.36703
G1 X88.054 Y108.099 E6339.38829
G1 X88.243 Y108.032 E6339.40544
G1 X93.776 Y108.024 E6339.87851
G1 X94.332 Y106.789 E6339.99431
G1 X94.864 Y105.804 E6340.09002
G1 X94.864 Y104.079 E6340.23751
G1 X94.787 Y104.047 E6340.24464
G1 X94.404 Y104.442 E6340.29168
G1 X94.188 Y104.532 E6340.31169
G1 X87.224 Y104.532 E6340.90711
G1 X87.224 Y106.979 E6341.11633
G1 X87.114 Y107.201 E6341.13751
G1 X86.925 Y107.268 E6341.15466
G1 X80.176 Y107.272 E6341.7317
G1 X80.176 Y113.436 E6342.25872
G1 X86.924 Y113.436 E6342.83567
G1 X87.151 Y113.539 E6342.85699
G1 X87.224 Y113.726 E6342.87415
G1 X87.224 Y116.176 E6343.08363
G1 X98.461 Y116.184 E6344.04439
G1 X97.623 Y115.352 E6344.14535
G1 X96.745 Y114.874 E6344.23083
G1 X95.693 Y114.28 E6344.33412
G1 X95.006 Y113.731 E6344.40931
G1 X94.255 Y112.911 E6344.50438
G1 X94.123 Y112.684 E6344.52683
G1 X88.243 Y112.676 E6345.02957
G1 X88.017 Y112.573 E6345.05081
G1 X87.944 Y112.385 E6345.06805
G1 X87.944 Y111.635 E6345.13218
G0 F7200 X80.892 Y113.136
G1 F2340 X80.476 Y112.72 E6345.18248
G0 F7200 X80.476 Y111.871
G1 F2340 X81.74 Y113.136 E6345.33538
G0 F7200 X82.589 Y113.136
G1 F2340 X80.476 Y111.023 E6345.59087
G0 F7200 X80.476 Y110.174
G1 F2340 X83.437 Y113.136 E6345.94896
G0 F7200 X84.286 Y113.136
G1 F2340 X80.476 Y109.326 E6346.40965
G0 F7200 X80.476 Y108.477
G1 F2340 X85.134 Y113.136 E6346.97293
G0 F7200 X85.983 Y113.136
G1 F2340 X80.476 Y107.629 E6347.63881
G0 F7200 X81.268 Y107.572
G1 F2340 X86.831 Y113.136 E6348.31152
G0 F7200 X87.524 Y113.829
G1 F2340 X89.573 Y115.878 E6348.55928
G0 F7200 X88.724 Y115.877
G1 F2340 X87.524 Y114.677 E6348.70438
G0 F7200 X87.524 Y115.526
G1 F2340 X87.875 Y115.876 E6348.74676
G0 F7200 X90.423 Y115.879
G1 F2340 X82.116 Y107.571 E6349.75126
G0 F7200 X82.963 Y107.571
G1 F2340 X87.644 Y112.252 E6350.31727
G0 F7200 X87.644 Y111.403
G1 F2340 X83.811 Y107.57 E6350.78073
G0 F7200 X84.66 Y107.57
G1 F2340 X87.644 Y110.555 E6351.14161
G0 F7200 X87.644 Y109.706
G1 F2340 X85.508 Y107.569 E6351.39994
G0 F7200 X86.355 Y107.569
G1 F2340 X87.644 Y108.858 E6351.5558
G0 F7200 X87.745 Y108.11
G1 F2340 X87.13 Y107.495 E6351.63016
G0 F7200 X87.507 Y107.023
G1 F2340 X88.223 Y107.739 E6351.71674
G0 F7200 X89.063 Y107.731
G1 F2340 X87.524 Y106.191 E6351.90289
G0 F7200 X87.524 Y105.343
G1 F2340 X89.91 Y107.729 E6352.19139
G0 F7200 X90.758 Y107.728
G1 F2340 X87.862 Y104.832 E6352.54156
G0 F7200 X88.71 Y104.832
G1 F2340 X91.605 Y107.727 E6352.89161
G0 F7200 X92.453 Y107.726
G1 F2340 X89.559 Y104.832 E6353.24154
G0 F7200 X90.407 Y104.832
G1 F2340 X93.3 Y107.725 E6353.59135
G0 F7200 X93.76 Y107.337
G1 F2340 X91.256 Y104.832 E6353.89418
G0 F7200 X92.104 Y104.832
G1 F2340 X94.022 Y106.75 E6354.1261
G0 F7200 X94.313 Y106.193
G1 F2340 X92.953 Y104.832 E6354.2906
G0 F7200 X93.801 Y104.832
G1 F2340 X94.564 Y105.595 E6354.38286
G10
G0 F7200 X88.216 Y108.306
G0 X88.216 Y112.405
G0 X93.468 Y112.984
G11
G1 F2340 X96.367 Y115.883 E6354.73339
G0 F7200 X97.216 Y115.883
G1 F2340 X96.302 Y114.97 E6354.84385
G1 X96.196 Y114.865
G0 F7200 X95.517 Y115.882
G1 F2340 X92.618 Y112.983 E6355.19438
G0 F7200 X91.768 Y112.982
G1 F2340 X94.668 Y115.881 E6355.54498
G0 F7200 X93.819 Y115.881
G1 F2340 X90.918 Y112.98 E6355.89575
G0 F7200 X90.068 Y112.979
G1 F2340 X92.97 Y115.88 E6356.24659
G0 F7200 X92.12 Y115.879
G1 F2340 X89.219 Y112.978 E6356.59736
G0 F7200 X88.369 Y112.977
G1 F2340 X91.272 Y115.879 E6356.94832
G1 X91.378 Y115.985
G10
G0 F7200 X88.216 Y112.405
G0 X88.216 Y108.306
G0 X91.378 Y92.046
G0 X91.378 Y91.764
G11
G1 F2340 X93.655 Y91.764 E6357.15325
G1 X93.391 Y90.669 E6357.25462
G1 X93.435 Y89.082 E6357.39751
G1 X93.66 Y88.081 E6357.48985
G1 X88.424 Y88.084 E6357.96109
G1 X88.424 Y91.764 E6358.29229
G1 X91.378 Y91.764 E6358.55815
G0 F7200 X91.378 Y92.046
G0 X93.163 Y91.966
G0 X93.163 Y88.921
G1 F2340 X92.625 Y88.383 E6358.62662
G0 F7200 X91.777 Y88.383
G1 F2340 X93.114 Y89.72 E6358.79679
G0 F7200 X93.094 Y90.549
G1 F2340 X90.929 Y88.383 E6359.07242
G0 F7200 X90.081 Y88.384
G1 F2340 X93.161 Y91.464 E6359.46444
G0 F7200 X92.312 Y91.464
G1 F2340 X89.233 Y88.384 E6359.85639
G0 F7200 X88.724 Y88.724
G1 F2340 X91.464 Y91.464 E6360.20514
G0 F7200 X90.615 Y91.464
G1 F2340 X88.724 Y89.572 E6360.44589
G0 F7200 X88.724 Y90.421
G1 F2340 X89.766 Y91.464 E6360.57858
G0 F7200 X88.918 Y91.464
G1 F2340 X88.724 Y91.269 E6360.60333
G0 F7200 X87.944 Y91.269
G1 F2340 X87.944 Y87.894 E6360.89189
G1 X88.054 Y87.671 E6360.91315
G1 X88.243 Y87.604 E6360.9303
G1 X93.804 Y87.6 E6361.40576
G1 X94.115 Y86.818 E6361.47772
G1 X94.487 Y86.067 E6361.54938
G1 X94.864 Y85.408 E6361.61429
G1 X94.864 Y83.648 E6361.76477
G1 X94.788 Y83.618 E6361.77175
G1 X94.408 Y84.009 E6361.81837
G1 X94.193 Y84.1 E6361.83833
G1 X87.224 Y84.104 E6362.43418
G1 X87.224 Y86.55 E6362.64332
G1 X87.114 Y86.773 E6362.66458
G1 X86.924 Y86.84 E6362.6818
G1 X80.176 Y86.84 E6363.25875
G1 X80.176 Y93.008 E6363.78612
G1 X86.924 Y93.008 E6364.36307
G1 X87.151 Y93.111 E6364.38439
G1 X87.224 Y93.298 E6364.40155
G1 X87.224 Y95.748 E6364.61102
G1 X94.192 Y95.748 E6365.20679
G1 X94.408 Y95.839 E6365.22683
G1 X94.788 Y96.23 E6365.27345
G1 X94.864 Y96.2 E6365.28043
G1 X94.864 Y94.437 E6365.43117
G1 X94.645 Y94.079 E6365.46705
G1 X94.231 Y93.281 E6365.54392
G1 X93.793 Y92.244 E6365.64016
G1 X88.244 Y92.244 E6366.1146
G1 X88.017 Y92.141 E6366.13592
G1 X87.944 Y91.954 E6366.15308
G1 X87.944 Y91.269 E6366.21165
G0 F7200 X80.476 Y92.355
G1 F2340 X80.829 Y92.708 E6366.25433
G0 F7200 X81.677 Y92.708
G1 F2340 X80.476 Y91.507 E6366.39955
G0 F7200 X80.476 Y90.658
G1 F2340 X82.526 Y92.708 E6366.64743
G0 F7200 X83.374 Y92.708
G1 F2340 X80.476 Y89.81 E6366.99784
G0 F7200 X80.476 Y88.961
G1 F2340 X84.223 Y92.708 E6367.45091
G0 F7200 X85.071 Y92.708
G1 F2340 X80.476 Y88.113 E6368.00651
G0 F7200 X80.476 Y87.264
G1 F2340 X85.92 Y92.708 E6368.66478
G0 F7200 X86.768 Y92.708
G1 F2340 X81.201 Y87.14 E6369.33797
G0 F7200 X82.049 Y87.14
G1 F2340 X90.357 Y95.448 E6370.34253
G0 F7200 X91.205 Y95.448
G1 F2340 X88.301 Y92.544 E6370.69367
G0 F7200 X89.15 Y92.544
G1 F2340 X92.054 Y95.448 E6371.04481
G0 F7200 X92.903 Y95.448
G1 F2340 X89.998 Y92.544 E6371.39601
G0 F7200 X90.847 Y92.544
G1 F2340 X93.751 Y95.448 E6371.74715
G0 F7200 X94.564 Y95.413
G1 F2340 X91.695 Y92.544 E6372.09405
G0 F7200 X92.544 Y92.544
G1 F2340 X94.555 Y94.555 E6372.33721
G1 X94.661 Y94.661
G0 F7200 X93.743 Y92.894
G1 F2340 X93.393 Y92.544 E6372.37953
G0 F7200 X89.508 Y95.448
G1 F2340 X87.524 Y93.464 E6372.61943
G0 F7200 X87.524 Y94.312
G1 F2340 X88.66 Y95.448 E6372.75679
G0 F7200 X87.811 Y95.448
G1 F2340 X87.524 Y95.161 E6372.79149
G0 F7200 X87.644 Y91.887
G1 F2340 X82.898 Y87.14 E6373.36542
G0 F7200 X83.746 Y87.14
G1 F2340 X87.644 Y91.039 E6373.8368
G0 F7200 X87.644 Y90.19
G1 F2340 X84.595 Y87.14 E6374.20554
G0 F7200 X85.443 Y87.14
G1 F2340 X87.644 Y89.342 E6374.47173
G0 F7200 X87.644 Y88.493
G1 F2340 X86.292 Y87.14 E6374.63527
G0 F7200 X87.084 Y87.084
G1 F2340 X87.724 Y87.724 E6374.71265
G0 F7200 X88.176 Y87.327
G1 F2340 X87.485 Y86.637 E6374.79615
G0 F7200 X87.524 Y85.826
G1 F2340 X89 Y87.303 E6374.97468
G0 F7200 X89.848 Y87.302
G1 F2340 X87.524 Y84.978 E6375.25568
G0 F7200 X87.798 Y84.404
G1 F2340 X90.696 Y87.302 E6375.6061
G0 F7200 X91.543 Y87.301
G1 F2340 X88.646 Y84.403 E6375.95645
G0 F7200 X89.494 Y84.403
G1 F2340 X92.392 Y87.301 E6376.30686
G0 F7200 X93.24 Y87.3
G1 F2340 X90.342 Y84.402 E6376.65727
G0 F7200 X91.19 Y84.402
G1 F2340 X93.74 Y86.952 E6376.96561
G0 F7200 X94.004 Y86.367
G1 F2340 X92.038 Y84.401 E6377.20333
G0 F7200 X92.886 Y84.401
G1 F2340 X94.292 Y85.807 E6377.37333
G0 F7200 X94.564 Y85.23
G1 F2340 X93.734 Y84.4 E6377.47369
G0 F7200 X94.467 Y84.285
G1 F2340 X94.564 Y84.382 E6377.48542
G0 F7200 X94.434 Y84.382
G10
;MESH:NONMESH
G0 F600 X94.434 Y84.382 Z3.55
G0 F7200 X81.216 Y55.788
G0 X81.11 Y55.654
;TIME_ELAPSED:1479.940825
;LAYER:21
;TYPE:FILL
;MESH:porte-manteau.stl
G11
G1 F6300 X95.93 Y70.475 E6379.37176
G0 F7200 X95.794 Y70.374
G0 X96.816 Y69.25
G0 X97.694 Y68.451
G0 X97.79 Y68.586
G1 F6300 X79.936 Y73.37 E6381.03531
G0 F7200 X79.937 Y72.816
G1 F6300 X84.689 Y55.079 E6382.68794
G0 F7200 X84.689 Y55.252
G0 X93.264 Y55.252
G0 X93.264 Y55.08
G1 F6300 X120.823 Y82.639 E6386.19563
G0 F7200 X120.888 Y82.484
G0 X119.399 Y81.337
G0 X119.284 Y81.462
G1 F6300 X125.875 Y79.696 E6386.80974
G0 F7200 X125.711 Y79.677
G0 X125.212 Y77.264
G0 X125.356 Y77.174
G1 F6300 X124.059 Y82.015 E6387.2608
G0 F7200 X123.941 Y81.896
G0 X115.865 Y78.123
G0 X115.751 Y78.247
G1 F6300 X118.017 Y69.791 E6388.04869
G0 F7200 X117.896 Y69.912
G0 X120.02 Y72.036
G0 X120.142 Y71.915
G1 F6300 X111.371 Y74.265 E6388.86592
G0 F7200 X111.486 Y74.14
G0 X108.374 Y71.31
G0 X108.259 Y71.434
G1 F6300 X110.668 Y62.444 E6389.70356
G0 F7200 X110.548 Y62.564
G0 X112.671 Y64.687
G0 X112.793 Y64.566
G1 F6300 X100.823 Y67.774 E6390.81888
G0 F7200 X99.91 Y67.822
G1 F6300 X103.254 Y55.341 E6391.98179
G0 F7200 X103.181 Y55.493
G0 X105.323 Y57.339
G0 X105.444 Y57.218
G1 F6300 X79.937 Y64.052 E6394.35839
G0 F7200 X80.109 Y64.052
G0 X80.109 Y67.208
G0 X79.936 Y67.208
G1 F6300 X95.106 Y82.378 E6396.28922
G0 F7200 X94.934 Y82.378
G0 X94.934 Y78.623
G0 X95.107 Y78.623
G1 F6300 X79.937 Y82.687 E6397.70266
G0 F7200 X80.109 Y82.687
G0 X80.109 Y79.936
G0 X79.936 Y79.936
G1 F6300 X86.474 Y86.474 E6398.53481
G0 F7200 X85.594 Y86.474
G1 F6300 X94.007 Y55.079 E6401.46005
G10
G0 F7200 X94.007 Y55.252
G0 X83.744 Y93.378
G11
G1 F6300 X80.12 Y106.906 E6402.7205
G0 F7200 X81.45 Y106.905
G1 F6300 X79.936 Y105.391 E6402.9132
G0 F7200 X80.109 Y105.391
G0 X80.109 Y101.322
G0 X79.937 Y101.322
G1 F6300 X95.104 Y97.258 E6404.32639
G0 F7200 X94.934 Y97.258
G0 X92.365 Y95.978
G1 F6300 X90.135 Y104.303 E6405.10205
G0 F7200 X91.574 Y104.302
G1 F6300 X80.652 Y93.38 E6406.4922
G10
G0 F7200 X87.104 Y115.613
G11
G1 F6300 X85.118 Y123.026 E6407.18289
G0 F7200 X85.23 Y122.901
G0 X82.696 Y120.642
G0 X82.584 Y120.767
G1 F6300 X80.29 Y118.474 E6407.47481
G0 F7200 X80.447 Y118.405
G0 X81.386 Y119.474
G0 X81.272 Y119.6
G1 F6300 X93.166 Y116.412 E6408.58305
G0 F7200 X90.956 Y116.412
G1 F6300 X140.095 Y165.551 E6414.83743
G0 F7200 X139.977 Y165.432
G0 X138.403 Y167.013
G0 X138.522 Y167.133
G1 F6300 X140.94 Y158.108 E6415.67833
G0 F7200 X140.821 Y158.226
G0 X141.936 Y159.336
G0 X142.056 Y159.217
G1 F6300 X129.491 Y162.584 E6416.84907
G0 F7200 X130.244 Y163.253
G1 F6300 X133.583 Y150.79 E6418.0103
G0 F7200 X133.465 Y150.907
G0 X134.559 Y151.995
G0 X134.678 Y151.877
G1 F6300 X121.455 Y155.42 E6419.24235
G0 F7200 X121.567 Y155.296
G0 X122.834 Y156.425
G0 X122.723 Y156.549
G1 F6300 X126.227 Y143.471 E6420.46088
G0 F7200 X126.109 Y143.588
G0 X127.18 Y144.654
G0 X127.299 Y144.536
G1 F6300 X113.418 Y148.256 E6421.75426
G0 F7200 X113.53 Y148.131
G0 X115.313 Y149.72
G0 X115.202 Y149.844
G1 F6300 X118.871 Y136.152 E6423.03001
G0 F7200 X118.753 Y136.269
G0 X119.803 Y137.314
G0 X119.921 Y137.196
G1 F6300 X105.382 Y141.092 E6424.38469
G0 F7200 X105.495 Y140.967
G0 X107.793 Y143.016
G0 X107.681 Y143.14
G1 F6300 X111.514 Y128.833 E6425.71773
G0 F7200 X111.397 Y128.95
G0 X112.425 Y129.973
G0 X112.544 Y129.855
G1 F6300 X97.345 Y133.928 E6427.1339
G0 F7200 X97.458 Y133.802
G0 X100.272 Y136.311
G0 X100.16 Y136.435
G1 F6300 X104.158 Y121.515 E6428.52408
G0 F7200 X104.041 Y121.631
G0 X105.048 Y122.633
G0 X105.166 Y122.515
G1 F6300 X89.309 Y126.764 E6430.00155
G0 F7200 X89.422 Y126.638
G0 X92.751 Y129.606
G0 X92.639 Y129.73
G1 F6300 X96.207 Y116.414 E6431.24227
G0 F7200 X97.147 Y114.581
G0 X97.334 Y114.215
;TYPE:WALL-OUTER
G1 F2880 X96.315 Y113.693 E6431.34531
G1 X95.335 Y112.997 E6431.45349
G1 X95.023 Y112.684 E6431.49327
G1 X88.195 Y112.677 E6432.10779
G1 X87.948 Y112.427 E6432.13942
G1 X87.948 Y108.25 E6432.51535
G1 X88.219 Y108.033 E6432.54659
G1 X94.52 Y108.024 E6433.11369
G1 X95.096 Y106.951 E6433.22329
G1 X95.557 Y106.2 E6433.3026
G1 X95.944 Y105.645 E6433.36349
G1 X95.944 Y94.637 E6434.35421
G1 X95.483 Y93.96 E6434.42793
G1 X95.035 Y93.224 E6434.50547
G1 X94.522 Y92.244 E6434.60503
G1 X88.161 Y92.243 E6435.17752
G1 X87.948 Y91.996 E6435.20687
G1 X87.948 Y87.852 E6435.57983
G1 X88.191 Y87.608 E6435.61082
G1 X94.546 Y87.6 E6436.18277
G1 X94.832 Y86.995 E6436.243
G1 X95.252 Y86.257 E6436.31942
G1 X95.944 Y85.187 E6436.43411
G1 X95.945 Y72.626 E6437.5646
G1 X96.393 Y71.266 E6437.69347
G1 X97.07 Y70.34 E6437.79671
G1 X97.658 Y69.724 E6437.87335
G1 X98.406 Y69.179 E6437.95664
G1 X99.233 Y68.818 E6438.03786
G1 X100.233 Y68.613 E6438.12973
G1 X102.52 Y68.611 E6438.33556
G1 X103.572 Y68.822 E6438.43212
G1 X104.376 Y69.182 E6438.51141
G1 X105.117 Y69.713 E6438.59345
G1 X119.912 Y83.167 E6440.39323
G1 X120.953 Y83.606 E6440.49491
G1 X121.778 Y83.747 E6440.57024
G1 X122.367 Y83.732 E6440.62327
G1 X123.181 Y83.55 E6440.69833
G1 X124.205 Y83.058 E6440.80058
G1 X126.112 Y81.151 E6441.0433
G1 X126.691 Y79.955 E6441.16289
G1 X126.806 Y78.925 E6441.25617
G1 X126.713 Y78.1 E6441.33089
G1 X126.443 Y77.327 E6441.40458
G1 X125.943 Y76.529 E6441.48933
G1 X104.755 Y55.341 E6444.18612
G1 X104.083 Y54.804 E6444.26354
G1 X103.341 Y54.45 E6444.33753
G1 X102.395 Y54.24 E6444.42475
G1 X82.513 Y54.24 E6446.21413
G1 X81.567 Y54.45 E6446.30134
G1 X80.829 Y54.804 E6446.375
G1 X80.178 Y55.322 E6446.44988
G1 X79.531 Y56.135 E6446.54339
G1 X79.096 Y57.389 E6446.66285
G1 X79.096 Y117.42 E6452.06564
G1 X79.279 Y118.27 E6452.14389
G1 X79.679 Y119.165 E6452.23212
G1 X80.336 Y119.89 E6452.32018
G1 X134.315 Y168.009 E6458.82835
G1 X135.193 Y168.495 E6458.91867
G1 X136.024 Y168.717 E6458.99608
G1 X136.873 Y168.743 E6459.07252
G1 X137.724 Y168.565 E6459.15077
G1 X138.762 Y168.081 E6459.25385
G1 X143.012 Y163.807 E6459.79631
G1 X143.54 Y162.98 E6459.88462
G1 X143.805 Y162.213 E6459.95765
G1 X143.897 Y161.385 E6460.03263
G1 X143.776 Y160.354 E6460.12606
G1 X143.198 Y159.17 E6460.24464
G1 X98.737 Y114.934 E6465.8893
G1 X97.334 Y114.215 E6466.03119
G0 F7200 X97.068 Y114.079
G0 X97.062 Y114.75
;TYPE:WALL-INNER
G1 F4620 X96.018 Y114.214 E6466.13681
G1 X95.028 Y113.519 E6466.24567
G1 X94.774 Y113.284 E6466.27681
G1 X88.173 Y113.277 E6466.8709
G1 X87.713 Y113.104 E6466.91513
G1 X87.344 Y112.607 E6466.97085
G1 X87.344 Y108.225 E6467.36523
G1 X87.537 Y107.774 E6467.40938
G1 X87.727 Y107.594 E6467.43293
G1 X88.169 Y107.435 E6467.47521
G1 X94.16 Y107.424 E6468.0144
G1 X94.558 Y106.682 E6468.09018
G1 X95.344 Y105.403 E6468.22529
G1 X95.344 Y94.822 E6469.17758
G1 X94.996 Y94.311 E6469.23322
G1 X94.494 Y93.485 E6469.32021
G1 X94.159 Y92.844 E6469.3853
G1 X88.222 Y92.844 E6469.91963
G1 X87.828 Y92.743 E6469.95624
G1 X87.458 Y92.383 E6470.0027
G1 X87.344 Y92.064 E6470.03319
G1 X87.344 Y87.786 E6470.41821
G1 X87.45 Y87.478 E6470.44753
G1 X87.706 Y87.182 E6470.48275
G1 X88.169 Y87.007 E6470.52729
G1 X94.139 Y87 E6471.06459
G1 X94.721 Y85.975 E6471.17068
G1 X95.344 Y85.01 E6471.27406
G1 X95.349 Y72.534 E6472.3969
G1 X95.85 Y70.99 E6472.54299
G1 X96.574 Y69.999 E6472.65344
G1 X97.283 Y69.254 E6472.746
G1 X98.105 Y68.654 E6472.8376
G1 X99.051 Y68.246 E6472.93032
G1 X100.173 Y68.016 E6473.0334
G1 X102.609 Y68.011 E6473.25264
G1 X103.756 Y68.25 E6473.35808
G1 X104.704 Y68.671 E6473.45144
G1 X105.47 Y69.227 E6473.53663
G1 X120.24 Y82.654 E6475.33311
G1 X121.122 Y83.026 E6475.41926
G1 X122.058 Y83.186 E6475.50472
G1 X122.983 Y82.98 E6475.59001
G1 X123.853 Y82.561 E6475.67692
G1 X125.616 Y80.798 E6475.90131
G1 X126.106 Y79.787 E6476.00242
G1 X126.202 Y78.925 E6476.08048
G1 X126.124 Y78.234 E6476.14307
G1 X125.899 Y77.589 E6476.20455
G1 X125.471 Y76.905 E6476.27717
G1 X104.355 Y55.789 E6478.9648
G1 X103.763 Y55.316 E6479.03299
G1 X103.144 Y55.021 E6479.09471
G1 X102.329 Y54.84 E6479.16984
G1 X82.579 Y54.84 E6480.94734
G1 X81.764 Y55.021 E6481.02248
G1 X81.149 Y55.316 E6481.08387
G1 X80.605 Y55.749 E6481.14645
G1 X80.064 Y56.429 E6481.22465
G1 X79.696 Y57.489 E6481.32564
G1 X79.696 Y117.356 E6486.71367
G1 X79.853 Y118.082 E6486.78052
G1 X80.188 Y118.833 E6486.85453
G1 X80.759 Y119.464 E6486.93112
G1 X134.664 Y167.517 E6493.43036
G1 X135.419 Y167.934 E6493.50799
G1 X136.112 Y168.119 E6493.57254
G1 X136.82 Y168.141 E6493.63629
G1 X137.533 Y167.992 E6493.70185
G1 X138.413 Y167.582 E6493.78922
G1 X142.541 Y163.43 E6494.31616
G1 X142.996 Y162.717 E6494.39228
G1 X143.216 Y162.08 E6494.45294
G1 X143.293 Y161.387 E6494.51569
G1 X143.192 Y160.526 E6494.59371
G1 X142.702 Y159.523 E6494.69418
G1 X98.38 Y115.426 E6500.32115
G1 X97.062 Y114.75 E6500.45446
G0 F7200 X96.843 Y115.178
;TYPE:SKIN
G1 F2340 X95.787 Y114.636 E6500.55595
G1 X94.541 Y113.764 E6500.68598
G1 X88.167 Y113.756 E6501.23095
G1 F2167.9 X87.742 Y113.662 E6501.27084
G1 F1585.1 X87.294 Y113.643 E6501.32509
G1 F1376.4 X87.33 Y113.785 E6501.34511
G1 F1817 X87.224 Y114.314 E6501.403
G1 F2340 X87.224 Y116.288 E6501.57177
G1 X98.228 Y116.296 E6502.51262
G1 X98.296 Y116.021 E6502.53684
G1 X98.093 Y115.818 E6502.56138
G1 X96.843 Y115.178 E6502.68145
G10
G0 F7200 X87.006 Y113.614
G0 X87.006 Y107.099
G0 X93.829 Y106.944
G11
G1 F2340 X94.864 Y105.267 E6502.84994
G1 X94.864 Y103.97 E6502.96084
G1 X94.797 Y103.943 E6502.96701
G1 X94.41 Y104.335 E6503.01411
G1 X94.2 Y104.424 E6503.03361
G1 X87.224 Y104.42 E6503.63006
G1 F2401.5 X87.218 Y106.812 E6503.8298
G1 F2504.3 X86.924 Y107.001 E6503.85789
G1 F2438 X86.175 Y107.024 E6503.91962
G1 F2340 X80.176 Y107.024 E6504.43253
G1 X80.176 Y113.688 E6505.0023
G1 F2314.5 X86.739 Y113.688 E6505.56905
G1 F1941.2 X86.984 Y113.588 E6505.59582
G1 F1466.9 X87.247 Y113.6 E6505.62989
G1 F1658.6 X87.109 Y113.161 E6505.6834
G1 F2289.5 X86.864 Y112.488 E6505.74586
G1 F2340 X86.864 Y108.212 E6506.11146
G1 F2383.6 X87.128 Y107.547 E6506.17161
G1 F2415.1 X87.671 Y107.093 E6506.23041
G1 F2370.4 X88.186 Y106.952 E6506.27553
G1 F2340 X93.829 Y106.944 E6506.75801
G0 F7200 X87.006 Y107.099
G0 X87.006 Y113.614
G0 X87.294 Y113.643
G1 F1295.1 X87.247 Y113.6 E6506.76718
G0 F7200 X87.247 Y113.686
G0 X80.477 Y107.897
G1 F2340 X81.049 Y107.324 E6506.8364
G0 F7200 X81.898 Y107.324
G1 F2340 X80.477 Y108.745 E6507.00822
G0 F7200 X80.477 Y109.594
G1 F2340 X82.746 Y107.324 E6507.28264
G0 F7200 X83.595 Y107.324
G1 F2340 X80.477 Y110.442 E6507.65965
G0 F7200 X80.477 Y111.291
G1 F2340 X84.443 Y107.324 E6508.13926
G0 F7200 X85.292 Y107.324
G1 F2340 X80.477 Y112.139 E6508.72147
G0 F7200 X80.477 Y112.988
G1 F2340 X86.14 Y107.324 E6509.40627
G0 F7200 X86.853 Y107.46
G1 F2340 X80.925 Y113.388 E6510.12306
G0 F7200 X81.773 Y113.388
G1 F2340 X86.564 Y108.597 E6510.70236
G0 F7200 X86.564 Y109.446
G1 F2340 X82.622 Y113.388 E6511.17901
G0 F7200 X83.47 Y113.388
G1 F2340 X86.564 Y110.295 E6511.55306
G0 F7200 X86.564 Y111.143
G1 F2340 X84.32 Y113.387 E6511.8244
G0 F7200 X85.168 Y113.387
G1 F2340 X86.564 Y111.992 E6511.99314
G0 F7200 X86.633 Y112.772
G1 F2340 X86.017 Y113.387 E6512.06756
G0 F7200 X87.524 Y114.425
G1 F2340 X87.96 Y113.99 E6512.12022
G0 F7200 X88.741 Y114.057
G1 F2340 X87.524 Y115.274 E6512.26737
G0 F7200 X87.658 Y115.989
G1 F2340 X89.589 Y114.058 E6512.50086
G0 F7200 X90.437 Y114.058
G1 F2340 X88.506 Y115.99 E6512.73441
G0 F7200 X89.354 Y115.99
G1 F2340 X91.284 Y114.06 E6512.96777
G0 F7200 X92.132 Y114.061
G1 F2340 X90.202 Y115.99 E6513.20108
G0 F7200 X91.05 Y115.991
G1 F2340 X92.979 Y114.062 E6513.43432
G0 F7200 X93.827 Y114.063
G1 F2340 X91.898 Y115.992 E6513.66757
G0 F7200 X92.746 Y115.992
G1 F2340 X94.58 Y114.157 E6513.88939
G0 F7200 X95.078 Y114.508
G1 F2340 X93.593 Y115.993 E6514.06895
G0 F7200 X94.441 Y115.994
G1 F2340 X95.577 Y114.858 E6514.20631
G0 F7200 X96.138 Y115.146
G1 F2340 X95.289 Y115.995 E6514.30896
G0 F7200 X96.137 Y115.995
G1 F2340 X96.698 Y115.434 E6514.3768
G0 F7200 X97.258 Y115.723
G1 F2340 X96.985 Y115.996 E6514.40981
G10
G0 F7200 X87.006 Y113.614
G0 X87.006 Y107.099
G0 X93.608 Y106.645
G11
G1 F2340 X93.748 Y106.504 E6514.4268
G0 F7200 X92.758 Y106.646
G1 F2340 X94.564 Y104.84 E6514.64517
G0 F7200 X93.832 Y104.723
G1 F2340 X91.908 Y106.647 E6514.87781
G0 F7200 X91.059 Y106.648
G1 F2340 X92.985 Y104.723 E6515.11063
G0 F7200 X92.136 Y104.723
G1 F2340 X90.209 Y106.649 E6515.34358
G0 F7200 X89.36 Y106.65
G1 F2340 X91.288 Y104.722 E6515.5767
G0 F7200 X90.44 Y104.721
G1 F2340 X88.51 Y106.652 E6515.81013
G0 F7200 X87.524 Y106.789
G1 F2340 X89.593 Y104.72 E6516.0603
G0 F7200 X88.744 Y104.72
G1 F2340 X87.524 Y105.94 E6516.20782
G0 F7200 X87.524 Y105.092
G1 F2340 X87.896 Y104.72 E6516.2528
G0 F7200 X87.161 Y107.026
G0 X87.161 Y107.152
G1 F2340 X86.952 Y107.361 E6516.27807
G0 F7200 X86.934 Y107.361
G0 X87.224 Y95.856
G1 F2340 X94.202 Y95.856 E6516.87469
G1 X94.41 Y95.945 E6516.89403
G1 X94.797 Y96.337 E6516.94113
G1 X94.864 Y96.31 E6516.94731
G1 X94.864 Y95.024 E6517.05726
G1 X93.834 Y93.324 E6517.22721
G1 X88.183 Y93.324 E6517.71037
G1 F2401.5 X87.676 Y93.177 E6517.75445
G1 F2438 X87.03 Y92.619 E6517.82476
G1 F2374.8 X86.864 Y92.08 E6517.87233
G1 F2340 X86.864 Y87.788 E6518.2393
G1 F2366 X87.108 Y87.145 E6518.29751
G1 F2388.1 X87.723 Y86.63 E6518.36484
G1 F2357.3 X88.117 Y86.528 E6518.39941
G1 F2340 X93.857 Y86.52 E6518.89018
G1 X94.344 Y85.664 E6518.97438
G1 X94.864 Y84.863 E6519.05603
G1 X94.864 Y83.538 E6519.16932
G1 X94.796 Y83.51 E6519.17561
G1 X94.41 Y83.9 E6519.22252
G1 X94.196 Y83.988 E6519.24231
G1 X87.224 Y83.988 E6519.83841
G1 F2374.8 X87.219 Y86.348 E6520.0375
G1 F2442.6 X86.945 Y86.592 E6520.06767
G1 F2401.5 X80.176 Y86.592 E6520.63291
G1 F2340 X80.176 Y93.259 E6521.20294
G1 F2366 X86.904 Y93.257 E6521.77243
G1 F2548.7 X87.106 Y93.368 E6521.79066
G1 F2553.7 X87.224 Y93.579 E6521.80975
G1 F2374.8 X87.224 Y95.856 E6522.00184
G0 F7200 X94.422 Y95.648
G1 F2340 X94.564 Y95.507 E6522.01895
G0 F7200 X94.395 Y94.827
G1 F2340 X93.665 Y95.556 E6522.10715
G0 F7200 X92.817 Y95.556
G1 F2340 X94.074 Y94.299 E6522.25914
G0 F7200 X93.754 Y93.771
G1 F2340 X91.968 Y95.556 E6522.47504
G0 F7200 X91.12 Y95.556
G1 F2340 X93.052 Y93.624 E6522.70865
G0 F7200 X92.204 Y93.624
G1 F2340 X90.271 Y95.556 E6522.94232
G0 F7200 X89.423 Y95.556
G1 F2340 X91.355 Y93.624 E6523.17592
G0 F7200 X90.507 Y93.624
G1 F2340 X88.574 Y95.556 E6523.40959
G0 F7200 X87.726 Y95.556
G1 F2340 X89.658 Y93.624 E6523.6432
G0 F7200 X88.81 Y93.624
G1 F2340 X87.524 Y94.909 E6523.79864
G0 F7200 X87.524 Y94.061
G1 F2340 X88.003 Y93.582 E6523.85656
G0 F7200 X87.006 Y93.184
G0 X86.652 Y92.388
G1 F2340 X86.082 Y92.958 E6523.92548
G0 F7200 X85.233 Y92.958
G1 F2340 X86.564 Y91.627 E6524.08642
G0 F7200 X86.564 Y90.778
G1 F2340 X84.384 Y92.958 E6524.35001
G0 F7200 X83.535 Y92.958
G1 F2340 X86.564 Y89.93 E6524.7162
G0 F7200 X86.564 Y89.081
G1 F2340 X82.687 Y92.958 E6525.18499
G0 F7200 X81.838 Y92.959
G1 F2340 X86.564 Y88.233 E6525.75644
G0 F7200 X86.792 Y87.156
G1 F2340 X80.989 Y92.959 E6526.45811
G0 F7200 X80.476 Y92.624
G1 F2340 X86.208 Y86.892 E6527.15119
G0 F7200 X85.359 Y86.892
G1 F2340 X80.476 Y91.775 E6527.74162
G0 F7200 X80.476 Y90.927
G1 F2340 X84.511 Y86.892 E6528.22952
G0 F7200 X83.662 Y86.892
G1 F2340 X80.476 Y90.078 E6528.61475
G0 F7200 X80.476 Y89.23
G1 F2340 X82.814 Y86.892 E6528.89745
G0 F7200 X81.965 Y86.892
G1 F2340 X80.476 Y88.381 E6529.0775
G0 F7200 X80.476 Y87.533
G1 F2340 X81.116 Y86.892 E6529.15494
G0 F7200 X87.462 Y86.486
G1 F2340 X89.66 Y84.288 E6529.42071
G0 F7200 X88.812 Y84.288
G1 F2340 X87.524 Y85.576 E6529.57645
G0 F7200 X87.524 Y84.728
G1 F2340 X87.963 Y84.288 E6529.62959
G0 F7200 X88.569 Y86.228
G1 F2340 X90.509 Y84.288 E6529.86417
G0 F7200 X91.357 Y84.288
G1 F2340 X89.419 Y86.227 E6530.09856
G0 F7200 X90.269 Y86.225
G1 F2340 X92.206 Y84.288 E6530.33278
G0 F7200 X93.055 Y84.288
G1 F2340 X91.118 Y86.225 E6530.56699
G0 F7200 X91.968 Y86.223
G1 F2340 X93.903 Y84.288 E6530.80096
G0 F7200 X94.564 Y84.475
G1 F2340 X92.818 Y86.222 E6531.01214
G1 X92.712 Y86.328
G0 F7200 X92.713 Y86.093
G10
;MESH:NONMESH
G0 F600 X92.713 Y86.093 Z3.7
G0 F7200 X81.216 Y55.788
G0 X81.11 Y55.654
;TIME_ELAPSED:1517.539754
;LAYER:22
;TYPE:FILL
;MESH:porte-manteau.stl
G11
G1 F6300 X95.93 Y70.475 E6532.89848
G0 F7200 X95.794 Y70.374
G0 X96.816 Y69.25
G0 X97.694 Y68.451
G0 X97.79 Y68.586
G1 F6300 X79.936 Y73.37 E6534.56203
G0 F7200 X79.936 Y72.818
G1 F6300 X84.689 Y55.079 E6536.21485
G0 F7200 X84.689 Y55.252
G0 X93.264 Y55.252
G0 X93.264 Y55.08
G1 F6300 X120.849 Y82.666 E6539.72591
G0 F7200 X120.932 Y82.519
G0 X119.4 Y81.338
G0 X119.286 Y81.461
G1 F6300 X125.875 Y79.696 E6540.33983
G0 F7200 X125.711 Y79.677
G0 X125.212 Y77.264
G0 X125.356 Y77.174
G1 F6300 X124.059 Y82.015 E6540.79089
G0 F7200 X123.941 Y81.896
G0 X115.865 Y78.123
G0 X115.752 Y78.246
G1 F6300 X118.017 Y69.791 E6541.57867
G0 F7200 X117.896 Y69.912
G0 X120.02 Y72.036
G0 X120.142 Y71.915
G1 F6300 X111.372 Y74.264 E6542.39579
G0 F7200 X111.486 Y74.14
G0 X108.373 Y71.31
G0 X108.259 Y71.434
G1 F6300 X110.668 Y62.444 E6543.23343
G0 F7200 X110.548 Y62.564
G0 X112.671 Y64.687
G0 X112.793 Y64.566
G1 F6300 X100.823 Y67.774 E6544.34875
G0 F7200 X99.91 Y67.822
G1 F6300 X103.254 Y55.341 E6545.51166
G0 F7200 X103.181 Y55.493
G0 X105.323 Y57.339
G0 X105.444 Y57.218
G1 F6300 X79.937 Y64.052 E6547.88826
G0 F7200 X80.109 Y64.052
G0 X80.109 Y67.208
G0 X79.936 Y67.208
G1 F6300 X95.106 Y82.378 E6549.81908
G0 F7200 X94.934 Y82.378
G0 X94.934 Y78.623
G0 X95.107 Y78.623
G1 F6300 X79.937 Y82.687 E6551.23253
G0 F7200 X80.109 Y82.687
G0 X80.109 Y79.936
G0 X79.936 Y79.936
G1 F6300 X86.334 Y86.334 E6552.04686
G0 F7200 X85.632 Y86.335
G1 F6300 X94.007 Y55.079 E6554.95913
G10
G0 F7200 X94.007 Y55.252
G0 X83.706 Y93.523
G11
G1 F6300 X80.157 Y106.765 E6556.19297
G0 F7200 X81.309 Y106.765
G1 F6300 X79.936 Y105.392 E6556.36773
G0 F7200 X80.109 Y105.392
G0 X80.109 Y101.323
G0 X79.936 Y101.323
G1 F6300 X95.104 Y97.258 E6557.78102
G0 F7200 X94.934 Y97.258
G0 X92.347 Y96.047
G1 F6300 X90.154 Y104.232 E6558.54365
G0 F7200 X91.505 Y104.233
G1 F6300 X80.796 Y93.524 E6559.90669
G10
G0 F7200 X87.103 Y115.616
G11
G1 F6300 X85.118 Y123.026 E6560.5971
G0 F7200 X85.23 Y122.901
G0 X82.696 Y120.642
G0 X82.584 Y120.767
G1 F6300 X80.29 Y118.474 E6560.88902
G0 F7200 X80.447 Y118.405
G0 X81.386 Y119.474
G0 X81.272 Y119.6
G1 F6300 X92.912 Y116.481 E6561.97357
G0 F7200 X91.024 Y116.48
G1 F6300 X140.095 Y165.551 E6568.21929
G0 F7200 X139.977 Y165.432
G0 X138.403 Y167.013
G0 X138.522 Y167.133
G1 F6300 X140.94 Y158.108 E6569.06019
G0 F7200 X140.821 Y158.226
G0 X141.936 Y159.336
G0 X142.056 Y159.217
G1 F6300 X129.491 Y162.584 E6570.23094
G0 F7200 X130.244 Y163.253
G1 F6300 X133.584 Y150.789 E6571.39228
G0 F7200 X133.465 Y150.907
G0 X134.559 Y151.995
G0 X134.678 Y151.877
G1 F6300 X121.455 Y155.42 E6572.62432
G0 F7200 X121.567 Y155.296
G0 X122.834 Y156.425
G0 X122.723 Y156.549
G1 F6300 X126.227 Y143.47 E6573.84295
G0 F7200 X126.109 Y143.588
G0 X127.181 Y144.655
G0 X127.3 Y144.536
G1 F6300 X113.418 Y148.256 E6575.13641
G0 F7200 X113.53 Y148.131
G0 X115.313 Y149.72
G0 X115.202 Y149.844
G1 F6300 X118.871 Y136.15 E6576.41234
G0 F7200 X118.752 Y136.268
G0 X119.803 Y137.314
G0 X119.922 Y137.196
G1 F6300 X105.382 Y141.092 E6577.7671
G0 F7200 X105.495 Y140.967
G0 X107.793 Y143.016
G0 X107.681 Y143.14
G1 F6300 X111.515 Y128.831 E6579.10034
G0 F7200 X111.396 Y128.949
G0 X112.426 Y129.974
G0 X112.545 Y129.855
G1 F6300 X97.345 Y133.928 E6580.5166
G0 F7200 X97.458 Y133.802
G0 X100.272 Y136.311
G0 X100.16 Y136.435
G1 F6300 X104.159 Y121.512 E6581.90706
G0 F7200 X104.04 Y121.63
G0 X105.048 Y122.633
G0 X105.168 Y122.514
G1 F6300 X89.309 Y126.764 E6583.38473
G0 F7200 X89.422 Y126.638
G0 X92.751 Y129.606
G0 X92.639 Y129.73
G1 F6300 X96.189 Y116.483 E6584.61903
G0 F7200 X97.01 Y114.742
G0 X97.186 Y114.371
;TYPE:WALL-OUTER
G1 F2880 X96.323 Y113.964 E6584.7049
G1 X95.522 Y113.496 E6584.7884
G1 X88.202 Y113.49 E6585.4472
G1 X87.948 Y113.244 E6585.47902
G1 X87.948 Y107.374 E6586.00732
G1 X88.217 Y107.229 E6586.03482
G1 X94.579 Y107.216 E6586.6074
G1 X94.943 Y106.619 E6586.67033
G1 X95.48 Y105.842 E6586.75534
G1 X95.944 Y105.231 E6586.82439
G1 X95.944 Y95.049 E6587.74077
G1 X95.404 Y94.33 E6587.8217
G1 X94.541 Y93.064 E6587.95959
G1 X88.128 Y93.062 E6588.53676
G1 X87.948 Y92.816 E6588.5642
G1 X87.948 Y87.044 E6589.08368
G1 X88.191 Y86.8 E6589.11467
G1 X94.56 Y86.796 E6589.68788
G1 X95.135 Y85.905 E6589.78332
G1 X95.944 Y84.775 E6589.90839
G1 X95.945 Y72.626 E6591.0018
G1 X96.393 Y71.266 E6591.13067
G1 X97.07 Y70.34 E6591.23391
G1 X97.658 Y69.724 E6591.31055
G1 X98.406 Y69.179 E6591.39385
G1 X99.233 Y68.818 E6591.47506
G1 X100.233 Y68.613 E6591.56693
G1 X102.52 Y68.611 E6591.77276
G1 X103.572 Y68.822 E6591.86933
G1 X104.376 Y69.182 E6591.94861
G1 X105.117 Y69.713 E6592.03066
G1 X119.733 Y83.003 E6593.80859
G1 X120.742 Y83.569 E6593.91271
G1 X121.786 Y83.747 E6594.00802
G1 X122.359 Y83.732 E6594.05961
G1 X123.178 Y83.554 E6594.13504
G1 X124.194 Y83.068 E6594.2364
G1 X126.112 Y81.151 E6594.48046
G1 X126.691 Y79.955 E6594.60005
G1 X126.806 Y78.925 E6594.69333
G1 X126.713 Y78.1 E6594.76805
G1 X126.443 Y77.327 E6594.84174
G1 X125.943 Y76.529 E6594.92649
G1 X104.755 Y55.341 E6597.62329
G1 X104.083 Y54.804 E6597.7007
G1 X103.341 Y54.45 E6597.7747
G1 X102.395 Y54.24 E6597.86191
G1 X82.513 Y54.24 E6599.65129
G1 X81.567 Y54.45 E6599.7385
G1 X80.829 Y54.804 E6599.81217
G1 X80.178 Y55.322 E6599.88704
G1 X79.531 Y56.135 E6599.98055
G1 X79.096 Y57.389 E6600.10001
G1 X79.096 Y117.42 E6605.5028
G1 X79.279 Y118.27 E6605.58105
G1 X79.679 Y119.165 E6605.66928
G1 X80.336 Y119.89 E6605.75734
G1 X134.315 Y168.009 E6612.26551
G1 X135.193 Y168.495 E6612.35583
G1 X136.024 Y168.717 E6612.43324
G1 X136.873 Y168.743 E6612.50969
G1 X137.724 Y168.565 E6612.58793
G1 X138.762 Y168.081 E6612.69101
G1 X143.012 Y163.807 E6613.23348
G1 X143.54 Y162.98 E6613.32178
G1 X143.805 Y162.213 E6613.39482
G1 X143.897 Y161.385 E6613.4698
G1 X143.776 Y160.354 E6613.56322
G1 X143.198 Y159.17 E6613.6818
G1 X99.119 Y115.312 E6619.2781
G1 X97.254 Y114.403 E6619.46482
G1 X97.186 Y114.371 E6619.47159
G0 F7200 X96.915 Y114.244
G0 X96.942 Y114.926
;TYPE:WALL-INNER
G1 F4620 X95.997 Y114.469 E6619.56606
G1 X95.359 Y114.096 E6619.63257
G1 X88.161 Y114.093 E6620.28039
G1 X87.748 Y113.944 E6620.31991
G1 X87.544 Y113.759 E6620.34469
G1 X87.344 Y113.299 E6620.38984
G1 X87.344 Y107.421 E6620.91886
G1 X87.537 Y106.97 E6620.96301
G1 X87.728 Y106.79 E6620.98663
G1 X88.165 Y106.631 E6621.02848
G1 X94.214 Y106.617 E6621.57289
G1 X95.344 Y104.987 E6621.7514
G1 X95.344 Y95.249 E6622.62782
G1 X94.908 Y94.668 E6622.69319
G1 X94.225 Y93.664 E6622.80248
G1 X88.17 Y93.664 E6623.34743
G1 X87.829 Y93.563 E6623.37944
G1 X87.458 Y93.203 E6623.42596
G1 X87.344 Y92.871 E6623.45755
G1 X87.344 Y86.978 E6623.98792
G1 X87.45 Y86.67 E6624.01724
G1 X87.706 Y86.374 E6624.05246
G1 X88.169 Y86.199 E6624.09701
G1 X94.233 Y86.196 E6624.64277
G1 X94.623 Y85.591 E6624.70755
G1 X95.344 Y84.583 E6624.81909
G1 X95.349 Y72.534 E6625.9035
G1 X95.85 Y70.99 E6626.04959
G1 X96.574 Y69.999 E6626.16005
G1 X97.283 Y69.254 E6626.25261
G1 X98.105 Y68.654 E6626.3442
G1 X99.051 Y68.246 E6626.43692
G1 X100.173 Y68.016 E6626.54
G1 X102.609 Y68.011 E6626.75924
G1 X103.756 Y68.25 E6626.86469
G1 X104.704 Y68.671 E6626.95804
G1 X105.47 Y69.227 E6627.04323
G1 X120.086 Y82.513 E6628.82092
G1 X120.945 Y82.995 E6628.90957
G1 X122.054 Y83.185 E6629.01083
G1 X122.982 Y82.983 E6629.09631
G1 X123.843 Y82.571 E6629.18221
G1 X125.616 Y80.798 E6629.40788
G1 X126.106 Y79.787 E6629.50899
G1 X126.202 Y78.925 E6629.58705
G1 X126.124 Y78.234 E6629.64964
G1 X125.899 Y77.589 E6629.71112
G1 X125.471 Y76.905 E6629.78374
G1 X104.355 Y55.789 E6632.47136
G1 X103.763 Y55.316 E6632.53956
G1 X103.144 Y55.021 E6632.60127
G1 X102.329 Y54.84 E6632.67641
G1 X82.579 Y54.84 E6634.45391
G1 X81.764 Y55.021 E6634.52905
G1 X81.149 Y55.316 E6634.59044
G1 X80.605 Y55.749 E6634.65301
G1 X80.064 Y56.429 E6634.73122
G1 X79.696 Y57.489 E6634.8322
G1 X79.696 Y117.356 E6640.22023
G1 X79.853 Y118.082 E6640.28709
G1 X80.188 Y118.833 E6640.36109
G1 X80.759 Y119.464 E6640.43768
G1 X134.664 Y167.517 E6646.93693
G1 X135.419 Y167.934 E6647.01456
G1 X136.112 Y168.119 E6647.07911
G1 X136.82 Y168.141 E6647.14286
G1 X137.533 Y167.992 E6647.20842
G1 X138.413 Y167.582 E6647.29579
G1 X142.541 Y163.43 E6647.82273
G1 X142.996 Y162.717 E6647.89885
G1 X143.216 Y162.08 E6647.95951
G1 X143.293 Y161.387 E6648.02226
G1 X143.192 Y160.526 E6648.10028
G1 X142.702 Y159.523 E6648.20075
G1 X98.767 Y115.808 E6653.77878
G1 X96.942 Y114.926 E6653.9612
G0 F7200 X96.735 Y115.358
;TYPE:SKIN
G1 F2340 X95.834 Y114.925 E6654.04667
G1 X95.227 Y114.577 E6654.1065
G1 X88.146 Y114.572 E6654.71192
G1 X87.542 Y114.371 E6654.76635
G1 F2392.5 X87.224 Y114.07 E6654.80304
G1 X87.224 Y116.356 E6654.99458
G1 F2340 X97.937 Y116.364 E6655.91054
G1 X98.026 Y115.978 E6655.94441
G1 X96.735 Y115.358 E6656.06686
G0 F7200 X96.209 Y115.764
G1 F2379.2 X95.6 Y115.475 E6656.12363
G1 X95.065 Y115.171 E6656.17545
G1 F2374.8 X88.126 Y115.168 E6656.76083
G1 X87.82 Y115.083 E6656.78762
G1 X87.82 Y115.76 E6656.84473
G1 X96.209 Y115.764 E6657.55243
G0 F7200 X87.006 Y114.433
G0 X87.176 Y114.024
G1 F2579.1 X87.156 Y113.984 E6657.55592
G1 F2456.6 X86.864 Y113.377 E6657.61102
G1 F2340 X86.864 Y107.348 E6658.1265
G1 F2410.5 X87.095 Y106.811 E6658.17515
G1 F2438 X86.942 Y106.884 E6658.18911
G1 F2366 X80.176 Y106.884 E6658.76182
G1 F2340 X80.176 Y113.832 E6659.35587
G1 F2366 X86.904 Y113.832 E6659.92536
G1 F2485 X87.156 Y113.984 E6659.94918
G0 F7200 X86.934 Y113.984
G0 X86.934 Y106.811
G0 X87.095 Y106.811
G1 F2494.6 X87.122 Y106.787 E6659.9521
G0 F7200 X86.934 Y106.787
G0 X93.958 Y106.136
G1 F2340 X94.864 Y104.834 E6660.08772
G1 X94.864 Y104.356 E6660.12859
G1 X87.225 Y104.349 E6660.78172
G1 F2366 X87.224 Y106.56 E6660.96887
G1 F2447.2 X87.122 Y106.787 E6660.9893
G1 F2419.6 X87.542 Y106.352 E6661.03945
G1 F2340 X88.151 Y106.152 E6661.09425
G1 X93.958 Y106.136 E6661.59075
G0 F7200 X93.645 Y105.541
G1 F2379.2 X94.054 Y104.951 E6661.65121
G1 F2357.3 X87.825 Y104.949 E6662.18024
G1 F2331.4 X87.825 Y105.629 E6662.23858
G1 X88.139 Y105.551 E6662.26633
G1 F2357.3 X93.645 Y105.541 E6662.73396
G0 F7200 X87.006 Y106.292
G0 X86.564 Y107.777
G1 F2340 X85.971 Y107.185 E6662.8056
G0 F7200 X85.123 Y107.185
G1 F2340 X86.564 Y108.626 E6662.97984
G0 F7200 X86.564 Y109.474
G1 F2340 X84.274 Y107.185 E6663.25667
G0 F7200 X83.426 Y107.185
G1 F2340 X86.564 Y110.323 E6663.63611
G0 F7200 X86.564 Y111.171
G1 F2340 X82.577 Y107.185 E6664.11813
G0 F7200 X81.729 Y107.185
G1 F2340 X86.564 Y112.02 E6664.70276
G0 F7200 X86.564 Y112.868
G1 F2340 X80.88 Y107.185 E6665.38998
G0 F7200 X80.476 Y107.629
G1 F2340 X86.379 Y113.532 E6666.10374
G0 F7200 X85.53 Y113.532
G1 F2340 X80.476 Y108.477 E6666.71491
G0 F7200 X80.476 Y109.326
G1 F2340 X84.682 Y113.532 E6667.22348
G0 F7200 X83.833 Y113.532
G1 F2340 X80.476 Y110.174 E6667.62945
G0 F7200 X80.476 Y111.023
G1 F2340 X82.985 Y113.532 E6667.93283
G0 F7200 X82.136 Y113.532
G1 F2340 X80.476 Y111.871 E6668.13361
G0 F7200 X80.476 Y112.72
G1 F2340 X81.288 Y113.532 E6668.23179
G10
G0 F7200 X87.224 Y95.924
G11
G1 F2340 X94.864 Y95.924 E6668.88501
G1 X94.864 Y95.461 E6668.9246
G1 X93.972 Y94.145 E6669.06053
G1 X88.148 Y94.144 E6669.55848
G1 X87.543 Y93.939 E6669.6131
G1 F2410.5 X87.154 Y93.537 E6669.65965
G1 F2438 X87.224 Y93.739 E6669.67726
G1 F2366 X87.224 Y95.924 E6669.86221
G0 F7200 X87.819 Y95.329
G1 F2383.6 X94.055 Y95.329 E6670.3865
G1 F2379.2 X93.655 Y94.739 E6670.44653
G1 F2383.6 X88.123 Y94.739 E6670.91163
G1 X87.82 Y94.66 E6670.93796
G1 X87.819 Y95.329 E6670.99421
G0 F7200 X87.006 Y94.003
G0 X87.154 Y93.537
G1 F2494.6 X87.099 Y93.482 E6671.00048
G0 F7200 X86.934 Y93.482
G0 X81.288 Y93.404
G1 F2401.5 X86.943 Y93.404 E6671.4727
G1 F2451.9 X87.099 Y93.482 E6671.48699
G1 F2419.6 X86.864 Y92.958 E6671.53462
G1 F2340 X86.864 Y86.98 E6672.04574
G1 X87.081 Y86.386 E6672.09981
G1 X86.924 Y86.452 E6672.11437
G1 X80.176 Y86.452 E6672.69132
G1 X80.176 Y93.404 E6673.28572
G1 F2366 X81.288 Y93.404 E6673.37984
G0 F7200 X86.934 Y86.193
G0 X87.219 Y86.193
G1 F2340 X87.652 Y85.858 E6673.42665
G1 X88.155 Y85.72 E6673.47125
G1 X93.941 Y85.716 E6673.96595
G1 X94.864 Y84.427 E6674.1015
G1 X94.864 Y83.916 E6674.14519
G1 X87.224 Y83.92 E6674.79841
G1 X87.219 Y86.193 E6674.99275
G0 F7200 X87.824 Y85.196
G1 F2340 X88.132 Y85.12 E6675.01988
G1 X93.63 Y85.116 E6675.48996
G1 X94.06 Y84.516 E6675.55307
G1 X87.824 Y84.52 E6676.08625
G1 X87.824 Y85.196 E6676.14405
G0 F7200 X87.006 Y85.86
G0 X86.564 Y87.413
G1 F2340 X85.905 Y86.754 E6676.22373
G0 F7200 X85.056 Y86.754
G1 F2340 X86.564 Y88.261 E6676.40601
G0 F7200 X86.564 Y89.11
G1 F2340 X84.208 Y86.754 E6676.69089
G0 F7200 X83.359 Y86.753
G1 F2340 X86.564 Y89.958 E6677.07842
G0 F7200 X86.564 Y90.807
G1 F2340 X82.51 Y86.753 E6677.56861
G0 F7200 X81.662 Y86.753
G1 F2340 X86.564 Y91.655 E6678.16134
G0 F7200 X86.564 Y92.504
G1 F2340 X80.813 Y86.753 E6678.85672
G0 F7200 X80.476 Y87.264
G1 F2340 X86.316 Y93.104 E6679.56287
G0 F7200 X85.467 Y93.104
G1 F2340 X80.476 Y88.113 E6680.16635
G0 F7200 X80.476 Y88.961
G1 F2340 X84.619 Y93.104 E6680.66731
G0 F7200 X83.77 Y93.104
G1 F2340 X80.476 Y89.81 E6681.0656
G0 F7200 X80.476 Y90.658
G1 F2340 X82.922 Y93.104 E6681.36136
G0 F7200 X82.073 Y93.104
G1 F2340 X80.476 Y91.507 E6681.55446
G0 F7200 X80.476 Y92.355
G1 F2340 X81.225 Y93.104 E6681.64503
G10
;MESH:NONMESH
G0 F600 X81.225 Y93.104 Z3.85
G0 F7200 X81.216 Y55.788
G0 X81.11 Y55.654
;TIME_ELAPSED:1552.465458
;LAYER:23
;TYPE:FILL
;MESH:porte-manteau.stl
G11
G1 F6300 X95.93 Y70.475 E6683.53137
G0 F7200 X95.794 Y70.374
G0 X96.816 Y69.25
G0 X97.694 Y68.451
G0 X97.79 Y68.586
G1 F6300 X79.936 Y73.37 E6685.19491
G0 F7200 X79.937 Y72.816
G1 F6300 X84.689 Y55.079 E6686.84754
G0 F7200 X84.689 Y55.252
G0 X93.264 Y55.252
G0 X93.264 Y55.08
G1 F6300 X120.821 Y82.637 E6690.35497
G0 F7200 X120.885 Y82.484
G0 X119.399 Y81.337
G0 X119.285 Y81.461
G1 F6300 X125.875 Y79.696 E6690.96898
G0 F7200 X125.711 Y79.677
G0 X125.212 Y77.264
G0 X125.356 Y77.174
G1 F6300 X124.059 Y82.016 E6691.42012
G0 F7200 X123.94 Y81.897
G0 X115.865 Y78.123
G0 X115.751 Y78.247
G1 F6300 X118.017 Y69.791 E6692.20801
G0 F7200 X117.896 Y69.912
G0 X120.02 Y72.036
G0 X120.142 Y71.915
G1 F6300 X111.372 Y74.264 E6693.02514
G0 F7200 X111.486 Y74.141
G0 X108.373 Y71.31
G0 X108.259 Y71.434
G1 F6300 X110.668 Y62.444 E6693.86278
G0 F7200 X110.548 Y62.564
G0 X112.671 Y64.687
G0 X112.793 Y64.566
G1 F6300 X100.823 Y67.774 E6694.9781
G0 F7200 X99.91 Y67.822
G1 F6300 X103.254 Y55.341 E6696.14101
G0 F7200 X103.181 Y55.493
G0 X105.323 Y57.339
G0 X105.444 Y57.218
G1 F6300 X79.937 Y64.052 E6698.51761
G0 F7200 X80.109 Y64.052
G0 X80.109 Y67.208
G0 X79.936 Y67.208
G1 F6300 X95.105 Y82.377 E6700.4483
G0 F7200 X94.934 Y82.377
G0 X94.934 Y78.623
G0 X95.107 Y78.623
G1 F6300 X79.937 Y82.687 E6701.86175
G0 F7200 X80.109 Y82.687
G0 X80.109 Y79.936
G0 X79.936 Y79.936
G1 F6300 X86.277 Y86.277 E6702.66883
G0 F7200 X85.647 Y86.278
G1 F6300 X94.007 Y55.079 E6705.57579
G10
G0 F7200 X94.007 Y55.252
G0 X83.692 Y93.575
G11
G1 F6300 X80.173 Y106.708 E6706.79946
G0 F7200 X81.252 Y106.707
G1 F6300 X79.936 Y105.391 E6706.96696
G0 F7200 X80.109 Y105.391
G0 X80.109 Y101.323
G0 X79.936 Y101.323
G1 F6300 X95.103 Y97.259 E6708.38014
G0 F7200 X94.934 Y97.259
G0 X92.339 Y96.075
G1 F6300 X90.161 Y104.206 E6709.13773
G0 F7200 X91.478 Y104.206
G1 F6300 X80.847 Y93.575 E6710.49084
G10
G0 F7200 X87.104 Y115.614
G11
G1 F6300 X85.118 Y123.026 E6711.18145
G0 F7200 X85.23 Y122.901
G0 X82.696 Y120.642
G0 X82.584 Y120.767
G1 F6300 X80.29 Y118.474 E6711.47336
G0 F7200 X80.447 Y118.405
G0 X81.386 Y119.474
G0 X81.272 Y119.6
G1 F6300 X92.811 Y116.508 E6712.54851
G0 F7200 X91.051 Y116.507
G1 F6300 X140.095 Y165.551 E6718.79079
G0 F7200 X139.977 Y165.432
G0 X138.403 Y167.013
G0 X138.522 Y167.133
G1 F6300 X140.94 Y158.108 E6719.63169
G0 F7200 X140.821 Y158.226
G0 X141.936 Y159.336
G0 X142.056 Y159.217
G1 F6300 X129.491 Y162.584 E6720.80244
G0 F7200 X130.244 Y163.253
G1 F6300 X133.584 Y150.789 E6721.96378
G0 F7200 X133.465 Y150.907
G0 X134.559 Y151.996
G0 X134.678 Y151.877
G1 F6300 X121.455 Y155.42 E6723.19582
G0 F7200 X121.567 Y155.296
G0 X122.834 Y156.425
G0 X122.723 Y156.549
G1 F6300 X126.228 Y143.469 E6724.41456
G0 F7200 X126.108 Y143.588
G0 X127.181 Y144.655
G0 X127.3 Y144.536
G1 F6300 X113.418 Y148.256 E6725.70802
G0 F7200 X113.53 Y148.131
G0 X115.313 Y149.72
G0 X115.202 Y149.844
G1 F6300 X118.871 Y136.149 E6726.98403
G0 F7200 X118.751 Y136.268
G0 X119.803 Y137.314
G0 X119.923 Y137.195
G1 F6300 X105.382 Y141.092 E6728.33891
G0 F7200 X105.495 Y140.967
G0 X107.793 Y143.016
G0 X107.681 Y143.14
G1 F6300 X111.515 Y128.83 E6729.67223
G0 F7200 X111.395 Y128.949
G0 X112.426 Y129.974
G0 X112.546 Y129.855
G1 F6300 X97.345 Y133.928 E6731.08858
G0 F7200 X97.458 Y133.802
G0 X100.272 Y136.311
G0 X100.16 Y136.435
G1 F6300 X104.159 Y121.51 E6732.47921
G0 F7200 X104.039 Y121.63
G0 X105.048 Y122.633
G0 X105.168 Y122.514
G1 F6300 X89.309 Y126.764 E6733.95689
G0 F7200 X89.422 Y126.638
G0 X92.751 Y129.606
G0 X92.639 Y129.73
G1 F6300 X96.181 Y116.51 E6735.18865
G0 F7200 X96.901 Y114.905
G0 X97.068 Y114.532
;TYPE:WALL-OUTER
G1 F2880 X96.015 Y114.06 E6735.29251
G1 X88.097 Y114.049 E6736.00513
G1 X87.947 Y113.798 E6736.03144
G1 X87.948 Y106.9 E6736.65226
G1 X88.15 Y106.653 E6736.68098
G1 X94.57 Y106.655 E6737.25878
G1 X95.439 Y105.506 E6737.38843
G1 X95.944 Y104.889 E6737.46019
G1 X95.944 Y95.395 E6738.31465
G1 X95.363 Y94.676 E6738.39785
G1 X94.573 Y93.62 E6738.51654
G1 X88.115 Y93.619 E6739.09776
G1 X87.947 Y93.368 E6739.12494
G1 X87.948 Y86.468 E6739.74594
G1 X88.191 Y86.224 E6739.77694
G1 X94.594 Y86.22 E6740.35321
G1 X95.031 Y85.611 E6740.42067
G1 X95.944 Y84.44 E6740.55431
G1 X95.945 Y72.626 E6741.61757
G1 X96.393 Y71.266 E6741.74644
G1 X97.07 Y70.34 E6741.84967
G1 X97.658 Y69.724 E6741.92632
G1 X98.406 Y69.179 E6742.00961
G1 X99.233 Y68.818 E6742.09082
G1 X100.233 Y68.613 E6742.18269
G1 X102.52 Y68.611 E6742.38852
G1 X103.572 Y68.822 E6742.48509
G1 X104.376 Y69.182 E6742.56437
G1 X105.117 Y69.713 E6742.64642
G1 X119.49 Y82.782 E6744.39479
G1 X120.184 Y83.284 E6744.47187
G1 X120.964 Y83.605 E6744.54779
G1 X121.794 Y83.747 E6744.62357
G1 X122.351 Y83.732 E6744.67372
G1 X123.17 Y83.554 E6744.74915
G1 X124.2 Y83.063 E6744.85184
G1 X126.112 Y81.151 E6745.0952
G1 X126.691 Y79.955 E6745.21479
G1 X126.806 Y78.925 E6745.30807
G1 X126.713 Y78.1 E6745.38279
G1 X126.443 Y77.327 E6745.45648
G1 X125.943 Y76.529 E6745.54123
G1 X104.755 Y55.341 E6748.23803
G1 X104.083 Y54.804 E6748.31544
G1 X103.341 Y54.45 E6748.38944
G1 X102.395 Y54.24 E6748.47665
G1 X82.513 Y54.24 E6750.26603
G1 X81.567 Y54.45 E6750.35324
G1 X80.829 Y54.804 E6750.42691
G1 X80.178 Y55.322 E6750.50178
G1 X79.531 Y56.135 E6750.59529
G1 X79.096 Y57.389 E6750.71475
G1 X79.096 Y117.42 E6756.11754
G1 X79.279 Y118.27 E6756.19579
G1 X79.679 Y119.165 E6756.28402
G1 X80.336 Y119.89 E6756.37208
G1 X134.315 Y168.009 E6762.88025
G1 X135.193 Y168.495 E6762.97057
G1 X136.024 Y168.717 E6763.04798
G1 X136.873 Y168.743 E6763.12443
G1 X137.724 Y168.565 E6763.20267
G1 X138.762 Y168.081 E6763.30575
G1 X143.012 Y163.807 E6763.84822
G1 X143.54 Y162.98 E6763.93652
G1 X143.805 Y162.213 E6764.00956
G1 X143.897 Y161.385 E6764.08454
G1 X143.776 Y160.354 E6764.17796
G1 X143.198 Y159.17 E6764.29654
G1 X99.437 Y115.626 E6769.85261
G1 X97.527 Y114.737 E6770.04222
G1 X97.068 Y114.532 E6770.08747
G0 F7200 X96.795 Y114.41
G0 X96.823 Y115.08
;TYPE:WALL-INNER
G1 F4620 X95.887 Y114.66 E6770.1798
G1 X88.148 Y114.652 E6770.87631
G1 X87.702 Y114.471 E6770.91963
G1 X87.494 Y114.251 E6770.94688
G1 X87.344 Y113.845 E6770.98583
G1 X87.344 Y106.835 E6771.61673
G1 X87.593 Y106.33 E6771.6674
G1 X88.031 Y106.052 E6771.71409
G1 X94.272 Y106.055 E6772.27578
G1 X95.344 Y104.635 E6772.43591
G1 X95.344 Y95.607 E6773.24843
G1 X94.883 Y95.036 E6773.31448
G1 X94.273 Y94.22 E6773.40617
G1 X88.165 Y94.217 E6773.95589
G1 X87.868 Y94.138 E6773.98355
G1 X87.511 Y93.844 E6774.02518
G1 X87.344 Y93.419 E6774.06627
G1 X87.344 Y86.402 E6774.6978
G1 X87.45 Y86.094 E6774.72712
G1 X87.706 Y85.798 E6774.76234
G1 X88.169 Y85.623 E6774.80689
G1 X94.263 Y85.62 E6775.35535
G1 X95.344 Y84.234 E6775.51354
G1 X95.349 Y72.534 E6776.56654
G1 X95.85 Y70.99 E6776.71263
G1 X96.574 Y69.999 E6776.82309
G1 X97.283 Y69.254 E6776.91565
G1 X98.105 Y68.654 E6777.00724
G1 X99.051 Y68.246 E6777.09996
G1 X100.173 Y68.016 E6777.20304
G1 X102.609 Y68.011 E6777.42228
G1 X103.756 Y68.25 E6777.52773
G1 X104.704 Y68.671 E6777.62109
G1 X105.47 Y69.227 E6777.70627
G1 X119.869 Y82.316 E6779.45758
G1 X120.478 Y82.756 E6779.5252
G1 X121.131 Y83.025 E6779.58876
G1 X122.054 Y83.183 E6779.67304
G1 X122.974 Y82.982 E6779.7578
G1 X123.847 Y82.567 E6779.84479
G1 X125.616 Y80.798 E6780.06995
G1 X126.106 Y79.787 E6780.17106
G1 X126.202 Y78.925 E6780.24912
G1 X126.124 Y78.234 E6780.31171
G1 X125.899 Y77.589 E6780.37319
G1 X125.471 Y76.905 E6780.44581
G1 X104.355 Y55.789 E6783.13343
G1 X103.763 Y55.316 E6783.20163
G1 X103.144 Y55.021 E6783.26334
G1 X102.329 Y54.84 E6783.33848
G1 X82.579 Y54.84 E6785.11598
G1 X81.764 Y55.021 E6785.19112
G1 X81.149 Y55.316 E6785.25251
G1 X80.605 Y55.749 E6785.31508
G1 X80.064 Y56.429 E6785.39329
G1 X79.696 Y57.489 E6785.49427
G1 X79.696 Y117.356 E6790.8823
G1 X79.853 Y118.082 E6790.94915
G1 X80.188 Y118.833 E6791.02316
G1 X80.759 Y119.464 E6791.09975
G1 X134.664 Y167.517 E6797.599
G1 X135.419 Y167.934 E6797.67663
G1 X136.112 Y168.119 E6797.74118
G1 X136.82 Y168.141 E6797.80493
G1 X137.533 Y167.992 E6797.87049
G1 X138.413 Y167.582 E6797.95786
G1 X142.541 Y163.43 E6798.4848
G1 X142.996 Y162.717 E6798.56092
G1 X143.216 Y162.08 E6798.62158
G1 X143.293 Y161.387 E6798.68433
G1 X143.192 Y160.526 E6798.76235
G1 X142.702 Y159.523 E6798.86282
G1 X99.089 Y116.126 E6804.40012
G1 X97.233 Y115.264 E6804.58429
G1 X96.823 Y115.08 E6804.62474
G0 F7200 X96.627 Y115.52
;TYPE:SKIN
G1 F2340 X95.779 Y115.141 E6804.70415
G1 X88.084 Y115.132 E6805.36208
G1 X87.475 Y114.887 E6805.4182
G1 X87.224 Y114.658 E6805.44725
G1 X87.225 Y116.383 E6805.59474
G1 X97.56 Y116.387 E6806.47838
G1 X97.644 Y115.985 E6806.5135
G1 X97.034 Y115.701 E6806.57103
G1 X96.627 Y115.52 E6806.60911
G0 F7200 X95.643 Y115.762
G1 F2160.4 X88.024 Y115.756 E6807.30939
G1 F2088.4 X87.866 Y115.738 E6807.32446
G0 F7200 X87.006 Y114.989
G0 X86.934 Y114.184
G0 X87.099 Y114.184
G1 F2626 X86.915 Y113.856 E6807.3534
G1 F2419.6 X86.864 Y110.17 E6807.65913
G1 F2433.4 X86.924 Y106.844 E6807.93359
G1 F2658.1 X87.071 Y106.612 E6807.95449
G1 F2626 X86.913 Y106.763 E6807.97131
G1 F2410.5 X83.519 Y106.826 E6808.25381
G1 F2340 X80.176 Y106.828 E6808.53963
G1 X80.176 Y113.884 E6809.14292
G1 X83.52 Y113.884 E6809.42883
G1 F2401.5 X86.913 Y113.936 E6809.7122
G1 F2610.2 X87.099 Y114.184 E6809.73619
G0 F7200 X87.092 Y114.152
G1 F2794.2 X87.083 Y114.125 E6809.73826
G0 F7200 X86.934 Y114.125
G0 X86.934 Y106.612
G0 X87.071 Y106.612
G1 F2794.2 X87.083 Y106.586 E6809.74034
G0 F7200 X86.934 Y106.586
G0 X87.006 Y105.713
G0 X87.874 Y104.974
G1 F2037.2 X88.028 Y104.952 E6809.75541
G1 F2138.4 X93.72 Y104.95 E6810.28344
G0 F7200 X94.03 Y105.572
G1 F2340 X94.864 Y104.475 E6810.40127
G1 X94.864 Y104.328 E6810.41383
G1 X87.224 Y104.324 E6811.06705
G1 X87.225 Y106.053 E6811.21488
G1 X87.609 Y105.736 E6811.25746
G1 X88.104 Y105.58 E6811.30183
G1 X94.03 Y105.572 E6811.80851
G0 F7200 X87.006 Y105.713
G0 X86.564 Y112.84
G1 F2340 X85.82 Y113.584 E6811.89847
G0 F7200 X84.972 Y113.584
G1 F2340 X86.564 Y111.992 E6812.09096
G0 F7200 X86.564 Y111.143
G1 F2340 X84.123 Y113.584 E6812.38612
G0 F7200 X83.275 Y113.584
G1 F2340 X86.564 Y110.295 E6812.78381
G0 F7200 X86.564 Y109.446
G1 F2340 X82.426 Y113.584 E6813.28416
G0 F7200 X81.577 Y113.584
G1 F2340 X86.564 Y108.597 E6813.88716
G0 F7200 X86.564 Y107.749
G1 F2340 X80.729 Y113.584 E6814.5927
G0 F7200 X80.476 Y112.989
G1 F2340 X86.339 Y107.125 E6815.30169
G0 F7200 X85.491 Y107.125
G1 F2340 X80.476 Y112.14 E6815.90808
G0 F7200 X80.476 Y111.292
G1 F2340 X84.641 Y107.126 E6816.41175
G0 F7200 X83.793 Y107.126
G1 F2340 X80.476 Y110.443 E6816.81283
G0 F7200 X80.476 Y109.594
G1 F2340 X82.944 Y107.127 E6817.11118
G0 F7200 X82.095 Y107.127
G1 F2340 X80.476 Y108.746 E6817.30695
G0 F7200 X80.476 Y107.897
G1 F2340 X81.246 Y107.127 E6817.40005
G0 F7200 X87.225 Y95.951
G1 F2340 X94.864 Y95.952 E6818.05318
G1 X94.864 Y95.812 E6818.06515
G1 X94.03 Y94.7 E6818.184
G1 X88.151 Y94.696 E6818.68665
G1 X87.605 Y94.532 E6818.7354
G1 F2366 X87.224 Y94.18 E6818.7793
G1 X87.225 Y95.951 E6818.92921
G0 F7200 X87.881 Y95.291
G1 F2030.5 X88.148 Y95.322 E6818.95533
G1 F2138.4 X93.717 Y95.326 E6819.47196
G0 F7200 X87.006 Y94.56
G0 X86.934 Y93.718
G0 X87.093 Y93.718
G1 F2794.2 X87.083 Y93.69 E6819.47412
G0 F7200 X86.934 Y93.69
G0 X81.246 Y93.452
G1 F2340 X83.52 Y93.452 E6819.66854
G1 F2401.5 X86.911 Y93.504 E6819.95174
G1 F2626 X87.083 Y93.69 E6819.97124
G1 F2642 X86.915 Y93.424 E6819.99531
G1 F2419.6 X86.864 Y89.74 E6820.30087
G1 F2438 X86.928 Y86.404 E6820.57569
G1 F2663.6 X87.07 Y86.186 E6820.59545
G1 F2631.3 X86.923 Y86.331 E6820.61131
G1 F2410.5 X83.52 Y86.396 E6820.89456
G1 F2340 X80.176 Y86.396 E6821.18047
G1 X80.176 Y93.452 E6821.78376
G1 X81.246 Y93.452 E6821.87525
G0 F7200 X86.934 Y86.186
G0 X87.07 Y86.186
G1 F2794.2 X87.081 Y86.16 E6821.8773
G0 F7200 X87.224 Y85.634
G1 F2352.9 X87.652 Y85.282 E6821.92444
G1 F2340 X88.104 Y85.148 E6821.96475
G1 X94.029 Y85.14 E6822.47134
G1 X94.864 Y84.069 E6822.58745
G1 X94.864 Y83.892 E6822.60258
G1 X87.224 Y83.896 E6823.2558
G1 F2352.9 X87.224 Y85.634 E6823.40366
G0 F7200 X86.934 Y85.634
G0 X87.873 Y84.545
G1 F2050.6 X88.032 Y84.522 E6823.41914
G1 F2138.4 X93.721 Y84.516 E6823.94689
G0 F7200 X87.006 Y85.284
G0 X86.564 Y92.475
G1 F2340 X85.887 Y93.152 E6824.02875
G0 F7200 X85.039 Y93.152
G1 F2340 X86.564 Y91.627 E6824.21315
G0 F7200 X86.564 Y90.778
G1 F2340 X84.19 Y93.152 E6824.5002
G0 F7200 X83.342 Y93.152
G1 F2340 X86.564 Y89.93 E6824.88979
G0 F7200 X86.564 Y89.081
G1 F2340 X82.493 Y93.152 E6825.38203
G0 F7200 X81.645 Y93.152
G1 F2340 X86.564 Y88.233 E6825.97682
G0 F7200 X86.564 Y87.384
G1 F2340 X80.796 Y93.152 E6826.67426
G0 F7200 X80.477 Y92.623
G1 F2340 X86.404 Y86.696 E6827.39092
G0 F7200 X85.556 Y86.696
G1 F2340 X80.477 Y91.775 E6828.00505
G0 F7200 X80.477 Y90.926
G1 F2340 X84.707 Y86.696 E6828.51652
G0 F7200 X83.859 Y86.696
G1 F2340 X80.477 Y90.078 E6828.92546
G0 F7200 X80.477 Y89.229
G1 F2340 X83.01 Y86.696 E6829.23173
G0 F7200 X82.162 Y86.696
G1 F2340 X80.477 Y88.381 E6829.43548
G0 F7200 X80.477 Y87.532
G1 F2340 X81.313 Y86.696 E6829.53656
G10
;MESH:NONMESH
G0 F600 X81.313 Y86.696 Z4
G0 F7200 X81.216 Y55.788
G0 X81.11 Y55.654
;TIME_ELAPSED:1586.317696
;LAYER:24
;TYPE:FILL
;MESH:porte-manteau.stl
G11
G1 F6300 X95.932 Y70.476 E6831.42309
G0 F7200 X95.795 Y70.374
G0 X96.814 Y69.253
G0 X97.692 Y68.453
G0 X97.788 Y68.587
G1 F6300 X79.936 Y73.37 E6833.08644
G0 F7200 X79.937 Y72.816
G1 F6300 X84.689 Y55.079 E6834.73907
G0 F7200 X84.689 Y55.252
G0 X93.264 Y55.252
G0 X93.264 Y55.08
G1 F6300 X120.822 Y82.638 E6838.24663
G0 F7200 X120.887 Y82.483
G0 X119.399 Y81.337
G0 X119.285 Y81.461
G1 F6300 X125.875 Y79.696 E6838.86063
G0 F7200 X125.711 Y79.677
G0 X125.212 Y77.264
G0 X125.356 Y77.174
G1 F6300 X124.059 Y82.017 E6839.31186
G0 F7200 X123.94 Y81.897
G0 X115.865 Y78.123
G0 X115.751 Y78.247
G1 F6300 X118.017 Y69.791 E6840.09976
G0 F7200 X117.896 Y69.912
G0 X120.02 Y72.036
G0 X120.142 Y71.915
G1 F6300 X111.373 Y74.264 E6840.91679
G0 F7200 X111.486 Y74.141
G0 X108.373 Y71.309
G0 X108.26 Y71.432
G1 F6300 X110.668 Y62.444 E6841.75424
G0 F7200 X110.548 Y62.564
G0 X112.671 Y64.687
G0 X112.793 Y64.566
G1 F6300 X100.823 Y67.774 E6842.86956
G0 F7200 X99.91 Y67.821
G1 F6300 X103.254 Y55.341 E6844.03238
G0 F7200 X103.181 Y55.493
G0 X105.323 Y57.339
G0 X105.444 Y57.218
G1 F6300 X79.937 Y64.052 E6846.40898
G0 F7200 X80.109 Y64.052
G0 X80.109 Y67.208
G0 X79.936 Y67.208
G1 F6300 X95.105 Y82.377 E6848.33968
G0 F7200 X94.934 Y82.377
G0 X94.934 Y78.623
G0 X95.107 Y78.623
G1 F6300 X79.937 Y82.687 E6849.75312
G0 F7200 X80.109 Y82.687
G0 X80.109 Y79.936
G0 X79.936 Y79.936
G1 F6300 X86.277 Y86.277 E6850.5602
G0 F7200 X85.647 Y86.278
G1 F6300 X94.007 Y55.079 E6853.46717
G10
G0 F7200 X94.007 Y55.252
G0 X87.006 Y84.859
G0 X87.006 Y94.992
G0 X92.657 Y95.064
G0 X92.657 Y94.891
G11
G1 F6300 X89.843 Y105.392 E6854.4456
G0 F7200 X89.844 Y105.219
G0 X92.662 Y105.219
G0 X92.661 Y105.389
G1 F6300 X80.847 Y93.575 E6855.94928
G0 F7200 X83.692 Y93.575
G1 F6300 X80.173 Y106.708 E6857.17294
G0 F7200 X81.252 Y106.707
G1 F6300 X79.936 Y105.391 E6857.34044
G0 F7200 X80.109 Y105.391
G0 X80.109 Y101.323
G0 X79.936 Y101.323
G1 F6300 X95.104 Y97.258 E6858.75374
G10
G0 F7200 X94.934 Y97.258
G0 X87.006 Y105.29
G0 X87.006 Y115.422
G0 X96.417 Y115.54
G0 X96.485 Y115.377
G11
G1 F6300 X92.639 Y129.729 E6860.09099
G0 F7200 X92.751 Y129.605
G0 X89.424 Y126.639
G0 X89.312 Y126.763
G1 F6300 X105.168 Y122.514 E6861.56838
G0 F7200 X105.048 Y122.633
G0 X104.04 Y121.63
G0 X104.159 Y121.512
G1 F6300 X100.16 Y136.434 E6862.95875
G0 F7200 X100.272 Y136.31
G0 X97.459 Y133.802
G0 X97.347 Y133.927
G1 F6300 X112.546 Y129.855 E6864.3749
G0 F7200 X112.426 Y129.974
G0 X111.396 Y128.949
G0 X111.515 Y128.831
G1 F6300 X107.681 Y143.139 E6865.70805
G0 F7200 X107.793 Y143.015
G0 X105.495 Y140.967
G0 X105.383 Y141.091
G1 F6300 X119.923 Y137.195 E6867.06282
G0 F7200 X119.803 Y137.314
G0 X118.752 Y136.268
G0 X118.871 Y136.15
G1 F6300 X115.202 Y149.844 E6868.33875
G0 F7200 X115.313 Y149.72
G0 X113.531 Y148.131
G0 X113.419 Y148.256
G1 F6300 X127.3 Y144.536 E6869.63212
G0 F7200 X127.181 Y144.655
G0 X126.109 Y143.588
G0 X126.227 Y143.47
G1 F6300 X122.723 Y156.549 E6870.85074
G0 F7200 X122.834 Y156.425
G0 X121.567 Y155.295
G0 X121.455 Y155.42
G1 F6300 X134.678 Y151.877 E6872.08279
G0 F7200 X134.559 Y151.995
G0 X133.465 Y150.907
G0 X133.584 Y150.789
G1 F6300 X130.244 Y163.254 E6873.24422
G0 F7200 X129.491 Y162.584
G1 F6300 X142.056 Y159.217 E6874.41496
G0 F7200 X141.936 Y159.336
G0 X140.821 Y158.226
G0 X140.94 Y158.108
G1 F6300 X138.522 Y167.133 E6875.25586
G0 F7200 X138.403 Y167.013
G0 X139.977 Y165.432
G0 X140.095 Y165.551
G1 F6300 X89.87 Y115.326 E6881.64846
G0 F7200 X89.869 Y115.495
G0 X87.006 Y115.422
G0 X87.321 Y114.805
G1 F6300 X85.118 Y123.024 E6882.41428
G0 F7200 X85.23 Y122.9
G0 X82.664 Y120.612
G0 X82.553 Y120.736
G1 F6300 X80.297 Y118.481 E6882.70136
G0 F7200 X80.451 Y118.414
G0 X81.388 Y119.474
G0 X81.276 Y119.599
G1 F6300 X96.692 Y115.468 E6884.13775
G0 F7200 X97.029 Y114.701
;TYPE:WALL-OUTER
G1 F2880 X96.544 Y114.488 E6884.18542
G1 X88.201 Y114.482 E6884.93629
G1 X87.948 Y114.236 E6884.96805
G1 X87.948 Y106.476 E6885.66645
G1 X88.101 Y106.229 E6885.6926
G1 X94.589 Y106.228 E6886.27652
G1 X95.445 Y105.175 E6886.39866
G1 X95.944 Y104.6 E6886.46718
G1 X95.944 Y95.68 E6887.26998
G1 X95.369 Y95.015 E6887.3491
G1 X94.592 Y94.052 E6887.46046
G1 X88.1 Y94.051 E6888.04474
G1 X87.948 Y93.803 E6888.07092
G1 X87.948 Y86.044 E6888.76923
G1 X88.191 Y85.8 E6888.80022
G1 X94.601 Y85.796 E6889.37712
G1 X95.066 Y85.198 E6889.4453
G1 X95.944 Y84.154 E6889.56807
G1 X95.945 Y73.212 E6890.55285
G1 X96.062 Y72.125 E6890.65124
G1 X96.519 Y71.094 E6890.75274
G1 X97.071 Y70.34 E6890.83684
G1 X97.682 Y69.706 E6890.91609
G1 X98.397 Y69.184 E6890.99576
G1 X99.225 Y68.815 E6891.07735
G1 X100.234 Y68.613 E6891.16996
G1 X102.546 Y68.613 E6891.37804
G1 X103.567 Y68.815 E6891.47171
G1 X104.43 Y69.209 E6891.55709
G1 X105.114 Y69.709 E6891.63335
G1 X119.92 Y83.174 E6893.43452
G1 X120.968 Y83.609 E6893.53665
G1 X122.064 Y83.791 E6893.63664
G1 X123.166 Y83.557 E6893.73803
G1 X124.198 Y83.065 E6893.84092
G1 X126.112 Y81.151 E6894.08454
G1 X126.691 Y79.955 E6894.20413
G1 X126.806 Y78.925 E6894.2974
G1 X126.713 Y78.1 E6894.37212
G1 X126.443 Y77.327 E6894.44581
G1 X125.943 Y76.529 E6894.53057
G1 X104.755 Y55.341 E6897.22736
G1 X104.083 Y54.804 E6897.30478
G1 X103.341 Y54.45 E6897.37877
G1 X102.395 Y54.24 E6897.46598
G1 X82.513 Y54.24 E6899.25536
G1 X81.567 Y54.45 E6899.34257
G1 X80.829 Y54.804 E6899.41624
G1 X80.178 Y55.322 E6899.49111
G1 X79.531 Y56.135 E6899.58463
G1 X79.096 Y57.389 E6899.70408
G1 X79.096 Y117.416 E6905.10651
G1 X79.279 Y118.262 E6905.18442
G1 X79.602 Y118.984 E6905.2556
G1 X80.116 Y119.689 E6905.33412
G1 X134.315 Y168.009 E6911.86911
G1 X135.193 Y168.495 E6911.95943
G1 X136.024 Y168.717 E6912.03684
G1 X136.873 Y168.743 E6912.11329
G1 X137.724 Y168.565 E6912.19154
G1 X138.762 Y168.081 E6912.29461
G1 X143.012 Y163.807 E6912.83708
G1 X143.54 Y162.98 E6912.92539
G1 X143.805 Y162.213 E6912.99842
G1 X143.897 Y161.385 E6913.0734
G1 X143.776 Y160.354 E6913.16682
G1 X143.198 Y159.17 E6913.2854
G1 X99.702 Y115.891 E6918.80775
G1 X98.457 Y115.326 E6918.9308
G1 X97.029 Y114.701 E6919.07109
G0 F7200 X96.755 Y114.581
G0 X96.789 Y115.249
;TYPE:WALL-INNER
G1 F4620 X96.423 Y115.088 E6919.10707
G1 X88.153 Y115.084 E6919.85137
G1 X87.741 Y114.931 E6919.89093
G1 X87.536 Y114.74 E6919.91615
G1 X87.344 Y114.292 E6919.96001
G1 X87.344 Y106.409 E6920.66948
G1 X87.616 Y105.882 E6920.72286
G1 X88.165 Y105.631 E6920.77719
G1 X94.303 Y105.628 E6921.32961
G1 X95.344 Y104.348 E6921.4781
G1 X95.344 Y95.904 E6922.23806
G1 X94.902 Y95.392 E6922.29893
G1 X94.305 Y94.652 E6922.3845
G1 X88.154 Y94.648 E6922.93809
G1 X87.712 Y94.479 E6922.98068
G1 X87.528 Y94.298 E6923.00391
G1 X87.344 Y93.857 E6923.04692
G1 X87.344 Y85.978 E6923.75603
G1 X87.45 Y85.67 E6923.78534
G1 X87.706 Y85.374 E6923.82056
G1 X88.169 Y85.199 E6923.86511
G1 X94.284 Y85.196 E6924.41546
G1 X95.344 Y83.936 E6924.56365
G1 X95.348 Y73.15 E6925.53439
G1 X95.471 Y71.97 E6925.64117
G1 X96.003 Y70.781 E6925.7584
G1 X96.574 Y69.999 E6925.84555
G1 X97.286 Y69.255 E6925.93823
G1 X98.096 Y68.665 E6926.02842
G1 X99.042 Y68.246 E6926.12153
G1 X100.174 Y68.016 E6926.2255
G1 X102.604 Y68.015 E6926.4442
G1 X103.749 Y68.246 E6926.54932
G1 X104.704 Y68.667 E6926.64325
G1 X105.468 Y69.225 E6926.7284
G1 X120.248 Y82.661 E6928.52609
G1 X121.134 Y83.029 E6928.61244
G1 X122.05 Y83.18 E6928.69599
G1 X122.972 Y82.985 E6928.7808
G1 X123.846 Y82.568 E6928.86796
G1 X125.616 Y80.798 E6929.09324
G1 X126.106 Y79.787 E6929.19436
G1 X126.202 Y78.925 E6929.27242
G1 X126.124 Y78.234 E6929.335
G1 X125.899 Y77.589 E6929.39648
G1 X125.471 Y76.905 E6929.4691
G1 X104.355 Y55.789 E6932.15673
G1 X103.763 Y55.316 E6932.22493
G1 X103.144 Y55.021 E6932.28664
G1 X102.329 Y54.84 E6932.36178
G1 X82.579 Y54.84 E6934.13928
G1 X81.764 Y55.021 E6934.21441
G1 X81.149 Y55.316 E6934.2758
G1 X80.605 Y55.749 E6934.33838
G1 X80.064 Y56.429 E6934.41658
G1 X79.696 Y57.489 E6934.51757
G1 X79.696 Y117.352 E6939.90524
G1 X79.852 Y118.074 E6939.97172
G1 X80.124 Y118.682 E6940.03166
G1 X80.563 Y119.284 E6940.09872
G1 X134.664 Y167.517 E6946.62191
G1 X135.419 Y167.934 E6946.69954
G1 X136.112 Y168.119 E6946.76409
G1 X136.82 Y168.141 E6946.82784
G1 X137.533 Y167.992 E6946.8934
G1 X138.413 Y167.582 E6946.98077
G1 X142.541 Y163.43 E6947.50771
G1 X142.996 Y162.717 E6947.58384
G1 X143.216 Y162.08 E6947.64449
G1 X143.293 Y161.387 E6947.70724
G1 X143.192 Y160.526 E6947.78526
G1 X142.702 Y159.523 E6947.88573
G1 X99.356 Y116.393 E6953.38905
G1 X98.213 Y115.874 E6953.50202
G1 X96.789 Y115.249 E6953.64199
G0 F7200 X96.631 Y115.629
G0 X87.006 Y115.422
G0 X86.864 Y113.884
;TYPE:SKIN
G1 F2340 X86.864 Y106.825 E6954.24553
G1 X80.176 Y106.828 E6954.81735
G1 X80.176 Y113.884 E6955.42064
G1 X86.864 Y113.884 E6955.99247
G0 F7200 X81.34 Y113.584
G1 F2340 X80.476 Y112.72 E6956.09694
G0 F7200 X80.476 Y111.871
G1 F2340 X82.188 Y113.584 E6956.304
G0 F7200 X83.037 Y113.584
G1 F2340 X80.476 Y111.023 E6956.61367
G0 F7200 X80.476 Y110.174
G1 F2340 X83.885 Y113.584 E6957.02593
G0 F7200 X84.734 Y113.584
G1 F2340 X80.476 Y109.326 E6957.54079
G0 F7200 X80.476 Y108.477
G1 F2340 X85.583 Y113.584 E6958.1583
G0 F7200 X86.431 Y113.584
G1 F2340 X80.476 Y107.629 E6958.87835
G0 F7200 X80.824 Y107.128
G1 F2340 X86.564 Y112.868 E6959.5724
G0 F7200 X86.564 Y112.02
G1 F2340 X81.672 Y107.128 E6960.16392
G0 F7200 X82.52 Y107.127
G1 F2340 X86.564 Y111.171 E6960.6529
G0 F7200 X86.564 Y110.323
G1 F2340 X83.369 Y107.127 E6961.03929
G0 F7200 X84.216 Y107.127
G1 F2340 X86.564 Y109.474 E6961.32314
G0 F7200 X86.564 Y108.626
G1 F2340 X85.064 Y107.126 E6961.50451
G0 F7200 X85.913 Y107.126
G1 F2340 X86.564 Y107.777 E6961.58322
G0 F7200 X86.564 Y93.452
G1 F2340 X86.864 Y93.452 E6961.60887
G1 X86.864 Y86.396 E6962.21216
G1 X80.176 Y86.396 E6962.78399
G1 X80.176 Y93.452 E6963.38727
G1 X86.564 Y93.452 E6963.93345
G0 F7200 X81.272 Y93.151
G1 F2340 X80.476 Y92.355 E6964.0297
G0 F7200 X80.476 Y91.507
G1 F2340 X82.121 Y93.151 E6964.22854
G0 F7200 X82.969 Y93.151
G1 F2340 X80.476 Y90.658 E6964.52998
G0 F7200 X80.476 Y89.81
G1 F2340 X83.818 Y93.151 E6964.93402
G0 F7200 X84.666 Y93.151
G1 F2340 X80.476 Y88.961 E6965.44066
G0 F7200 X80.476 Y88.113
G1 F2340 X85.515 Y93.151 E6966.04989
G0 F7200 X86.363 Y93.151
G1 F2340 X80.476 Y87.264 E6966.76172
G0 F7200 X80.756 Y86.696
G1 F2340 X86.564 Y92.504 E6967.46399
G0 F7200 X86.564 Y91.655
G1 F2340 X81.604 Y86.696 E6968.06367
G0 F7200 X82.453 Y86.696
G1 F2340 X86.564 Y90.807 E6968.56075
G0 F7200 X86.564 Y89.958
G1 F2340 X83.301 Y86.696 E6968.95524
G0 F7200 X84.15 Y86.696
G1 F2340 X86.564 Y89.11 E6969.24713
G0 F7200 X86.564 Y88.261
G1 F2340 X84.998 Y86.696 E6969.43642
G0 F7200 X85.847 Y86.696
G1 F2340 X86.564 Y87.413 E6969.52312
G0 F7200 X86.434 Y87.413
G10
;MESH:NONMESH
G0 F600 X86.434 Y87.413 Z4.15
G0 F7200 X81.216 Y55.788
G0 X81.11 Y55.654
;TIME_ELAPSED:1617.210726
;LAYER:25
;TYPE:FILL
;MESH:porte-manteau.stl
G11
G1 F6300 X95.93 Y70.475 E6971.40946
G0 F7200 X95.794 Y70.374
G0 X96.816 Y69.25
G0 X97.694 Y68.451
G0 X97.79 Y68.586
G1 F6300 X79.936 Y73.37 E6973.07301
G0 F7200 X79.937 Y72.816
G1 F6300 X84.689 Y55.079 E6974.72563
G0 F7200 X84.689 Y55.252
G0 X93.264 Y55.252
G0 X93.264 Y55.08
G1 F6300 X120.84 Y82.656 E6978.23549
G0 F7200 X120.923 Y82.512
G0 X119.399 Y81.337
G0 X119.285 Y81.461
G1 F6300 X125.875 Y79.696 E6978.84949
G0 F7200 X125.711 Y79.677
G0 X125.212 Y77.264
G0 X125.356 Y77.174
G1 F6300 X124.059 Y82.017 E6979.30072
G0 F7200 X123.94 Y81.897
G0 X115.865 Y78.124
G0 X115.752 Y78.246
G1 F6300 X118.017 Y69.791 E6980.0885
G0 F7200 X117.896 Y69.912
G0 X120.02 Y72.036
G0 X120.142 Y71.915
G1 F6300 X111.372 Y74.264 E6980.90562
G0 F7200 X111.486 Y74.141
G0 X108.373 Y71.31
G0 X108.259 Y71.434
G1 F6300 X110.668 Y62.444 E6981.74327
G0 F7200 X110.548 Y62.564
G0 X112.671 Y64.687
G0 X112.793 Y64.566
G1 F6300 X100.823 Y67.774 E6982.85859
G0 F7200 X99.91 Y67.822
G1 F6300 X103.254 Y55.341 E6984.0215
G0 F7200 X103.181 Y55.493
G0 X105.323 Y57.339
G0 X105.444 Y57.218
G1 F6300 X79.937 Y64.052 E6986.39809
G0 F7200 X80.109 Y64.052
G0 X80.109 Y67.208
G0 X79.936 Y67.208
G1 F6300 X95.105 Y82.377 E6988.32879
G0 F7200 X94.934 Y82.377
G0 X94.934 Y78.623
G0 X95.107 Y78.623
G1 F6300 X79.937 Y82.687 E6989.74224
G0 F7200 X80.109 Y82.687
G0 X80.109 Y79.936
G0 X79.936 Y79.936
G1 F6300 X86.277 Y86.277 E6990.54931
G0 F7200 X85.647 Y86.278
G1 F6300 X94.007 Y55.079 E6993.45628
G10
G0 F7200 X94.007 Y55.252
G0 X83.691 Y89.004
G0 X83.691 Y90.867
G0 X83.692 Y93.575
G11
G1 F6300 X80.173 Y106.708 E6994.67995
G0 F7200 X81.252 Y106.707
G1 F6300 X79.936 Y105.391 E6994.84745
G0 F7200 X80.109 Y105.391
G0 X80.109 Y101.323
G0 X79.936 Y101.323
G1 F6300 X95.104 Y97.258 E6996.26074
G0 F7200 X94.934 Y97.258
G0 X92.565 Y95.405
G0 X92.565 Y95.232
G1 F6300 X89.935 Y105.048 E6997.17534
G0 F7200 X89.935 Y104.878
G0 X92.32 Y104.878
G0 X92.32 Y105.048
G1 F6300 X80.847 Y93.575 E6998.63562
G10
G0 F7200 X86.933 Y109.434
G0 X86.933 Y111.278
G0 X86.934 Y115.067
G0 X87.25 Y115.067
G11
G1 F6300 X85.118 Y123.026 E6999.37718
G0 F7200 X85.23 Y122.901
G0 X82.696 Y120.642
G0 X82.584 Y120.767
G1 F6300 X80.29 Y118.474 E6999.66909
G0 F7200 X80.447 Y118.405
G0 X81.386 Y119.474
G0 X81.272 Y119.6
G1 F6300 X95.947 Y115.667 E7001.03646
G0 F7200 X96.407 Y115.667
G1 F6300 X92.639 Y129.73 E7002.34677
G0 F7200 X92.751 Y129.606
G0 X89.422 Y126.638
G0 X89.309 Y126.764
G1 F6300 X105.167 Y122.514 E7003.82436
G0 F7200 X105.048 Y122.633
G0 X104.04 Y121.63
G0 X104.159 Y121.512
G1 F6300 X100.16 Y136.435 E7005.21481
G0 F7200 X100.272 Y136.311
G0 X97.458 Y133.802
G0 X97.345 Y133.928
G1 F6300 X112.545 Y129.855 E7006.63108
G0 F7200 X112.426 Y129.974
G0 X111.396 Y128.949
G0 X111.515 Y128.831
G1 F6300 X107.681 Y143.14 E7007.96431
G0 F7200 X107.793 Y143.016
G0 X105.495 Y140.967
G0 X105.382 Y141.092
G1 F6300 X119.922 Y137.196 E7009.31908
G0 F7200 X119.803 Y137.314
G0 X118.752 Y136.268
G0 X118.871 Y136.15
G1 F6300 X115.202 Y149.844 E7010.59501
G0 F7200 X115.313 Y149.72
G0 X113.53 Y148.131
G0 X113.418 Y148.256
G1 F6300 X127.3 Y144.536 E7011.88847
G0 F7200 X127.181 Y144.655
G0 X126.109 Y143.588
G0 X126.227 Y143.47
G1 F6300 X122.723 Y156.549 E7013.10709
G0 F7200 X122.834 Y156.425
G0 X121.567 Y155.296
G0 X121.455 Y155.42
G1 F6300 X134.678 Y151.877 E7014.33914
G0 F7200 X134.559 Y151.995
G0 X133.465 Y150.907
G0 X133.584 Y150.789
G1 F6300 X130.244 Y163.253 E7015.50048
G0 F7200 X129.491 Y162.584
G1 F6300 X142.056 Y159.217 E7016.67122
G0 F7200 X141.936 Y159.336
G0 X140.821 Y158.226
G0 X140.94 Y158.108
G1 F6300 X138.522 Y167.133 E7017.51212
G0 F7200 X138.403 Y167.013
G0 X139.977 Y165.432
G0 X140.095 Y165.551
G1 F6300 X90.209 Y115.665 E7023.86157
G0 F7200 X90.21 Y114.823
;TYPE:WALL-OUTER
G1 F2880 X88.199 Y114.821 E7024.04256
G1 X87.947 Y114.666 E7024.06919
G1 X87.948 Y106.043 E7024.84526
G1 X88.209 Y105.889 E7024.87253
G1 X94.602 Y105.888 E7025.4479
G1 X95.502 Y104.85 E7025.57155
G1 X95.944 Y104.364 E7025.63067
G1 X95.944 Y95.919 E7026.39072
G1 X95.437 Y95.353 E7026.45911
G1 X94.603 Y94.392 E7026.57363
G1 X88.209 Y94.391 E7027.14909
G1 X87.947 Y94.14 E7027.18174
G1 X87.948 Y85.704 E7027.94098
G1 X88.191 Y85.46 E7027.97198
G1 X94.608 Y85.456 E7028.54951
G1 X95.032 Y84.956 E7028.60851
G1 X95.944 Y83.933 E7028.73185
G1 X95.945 Y72.626 E7029.74948
G1 X96.393 Y71.266 E7029.87835
G1 X97.07 Y70.34 E7029.98159
G1 X97.658 Y69.724 E7030.05823
G1 X98.406 Y69.179 E7030.14153
G1 X99.233 Y68.818 E7030.22274
G1 X100.233 Y68.613 E7030.31461
G1 X102.52 Y68.611 E7030.52044
G1 X103.572 Y68.822 E7030.61701
G1 X104.376 Y69.182 E7030.69629
G1 X105.117 Y69.713 E7030.77833
G1 X119.702 Y82.975 E7032.55251
G1 X120.577 Y83.473 E7032.64312
G1 X121.376 Y83.701 E7032.7179
G1 X122.337 Y83.734 E7032.80444
G1 X123.159 Y83.557 E7032.88011
G1 X124.194 Y83.069 E7032.9831
G1 X126.115 Y81.143 E7033.22792
G1 X126.691 Y79.955 E7033.34675
G1 X126.806 Y78.925 E7033.44002
G1 X126.713 Y78.1 E7033.51474
G1 X126.443 Y77.327 E7033.58843
G1 X125.943 Y76.529 E7033.67319
G1 X104.755 Y55.341 E7036.36998
G1 X104.083 Y54.804 E7036.4474
G1 X103.341 Y54.45 E7036.52139
G1 X102.395 Y54.24 E7036.6086
G1 X82.513 Y54.24 E7038.39798
G1 X81.567 Y54.45 E7038.48519
G1 X80.829 Y54.804 E7038.55886
G1 X80.178 Y55.322 E7038.63373
G1 X79.531 Y56.135 E7038.72725
G1 X79.096 Y57.389 E7038.8467
G1 X79.096 Y117.42 E7044.24949
G1 X79.279 Y118.27 E7044.32775
G1 X79.679 Y119.165 E7044.41598
G1 X80.336 Y119.89 E7044.50403
G1 X134.315 Y168.009 E7051.0122
G1 X135.193 Y168.495 E7051.10252
G1 X136.024 Y168.717 E7051.17993
G1 X136.873 Y168.743 E7051.25638
G1 X137.724 Y168.565 E7051.33463
G1 X138.762 Y168.081 E7051.4377
G1 X143.012 Y163.807 E7051.98017
G1 X143.54 Y162.98 E7052.06848
G1 X143.805 Y162.213 E7052.14151
G1 X143.897 Y161.385 E7052.21649
G1 X143.776 Y160.354 E7052.30991
G1 X143.198 Y159.17 E7052.42849
G1 X99.916 Y116.105 E7057.9236
G1 X97.947 Y115.241 E7058.11712
G1 X96.933 Y114.828 E7058.21566
G1 X90.21 Y114.823 E7058.82073
G0 F7200 X89.91 Y114.823
G0 X90.21 Y115.425
;TYPE:WALL-INNER
G1 F4620 X88.154 Y115.424 E7059.00577
G1 X87.602 Y115.156 E7059.061
G1 X87.344 Y114.629 E7059.1138
G1 X87.344 Y106.071 E7059.88402
G1 X87.441 Y105.779 E7059.91172
G1 X87.681 Y105.485 E7059.94587
G1 X88.14 Y105.293 E7059.99065
G1 X94.328 Y105.288 E7060.54757
G1 X95.344 Y104.116 E7060.68717
G1 X95.344 Y96.149 E7061.4042
G1 X94.329 Y94.992 E7061.54272
G1 X88.14 Y94.987 E7062.09973
G1 X87.773 Y94.86 E7062.13468
G1 X87.441 Y94.501 E7062.17869
G1 X87.344 Y94.202 E7062.20698
G1 X87.344 Y85.638 E7062.97774
G1 X87.45 Y85.33 E7063.00706
G1 X87.706 Y85.034 E7063.04228
G1 X88.169 Y84.859 E7063.08683
G1 X94.318 Y84.856 E7063.64024
G1 X95.344 Y83.704 E7063.77907
G1 X95.349 Y72.534 E7064.78437
G1 X95.85 Y70.99 E7064.93047
G1 X96.574 Y69.999 E7065.04092
G1 X97.283 Y69.254 E7065.13348
G1 X98.105 Y68.654 E7065.22508
G1 X99.051 Y68.246 E7065.3178
G1 X100.173 Y68.016 E7065.42088
G1 X102.609 Y68.011 E7065.64012
G1 X103.756 Y68.25 E7065.74556
G1 X104.704 Y68.671 E7065.83892
G1 X105.47 Y69.227 E7065.92411
G1 X120.056 Y82.486 E7067.69816
G1 X120.811 Y82.916 E7067.77636
G1 X121.47 Y83.104 E7067.83804
G1 X122.283 Y83.132 E7067.91125
G1 X122.965 Y82.985 E7067.97404
G1 X123.842 Y82.572 E7068.06128
G1 X125.62 Y80.791 E7068.28778
G1 X126.106 Y79.787 E7068.38817
G1 X126.202 Y78.925 E7068.46623
G1 X126.124 Y78.234 E7068.52881
G1 X125.899 Y77.589 E7068.59029
G1 X125.471 Y76.905 E7068.66291
G1 X104.355 Y55.789 E7071.35054
G1 X103.763 Y55.316 E7071.41874
G1 X103.144 Y55.021 E7071.48045
G1 X102.329 Y54.84 E7071.55559
G1 X82.579 Y54.84 E7073.33309
G1 X81.764 Y55.021 E7073.40822
G1 X81.149 Y55.316 E7073.46961
G1 X80.605 Y55.749 E7073.53219
G1 X80.064 Y56.429 E7073.61039
G1 X79.696 Y57.489 E7073.71138
G1 X79.696 Y117.356 E7079.09941
G1 X79.853 Y118.082 E7079.16626
G1 X80.188 Y118.833 E7079.24027
G1 X80.759 Y119.464 E7079.31686
G1 X134.664 Y167.517 E7085.8161
G1 X135.419 Y167.934 E7085.89373
G1 X136.112 Y168.119 E7085.95828
G1 X136.82 Y168.141 E7086.02203
G1 X137.533 Y167.992 E7086.08759
G1 X138.413 Y167.582 E7086.17497
G1 X142.541 Y163.43 E7086.7019
G1 X142.996 Y162.717 E7086.77803
G1 X143.216 Y162.08 E7086.83868
G1 X143.293 Y161.387 E7086.90143
G1 X143.192 Y160.526 E7086.97945
G1 X142.702 Y159.523 E7087.07992
G1 X99.572 Y116.609 E7092.55574
G1 X97.713 Y115.794 E7092.73843
G1 X96.815 Y115.428 E7092.8257
G1 X90.21 Y115.425 E7093.42015
G0 F7200 X90.209 Y115.835
G0 X87.006 Y115.762
G0 X86.864 Y111.378
G0 X86.864 Y111.096
;TYPE:SKIN
G1 F2340 X86.864 Y109.612 E7093.55371
G1 X80.176 Y109.612 E7094.15563
G1 X80.176 Y111.096 E7094.28919
G1 X86.864 Y111.096 E7094.89111
G10
G0 F7200 X86.864 Y111.378
G0 X83.522 Y111.298
G0 X83.522 Y109.415
G0 X81.007 Y109.335
G0 X81.007 Y109.912
G11
G1 F2340 X80.477 Y110.442 E7094.95857
G0 F7200 X80.971 Y110.797
G1 F2340 X81.855 Y109.912 E7095.07115
G0 F7200 X82.704 Y109.912
G1 F2340 X81.819 Y110.797 E7095.18379
G0 F7200 X82.668 Y110.797
G1 F2340 X83.552 Y109.912 E7095.29637
G0 F7200 X84.401 Y109.912
G1 F2340 X83.516 Y110.797 E7095.40901
G0 F7200 X84.365 Y110.797
G1 F2340 X85.25 Y109.912 E7095.52165
G0 F7200 X86.098 Y109.912
G1 F2340 X85.213 Y110.797 E7095.6343
G0 F7200 X86.062 Y110.797
G1 F2340 X86.564 Y110.295 E7095.69819
G0 F7200 X86.564 Y109.132
G1 F2340 X86.864 Y109.132 E7095.72384
G1 X86.864 Y106.824 E7095.92117
G1 X80.176 Y106.828 E7096.493
G1 X80.176 Y109.132 E7096.68999
G1 X86.564 Y109.132 E7097.23616
G0 F7200 X86.564 Y111.278
G0 X86.564 Y111.576
G1 F2340 X80.176 Y111.576 E7097.78234
G1 X80.176 Y113.884 E7097.97967
G1 X86.864 Y113.884 E7098.5515
G1 X86.864 Y111.576 E7098.74883
G1 X86.564 Y111.576 E7098.77448
G0 F7200 X85.82 Y113.584
G1 F2340 X86.564 Y112.84 E7098.86444
G0 F7200 X86.564 Y111.992
G1 F2340 X84.972 Y113.584 E7099.05694
G0 F7200 X84.123 Y113.584
G1 F2340 X85.831 Y111.876 E7099.26346
G0 F7200 X84.983 Y111.876
G1 F2340 X83.275 Y113.584 E7099.46998
G0 F7200 X82.426 Y113.584
G1 F2340 X84.134 Y111.876 E7099.67651
G0 F7200 X83.286 Y111.876
G1 F2340 X81.577 Y113.584 E7099.88309
G0 F7200 X80.729 Y113.584
G1 F2340 X82.437 Y111.876 E7100.08961
G0 F7200 X81.589 Y111.876
G1 F2340 X80.476 Y112.989 E7100.22419
G0 F7200 X80.476 Y112.14
G1 F2340 X80.74 Y111.876 E7100.25611
G0 F7200 X81.238 Y111.298
G0 X81.238 Y109.415
G0 X81.238 Y108.832
G1 F2340 X82.944 Y107.126 E7100.4624
G0 F7200 X82.095 Y107.127
G1 F2340 X80.476 Y108.746 E7100.65816
G0 F7200 X80.476 Y107.897
G1 F2340 X81.246 Y107.127 E7100.75126
G0 F7200 X82.087 Y108.832
G1 F2340 X83.794 Y107.125 E7100.95767
G0 F7200 X84.643 Y107.125
G1 F2340 X82.935 Y108.832 E7101.16413
G0 F7200 X83.784 Y108.832
G1 F2340 X85.491 Y107.125 E7101.37053
G0 F7200 X86.341 Y107.124
G1 F2340 X84.632 Y108.832 E7101.57711
G0 F7200 X85.481 Y108.832
G1 F2340 X86.564 Y107.749 E7101.70807
G0 F7200 X86.564 Y108.597
G1 F2340 X86.329 Y108.832 E7101.73648
G10
G0 F7200 X86.329 Y90.947
G0 X86.329 Y90.664
G11
G1 F2340 X86.864 Y90.664 E7101.78463
G1 X86.864 Y89.184 E7101.91783
G1 X80.176 Y89.184 E7102.51975
G1 X80.176 Y90.664 E7102.65295
G1 X86.329 Y90.664 E7103.20672
G10
G0 F7200 X86.329 Y90.947
G0 X81.07 Y90.867
G0 X81.07 Y88.985
G0 X81.07 Y89.484
G11
G1 F2340 X80.476 Y90.078 E7103.28232
G0 F7200 X81.039 Y90.364
G1 F2340 X81.918 Y89.484 E7103.39427
G0 F7200 X82.767 Y89.484
G1 F2340 X81.887 Y90.364 E7103.50627
G0 F7200 X82.736 Y90.364
G1 F2340 X83.615 Y89.484 E7103.61821
G0 F7200 X84.464 Y89.484
G1 F2340 X83.584 Y90.364 E7103.73022
G0 F7200 X84.433 Y90.364
G1 F2340 X85.312 Y89.484 E7103.84216
G0 F7200 X86.161 Y89.484
G1 F2340 X85.281 Y90.364 E7103.95417
G0 F7200 X86.13 Y90.364
G1 F2340 X86.564 Y89.93 E7104.00941
G0 F7200 X86.564 Y91.144
G1 F2340 X80.176 Y91.144 E7104.55558
G1 X80.176 Y93.452 E7104.75291
G1 X86.864 Y93.452 E7105.32474
G1 X86.864 Y91.144 E7105.52207
G1 X86.564 Y91.144 E7105.54772
G0 F7200 X86.564 Y89.004
G0 X86.564 Y88.704
G1 F2340 X86.864 Y88.704 E7105.57337
G1 X86.864 Y86.396 E7105.77071
G1 X80.176 Y86.396 E7106.34253
G1 X80.176 Y88.704 E7106.53986
G1 X86.564 Y88.704 E7107.08604
G0 F7200 X85.886 Y89.004
G0 X85.886 Y90.867
G0 X85.887 Y93.152
G1 F2340 X86.564 Y92.475 E7107.1679
G0 F7200 X86.564 Y91.627
G1 F2340 X85.039 Y93.152 E7107.35229
G0 F7200 X84.19 Y93.152
G1 F2340 X85.898 Y91.444 E7107.55882
G0 F7200 X85.049 Y91.444
G1 F2340 X83.342 Y93.152 E7107.76528
G0 F7200 X82.493 Y93.152
G1 F2340 X84.201 Y91.444 E7107.9718
G0 F7200 X83.352 Y91.444
G1 F2340 X81.645 Y93.152 E7108.17827
G0 F7200 X80.796 Y93.152
G1 F2340 X82.504 Y91.444 E7108.38479
G0 F7200 X81.655 Y91.444
G1 F2340 X80.477 Y92.623 E7108.52729
G0 F7200 X80.477 Y91.775
G1 F2340 X80.807 Y91.444 E7108.56725
G0 F7200 X81.302 Y90.867
G0 X81.302 Y88.985
G0 X81.302 Y88.404
G1 F2340 X83.01 Y86.696 E7108.77377
G0 F7200 X82.162 Y86.696
G1 F2340 X80.476 Y88.381 E7108.97758
G0 F7200 X80.476 Y87.533
G1 F2340 X81.313 Y86.696 E7109.07878
G0 F7200 X82.15 Y88.404
G1 F2340 X83.859 Y86.696 E7109.28537
G0 F7200 X84.707 Y86.696
G1 F2340 X82.999 Y88.404 E7109.49189
G0 F7200 X83.847 Y88.404
G1 F2340 X85.556 Y86.696 E7109.69847
G0 F7200 X86.404 Y86.696
G1 F2340 X84.696 Y88.404 E7109.905
G0 F7200 X85.544 Y88.404
G1 F2340 X86.564 Y87.384 E7110.02833
G0 F7200 X86.564 Y88.233
G1 F2340 X86.393 Y88.404 E7110.04901
G10
;MESH:NONMESH
G0 F600 X86.393 Y88.404 Z4.3
G0 F7200 X81.216 Y55.788
G0 X81.11 Y55.654
;TIME_ELAPSED:1650.343186
;LAYER:26
;TYPE:FILL
;MESH:porte-manteau.stl
G11
G1 F6300 X95.93 Y70.475 E7111.93535
G0 F7200 X95.794 Y70.374
G0 X96.816 Y69.25
G0 X97.694 Y68.451
G0 X97.79 Y68.586
G1 F6300 X79.937 Y73.37 E7113.59881
G0 F7200 X79.937 Y72.814
G1 F6300 X84.689 Y55.079 E7115.25126
G0 F7200 X84.689 Y55.252
G0 X93.264 Y55.252
G0 X93.264 Y55.08
G1 F6300 X120.818 Y82.635 E7118.75838
G0 F7200 X120.882 Y82.481
G0 X119.399 Y81.337
G0 X119.285 Y81.461
G1 F6300 X125.875 Y79.696 E7119.37238
G0 F7200 X125.711 Y79.677
G0 X125.212 Y77.264
G0 X125.356 Y77.174
G1 F6300 X124.059 Y82.017 E7119.82361
G0 F7200 X123.94 Y81.897
G0 X115.865 Y78.124
G0 X115.751 Y78.247
G1 F6300 X118.017 Y69.791 E7120.6115
G0 F7200 X117.896 Y69.912
G0 X120.02 Y72.036
G0 X120.142 Y71.915
G1 F6300 X111.372 Y74.264 E7121.42862
G0 F7200 X111.486 Y74.141
G0 X108.373 Y71.31
G0 X108.259 Y71.434
G1 F6300 X110.668 Y62.444 E7122.26627
G0 F7200 X110.548 Y62.564
G0 X112.671 Y64.687
G0 X112.793 Y64.566
G1 F6300 X100.823 Y67.774 E7123.38159
G0 F7200 X99.91 Y67.822
G1 F6300 X103.254 Y55.341 E7124.5445
G0 F7200 X103.181 Y55.493
G0 X105.323 Y57.339
G0 X105.444 Y57.218
G1 F6300 X79.937 Y64.052 E7126.92109
G0 F7200 X80.109 Y64.052
G0 X80.109 Y67.208
G0 X79.936 Y67.208
G1 F6300 X95.105 Y82.377 E7128.85179
G0 F7200 X94.934 Y82.377
G0 X94.934 Y78.623
G0 X95.106 Y78.623
G1 F6300 X79.938 Y82.687 E7130.26506
G0 F7200 X80.109 Y82.687
G0 X80.109 Y79.936
G0 X79.936 Y79.936
G1 F6300 X86.277 Y86.277 E7131.07214
G0 F7200 X85.647 Y86.278
G1 F6300 X94.007 Y55.079 E7133.97911
G0 F7200 X94.007 Y54.24
;TYPE:WALL-OUTER
G1 F2880 X82.513 Y54.24 E7135.01357
G1 X81.567 Y54.45 E7135.10078
G1 X80.829 Y54.804 E7135.17445
G1 X80.178 Y55.322 E7135.24932
G1 X79.531 Y56.135 E7135.34283
G1 X79.096 Y57.389 E7135.46229
G1 X79.097 Y88.703 E7138.28055
G1 X87.944 Y88.704 E7139.07678
G1 X87.944 Y85.492 E7139.36586
G1 X88.026 Y85.285 E7139.3859
G1 X88.189 Y85.196 E7139.40261
G1 X94.617 Y85.188 E7139.98113
G1 X95.091 Y84.656 E7140.04526
G1 X95.944 Y83.73 E7140.15857
G1 X95.945 Y72.626 E7141.15793
G1 X96.393 Y71.266 E7141.2868
G1 X97.07 Y70.34 E7141.39004
G1 X97.658 Y69.724 E7141.46668
G1 X98.406 Y69.179 E7141.54998
G1 X99.233 Y68.818 E7141.63119
G1 X100.233 Y68.613 E7141.72306
G1 X102.52 Y68.611 E7141.92889
G1 X103.572 Y68.822 E7142.02546
G1 X104.376 Y69.182 E7142.10474
G1 X105.117 Y69.713 E7142.18678
G1 X119.917 Y83.172 E7143.9872
G1 X120.983 Y83.613 E7144.09103
G1 X122.076 Y83.789 E7144.19066
G1 X123.155 Y83.561 E7144.28992
G1 X124.194 Y83.069 E7144.39338
G1 X126.112 Y81.151 E7144.6375
G1 X126.691 Y79.955 E7144.75709
G1 X126.806 Y78.925 E7144.85037
G1 X126.713 Y78.1 E7144.92509
G1 X126.443 Y77.327 E7144.99878
G1 X125.943 Y76.529 E7145.08353
G1 X104.755 Y55.341 E7147.78033
G1 X104.083 Y54.804 E7147.85775
G1 X103.341 Y54.45 E7147.93174
G1 X102.395 Y54.24 E7148.01895
G1 X94.007 Y54.24 E7148.77387
G0 F7200 X93.707 Y54.24
G0 X94.007 Y54.84
;TYPE:WALL-INNER
G1 F4620 X82.579 Y54.84 E7149.80239
G1 X81.764 Y55.021 E7149.87753
G1 X81.149 Y55.316 E7149.93891
G1 X80.605 Y55.749 E7150.00149
G1 X80.064 Y56.429 E7150.0797
G1 X79.696 Y57.489 E7150.18068
G1 X79.697 Y88.103 E7152.93594
G1 X87.344 Y88.104 E7153.62417
G1 X87.344 Y85.492 E7153.85925
G1 X87.43 Y85.106 E7153.89484
G1 X87.889 Y84.664 E7153.95219
G1 X88.169 Y84.595 E7153.97815
G1 X94.348 Y84.588 E7154.53426
G1 X95.344 Y83.496 E7154.66728
G1 X95.349 Y72.534 E7155.65386
G1 X95.85 Y70.99 E7155.79995
G1 X96.574 Y69.999 E7155.91041
G1 X97.283 Y69.254 E7156.00297
G1 X98.105 Y68.654 E7156.09456
G1 X99.051 Y68.246 E7156.18728
G1 X100.173 Y68.016 E7156.29036
G1 X102.609 Y68.011 E7156.5096
G1 X103.756 Y68.25 E7156.61505
G1 X104.704 Y68.671 E7156.7084
G1 X105.47 Y69.227 E7156.79359
G1 X120.242 Y82.656 E7158.59032
G1 X121.147 Y83.032 E7158.67852
G1 X122.063 Y83.179 E7158.76202
G1 X122.962 Y82.989 E7158.84471
G1 X123.842 Y82.572 E7158.93236
G1 X125.616 Y80.798 E7159.15815
G1 X126.106 Y79.787 E7159.25926
G1 X126.202 Y78.925 E7159.33732
G1 X126.124 Y78.234 E7159.39991
G1 X125.899 Y77.589 E7159.46139
G1 X125.471 Y76.905 E7159.53401
G1 X104.355 Y55.789 E7162.22164
G1 X103.763 Y55.316 E7162.28983
G1 X103.144 Y55.021 E7162.35155
G1 X102.329 Y54.84 E7162.42668
G1 X94.007 Y54.84 E7163.17566
G10
G0 F7200 X94.007 Y55.252
G0 X87.006 Y84.254
G0 X86.864 Y86.396
;TYPE:SKIN
G11
G1 F2340 X80.176 Y86.396 E7163.74749
G1 X80.176 Y87.62 E7163.85214
G1 X86.864 Y87.624 E7164.42396
G1 X86.864 Y86.396 E7164.52896
G0 F7200 X86.25 Y87.01
G1 F2233.1 X80.788 Y87.008 E7165.0162
G10
G0 F7200 X80.847 Y88.244
G0 X80.848 Y89.825
G0 X80.847 Y91.608
G0 X80.847 Y93.575
;TYPE:FILL
G11
G1 F6300 X92.052 Y104.78 E7166.44236
G0 F7200 X92.052 Y104.611
G0 X90.007 Y104.612
G0 X90.007 Y104.781
G1 F6300 X92.493 Y95.5 E7167.3071
G0 F7200 X92.493 Y95.673
G0 X94.934 Y97.258
G0 X95.104 Y97.258
G1 F6300 X79.937 Y101.322 E7168.72028
G0 F7200 X80.109 Y101.322
G0 X80.109 Y105.392
G0 X79.936 Y105.392
G1 F6300 X81.252 Y106.707 E7168.88771
G0 F7200 X80.173 Y106.708
G1 F6300 X83.692 Y93.575 E7170.11138
G0 F7200 X83.692 Y91.688
G0 X83.692 Y91.144
;TYPE:WALL-OUTER
G1 F2880 X79.096 Y91.144 E7170.52502
G1 X79.097 Y109.131 E7172.14385
G1 X87.944 Y109.132 E7172.94008
G1 X87.944 Y105.92 E7173.22916
G1 X88.162 Y105.621 E7173.26246
G1 X94.618 Y105.62 E7173.8435
G1 X95.944 Y104.152 E7174.02154
G1 X95.944 Y96.133 E7174.74325
G1 X94.618 Y94.66 E7174.92162
G1 X88.136 Y94.658 E7175.505
G1 X87.944 Y94.458 E7175.52996
G1 X87.944 Y91.144 E7175.82822
G1 X83.692 Y91.144 E7176.2109
G0 F7200 X83.392 Y91.144
G0 X83.692 Y91.744
;TYPE:WALL-INNER
G1 F4620 X79.696 Y91.744 E7176.57054
G1 X79.697 Y108.531 E7178.08137
G1 X87.344 Y108.532 E7178.7696
G1 X87.344 Y105.92 E7179.00468
G1 X87.424 Y105.547 E7179.03901
G1 X87.741 Y105.172 E7179.0832
G1 X88.157 Y105.02 E7179.12306
G1 X94.352 Y105.02 E7179.68061
G1 X95.344 Y103.921 E7179.81386
G1 X95.344 Y96.352 E7180.49507
G1 X94.351 Y95.26 E7180.62791
G1 X88.157 Y95.26 E7181.18537
G1 X87.741 Y95.107 E7181.22526
G1 X87.424 Y94.733 E7181.26938
G1 X87.344 Y94.36 E7181.30372
G1 X87.344 Y91.744 E7181.53916
G1 X83.692 Y91.744 E7181.86784
G0 F7200 X83.692 Y92.224
;TYPE:SKIN
G1 F2340 X80.176 Y92.224 E7182.16845
G1 X80.176 Y93.452 E7182.27345
G1 X86.864 Y93.452 E7182.84527
G1 X86.864 Y92.224 E7182.95027
G1 X83.692 Y92.224 E7183.22147
G0 F7200 X86.25 Y92.838
G1 F2225.2 X80.79 Y92.838 E7183.71009
G0 F7200 X80.797 Y106.827
G1 F2340 X80.176 Y106.828 E7183.76318
G1 X80.176 Y108.048 E7183.86749
G1 X86.864 Y108.051 E7184.43932
G1 X86.864 Y106.825 E7184.54414
G1 X80.797 Y106.827 E7185.06287
G0 F7200 X80.786 Y107.438
G1 F2249 X86.252 Y107.436 E7185.54735
G10
G0 F7200 X86.933 Y108.693
G0 X86.933 Y112.018
G0 X86.934 Y115.233
G0 X87.206 Y115.233
;TYPE:FILL
G11
G1 F6300 X85.118 Y123.026 E7186.27346
G0 F7200 X85.23 Y122.901
G0 X82.696 Y120.642
G0 X82.584 Y120.767
G1 F6300 X80.29 Y118.474 E7186.56537
G0 F7200 X80.447 Y118.405
G0 X81.386 Y119.474
G0 X81.272 Y119.6
G1 F6300 X94.947 Y115.935 E7187.83956
G0 F7200 X94.946 Y116.106
G0 X96.334 Y116.106
G0 X96.335 Y115.935
G1 F6300 X92.639 Y129.73 E7189.1249
G0 F7200 X92.751 Y129.606
G0 X89.422 Y126.638
G0 X89.309 Y126.764
G1 F6300 X105.167 Y122.514 E7190.60248
G0 F7200 X105.048 Y122.633
G0 X104.04 Y121.63
G0 X104.158 Y121.513
G1 F6300 X100.16 Y136.435 E7191.99283
G0 F7200 X100.272 Y136.311
G0 X97.458 Y133.802
G0 X97.345 Y133.928
G1 F6300 X112.544 Y129.855 E7193.409
G0 F7200 X112.425 Y129.973
G0 X111.397 Y128.95
G0 X111.515 Y128.832
G1 F6300 X107.681 Y143.14 E7194.74215
G0 F7200 X107.793 Y143.016
G0 X105.495 Y140.967
G0 X105.382 Y141.092
G1 F6300 X119.922 Y137.196 E7196.09692
G0 F7200 X119.803 Y137.314
G0 X118.753 Y136.269
G0 X118.871 Y136.151
G1 F6300 X115.202 Y149.844 E7197.37276
G0 F7200 X115.313 Y149.72
G0 X113.53 Y148.131
G0 X113.418 Y148.256
G1 F6300 X127.299 Y144.536 E7198.66613
G0 F7200 X127.18 Y144.654
G0 X126.109 Y143.588
G0 X126.227 Y143.47
G1 F6300 X122.723 Y156.549 E7199.88476
G0 F7200 X122.834 Y156.425
G0 X121.567 Y155.296
G0 X121.455 Y155.42
G1 F6300 X134.678 Y151.877 E7201.11681
G0 F7200 X134.559 Y151.995
G0 X133.465 Y150.907
G0 X133.584 Y150.789
G1 F6300 X130.244 Y163.253 E7202.27814
G0 F7200 X129.491 Y162.584
G1 F6300 X142.056 Y159.217 E7203.44889
G0 F7200 X141.936 Y159.336
G0 X140.821 Y158.226
G0 X140.94 Y158.108
G1 F6300 X138.522 Y167.133 E7204.28979
G0 F7200 X138.403 Y167.013
G0 X139.977 Y165.432
G0 X140.095 Y165.551
G1 F6300 X90.479 Y115.934 E7210.60494
G0 F7200 X90.48 Y115.091
;TYPE:WALL-OUTER
G1 F2880 X88.131 Y115.089 E7210.81635
G1 X87.944 Y114.885 E7210.84125
G1 X87.944 Y111.576 E7211.13906
G1 X79.096 Y111.576 E7211.93538
G1 X79.096 Y117.377 E7212.45747
G1 X79.284 Y118.279 E7212.5404
G1 X79.679 Y119.166 E7212.62779
G1 X80.336 Y119.89 E7212.71578
G1 X134.315 Y168.009 E7219.22395
G1 X135.193 Y168.495 E7219.31426
G1 X136.024 Y168.717 E7219.39168
G1 X136.873 Y168.743 E7219.46812
G1 X137.724 Y168.565 E7219.54637
G1 X138.762 Y168.081 E7219.64945
G1 X143.012 Y163.807 E7220.19191
G1 X143.54 Y162.98 E7220.28022
G1 X143.805 Y162.213 E7220.35325
G1 X143.897 Y161.385 E7220.42823
G1 X143.776 Y160.354 E7220.52166
G1 X143.198 Y159.17 E7220.64024
G1 X100.093 Y116.282 E7226.11282
G1 X97.324 Y115.096 E7226.38392
G1 X90.48 Y115.091 E7226.99988
G0 F7200 X90.18 Y115.091
G0 X90.48 Y115.694
;TYPE:WALL-INNER
G1 F4620 X88.148 Y115.693 E7227.20976
G1 X87.693 Y115.505 E7227.25407
G1 X87.344 Y114.961 E7227.31224
G1 X87.344 Y112.176 E7227.56289
G1 X79.696 Y112.176 E7228.25121
G1 X79.696 Y117.315 E7228.71372
G1 X79.858 Y118.094 E7228.78533
G1 X80.188 Y118.834 E7228.85825
G1 X80.759 Y119.464 E7228.93478
G1 X134.664 Y167.517 E7235.43402
G1 X135.419 Y167.934 E7235.51165
G1 X136.112 Y168.119 E7235.5762
G1 X136.82 Y168.141 E7235.63995
G1 X137.533 Y167.992 E7235.70551
G1 X138.413 Y167.582 E7235.79288
G1 X142.541 Y163.43 E7236.31982
G1 X142.996 Y162.717 E7236.39594
G1 X143.216 Y162.08 E7236.4566
G1 X143.293 Y161.387 E7236.51935
G1 X143.192 Y160.526 E7236.59737
G1 X142.702 Y159.523 E7236.69784
G1 X99.751 Y116.788 E7242.15088
G1 X97.201 Y115.696 E7242.40054
G1 X90.48 Y115.694 E7243.00543
G0 F7200 X90.479 Y116.105
G0 X87.006 Y116.032
G0 X86.864 Y113.884
;TYPE:SKIN
G1 F2340 X86.864 Y112.656 E7243.11042
G1 X80.176 Y112.656 E7243.68225
G1 X80.176 Y113.884 E7243.78724
G1 X86.864 Y113.884 E7244.35906
G0 F7200 X86.25 Y113.27
G1 F2225.2 X80.79 Y113.27 E7244.84768
G10
;MESH:NONMESH
G0 F600 X80.79 Y113.27 Z4.45
G0 F7200 X81.216 Y112.038
G0 X81.215 Y110.457
G0 X77.99 Y110.244
G0 X77.99 Y90.038
G0 X81.217 Y89.825
G0 X81.216 Y88.244
G0 X81.216 Y55.788
G0 X81.11 Y55.654
;TIME_ELAPSED:1679.347081
;LAYER:27
;TYPE:FILL
;MESH:porte-manteau.stl
G11
G1 F6300 X95.93 Y70.475 E7246.73402
G0 F7200 X95.794 Y70.374
G0 X96.816 Y69.25
G0 X97.694 Y68.451
G0 X97.79 Y68.586
G1 F6300 X79.936 Y73.37 E7248.39757
G0 F7200 X79.936 Y72.817
G1 F6300 X84.689 Y55.079 E7250.0503
G0 F7200 X84.689 Y55.252
G0 X93.264 Y55.252
G0 X93.264 Y55.08
G1 F6300 X120.82 Y82.636 E7253.55761
G0 F7200 X120.883 Y82.483
G0 X119.399 Y81.337
G0 X119.284 Y81.462
G1 F6300 X125.875 Y79.696 E7254.17172
G0 F7200 X125.711 Y79.677
G0 X125.212 Y77.264
G0 X125.356 Y77.174
G1 F6300 X124.059 Y82.016 E7254.62287
G0 F7200 X123.94 Y81.897
G0 X115.865 Y78.123
G0 X115.751 Y78.247
G1 F6300 X118.017 Y69.791 E7255.41076
G0 F7200 X117.896 Y69.912
G0 X120.02 Y72.036
G0 X120.142 Y71.915
G1 F6300 X111.371 Y74.265 E7256.22799
G0 F7200 X111.486 Y74.14
G0 X108.374 Y71.31
G0 X108.259 Y71.434
G1 F6300 X110.668 Y62.444 E7257.06564
G0 F7200 X110.548 Y62.564
G0 X112.671 Y64.687
G0 X112.793 Y64.566
G1 F6300 X100.823 Y67.774 E7258.18096
G0 F7200 X99.91 Y67.822
G1 F6300 X103.254 Y55.341 E7259.34386
G0 F7200 X103.181 Y55.493
G0 X105.323 Y57.339
G0 X105.444 Y57.218
G1 F6300 X79.937 Y64.052 E7261.72046
G0 F7200 X80.109 Y64.052
G0 X80.109 Y67.208
G0 X79.936 Y67.208
G1 F6300 X95.104 Y82.377 E7263.6511
G0 F7200 X94.934 Y82.377
G0 X94.934 Y78.623
G0 X95.107 Y78.623
G1 F6300 X79.936 Y82.688 E7265.06465
G0 F7200 X80.109 Y82.688
G0 X80.109 Y79.936
G0 X79.936 Y79.936
G1 F6300 X87.104 Y87.104 E7265.97699
G0 F7200 X86.964 Y86.983
G0 X85.421 Y86.953
G0 X85.421 Y87.121
G1 F6300 X94.007 Y55.079 E7268.96251
G0 F7200 X94.007 Y54.24
;TYPE:WALL-OUTER
G1 F2880 X82.513 Y54.24 E7269.99697
G1 X81.567 Y54.45 E7270.08418
G1 X80.829 Y54.804 E7270.15784
G1 X80.178 Y55.322 E7270.23272
G1 X79.531 Y56.135 E7270.32623
G1 X79.096 Y57.389 E7270.44569
G1 X79.096 Y87.963 E7273.19735
G1 X87.944 Y87.96 E7273.99367
G1 X87.944 Y85.229 E7274.23946
G1 X88.177 Y84.981 E7274.27008
G1 X94.622 Y84.98 E7274.85013
G1 X95.944 Y83.58 E7275.02343
G1 X95.945 Y72.626 E7276.00929
G1 X96.393 Y71.266 E7276.13816
G1 X97.07 Y70.34 E7276.2414
G1 X97.658 Y69.724 E7276.31804
G1 X98.406 Y69.179 E7276.40134
G1 X99.233 Y68.818 E7276.48255
G1 X100.233 Y68.613 E7276.57442
G1 X102.52 Y68.611 E7276.78025
G1 X103.572 Y68.822 E7276.87682
G1 X104.376 Y69.182 E7276.9561
G1 X105.117 Y69.713 E7277.03814
G1 X119.489 Y82.782 E7278.78645
G1 X120.195 Y83.287 E7278.86457
G1 X120.986 Y83.613 E7278.94157
G1 X122.077 Y83.786 E7279.04098
G1 X123.148 Y83.561 E7279.13948
G1 X124.186 Y83.077 E7279.24256
G1 X126.112 Y81.151 E7279.4877
G1 X126.691 Y79.955 E7279.60729
G1 X126.806 Y78.925 E7279.70056
G1 X126.713 Y78.1 E7279.77528
G1 X126.443 Y77.327 E7279.84897
G1 X125.943 Y76.529 E7279.93373
G1 X104.755 Y55.341 E7282.63052
G1 X104.083 Y54.804 E7282.70794
G1 X103.341 Y54.45 E7282.78193
G1 X102.395 Y54.24 E7282.86914
G1 X94.007 Y54.24 E7283.62406
G0 F7200 X93.707 Y54.24
G0 X94.007 Y54.84
;TYPE:WALL-INNER
G1 F4620 X82.579 Y54.84 E7284.65258
G1 X81.764 Y55.021 E7284.72772
G1 X81.149 Y55.316 E7284.78911
G1 X80.605 Y55.749 E7284.85168
G1 X80.064 Y56.429 E7284.92989
G1 X79.696 Y57.489 E7285.03087
G1 X79.696 Y87.363 E7287.71953
G1 X87.344 Y87.36 E7288.40785
G1 X87.344 Y85.131 E7288.60846
G1 X87.673 Y84.583 E7288.66599
G1 X88.047 Y84.383 E7288.70416
G1 X94.363 Y84.38 E7289.2726
G1 X95.344 Y83.342 E7289.40114
G1 X95.349 Y72.534 E7290.37386
G1 X95.85 Y70.99 E7290.51995
G1 X96.574 Y69.999 E7290.63041
G1 X97.283 Y69.254 E7290.72297
G1 X98.105 Y68.654 E7290.81456
G1 X99.051 Y68.246 E7290.90728
G1 X100.173 Y68.016 E7291.01036
G1 X102.609 Y68.011 E7291.2296
G1 X103.756 Y68.25 E7291.33505
G1 X104.704 Y68.671 E7291.4284
G1 X105.47 Y69.227 E7291.51359
G1 X119.867 Y82.314 E7293.26465
G1 X120.488 Y82.759 E7293.33341
G1 X121.15 Y83.031 E7293.39782
G1 X122.064 Y83.177 E7293.48112
G1 X122.957 Y82.988 E7293.56327
G1 X123.835 Y82.579 E7293.65044
G1 X125.616 Y80.798 E7293.87713
G1 X126.106 Y79.787 E7293.97824
G1 X126.202 Y78.925 E7294.0563
G1 X126.124 Y78.234 E7294.11889
G1 X125.899 Y77.589 E7294.18037
G1 X125.471 Y76.905 E7294.25299
G1 X104.355 Y55.789 E7296.94061
G1 X103.763 Y55.316 E7297.00881
G1 X103.144 Y55.021 E7297.07053
G1 X102.329 Y54.84 E7297.14566
G1 X94.007 Y54.84 E7297.89464
G0 F7200 X94.007 Y55.752
G10
G0 X83.919 Y87.653
G0 X83.92 Y89.084
G0 X83.918 Y90.767
G0 X83.919 Y92.198
G0 X83.919 Y92.725
;TYPE:FILL
G11
G1 F6300 X79.946 Y107.552 E7299.27615
G0 F7200 X80.079 Y107.414
G0 X82.096 Y107.383
G0 X82.096 Y107.552
G1 F6300 X79.936 Y105.392 E7299.55107
G0 F7200 X80.109 Y105.392
G0 X80.109 Y101.323
G0 X79.936 Y101.323
G1 F6300 X95.104 Y97.258 E7300.96437
G0 F7200 X94.934 Y97.258
G0 X92.438 Y95.881
G0 X92.438 Y95.707
G1 F6300 X90.062 Y104.576 E7301.79072
G0 F7200 X90.062 Y104.402
G0 X91.845 Y104.402
G0 X91.845 Y104.573
G1 F6300 X80 Y92.728 E7303.29835
G0 F7200 X80 Y91.887
;TYPE:WALL-OUTER
G1 F2880 X79.096 Y91.888 E7303.37971
G1 X79.096 Y108.392 E7304.86507
G1 X87.944 Y108.392 E7305.66139
G1 X87.944 Y105.665 E7305.90682
G1 X88.202 Y105.414 E7305.93921
G1 X94.621 Y105.412 E7306.51692
G1 X95.291 Y104.691 E7306.6055
G1 X95.944 Y104.011 E7306.69035
G1 X95.944 Y96.268 E7307.38722
G1 X94.622 Y94.868 E7307.56052
G1 X88.202 Y94.866 E7308.13832
G1 X87.944 Y94.657 E7308.1682
G1 X87.944 Y91.885 E7308.41768
G1 X80 Y91.887 E7309.13264
G0 F7200 X79.7 Y91.887
G0 X80 Y92.487
;TYPE:WALL-INNER
G1 F4620 X79.696 Y92.488 E7309.16
G1 X79.696 Y107.792 E7310.53736
G1 X87.344 Y107.792 E7311.22568
G1 X87.344 Y105.712 E7311.41288
G1 X87.549 Y105.139 E7311.46765
G1 X88.149 Y104.812 E7311.52915
G1 X94.36 Y104.812 E7312.08814
G1 X94.858 Y104.275 E7312.15406
G1 X95.344 Y103.77 E7312.21714
G1 X95.344 Y96.506 E7312.8709
G1 X94.363 Y95.468 E7312.99944
G1 X88.165 Y95.465 E7313.55726
G1 X87.899 Y95.4 E7313.5819
G1 X87.549 Y95.141 E7313.62109
G1 X87.344 Y94.568 E7313.67586
G1 X87.344 Y92.485 E7313.86333
G1 X80 Y92.487 E7314.52429
G0 F7200 X80.609 Y93.222
G10
G0 X86.934 Y108.083
G0 X86.935 Y109.514
G0 X86.933 Y111.197
G0 X86.934 Y112.628
G0 X86.934 Y115.349
G0 X87.175 Y115.349
;TYPE:FILL
G11
G1 F6300 X85.118 Y123.026 E7315.23959
G0 F7200 X85.23 Y122.901
G0 X82.696 Y120.642
G0 X82.584 Y120.767
G1 F6300 X80.29 Y118.474 E7315.53151
G0 F7200 X80.447 Y118.405
G0 X81.386 Y119.474
G0 X81.272 Y119.6
G1 F6300 X94.172 Y116.143 E7316.73347
G0 F7200 X94.171 Y116.314
G0 X96.279 Y116.315
G0 X96.28 Y116.143
G1 F6300 X92.639 Y129.73 E7317.99945
G0 F7200 X92.751 Y129.606
G0 X89.422 Y126.638
G0 X89.309 Y126.764
G1 F6300 X105.168 Y122.514 E7319.47712
G0 F7200 X105.048 Y122.633
G0 X104.039 Y121.629
G0 X104.159 Y121.51
G1 F6300 X100.16 Y136.435 E7320.86775
G0 F7200 X100.272 Y136.311
G0 X97.458 Y133.802
G0 X97.345 Y133.928
G1 F6300 X112.546 Y129.855 E7322.2841
G0 F7200 X112.426 Y129.974
G0 X111.396 Y128.949
G0 X111.515 Y128.83
G1 F6300 X107.681 Y143.14 E7323.61742
G0 F7200 X107.793 Y143.016
G0 X105.495 Y140.967
G0 X105.382 Y141.092
G1 F6300 X119.923 Y137.195 E7324.9723
G0 F7200 X119.803 Y137.314
G0 X118.752 Y136.268
G0 X118.871 Y136.149
G1 F6300 X115.202 Y149.844 E7326.24831
G0 F7200 X115.313 Y149.72
G0 X113.53 Y148.131
G0 X113.418 Y148.256
G1 F6300 X127.3 Y144.536 E7327.54178
G0 F7200 X127.181 Y144.654
G0 X126.109 Y143.588
G0 X126.228 Y143.469
G1 F6300 X122.723 Y156.549 E7328.76051
G0 F7200 X122.834 Y156.425
G0 X121.567 Y155.296
G0 X121.455 Y155.42
G1 F6300 X134.678 Y151.877 E7329.99256
G0 F7200 X134.559 Y151.995
G0 X133.465 Y150.907
G0 X133.584 Y150.789
G1 F6300 X130.244 Y163.253 E7331.15389
G0 F7200 X129.491 Y162.584
G1 F6300 X142.056 Y159.217 E7332.32464
G0 F7200 X141.936 Y159.336
G0 X140.821 Y158.226
G0 X140.94 Y158.108
G1 F6300 X138.522 Y167.133 E7333.16554
G0 F7200 X138.403 Y167.013
G0 X139.977 Y165.432
G0 X140.095 Y165.551
G1 F6300 X90.686 Y116.142 E7339.45428
G0 F7200 X90.687 Y115.299
;TYPE:WALL-OUTER
G1 F2880 X88.197 Y115.297 E7339.67838
G1 X87.944 Y115.089 E7339.70786
G1 X87.944 Y112.316 E7339.95743
G1 X79.096 Y112.316 E7340.75375
G1 X79.096 Y117.377 E7341.20924
G1 X79.284 Y118.279 E7341.29216
G1 X79.679 Y119.166 E7341.37955
G1 X80.336 Y119.89 E7341.46754
G1 X134.315 Y168.009 E7347.97571
G1 X135.193 Y168.495 E7348.06603
G1 X136.024 Y168.717 E7348.14344
G1 X136.873 Y168.743 E7348.21988
G1 X137.724 Y168.565 E7348.29813
G1 X138.762 Y168.081 E7348.40121
G1 X143.012 Y163.807 E7348.94368
G1 X143.54 Y162.98 E7349.03198
G1 X143.805 Y162.213 E7349.10502
G1 X143.897 Y161.385 E7349.17999
G1 X143.776 Y160.354 E7349.27342
G1 X143.198 Y159.17 E7349.392
G1 X100.237 Y116.422 E7354.8465
G1 X98.342 Y115.626 E7355.03149
G1 X97.545 Y115.304 E7355.10885
G1 X90.687 Y115.299 E7355.72607
G0 F7200 X90.387 Y115.299
G0 X90.687 Y115.902
;TYPE:WALL-INNER
G1 F4620 X88.148 Y115.901 E7355.95458
G1 X87.82 Y115.795 E7355.98561
G1 X87.482 Y115.481 E7356.02713
G1 X87.344 Y115.147 E7356.05965
G1 X87.344 Y112.916 E7356.26044
G1 X79.696 Y112.916 E7356.94876
G1 X79.696 Y117.315 E7357.34467
G1 X79.858 Y118.094 E7357.41628
G1 X80.188 Y118.834 E7357.4892
G1 X80.759 Y119.464 E7357.56573
G1 X134.664 Y167.517 E7364.06497
G1 X135.419 Y167.934 E7364.1426
G1 X136.112 Y168.119 E7364.20715
G1 X136.82 Y168.141 E7364.2709
G1 X137.533 Y167.992 E7364.33646
G1 X138.413 Y167.582 E7364.42383
G1 X142.541 Y163.43 E7364.95077
G1 X142.996 Y162.717 E7365.0269
G1 X143.216 Y162.08 E7365.08755
G1 X143.293 Y161.387 E7365.1503
G1 X143.192 Y160.526 E7365.22832
G1 X142.702 Y159.523 E7365.32879
G1 X99.897 Y116.93 E7370.7635
G1 X98.118 Y116.182 E7370.93719
G1 X97.429 Y115.904 E7371.00406
G1 X90.687 Y115.902 E7371.61084
G0 F7200 X90.686 Y116.812
G10
;MESH:NONMESH
G0 F600 X90.686 Y116.812 Z4.6
G0 F7200 X87.62 Y115.626
G0 X89.053 Y114.193
G0 X97.062 Y104.46
G0 X97.062 Y95.826
G0 X95.105 Y93.754
G0 X87.618 Y89.084
G0 X87.617 Y87.653
G0 X81.216 Y55.788
G0 X81.11 Y55.654
;TIME_ELAPSED:1705.086336
;LAYER:28
;TYPE:FILL
;MESH:porte-manteau.stl
G11
G1 F6300 X95.93 Y70.475 E7373.49718
G0 F7200 X95.794 Y70.374
G0 X96.816 Y69.25
G0 X97.694 Y68.451
G0 X97.79 Y68.586
G1 F6300 X79.936 Y73.37 E7375.16072
G0 F7200 X79.936 Y72.817
G1 F6300 X84.689 Y55.079 E7376.81346
G0 F7200 X84.689 Y55.252
G0 X93.264 Y55.252
G0 X93.264 Y55.08
G1 F6300 X120.866 Y82.683 E7380.32669
G0 F7200 X120.912 Y82.521
G0 X119.399 Y81.337
G0 X119.284 Y81.462
G1 F6300 X125.875 Y79.696 E7380.9408
G0 F7200 X125.711 Y79.677
G0 X125.212 Y77.264
G0 X125.356 Y77.174
G1 F6300 X124.059 Y82.016 E7381.39194
G0 F7200 X123.94 Y81.897
G0 X115.865 Y78.123
G0 X115.751 Y78.247
G1 F6300 X118.017 Y69.791 E7382.17984
G0 F7200 X117.896 Y69.912
G0 X120.02 Y72.036
G0 X120.142 Y71.915
G1 F6300 X111.371 Y74.265 E7382.99707
G0 F7200 X111.486 Y74.14
G0 X108.373 Y71.31
G0 X108.259 Y71.434
G1 F6300 X110.668 Y62.444 E7383.83471
G0 F7200 X110.548 Y62.564
G0 X112.671 Y64.687
G0 X112.793 Y64.566
G1 F6300 X100.823 Y67.774 E7384.95003
G0 F7200 X99.91 Y67.822
G1 F6300 X103.254 Y55.341 E7386.11294
G0 F7200 X103.181 Y55.493
G0 X105.323 Y57.339
G0 X105.444 Y57.218
G1 F6300 X79.937 Y64.052 E7388.48954
G0 F7200 X80.109 Y64.052
G0 X80.109 Y67.208
G0 X79.936 Y67.208
G1 F6300 X95.104 Y82.377 E7390.42017
G0 F7200 X94.934 Y82.377
G0 X94.934 Y78.623
G0 X95.106 Y78.623
G1 F6300 X79.936 Y82.688 E7391.83364
G0 F7200 X80.109 Y82.688
G0 X80.109 Y79.936
G0 X79.936 Y79.936
G1 F6300 X86.72 Y86.72 E7392.6971
G0 F7200 X85.528 Y86.72
G1 F6300 X94.007 Y55.079 E7395.64527
G0 F7200 X94.007 Y54.24
;TYPE:WALL-OUTER
G1 F2880 X82.513 Y54.24 E7396.67973
G1 X81.567 Y54.45 E7396.76694
G1 X80.829 Y54.804 E7396.84061
G1 X80.178 Y55.322 E7396.91548
G1 X79.531 Y56.135 E7397.00899
G1 X79.096 Y57.389 E7397.12845
G1 X79.096 Y87.56 E7399.84384
G1 X87.944 Y87.56 E7400.64016
G1 X87.944 Y85.065 E7400.86471
G1 X88.19 Y84.828 E7400.89545
G1 X94.625 Y84.82 E7401.4746
G1 X95.944 Y83.462 E7401.64498
G1 X95.945 Y72.626 E7402.62022
G1 X96.393 Y71.266 E7402.74909
G1 X97.07 Y70.34 E7402.85233
G1 X97.658 Y69.724 E7402.92898
G1 X98.406 Y69.179 E7403.01227
G1 X99.233 Y68.818 E7403.09348
G1 X100.233 Y68.613 E7403.18535
G1 X102.52 Y68.611 E7403.39118
G1 X103.572 Y68.822 E7403.48775
G1 X104.376 Y69.182 E7403.56703
G1 X105.117 Y69.713 E7403.64908
G1 X119.49 Y82.782 E7405.39745
G1 X120.373 Y83.417 E7405.49533
G1 X121.399 Y83.705 E7405.59124
G1 X122.31 Y83.735 E7405.67327
G1 X123.148 Y83.561 E7405.7503
G1 X124.191 Y83.072 E7405.85398
G1 X126.112 Y81.151 E7406.09848
G1 X126.691 Y79.955 E7406.21807
G1 X126.806 Y78.925 E7406.31135
G1 X126.713 Y78.1 E7406.38607
G1 X126.443 Y77.327 E7406.45976
G1 X125.943 Y76.529 E7406.54451
G1 X104.755 Y55.341 E7409.24131
G1 X104.083 Y54.804 E7409.31872
G1 X103.341 Y54.45 E7409.39271
G1 X102.395 Y54.24 E7409.47993
G1 X94.007 Y54.24 E7410.23485
G0 F7200 X93.707 Y54.24
G0 X94.007 Y54.84
;TYPE:WALL-INNER
G1 F4620 X82.579 Y54.84 E7411.26337
G1 X81.764 Y55.021 E7411.3385
G1 X81.149 Y55.316 E7411.39989
G1 X80.605 Y55.749 E7411.46247
G1 X80.064 Y56.429 E7411.54067
G1 X79.696 Y57.489 E7411.64166
G1 X79.696 Y86.96 E7414.29405
G1 X87.344 Y86.96 E7414.98237
G1 X87.344 Y84.951 E7415.16318
G1 X87.515 Y84.595 E7415.19872
G1 X87.895 Y84.294 E7415.24235
G1 X88.169 Y84.227 E7415.26774
G1 X94.371 Y84.22 E7415.82592
G1 X95.344 Y83.218 E7415.95162
G1 X95.344 Y72.55 E7416.91174
G1 X95.85 Y70.99 E7417.05934
G1 X96.574 Y69.999 E7417.1698
G1 X97.283 Y69.254 E7417.26236
G1 X98.105 Y68.654 E7417.35395
G1 X99.051 Y68.246 E7417.44667
G1 X100.173 Y68.016 E7417.54975
G1 X102.609 Y68.011 E7417.76899
G1 X103.756 Y68.25 E7417.87444
G1 X104.704 Y68.671 E7417.9678
G1 X105.47 Y69.227 E7418.05298
G1 X119.868 Y82.315 E7419.80417
G1 X120.637 Y82.868 E7419.88941
G1 X121.491 Y83.107 E7419.96923
G1 X122.258 Y83.133 E7420.0383
G1 X122.957 Y82.988 E7420.10254
G1 X123.841 Y82.573 E7420.19044
G1 X125.616 Y80.798 E7420.41636
G1 X126.106 Y79.787 E7420.51747
G1 X126.202 Y78.925 E7420.59553
G1 X126.124 Y78.234 E7420.65811
G1 X125.899 Y77.589 E7420.7196
G1 X125.471 Y76.905 E7420.79221
G1 X104.355 Y55.789 E7423.47984
G1 X103.763 Y55.316 E7423.54804
G1 X103.144 Y55.021 E7423.60975
G1 X102.329 Y54.84 E7423.68489
G1 X94.007 Y54.84 E7424.43387
G0 F7200 X94.007 Y55.752
G10
G0 X83.811 Y87.251
G0 X83.812 Y88.682
G0 X83.811 Y91.167
G0 X83.811 Y92.618
G0 X83.811 Y93.128
;TYPE:FILL
G11
G1 F6300 X80.054 Y107.152 E7425.74054
G0 F7200 X80.054 Y106.981
G0 X81.694 Y106.981
G0 X81.694 Y107.15
G1 F6300 X79.936 Y105.391 E7425.96436
G0 F7200 X80.109 Y105.391
G0 X80.109 Y101.322
G0 X79.937 Y101.322
G1 F6300 X95.104 Y97.258 E7427.37754
G0 F7200 X94.934 Y97.258
G0 X92.395 Y96.038
G0 X92.395 Y95.866
G1 F6300 X90.105 Y104.413 E7428.1739
G0 F7200 X90.106 Y104.245
G0 X91.685 Y104.245
G0 X91.684 Y104.412
G1 F6300 X80.401 Y93.129 E7429.60999
G0 F7200 X80.401 Y92.288
;TYPE:WALL-OUTER
G1 F2880 X79.097 Y92.289 E7429.72735
G1 X79.096 Y107.991 E7431.14053
G1 X87.944 Y107.988 E7431.93685
G1 X87.944 Y105.45 E7432.16527
G1 X88.2 Y105.255 E7432.19424
G1 X94.624 Y105.252 E7432.7724
G1 X95.944 Y103.886 E7432.94336
G1 X95.944 Y96.39 E7433.618
G1 X94.624 Y95.028 E7433.7887
G1 X88.2 Y95.025 E7434.36686
G1 X87.944 Y94.787 E7434.39832
G1 X87.944 Y92.288 E7434.62323
G1 X80.401 Y92.288 E7435.3021
G0 F7200 X80.101 Y92.288
G0 X80.401 Y92.888
;TYPE:WALL-INNER
G1 F4620 X79.697 Y92.889 E7435.36546
G1 X79.696 Y107.391 E7436.67064
G1 X87.344 Y107.388 E7437.35896
G1 X87.344 Y105.552 E7437.5242
G1 X87.44 Y105.145 E7437.56183
G1 X87.788 Y104.775 E7437.60755
G1 X88.154 Y104.652 E7437.6423
G1 X94.37 Y104.652 E7438.20174
G1 X95.344 Y103.644 E7438.32789
G1 X95.344 Y96.633 E7438.95888
G1 X94.37 Y95.628 E7439.08484
G1 X88.165 Y95.625 E7439.64329
G1 X87.788 Y95.505 E7439.6789
G1 X87.44 Y95.135 E7439.72461
G1 X87.344 Y94.728 E7439.76225
G1 X87.344 Y92.888 E7439.92785
G1 X80.401 Y92.888 E7440.55272
G0 F7200 X80.609 Y93.798
G10
G0 X86.934 Y107.681
G0 X86.935 Y109.112
G0 X86.933 Y111.598
G0 X86.934 Y113.029
G0 X86.934 Y115.453
G0 X87.147 Y115.453
;TYPE:FILL
G11
G1 F6300 X85.118 Y123.026 E7441.25833
G0 F7200 X85.23 Y122.901
G0 X82.696 Y120.642
G0 X82.584 Y120.767
G1 F6300 X80.29 Y118.474 E7441.55024
G0 F7200 X80.447 Y118.405
G0 X81.386 Y119.474
G0 X81.272 Y119.6
G1 F6300 X93.584 Y116.301 E7442.69741
G0 F7200 X93.583 Y116.471
G0 X96.236 Y116.473
G0 X96.237 Y116.303
G1 F6300 X92.639 Y129.73 E7443.94848
G0 F7200 X92.751 Y129.606
G0 X89.422 Y126.638
G0 X89.309 Y126.764
G1 F6300 X105.168 Y122.514 E7445.42615
G0 F7200 X105.048 Y122.633
G0 X104.039 Y121.63
G0 X104.159 Y121.511
G1 F6300 X100.16 Y136.435 E7446.81669
G0 F7200 X100.272 Y136.311
G0 X97.458 Y133.802
G0 X97.345 Y133.928
G1 F6300 X112.546 Y129.855 E7448.23304
G0 F7200 X112.426 Y129.974
G0 X111.395 Y128.949
G0 X111.515 Y128.83
G1 F6300 X107.681 Y143.14 E7449.56637
G0 F7200 X107.793 Y143.016
G0 X105.495 Y140.967
G0 X105.382 Y141.092
G1 F6300 X119.923 Y137.195 E7450.92124
G0 F7200 X119.803 Y137.314
G0 X118.751 Y136.268
G0 X118.871 Y136.149
G1 F6300 X115.202 Y149.844 E7452.19726
G0 F7200 X115.313 Y149.72
G0 X113.53 Y148.131
G0 X113.418 Y148.256
G1 F6300 X127.3 Y144.536 E7453.49072
G0 F7200 X127.181 Y144.655
G0 X126.108 Y143.588
G0 X126.227 Y143.47
G1 F6300 X122.723 Y156.549 E7454.70934
G0 F7200 X122.834 Y156.425
G0 X121.567 Y155.296
G0 X121.455 Y155.42
G1 F6300 X134.678 Y151.877 E7455.94139
G0 F7200 X134.559 Y151.995
G0 X133.465 Y150.907
G0 X133.584 Y150.789
G1 F6300 X130.244 Y163.253 E7457.10273
G0 F7200 X129.491 Y162.584
G1 F6300 X142.056 Y159.217 E7458.27347
G0 F7200 X141.936 Y159.336
G0 X140.821 Y158.226
G0 X140.94 Y158.108
G1 F6300 X138.522 Y167.133 E7459.11437
G0 F7200 X138.403 Y167.013
G0 X139.977 Y165.432
G0 X140.095 Y165.551
G1 F6300 X90.843 Y116.299 E7465.38313
G0 F7200 X90.844 Y115.457
;TYPE:WALL-OUTER
G1 F2880 X88.198 Y115.453 E7465.62127
G1 X87.944 Y115.212 E7465.65278
G1 X87.944 Y112.716 E7465.87742
G1 X79.096 Y112.716 E7466.67374
G1 X79.096 Y117.377 E7467.09323
G1 X79.284 Y118.279 E7467.17615
G1 X79.679 Y119.166 E7467.26354
G1 X80.336 Y119.89 E7467.35153
G1 X134.315 Y168.009 E7473.8597
G1 X135.193 Y168.495 E7473.95002
G1 X136.024 Y168.717 E7474.02743
G1 X136.873 Y168.743 E7474.10388
G1 X137.724 Y168.565 E7474.18213
G1 X138.762 Y168.081 E7474.2852
G1 X143.012 Y163.807 E7474.82767
G1 X143.54 Y162.98 E7474.91597
G1 X143.805 Y162.213 E7474.98901
G1 X143.897 Y161.385 E7475.06399
G1 X143.776 Y160.354 E7475.15741
G1 X143.198 Y159.17 E7475.27599
G1 X100.35 Y116.535 E7480.71612
G1 X98.474 Y115.751 E7480.89911
G1 X97.758 Y115.464 E7480.96853
G1 X90.844 Y115.457 E7481.59079
G0 F7200 X90.544 Y115.457
G0 X90.844 Y116.059
;TYPE:WALL-INNER
G1 F4620 X88.155 Y116.057 E7481.8328
G1 X87.708 Y115.88 E7481.87607
G1 X87.344 Y115.317 E7481.93641
G1 X87.344 Y113.316 E7482.1165
G1 X79.696 Y113.316 E7482.80482
G1 X79.696 Y117.315 E7483.16473
G1 X79.858 Y118.094 E7483.23634
G1 X80.188 Y118.834 E7483.30926
G1 X80.759 Y119.464 E7483.38578
G1 X134.664 Y167.517 E7489.88503
G1 X135.419 Y167.934 E7489.96266
G1 X136.112 Y168.119 E7490.02721
G1 X136.82 Y168.141 E7490.09096
G1 X137.533 Y167.992 E7490.15652
G1 X138.413 Y167.582 E7490.24389
G1 X142.541 Y163.43 E7490.77083
G1 X142.996 Y162.717 E7490.84695
G1 X143.216 Y162.08 E7490.9076
G1 X143.293 Y161.387 E7490.97036
G1 X143.192 Y160.526 E7491.04838
G1 X142.702 Y159.523 E7491.14885
G1 X100.01 Y117.043 E7496.56918
G1 X98.251 Y116.308 E7496.74075
G1 X97.642 Y116.064 E7496.7998
G1 X90.844 Y116.059 E7497.41162
G0 F7200 X90.843 Y116.969
G10
;MESH:NONMESH
G0 F600 X90.843 Y116.969 Z4.75
G0 F7200 X87.62 Y115.782
G0 X89.053 Y114.349
G0 X97.062 Y104.339
G0 X97.062 Y95.942
G0 X95.1 Y93.911
G0 X87.618 Y88.682
G0 X87.617 Y87.251
G0 X81.216 Y55.788
G0 X81.11 Y55.654
;TIME_ELAPSED:1730.661225
;LAYER:29
;TYPE:FILL
;MESH:porte-manteau.stl
G11
G1 F6300 X95.93 Y70.475 E7499.29796
G0 F7200 X95.794 Y70.374
G0 X96.816 Y69.25
G0 X97.694 Y68.451
G0 X97.79 Y68.586
G1 F6300 X79.936 Y73.37 E7500.9615
G0 F7200 X79.936 Y72.817
G1 F6300 X84.689 Y55.079 E7502.61424
G0 F7200 X84.689 Y55.252
G0 X93.264 Y55.252
G0 X93.264 Y55.08
G1 F6300 X120.82 Y82.636 E7506.12155
G0 F7200 X120.883 Y82.482
G0 X119.399 Y81.337
G0 X119.284 Y81.462
G1 F6300 X125.875 Y79.696 E7506.73566
G0 F7200 X125.711 Y79.677
G0 X125.212 Y77.264
G0 X125.356 Y77.174
G1 F6300 X124.059 Y82.017 E7507.18689
G0 F7200 X123.94 Y81.897
G0 X115.865 Y78.123
G0 X115.751 Y78.247
G1 F6300 X118.017 Y69.791 E7507.97478
G0 F7200 X117.896 Y69.912
G0 X120.02 Y72.036
G0 X120.142 Y71.915
G1 F6300 X111.371 Y74.265 E7508.79202
G0 F7200 X111.486 Y74.14
G0 X108.373 Y71.31
G0 X108.259 Y71.434
G1 F6300 X110.668 Y62.444 E7509.62966
G0 F7200 X110.548 Y62.564
G0 X112.671 Y64.687
G0 X112.793 Y64.566
G1 F6300 X100.823 Y67.774 E7510.74498
G0 F7200 X99.91 Y67.822
G1 F6300 X103.254 Y55.341 E7511.90789
G0 F7200 X103.181 Y55.493
G0 X105.323 Y57.339
G0 X105.444 Y57.218
G1 F6300 X79.937 Y64.052 E7514.28449
G0 F7200 X80.109 Y64.052
G0 X80.109 Y67.208
G0 X79.936 Y67.208
G1 F6300 X95.104 Y82.377 E7516.21512
G0 F7200 X94.934 Y82.377
G0 X94.934 Y78.623
G0 X95.106 Y78.623
G1 F6300 X79.937 Y82.687 E7517.62848
G0 F7200 X80.109 Y82.687
G0 X80.109 Y79.936
G0 X79.936 Y79.936
G1 F6300 X86.472 Y86.472 E7518.46037
G0 F7200 X85.595 Y86.472
G1 F6300 X94.007 Y55.079 E7521.38542
G0 F7200 X94.007 Y54.24
;TYPE:WALL-OUTER
G1 F2880 X82.513 Y54.24 E7522.41988
G1 X81.567 Y54.45 E7522.50709
G1 X80.829 Y54.804 E7522.58076
G1 X80.178 Y55.322 E7522.65563
G1 X79.531 Y56.135 E7522.74914
G1 X79.096 Y57.389 E7522.8686
G1 X79.096 Y87.312 E7525.56167
G1 X87.944 Y87.312 E7526.35799
G1 X87.944 Y84.944 E7526.57111
G1 X88.127 Y84.708 E7526.59799
G1 X94.626 Y84.708 E7527.1829
G1 X95.944 Y83.372 E7527.3518
G1 X95.945 Y72.626 E7528.31894
G1 X96.393 Y71.266 E7528.44781
G1 X97.07 Y70.34 E7528.55105
G1 X97.658 Y69.724 E7528.62769
G1 X98.406 Y69.179 E7528.71099
G1 X99.233 Y68.818 E7528.7922
G1 X100.233 Y68.613 E7528.88407
G1 X102.52 Y68.611 E7529.0899
G1 X103.572 Y68.822 E7529.18647
G1 X104.376 Y69.182 E7529.26575
G1 X105.117 Y69.713 E7529.3478
G1 X119.489 Y82.782 E7531.0961
G1 X120.203 Y83.291 E7531.17501
G1 X120.994 Y83.617 E7531.25201
G1 X122.064 Y83.787 E7531.34952
G1 X123.145 Y83.561 E7531.44891
G1 X123.929 Y83.199 E7531.52663
G1 X124.386 Y82.877 E7531.57695
G1 X126.112 Y81.151 E7531.79663
G1 X126.691 Y79.955 E7531.91622
G1 X126.806 Y78.925 E7532.0095
G1 X126.713 Y78.1 E7532.08422
G1 X126.443 Y77.327 E7532.15791
G1 X125.943 Y76.529 E7532.24266
G1 X104.755 Y55.341 E7534.93945
G1 X104.083 Y54.804 E7535.01687
G1 X103.341 Y54.45 E7535.09086
G1 X102.395 Y54.24 E7535.17808
G1 X94.007 Y54.24 E7535.933
G0 F7200 X93.707 Y54.24
G0 X94.007 Y54.84
;TYPE:WALL-INNER
G1 F4620 X82.579 Y54.84 E7536.96152
G1 X81.764 Y55.021 E7537.03665
G1 X81.149 Y55.316 E7537.09804
G1 X80.605 Y55.749 E7537.16062
G1 X80.064 Y56.429 E7537.23882
G1 X79.696 Y57.489 E7537.33981
G1 X79.696 Y86.712 E7539.96988
G1 X87.344 Y86.712 E7540.6582
G1 X87.344 Y84.821 E7540.82839
G1 X87.53 Y84.458 E7540.8651
G1 X87.986 Y84.111 E7540.91667
G1 X94.375 Y84.108 E7541.49168
G1 X95.344 Y83.126 E7541.61584
G1 X95.349 Y72.534 E7542.56912
G1 X95.85 Y70.99 E7542.71522
G1 X96.574 Y69.999 E7542.82567
G1 X97.283 Y69.254 E7542.91823
G1 X98.105 Y68.654 E7543.00982
G1 X99.051 Y68.246 E7543.10255
G1 X100.173 Y68.016 E7543.20563
G1 X102.609 Y68.011 E7543.42487
G1 X103.756 Y68.25 E7543.53031
G1 X104.704 Y68.671 E7543.62367
G1 X105.47 Y69.227 E7543.70885
G1 X119.867 Y82.314 E7545.45991
G1 X120.495 Y82.763 E7545.52939
G1 X121.157 Y83.035 E7545.5938
G1 X122.049 Y83.177 E7545.6751
G1 X122.955 Y82.988 E7545.75839
G1 X123.831 Y82.583 E7545.84525
G1 X125.616 Y80.798 E7546.07244
G1 X126.106 Y79.787 E7546.17356
G1 X126.202 Y78.925 E7546.25162
G1 X126.124 Y78.234 E7546.3142
G1 X125.899 Y77.589 E7546.37568
G1 X125.471 Y76.905 E7546.4483
G1 X104.355 Y55.789 E7549.13593
G1 X103.763 Y55.316 E7549.20413
G1 X103.144 Y55.021 E7549.26584
G1 X102.329 Y54.84 E7549.34098
G1 X94.007 Y54.84 E7550.08996
G0 F7200 X94.007 Y55.752
G10
G0 X83.745 Y87.004
G0 X83.746 Y88.435
G0 X83.744 Y91.419
G0 X83.745 Y92.85
G0 X83.745 Y93.377
;TYPE:FILL
G11
G1 F6300 X80.12 Y106.904 E7551.35034
G0 F7200 X80.12 Y106.735
G0 X81.448 Y106.735
G0 X81.448 Y106.904
G1 F6300 X79.936 Y105.392 E7551.54279
G0 F7200 X80.109 Y105.392
G0 X80.109 Y101.323
G0 X79.936 Y101.323
G1 F6300 X95.104 Y97.258 E7552.95608
G0 F7200 X94.934 Y97.258
G0 X92.366 Y96.149
G0 X92.366 Y95.974
G1 F6300 X90.135 Y104.302 E7553.73203
G0 F7200 X90.136 Y104.132
G0 X91.575 Y104.133
G0 X91.574 Y104.302
G1 F6300 X80.652 Y93.38 E7555.12218
G0 F7200 X80.652 Y92.539
;TYPE:WALL-OUTER
G1 F2880 X79.096 Y92.54 E7555.26222
G1 X79.096 Y107.744 E7556.63058
G1 X87.944 Y107.744 E7557.4269
G1 X87.944 Y105.373 E7557.64029
G1 X88.178 Y105.14 E7557.67
G1 X94.626 Y105.144 E7558.25032
G1 X95.944 Y103.801 E7558.41968
G1 X95.944 Y96.479 E7559.07866
G1 X94.626 Y95.136 E7559.24801
G1 X88.198 Y95.133 E7559.82653
G1 X87.944 Y94.904 E7559.85731
G1 X87.944 Y92.537 E7560.07034
G1 X80.652 Y92.539 E7560.72662
G0 F7200 X80.352 Y92.539
G0 X80.652 Y93.139
;TYPE:WALL-INNER
G1 F4620 X79.696 Y93.14 E7560.81266
G1 X79.696 Y107.144 E7562.07302
G1 X87.344 Y107.144 E7562.76134
G1 X87.344 Y105.243 E7562.93243
G1 X87.602 Y104.808 E7562.97795
G1 X88.152 Y104.54 E7563.03301
G1 X94.374 Y104.544 E7563.59299
G1 X95.344 Y103.556 E7563.7176
G1 X95.344 Y96.724 E7564.33248
G1 X94.374 Y95.736 E7564.45709
G1 X88.165 Y95.733 E7565.0159
G1 X87.869 Y95.655 E7565.04345
G1 X87.524 Y95.377 E7565.08333
G1 X87.344 Y95.023 E7565.11907
G1 X87.344 Y93.137 E7565.28881
G1 X80.652 Y93.139 E7565.89109
G0 F7200 X80.652 Y94.05
G10
G0 X86.934 Y107.435
G0 X86.935 Y108.866
G0 X86.933 Y111.849
G0 X86.934 Y113.28
G0 X86.934 Y115.531
G0 X87.126 Y115.531
;TYPE:FILL
G11
G1 F6300 X85.118 Y123.026 E7566.58943
G0 F7200 X85.23 Y122.901
G0 X82.696 Y120.642
G0 X82.584 Y120.767
G1 F6300 X80.29 Y118.474 E7566.88135
G0 F7200 X80.447 Y118.405
G0 X81.386 Y119.474
G0 X81.272 Y119.6
G1 F6300 X93.173 Y116.411 E7567.99022
G0 F7200 X93.172 Y116.582
G0 X90.953 Y116.58
G0 X90.954 Y116.41
G1 F6300 X140.095 Y165.551 E7574.24485
G0 F7200 X139.977 Y165.432
G0 X138.403 Y167.013
G0 X138.522 Y167.133
G1 F6300 X140.94 Y158.108 E7575.08575
G0 F7200 X140.821 Y158.226
G0 X141.936 Y159.336
G0 X142.056 Y159.217
G1 F6300 X129.491 Y162.584 E7576.2565
G0 F7200 X130.244 Y163.253
G1 F6300 X133.583 Y150.79 E7577.41772
G0 F7200 X133.465 Y150.907
G0 X134.559 Y151.995
G0 X134.678 Y151.877
G1 F6300 X121.455 Y155.42 E7578.64977
G0 F7200 X121.567 Y155.296
G0 X122.834 Y156.425
G0 X122.723 Y156.549
G1 F6300 X126.227 Y143.471 E7579.86831
G0 F7200 X126.109 Y143.588
G0 X127.18 Y144.654
G0 X127.299 Y144.536
G1 F6300 X113.418 Y148.256 E7581.16168
G0 F7200 X113.53 Y148.131
G0 X115.313 Y149.72
G0 X115.202 Y149.844
G1 F6300 X118.871 Y136.152 E7582.43744
G0 F7200 X118.753 Y136.269
G0 X119.803 Y137.313
G0 X119.921 Y137.196
G1 F6300 X105.382 Y141.092 E7583.79211
G0 F7200 X105.495 Y140.967
G0 X107.793 Y143.016
G0 X107.681 Y143.14
G1 F6300 X111.514 Y128.833 E7585.12515
G0 F7200 X111.397 Y128.95
G0 X112.425 Y129.973
G0 X112.544 Y129.855
G1 F6300 X97.345 Y133.928 E7586.54133
G0 F7200 X97.458 Y133.802
G0 X100.272 Y136.311
G0 X100.16 Y136.435
G1 F6300 X104.158 Y121.515 E7587.9315
G0 F7200 X104.041 Y121.631
G0 X105.048 Y122.633
G0 X105.166 Y122.515
G1 F6300 X89.309 Y126.764 E7589.40898
G0 F7200 X89.422 Y126.638
G0 X92.751 Y129.606
G0 X92.639 Y129.73
G1 F6300 X96.208 Y116.411 E7590.64998
G0 F7200 X96.209 Y115.571
;TYPE:WALL-OUTER
G1 F2880 X88.192 Y115.564 E7591.37151
G1 X87.944 Y115.327 E7591.40238
G1 X87.944 Y112.968 E7591.61469
G1 X79.096 Y112.968 E7592.41101
G1 X79.096 Y117.377 E7592.80782
G1 X79.284 Y118.279 E7592.89075
G1 X79.679 Y119.166 E7592.97813
G1 X80.336 Y119.89 E7593.06612
G1 X134.315 Y168.009 E7599.57429
G1 X135.193 Y168.495 E7599.66461
G1 X136.024 Y168.717 E7599.74203
G1 X136.873 Y168.743 E7599.81847
G1 X137.724 Y168.565 E7599.89672
G1 X138.762 Y168.081 E7599.9998
G1 X143.012 Y163.807 E7600.54226
G1 X143.54 Y162.98 E7600.63057
G1 X143.805 Y162.213 E7600.7036
G1 X143.897 Y161.385 E7600.77858
G1 X143.776 Y160.354 E7600.87201
G1 X143.198 Y159.17 E7600.99059
G1 X100.426 Y116.615 E7606.42078
G1 X97.908 Y115.572 E7606.66607
G1 X96.209 Y115.571 E7606.81898
G0 F7200 X95.909 Y115.571
G0 X96.209 Y116.172
;TYPE:WALL-INNER
G1 F4620 X88.141 Y116.169 E7607.5451
G1 X87.77 Y116.034 E7607.58064
G1 X87.526 Y115.811 E7607.61038
G1 X87.344 Y115.442 E7607.64741
G1 X87.344 Y113.568 E7607.81607
G1 X79.696 Y113.568 E7608.50439
G1 X79.696 Y117.315 E7608.84162
G1 X79.858 Y118.094 E7608.91323
G1 X80.188 Y118.834 E7608.98616
G1 X80.759 Y119.464 E7609.06268
G1 X134.664 Y167.517 E7615.56193
G1 X135.419 Y167.934 E7615.63955
G1 X136.112 Y168.119 E7615.70411
G1 X136.82 Y168.141 E7615.76786
G1 X137.533 Y167.992 E7615.83341
G1 X138.413 Y167.582 E7615.92079
G1 X142.541 Y163.43 E7616.44773
G1 X142.996 Y162.717 E7616.52385
G1 X143.216 Y162.08 E7616.5845
G1 X143.293 Y161.387 E7616.64726
G1 X143.192 Y160.526 E7616.72528
G1 X142.702 Y159.523 E7616.82574
G1 X100.087 Y117.124 E7622.23602
G1 X97.788 Y116.172 E7622.45997
G1 X96.209 Y116.172 E7622.60208
G0 F7200 X96.208 Y117.084
G10
;MESH:NONMESH
G0 F600 X96.208 Y117.084 Z4.9
G0 F7200 X87.62 Y115.893
G0 X89.053 Y114.46
G0 X97.062 Y104.263
G0 X97.062 Y96.021
G0 X95.094 Y94.022
G0 X87.618 Y88.435
G0 X87.617 Y87.004
G0 X81.216 Y55.788
G0 X81.11 Y55.654
;TIME_ELAPSED:1756.164488
;LAYER:30
;TYPE:FILL
;MESH:porte-manteau.stl
G11
G1 F6300 X95.93 Y70.475 E7624.48842
G0 F7200 X95.794 Y70.374
G0 X96.816 Y69.25
G0 X97.694 Y68.451
G0 X97.79 Y68.586
G1 F6300 X79.936 Y73.37 E7626.15196
G0 F7200 X79.937 Y72.816
G1 F6300 X84.689 Y55.079 E7627.80459
G0 F7200 X84.689 Y55.252
G0 X93.264 Y55.252
G0 X93.264 Y55.08
G1 F6300 X120.821 Y82.637 E7631.31202
G0 F7200 X120.884 Y82.482
G0 X119.4 Y81.337
G0 X119.286 Y81.461
G1 F6300 X125.875 Y79.696 E7631.92594
G0 F7200 X125.711 Y79.677
G0 X125.212 Y77.264
G0 X125.356 Y77.174
G1 F6300 X124.059 Y82.014 E7632.37691
G0 F7200 X123.941 Y81.896
G0 X115.866 Y78.123
G0 X115.752 Y78.246
G1 F6300 X118.017 Y69.791 E7633.16469
G0 F7200 X117.896 Y69.912
G0 X120.02 Y72.036
G0 X120.142 Y71.915
G1 F6300 X111.372 Y74.264 E7633.98181
G0 F7200 X111.486 Y74.14
G0 X108.374 Y71.31
G0 X108.259 Y71.434
G1 F6300 X110.668 Y62.444 E7634.81946
G0 F7200 X110.548 Y62.564
G0 X112.671 Y64.687
G0 X112.793 Y64.566
G1 F6300 X100.823 Y67.774 E7635.93478
G0 F7200 X99.91 Y67.822
G1 F6300 X103.254 Y55.341 E7637.09769
G0 F7200 X103.181 Y55.493
G0 X105.323 Y57.339
G0 X105.444 Y57.218
G1 F6300 X79.937 Y64.052 E7639.47428
G0 F7200 X80.109 Y64.052
G0 X80.109 Y67.208
G0 X79.936 Y67.208
G1 F6300 X95.104 Y82.377 E7641.40492
G0 F7200 X94.934 Y82.377
G0 X94.934 Y78.623
G0 X95.107 Y78.623
G1 F6300 X79.937 Y82.687 E7642.81836
G0 F7200 X80.109 Y82.687
G0 X80.109 Y79.936
G0 X79.936 Y79.936
G1 F6300 X86.332 Y86.332 E7643.63244
G0 F7200 X85.632 Y86.332
G1 F6300 X94.007 Y55.079 E7646.54445
G0 F7200 X94.007 Y54.24
;TYPE:WALL-OUTER
G1 F2880 X82.513 Y54.24 E7647.57891
G1 X81.567 Y54.45 E7647.66613
G1 X80.829 Y54.804 E7647.73979
G1 X80.178 Y55.322 E7647.81467
G1 X79.531 Y56.135 E7647.90818
G1 X79.096 Y57.389 E7648.02764
G1 X79.096 Y87.172 E7650.70811
G1 X87.944 Y87.172 E7651.50443
G1 X87.944 Y84.87 E7651.71161
G1 X88.191 Y84.644 E7651.74174
G1 X94.627 Y84.636 E7652.32098
G1 X95.944 Y83.315 E7652.48886
G1 X95.945 Y72.626 E7653.45087
G1 X96.393 Y71.266 E7653.57974
G1 X97.07 Y70.34 E7653.68298
G1 X97.658 Y69.724 E7653.75962
G1 X98.406 Y69.179 E7653.84291
G1 X99.233 Y68.818 E7653.92413
G1 X100.233 Y68.613 E7654.016
G1 X102.52 Y68.611 E7654.22183
G1 X103.572 Y68.822 E7654.31839
G1 X104.376 Y69.182 E7654.39768
G1 X105.117 Y69.713 E7654.47972
G1 X119.934 Y83.184 E7656.282
G1 X120.997 Y83.616 E7656.38526
G1 X122.065 Y83.783 E7656.48255
G1 X123.117 Y83.572 E7656.57912
G1 X124.189 Y83.073 E7656.68554
G1 X126.112 Y81.151 E7656.93023
G1 X126.691 Y79.955 E7657.04982
G1 X126.806 Y78.925 E7657.1431
G1 X126.713 Y78.1 E7657.21782
G1 X126.443 Y77.327 E7657.29151
G1 X125.943 Y76.529 E7657.37626
G1 X104.755 Y55.341 E7660.07306
G1 X104.083 Y54.804 E7660.15047
G1 X103.341 Y54.45 E7660.22447
G1 X102.395 Y54.24 E7660.31168
G1 X94.007 Y54.24 E7661.0666
G0 F7200 X93.707 Y54.24
G0 X94.007 Y54.84
;TYPE:WALL-INNER
G1 F4620 X82.579 Y54.84 E7662.09512
G1 X81.764 Y55.021 E7662.17025
G1 X81.149 Y55.316 E7662.23164
G1 X80.605 Y55.749 E7662.29422
G1 X80.064 Y56.429 E7662.37242
G1 X79.696 Y57.489 E7662.47341
G1 X79.696 Y86.572 E7665.09088
G1 X87.344 Y86.572 E7665.7792
G1 X87.344 Y84.733 E7665.94471
G1 X87.625 Y84.285 E7665.99231
G1 X88.169 Y84.043 E7666.04589
G1 X94.378 Y84.036 E7666.6047
G1 X95.344 Y83.067 E7666.72784
G1 X95.349 Y72.534 E7667.67581
G1 X95.85 Y70.99 E7667.82191
G1 X96.574 Y69.999 E7667.93236
G1 X97.283 Y69.254 E7668.02492
G1 X98.105 Y68.654 E7668.11652
G1 X99.051 Y68.246 E7668.20924
G1 X100.173 Y68.016 E7668.31232
G1 X102.609 Y68.011 E7668.53156
G1 X103.756 Y68.25 E7668.637
G1 X104.704 Y68.671 E7668.73036
G1 X105.47 Y69.227 E7668.81555
G1 X120.258 Y82.667 E7670.61401
G1 X121.159 Y83.034 E7670.70157
G1 X122.052 Y83.174 E7670.78292
G1 X122.929 Y82.998 E7670.86343
G1 X123.84 Y82.574 E7670.95386
G1 X125.616 Y80.798 E7671.17991
G1 X126.106 Y79.787 E7671.28102
G1 X126.202 Y78.925 E7671.35908
G1 X126.124 Y78.234 E7671.42167
G1 X125.899 Y77.589 E7671.48315
G1 X125.471 Y76.905 E7671.55577
G1 X104.355 Y55.789 E7674.24339
G1 X103.763 Y55.316 E7674.31159
G1 X103.144 Y55.021 E7674.37331
G1 X102.329 Y54.84 E7674.44844
G1 X94.007 Y54.84 E7675.19742
G0 F7200 X94.007 Y55.752
G10
G0 X83.706 Y86.864
G0 X83.707 Y88.295
G0 X83.706 Y91.563
G0 X83.706 Y93.014
G0 X83.706 Y93.523
;TYPE:FILL
G11
G1 F6300 X80.158 Y106.763 E7676.43107
G0 F7200 X81.307 Y106.763
G1 F6300 X79.936 Y105.392 E7676.60557
G0 F7200 X80.109 Y105.392
G0 X80.109 Y101.322
G0 X79.937 Y101.322
G1 F6300 X95.103 Y97.259 E7678.01864
G0 F7200 X94.934 Y97.259
G0 X92.348 Y96.217
G0 X92.348 Y96.042
G1 F6300 X90.154 Y104.23 E7678.78156
G0 F7200 X90.155 Y104.063
G0 X91.505 Y104.064
G0 X91.504 Y104.232
G1 F6300 X80.796 Y93.524 E7680.14446
G0 F7200 X80.796 Y92.684
;TYPE:WALL-OUTER
G1 F2880 X79.096 Y92.684 E7680.29746
G1 X79.097 Y107.603 E7681.64017
G1 X87.944 Y107.604 E7682.4364
G1 X87.944 Y105.301 E7682.64367
G1 X88.118 Y105.068 E7682.66984
G1 X94.627 Y105.075 E7683.25565
G1 X95.944 Y103.752 E7683.42366
G1 X95.944 Y96.528 E7684.07382
G1 X94.627 Y95.204 E7684.2419
G1 X88.197 Y95.201 E7684.8206
G1 X87.944 Y94.971 E7684.85137
G1 X87.944 Y92.684 E7685.0572
G1 X80.796 Y92.684 E7685.70052
G0 F7200 X80.496 Y92.684
G0 X80.796 Y93.284
;TYPE:WALL-INNER
G1 F4620 X79.696 Y93.284 E7685.79952
G1 X79.697 Y107.003 E7687.03423
G1 X87.344 Y107.004 E7687.72246
G1 X87.344 Y105.17 E7687.88752
G1 X87.766 Y104.605 E7687.95099
G1 X88.146 Y104.468 E7687.98734
G1 X94.378 Y104.475 E7688.54822
G1 X95.344 Y103.504 E7688.67149
G1 X95.344 Y96.776 E7689.27701
G1 X94.377 Y95.804 E7689.40041
G1 X88.165 Y95.801 E7689.95949
G1 X87.766 Y95.667 E7689.99737
G1 X87.344 Y95.102 E7690.06084
G1 X87.344 Y93.284 E7690.22446
G1 X80.796 Y93.284 E7690.81378
G0 F7200 X80.796 Y94.194
G10
G0 X86.933 Y107.294
G0 X86.934 Y108.725
G0 X86.932 Y111.994
G0 X86.933 Y113.425
G0 X86.934 Y115.576
G0 X87.114 Y115.576
;TYPE:FILL
G11
G1 F6300 X85.118 Y123.026 E7691.50793
G0 F7200 X85.23 Y122.901
G0 X82.696 Y120.642
G0 X82.584 Y120.767
G1 F6300 X80.29 Y118.474 E7691.79984
G0 F7200 X80.447 Y118.405
G0 X81.386 Y119.474
G0 X81.272 Y119.6
G1 F6300 X92.913 Y116.48 E7692.88451
G0 F7200 X92.912 Y116.65
G0 X91.022 Y116.649
G0 X91.023 Y116.479
G1 F6300 X140.095 Y165.551 E7699.13035
G0 F7200 X139.977 Y165.432
G0 X138.403 Y167.013
G0 X138.522 Y167.133
G1 F6300 X140.94 Y158.108 E7699.97125
G0 F7200 X140.821 Y158.226
G0 X141.936 Y159.336
G0 X142.056 Y159.217
G1 F6300 X129.491 Y162.584 E7701.142
G0 F7200 X130.244 Y163.253
G1 F6300 X133.583 Y150.79 E7702.30323
G0 F7200 X133.465 Y150.907
G0 X134.559 Y151.996
G0 X134.678 Y151.877
G1 F6300 X121.455 Y155.42 E7703.53528
G0 F7200 X121.567 Y155.296
G0 X122.834 Y156.425
G0 X122.723 Y156.549
G1 F6300 X126.227 Y143.471 E7704.75381
G0 F7200 X126.109 Y143.588
G0 X127.18 Y144.654
G0 X127.299 Y144.536
G1 F6300 X113.418 Y148.256 E7706.04719
G0 F7200 X113.53 Y148.131
G0 X115.313 Y149.72
G0 X115.202 Y149.844
G1 F6300 X118.871 Y136.151 E7707.32303
G0 F7200 X118.752 Y136.269
G0 X119.802 Y137.314
G0 X119.921 Y137.196
G1 F6300 X105.382 Y141.092 E7708.6777
G0 F7200 X105.495 Y140.967
G0 X107.793 Y143.016
G0 X107.681 Y143.14
G1 F6300 X111.514 Y128.833 E7710.01074
G0 F7200 X111.396 Y128.95
G0 X112.425 Y129.973
G0 X112.544 Y129.855
G1 F6300 X97.345 Y133.928 E7711.42692
G0 F7200 X97.458 Y133.802
G0 X100.272 Y136.311
G0 X100.16 Y136.435
G1 F6300 X104.158 Y121.514 E7712.81718
G0 F7200 X104.04 Y121.631
G0 X105.047 Y122.633
G0 X105.166 Y122.515
G1 F6300 X89.309 Y126.764 E7714.29466
G0 F7200 X89.422 Y126.638
G0 X92.751 Y129.606
G0 X92.639 Y129.73
G1 F6300 X96.189 Y116.483 E7715.52895
G0 F7200 X96.191 Y115.642
;TYPE:WALL-OUTER
G1 F2880 X88.192 Y115.632 E7716.24886
G1 X87.944 Y115.395 E7716.27974
G1 X87.944 Y113.112 E7716.48521
G1 X79.096 Y113.112 E7717.28153
G1 X79.096 Y117.377 E7717.66538
G1 X79.284 Y118.279 E7717.7483
G1 X79.679 Y119.166 E7717.83569
G1 X80.336 Y119.89 E7717.92368
G1 X134.315 Y168.009 E7724.43185
G1 X135.193 Y168.495 E7724.52217
G1 X136.024 Y168.717 E7724.59958
G1 X136.873 Y168.743 E7724.67603
G1 X137.724 Y168.565 E7724.75427
G1 X138.762 Y168.081 E7724.85735
G1 X143.012 Y163.807 E7725.39982
G1 X143.54 Y162.98 E7725.48812
G1 X143.805 Y162.213 E7725.56116
G1 X143.897 Y161.385 E7725.63614
G1 X143.776 Y160.354 E7725.72956
G1 X143.198 Y159.17 E7725.84814
G1 X100.474 Y116.663 E7731.27223
G1 X98.004 Y115.644 E7731.5127
G1 X96.191 Y115.642 E7731.67587
G0 F7200 X95.891 Y115.642
G0 X96.19 Y116.243
;TYPE:WALL-INNER
G1 F4620 X88.143 Y116.237 E7732.4001
G1 X87.77 Y116.102 E7732.4358
G1 X87.538 Y115.895 E7732.46379
G1 X87.344 Y115.514 E7732.50227
G1 X87.344 Y113.712 E7732.66445
G1 X79.696 Y113.712 E7733.35277
G1 X79.696 Y117.315 E7733.67704
G1 X79.858 Y118.094 E7733.74865
G1 X80.188 Y118.834 E7733.82157
G1 X80.759 Y119.464 E7733.89809
G1 X134.664 Y167.517 E7740.39734
G1 X135.419 Y167.934 E7740.47496
G1 X136.112 Y168.119 E7740.53952
G1 X136.82 Y168.141 E7740.60327
G1 X137.533 Y167.992 E7740.66882
G1 X138.413 Y167.582 E7740.7562
G1 X142.541 Y163.43 E7741.28314
G1 X142.996 Y162.717 E7741.35926
G1 X143.216 Y162.08 E7741.41991
G1 X143.293 Y161.387 E7741.48267
G1 X143.192 Y160.526 E7741.56069
G1 X142.702 Y159.523 E7741.66115
G1 X100.135 Y117.172 E7747.06532
G1 X97.885 Y116.244 E7747.28437
G1 X96.19 Y116.243 E7747.43692
G0 F7200 X96.189 Y117.152
G10
;MESH:NONMESH
G0 F600 X96.189 Y117.152 Z5.05
G0 F7200 X87.62 Y115.962
G0 X89.053 Y114.529
G0 X97.061 Y104.216
G0 X97.061 Y96.069
G0 X95.289 Y94.288
G0 X87.618 Y88.295
G0 X87.617 Y86.864
G0 X81.216 Y55.788
G0 X81.111 Y55.655
;TIME_ELAPSED:1781.593044
;LAYER:31
;TYPE:FILL
;MESH:porte-manteau.stl
G11
G1 F6300 X95.93 Y70.475 E7749.32313
G0 F7200 X95.794 Y70.374
G0 X96.816 Y69.25
G0 X97.694 Y68.451
G0 X97.79 Y68.586
G1 F6300 X79.936 Y73.37 E7750.98668
G0 F7200 X79.936 Y72.818
G1 F6300 X84.689 Y55.079 E7752.6395
G0 F7200 X84.689 Y55.252
G0 X93.264 Y55.252
G0 X93.264 Y55.08
G1 F6300 X120.834 Y82.65 E7756.14859
G0 F7200 X120.916 Y82.504
G0 X119.399 Y81.337
G0 X119.284 Y81.462
G1 F6300 X125.875 Y79.696 E7756.7627
G0 F7200 X125.711 Y79.677
G0 X125.212 Y77.264
G0 X125.356 Y77.174
G1 F6300 X124.059 Y82.016 E7757.21385
G0 F7200 X123.94 Y81.897
G0 X115.865 Y78.123
G0 X115.751 Y78.247
G1 F6300 X118.017 Y69.791 E7758.00174
G0 F7200 X117.896 Y69.912
G0 X120.02 Y72.036
G0 X120.142 Y71.915
G1 F6300 X111.371 Y74.265 E7758.81897
G0 F7200 X111.486 Y74.141
G0 X108.373 Y71.31
G0 X108.259 Y71.434
G1 F6300 X110.668 Y62.444 E7759.65662
G0 F7200 X110.548 Y62.564
G0 X112.671 Y64.687
G0 X112.793 Y64.566
G1 F6300 X100.823 Y67.774 E7760.77193
G0 F7200 X99.91 Y67.822
G1 F6300 X103.254 Y55.341 E7761.93484
G0 F7200 X103.181 Y55.493
G0 X105.323 Y57.339
G0 X105.444 Y57.218
G1 F6300 X79.936 Y64.053 E7764.31155
G0 F7200 X80.109 Y64.053
G0 X80.109 Y67.208
G0 X79.936 Y67.208
G1 F6300 X95.104 Y82.377 E7766.24219
G0 F7200 X94.934 Y82.377
G0 X94.934 Y78.623
G0 X95.106 Y78.623
G1 F6300 X79.936 Y82.688 E7767.65565
G0 F7200 X80.109 Y82.688
G0 X80.109 Y79.936
G0 X79.936 Y79.936
G1 F6300 X86.276 Y86.276 E7768.4626
G0 F7200 X85.647 Y86.276
G1 F6300 X94.007 Y55.079 E7771.3694
G0 F7200 X94.007 Y54.24
;TYPE:WALL-OUTER
G1 F2880 X82.809 Y54.24 E7772.37722
G1 X81.753 Y54.361 E7772.47288
G1 X80.829 Y54.804 E7772.5651
G1 X80.011 Y55.455 E7772.65919
G1 X79.465 Y56.327 E7772.75179
G1 X79.096 Y57.379 E7772.85212
G1 X79.096 Y87.116 E7775.52845
G1 X87.944 Y87.116 E7776.32477
G1 X87.944 Y84.849 E7776.5288
G1 X88.191 Y84.62 E7776.55912
G1 X94.627 Y84.612 E7777.13836
G1 X95.944 Y83.299 E7777.30573
G1 X95.945 Y72.626 E7778.2663
G1 X96.393 Y71.266 E7778.39517
G1 X97.07 Y70.34 E7778.49841
G1 X97.658 Y69.724 E7778.57505
G1 X98.406 Y69.179 E7778.65834
G1 X99.233 Y68.818 E7778.73956
G1 X100.233 Y68.613 E7778.83143
G1 X102.52 Y68.611 E7779.03726
G1 X103.572 Y68.822 E7779.13382
G1 X104.376 Y69.182 E7779.21311
G1 X105.117 Y69.713 E7779.29515
G1 X119.709 Y82.983 E7781.07027
G1 X120.596 Y83.48 E7781.16178
G1 X121.422 Y83.709 E7781.23892
G1 X122.283 Y83.739 E7781.31646
G1 X123.134 Y83.568 E7781.39458
G1 X123.921 Y83.203 E7781.47266
G1 X124.39 Y82.873 E7781.52427
G1 X126.112 Y81.151 E7781.74345
G1 X126.691 Y79.955 E7781.86304
G1 X126.806 Y78.925 E7781.95631
G1 X126.713 Y78.1 E7782.03103
G1 X126.443 Y77.327 E7782.10472
G1 X125.943 Y76.529 E7782.18948
G1 X104.755 Y55.341 E7784.88627
G1 X104.083 Y54.804 E7784.96369
G1 X103.341 Y54.45 E7785.03768
G1 X102.395 Y54.24 E7785.12489
G1 X94.007 Y54.24 E7785.87981
G0 F7200 X93.707 Y54.24
G0 X94.007 Y54.84
;TYPE:WALL-INNER
G1 F4620 X82.843 Y54.84 E7786.88457
G1 X81.921 Y54.945 E7786.96809
G1 X81.15 Y55.316 E7787.04509
G1 X80.465 Y55.861 E7787.12388
G1 X80.009 Y56.589 E7787.20119
G1 X79.696 Y57.481 E7787.28627
G1 X79.696 Y86.516 E7789.89942
G1 X87.344 Y86.516 E7790.58774
G1 X87.344 Y84.717 E7790.74965
G1 X87.543 Y84.35 E7790.78722
G1 X87.993 Y84.019 E7790.8375
G1 X94.379 Y84.012 E7791.41224
G1 X95.344 Y83.05 E7791.53487
G1 X95.349 Y72.534 E7792.48131
G1 X95.85 Y70.99 E7792.6274
G1 X96.574 Y69.999 E7792.73786
G1 X97.283 Y69.254 E7792.83042
G1 X98.105 Y68.654 E7792.92201
G1 X99.051 Y68.246 E7793.01473
G1 X100.173 Y68.016 E7793.11781
G1 X102.609 Y68.011 E7793.33705
G1 X103.756 Y68.25 E7793.4425
G1 X104.704 Y68.671 E7793.53586
G1 X105.47 Y69.227 E7793.62104
G1 X120.062 Y82.493 E7795.39592
G1 X120.826 Y82.921 E7795.47474
G1 X121.514 Y83.111 E7795.53897
G1 X122.234 Y83.137 E7795.60382
G1 X122.946 Y82.994 E7795.66918
G1 X123.831 Y82.583 E7795.757
G1 X125.616 Y80.798 E7795.98419
G1 X126.106 Y79.787 E7796.0853
G1 X126.202 Y78.925 E7796.16336
G1 X126.124 Y78.234 E7796.22595
G1 X125.899 Y77.589 E7796.28743
G1 X125.471 Y76.905 E7796.36005
G1 X104.355 Y55.789 E7799.04767
G1 X103.763 Y55.316 E7799.11587
G1 X103.144 Y55.021 E7799.17759
G1 X102.329 Y54.84 E7799.25272
G1 X94.007 Y54.84 E7800.0017
G0 F7200 X94.007 Y55.752
G10
G0 X83.693 Y86.807
G0 X83.694 Y88.238
G0 X83.693 Y91.614
G0 X83.693 Y93.065
G0 X83.693 Y93.572
;TYPE:FILL
G11
G1 F6300 X80.173 Y106.707 E7801.22557
G0 F7200 X81.251 Y106.707
G1 F6300 X79.936 Y105.392 E7801.39294
G0 F7200 X80.109 Y105.392
G0 X80.109 Y101.323
G0 X79.936 Y101.323
G1 F6300 X95.104 Y97.258 E7802.80623
G0 F7200 X94.934 Y97.258
G0 X92.341 Y96.245
G0 X92.341 Y96.07
G1 F6300 X90.161 Y104.206 E7803.5643
G0 F7200 X90.162 Y104.037
G0 X91.479 Y104.038
G0 X91.478 Y104.206
G1 F6300 X80.844 Y93.572 E7804.91779
G0 F7200 X80.844 Y92.732
;TYPE:WALL-OUTER
G1 F2880 X79.096 Y92.732 E7805.07511
G1 X79.096 Y107.547 E7806.40846
G1 X87.944 Y107.544 E7807.20478
G1 X87.944 Y105.344 E7807.40278
G1 X88.048 Y105.116 E7807.42533
G1 X88.197 Y105.047 E7807.44011
G1 X94.627 Y105.047 E7808.01881
G1 X95.944 Y103.731 E7808.18637
G1 X95.944 Y96.549 E7808.83275
G1 X94.627 Y95.232 E7809.00038
G1 X88.197 Y95.229 E7809.57908
G1 X87.944 Y95 E7809.60979
G1 X87.944 Y92.732 E7809.81391
G1 X80.844 Y92.732 E7810.45291
G0 F7200 X80.544 Y92.732
G0 X80.844 Y93.332
;TYPE:WALL-INNER
G1 F4620 X79.696 Y93.332 E7810.55623
G1 X79.696 Y106.947 E7811.78158
G1 X87.344 Y106.944 E7812.4699
G1 X87.344 Y105.344 E7812.6139
G1 X87.468 Y104.887 E7812.65652
G1 X87.656 Y104.662 E7812.68291
G1 X88.135 Y104.444 E7812.73027
G1 X94.379 Y104.447 E7813.29223
G1 X95.344 Y103.483 E7813.41499
G1 X95.344 Y96.797 E7814.01673
G1 X94.379 Y95.832 E7814.13956
G1 X88.165 Y95.829 E7814.69882
G1 X87.763 Y95.693 E7814.73701
G1 X87.344 Y95.131 E7814.8001
G1 X87.344 Y93.332 E7814.96201
G1 X80.844 Y93.332 E7815.54701
G0 F7200 X80.844 Y94.245
G10
G0 X86.933 Y107.237
G0 X86.934 Y108.668
G0 X86.933 Y112.045
G0 X86.933 Y113.496
G0 X86.934 Y115.595
G0 X87.109 Y115.595
;TYPE:FILL
G11
G1 F6300 X85.118 Y123.026 E7816.23939
G0 F7200 X85.23 Y122.901
G0 X82.696 Y120.642
G0 X82.584 Y120.767
G1 F6300 X80.29 Y118.474 E7816.53131
G0 F7200 X80.447 Y118.405
G0 X81.386 Y119.474
G0 X81.272 Y119.6
G1 F6300 X92.815 Y116.507 E7817.60683
G0 F7200 X92.814 Y116.678
G0 X91.05 Y116.677
G0 X91.051 Y116.506
G1 F6300 X140.095 Y165.551 E7823.84917
G0 F7200 X139.976 Y165.432
G0 X138.403 Y167.013
G0 X138.522 Y167.133
G1 F6300 X140.94 Y158.108 E7824.69007
G0 F7200 X140.821 Y158.226
G0 X141.936 Y159.336
G0 X142.056 Y159.217
G1 F6300 X129.491 Y162.584 E7825.86082
G0 F7200 X130.244 Y163.253
G1 F6300 X133.584 Y150.789 E7827.02215
G0 F7200 X133.465 Y150.907
G0 X134.559 Y151.995
G0 X134.678 Y151.877
G1 F6300 X121.455 Y155.42 E7828.2542
G0 F7200 X121.567 Y155.295
G0 X122.834 Y156.425
G0 X122.723 Y156.549
G1 F6300 X126.227 Y143.47 E7829.47283
G0 F7200 X126.109 Y143.588
G0 X127.181 Y144.655
G0 X127.3 Y144.536
G1 F6300 X113.418 Y148.256 E7830.76629
G0 F7200 X113.531 Y148.131
G0 X115.313 Y149.72
G0 X115.202 Y149.844
G1 F6300 X118.871 Y136.15 E7832.04222
G0 F7200 X118.752 Y136.268
G0 X119.803 Y137.314
G0 X119.923 Y137.195
G1 F6300 X105.382 Y141.092 E7833.39709
G0 F7200 X105.495 Y140.967
G0 X107.793 Y143.016
G0 X107.681 Y143.14
G1 F6300 X111.515 Y128.83 E7834.73041
G0 F7200 X111.396 Y128.949
G0 X112.426 Y129.974
G0 X112.546 Y129.855
G1 F6300 X97.345 Y133.928 E7836.14676
G0 F7200 X97.458 Y133.802
G0 X100.272 Y136.311
G0 X100.16 Y136.435
G1 F6300 X104.159 Y121.511 E7837.53731
G0 F7200 X104.04 Y121.63
G0 X105.048 Y122.633
G0 X105.168 Y122.514
G1 F6300 X89.309 Y126.764 E7839.01498
G0 F7200 X89.422 Y126.638
G0 X92.751 Y129.606
G0 X92.639 Y129.73
G1 F6300 X96.182 Y116.507 E7840.24703
G0 F7200 X96.183 Y115.668
;TYPE:WALL-OUTER
G1 F2880 X88.119 Y115.665 E7840.97279
G1 X87.944 Y115.424 E7840.99959
G1 X87.944 Y113.164 E7841.20299
G1 X79.096 Y113.164 E7841.99931
G1 X79.096 Y117.377 E7842.37848
G1 X79.284 Y118.279 E7842.46141
G1 X79.679 Y119.166 E7842.5488
G1 X80.336 Y119.89 E7842.63679
G1 X134.315 Y168.009 E7849.14496
G1 X135.193 Y168.495 E7849.23527
G1 X136.024 Y168.717 E7849.31269
G1 X136.873 Y168.743 E7849.38913
G1 X137.724 Y168.565 E7849.46738
G1 X138.762 Y168.081 E7849.57046
G1 X143.016 Y163.803 E7850.11343
G1 X143.539 Y162.98 E7850.20119
G1 X143.805 Y162.213 E7850.27426
G1 X143.897 Y161.385 E7850.34924
G1 X143.776 Y160.354 E7850.44266
G1 X143.198 Y159.17 E7850.56124
G1 X100.494 Y116.679 E7855.98304
G1 X98.044 Y115.668 E7856.22157
G1 X96.183 Y115.668 E7856.38906
G0 F7200 X95.883 Y115.668
G0 X96.183 Y116.268
;TYPE:WALL-INNER
G1 F4620 X88.243 Y116.265 E7857.10366
G1 X87.786 Y116.14 E7857.1463
G1 X87.534 Y115.918 E7857.17653
G1 X87.344 Y115.544 E7857.21428
G1 X87.344 Y113.764 E7857.37448
G1 X79.696 Y113.764 E7858.0628
G1 X79.696 Y117.315 E7858.38239
G1 X79.858 Y118.094 E7858.454
G1 X80.188 Y118.834 E7858.52692
G1 X80.759 Y119.463 E7858.60338
G1 X134.664 Y167.517 E7865.10269
G1 X135.419 Y167.934 E7865.18031
G1 X136.112 Y168.119 E7865.24487
G1 X136.82 Y168.141 E7865.30862
G1 X137.533 Y167.992 E7865.37417
G1 X138.413 Y167.582 E7865.46155
G1 X142.544 Y163.426 E7865.98893
G1 X142.995 Y162.717 E7866.06456
G1 X143.216 Y162.08 E7866.12524
G1 X143.293 Y161.387 E7866.18799
G1 X143.192 Y160.526 E7866.26602
G1 X142.702 Y159.523 E7866.36648
G1 X100.155 Y117.188 E7871.76836
G1 X97.925 Y116.268 E7871.98546
G1 X96.183 Y116.268 E7872.14224
G0 F7200 X96.182 Y117.18
G10
;MESH:NONMESH
G0 F600 X96.182 Y117.18 Z5.2
G0 F7200 X87.62 Y115.99
G0 X89.053 Y114.557
G0 X97.061 Y104.196
G0 X97.061 Y96.088
G0 X95.288 Y94.315
G0 X87.618 Y88.238
G0 X87.617 Y86.807
G0 X81.216 Y55.788
G0 X81.11 Y55.654
;TIME_ELAPSED:1806.987856
;LAYER:32
;TYPE:FILL
;MESH:porte-manteau.stl
G11
G1 F6300 X95.93 Y70.475 E7874.02859
G0 F7200 X95.794 Y70.374
G0 X96.816 Y69.25
G0 X97.694 Y68.451
G0 X97.79 Y68.586
G1 F6300 X79.936 Y73.37 E7875.69213
G0 F7200 X79.936 Y72.817
G1 F6300 X84.689 Y55.079 E7877.34487
G0 F7200 X84.689 Y55.252
G0 X93.264 Y55.252
G0 X93.264 Y55.08
G1 F6300 X120.821 Y82.637 E7880.8523
G0 F7200 X120.884 Y82.482
G0 X119.4 Y81.337
G0 X119.286 Y81.461
G1 F6300 X125.875 Y79.696 E7881.46622
G0 F7200 X125.711 Y79.677
G0 X125.212 Y77.264
G0 X125.356 Y77.174
G1 F6300 X124.059 Y82.016 E7881.91736
G0 F7200 X123.94 Y81.897
G0 X115.866 Y78.123
G0 X115.752 Y78.246
G1 F6300 X118.017 Y69.791 E7882.70514
G0 F7200 X117.896 Y69.912
G0 X120.02 Y72.036
G0 X120.142 Y71.915
G1 F6300 X111.372 Y74.264 E7883.52227
G0 F7200 X111.486 Y74.14
G0 X108.374 Y71.31
G0 X108.259 Y71.434
G1 F6300 X110.668 Y62.444 E7884.35991
G0 F7200 X110.548 Y62.564
G0 X112.671 Y64.687
G0 X112.793 Y64.566
G1 F6300 X100.823 Y67.774 E7885.47523
G0 F7200 X99.91 Y67.822
G1 F6300 X103.254 Y55.341 E7886.63814
G0 F7200 X103.181 Y55.493
G0 X105.323 Y57.339
G0 X105.444 Y57.218
G1 F6300 X79.937 Y64.052 E7889.01474
G0 F7200 X80.109 Y64.052
G0 X80.109 Y67.208
G0 X79.936 Y67.208
G1 F6300 X95.104 Y82.377 E7890.94537
G0 F7200 X94.934 Y82.377
G0 X94.934 Y78.623
G0 X95.106 Y78.623
G1 F6300 X79.936 Y82.688 E7892.35884
G0 F7200 X80.109 Y82.688
G0 X80.109 Y79.936
G0 X79.936 Y79.936
G1 F6300 X86.3 Y86.3 E7893.16884
G0 F7200 X85.641 Y86.3
G1 F6300 X94.007 Y55.079 E7896.07786
G0 F7200 X94.007 Y54.24
;TYPE:WALL-OUTER
G1 F2880 X82.513 Y54.24 E7897.11232
G1 X81.567 Y54.45 E7897.19954
G1 X80.829 Y54.804 E7897.2732
G1 X80.178 Y55.322 E7897.34808
G1 X79.531 Y56.135 E7897.44159
G1 X79.096 Y57.389 E7897.56105
G1 X79.096 Y87.14 E7900.23864
G1 X87.944 Y87.14 E7901.03496
G1 X87.944 Y84.804 E7901.2452
G1 X88.191 Y84.632 E7901.27229
G1 X94.627 Y84.628 E7901.85153
G1 X95.944 Y83.311 E7902.01915
G1 X95.945 Y72.626 E7902.9808
G1 X96.393 Y71.266 E7903.10967
G1 X97.07 Y70.34 E7903.21291
G1 X97.658 Y69.724 E7903.28955
G1 X98.406 Y69.179 E7903.37285
G1 X99.233 Y68.818 E7903.45406
G1 X100.233 Y68.613 E7903.54593
G1 X102.52 Y68.611 E7903.75176
G1 X103.572 Y68.822 E7903.84833
G1 X104.376 Y69.182 E7903.92761
G1 X105.117 Y69.713 E7904.00966
G1 X119.934 Y83.184 E7905.81193
G1 X120.997 Y83.616 E7905.9152
G1 X121.862 Y83.75 E7905.99398
G1 X122.716 Y83.676 E7906.07112
G1 X123.524 Y83.414 E7906.14757
G1 X124.395 Y82.867 E7906.24014
G1 X126.112 Y81.151 E7906.45861
G1 X126.691 Y79.955 E7906.5782
G1 X126.806 Y78.925 E7906.67148
G1 X126.713 Y78.1 E7906.7462
G1 X126.443 Y77.327 E7906.81989
G1 X125.943 Y76.529 E7906.90465
G1 X104.755 Y55.341 E7909.60144
G1 X104.083 Y54.804 E7909.67886
G1 X103.341 Y54.45 E7909.75285
G1 X102.395 Y54.24 E7909.84006
G1 X94.007 Y54.24 E7910.59498
G0 F7200 X93.707 Y54.24
G0 X94.007 Y54.84
;TYPE:WALL-INNER
G1 F4620 X82.579 Y54.84 E7911.6235
G1 X81.764 Y55.021 E7911.69864
G1 X81.149 Y55.316 E7911.76002
G1 X80.605 Y55.749 E7911.8226
G1 X80.064 Y56.429 E7911.90081
G1 X79.696 Y57.489 E7912.00179
G1 X79.696 Y86.54 E7914.61638
G1 X87.344 Y86.54 E7915.3047
G1 X87.344 Y84.732 E7915.46742
G1 X87.542 Y84.364 E7915.50503
G1 X87.991 Y84.031 E7915.55534
G1 X94.379 Y84.028 E7916.13026
G1 X95.344 Y83.063 E7916.25309
G1 X95.349 Y72.534 E7917.2007
G1 X95.85 Y70.99 E7917.34679
G1 X96.574 Y69.999 E7917.45725
G1 X97.283 Y69.254 E7917.54981
G1 X98.105 Y68.654 E7917.6414
G1 X99.051 Y68.246 E7917.73412
G1 X100.173 Y68.016 E7917.8372
G1 X102.609 Y68.011 E7918.05644
G1 X103.756 Y68.25 E7918.16189
G1 X104.704 Y68.671 E7918.25524
G1 X105.47 Y69.227 E7918.34043
G1 X120.257 Y82.667 E7920.13883
G1 X121.158 Y83.034 E7920.22639
G1 X121.882 Y83.146 E7920.29232
G1 X122.596 Y83.084 E7920.35682
G1 X123.268 Y82.866 E7920.42041
G1 X124.019 Y82.395 E7920.50019
G1 X125.616 Y80.798 E7920.70345
G1 X126.106 Y79.787 E7920.80457
G1 X126.202 Y78.925 E7920.88263
G1 X126.124 Y78.234 E7920.94521
G1 X125.899 Y77.589 E7921.00669
G1 X125.471 Y76.905 E7921.07931
G1 X104.355 Y55.789 E7923.76694
G1 X103.763 Y55.316 E7923.83514
G1 X103.144 Y55.021 E7923.89685
G1 X102.329 Y54.84 E7923.97199
G1 X94.007 Y54.84 E7924.72097
G0 F7200 X94.007 Y55.752
G10
G0 X83.699 Y86.81
G0 X83.699 Y88.261
G0 X83.697 Y91.585
G0 X83.697 Y93.036
G0 X83.7 Y93.544
;TYPE:FILL
G11
G1 F6300 X80.168 Y106.728 E7925.94937
G0 F7200 X81.272 Y106.728
G1 F6300 X79.936 Y105.391 E7926.11948
G0 F7200 X80.109 Y105.391
G0 X80.109 Y101.323
G0 X79.936 Y101.323
G1 F6300 X95.103 Y97.259 E7927.53266
G0 F7200 X94.934 Y97.259
G0 X92.343 Y96.232
G0 X92.344 Y96.058
G1 F6300 X90.157 Y104.221 E7928.29324
G0 F7200 X90.157 Y104.051
G0 X91.492 Y104.051
G0 X91.492 Y104.22
G1 F6300 X80.816 Y93.544 E7929.65207
G0 F7200 X80.816 Y92.704
;TYPE:WALL-OUTER
G1 F2880 X79.096 Y92.704 E7929.80687
G1 X79.096 Y107.568 E7931.14463
G1 X87.944 Y107.568 E7931.94095
G1 X87.944 Y105.36 E7932.13967
G1 X88.048 Y105.132 E7932.16223
G1 X88.197 Y105.063 E7932.17701
G1 X94.627 Y105.06 E7932.75571
G1 X95.944 Y103.74 E7932.92352
G1 X95.944 Y96.54 E7933.57152
G1 X94.627 Y95.22 E7933.73934
G1 X88.197 Y95.217 E7934.31804
G1 X87.944 Y95.045 E7934.34558
G1 X87.944 Y92.704 E7934.55627
G1 X80.816 Y92.704 E7935.19779
G0 F7200 X80.516 Y92.704
G0 X80.816 Y93.304
;TYPE:WALL-INNER
G1 F4620 X79.696 Y93.304 E7935.29859
G1 X79.696 Y106.968 E7936.52835
G1 X87.344 Y106.968 E7937.21667
G1 X87.344 Y105.36 E7937.36139
G1 X87.467 Y104.905 E7937.40381
G1 X87.657 Y104.677 E7937.43052
G1 X88.137 Y104.46 E7937.47793
G1 X94.378 Y104.46 E7938.03962
G1 X95.344 Y103.492 E7938.1627
G1 X95.344 Y96.788 E7938.76606
G1 X94.378 Y95.82 E7938.88913
G1 X88.165 Y95.817 E7939.4483
G1 X87.764 Y95.682 E7939.48639
G1 X87.344 Y95.119 E7939.5496
G1 X87.344 Y93.304 E7939.71295
G1 X80.816 Y93.304 E7940.30047
G0 F7200 X80.815 Y94.216
G10
G0 X86.934 Y107.241
G0 X86.934 Y108.692
G0 X86.934 Y112.016
G0 X86.934 Y113.467
G0 X86.934 Y115.588
G0 X87.111 Y115.588
;TYPE:FILL
G11
G1 F6300 X85.118 Y123.026 E7940.99351
G0 F7200 X85.23 Y122.901
G0 X82.696 Y120.642
G0 X82.584 Y120.767
G1 F6300 X80.29 Y118.474 E7941.28542
G0 F7200 X80.447 Y118.405
G0 X81.386 Y119.474
G0 X81.272 Y119.6
G1 F6300 X92.86 Y116.494 E7942.36515
G0 F7200 X92.859 Y116.664
G0 X91.038 Y116.664
G0 X91.039 Y116.494
G1 F6300 X140.095 Y165.551 E7948.60903
G0 F7200 X139.977 Y165.432
G0 X138.403 Y167.013
G0 X138.522 Y167.133
G1 F6300 X140.94 Y158.108 E7949.44992
G0 F7200 X140.821 Y158.226
G0 X141.936 Y159.336
G0 X142.056 Y159.217
G1 F6300 X129.491 Y162.584 E7950.62067
G0 F7200 X130.244 Y163.253
G1 F6300 X133.584 Y150.789 E7951.78201
G0 F7200 X133.465 Y150.907
G0 X134.559 Y151.996
G0 X134.678 Y151.877
G1 F6300 X121.455 Y155.42 E7953.01406
G0 F7200 X121.567 Y155.296
G0 X122.834 Y156.425
G0 X122.723 Y156.549
G1 F6300 X126.227 Y143.47 E7954.23268
G0 F7200 X126.108 Y143.588
G0 X127.181 Y144.655
G0 X127.3 Y144.536
G1 F6300 X113.418 Y148.256 E7955.52614
G0 F7200 X113.53 Y148.131
G0 X115.313 Y149.72
G0 X115.202 Y149.844
G1 F6300 X118.871 Y136.149 E7956.80216
G0 F7200 X118.751 Y136.268
G0 X119.803 Y137.314
G0 X119.923 Y137.195
G1 F6300 X105.382 Y141.092 E7958.15703
G0 F7200 X105.495 Y140.967
G0 X107.793 Y143.016
G0 X107.681 Y143.14
G1 F6300 X111.515 Y128.83 E7959.49036
G0 F7200 X111.395 Y128.949
G0 X112.426 Y129.974
G0 X112.546 Y129.855
G1 F6300 X97.345 Y133.928 E7960.9067
G0 F7200 X97.458 Y133.802
G0 X100.272 Y136.311
G0 X100.16 Y136.435
G1 F6300 X104.159 Y121.511 E7962.29725
G0 F7200 X104.039 Y121.63
G0 X105.048 Y122.634
G0 X105.168 Y122.514
G1 F6300 X89.309 Y126.764 E7963.77492
G0 F7200 X89.422 Y126.638
G0 X92.751 Y129.606
G0 X92.639 Y129.73
G1 F6300 X96.185 Y116.495 E7965.00808
G0 F7200 X96.186 Y115.655
;TYPE:WALL-OUTER
G1 F2880 X88.193 Y115.648 E7965.72746
G1 X87.944 Y115.411 E7965.75839
G1 X87.944 Y113.136 E7965.96314
G1 X79.096 Y113.136 E7966.75946
G1 X79.096 Y117.377 E7967.14115
G1 X79.284 Y118.279 E7967.22408
G1 X79.679 Y119.166 E7967.31147
G1 X80.336 Y119.89 E7967.39946
G1 X134.315 Y168.009 E7973.90763
G1 X135.193 Y168.495 E7973.99794
G1 X136.024 Y168.717 E7974.07536
G1 X136.873 Y168.743 E7974.1518
G1 X137.724 Y168.565 E7974.23005
G1 X138.762 Y168.081 E7974.33313
G1 X143.012 Y163.807 E7974.87559
G1 X143.54 Y162.98 E7974.9639
G1 X143.805 Y162.213 E7975.03693
G1 X143.897 Y161.385 E7975.11191
G1 X143.776 Y160.354 E7975.20534
G1 X143.198 Y159.17 E7975.32392
G1 X100.486 Y116.671 E7980.74673
G1 X98.024 Y115.656 E7980.9864
G1 X96.186 Y115.655 E7981.15182
G0 F7200 X95.886 Y115.655
G0 X96.186 Y116.256
;TYPE:WALL-INNER
G1 F4620 X88.144 Y116.253 E7981.8756
G1 X87.77 Y116.118 E7981.91139
G1 X87.532 Y115.904 E7981.94019
G1 X87.344 Y115.529 E7981.97795
G1 X87.344 Y113.736 E7982.13932
G1 X79.696 Y113.736 E7982.82764
G1 X79.696 Y117.315 E7983.14975
G1 X79.858 Y118.094 E7983.22136
G1 X80.188 Y118.834 E7983.29428
G1 X80.759 Y119.464 E7983.3708
G1 X134.664 Y167.517 E7989.87005
G1 X135.419 Y167.934 E7989.94767
G1 X136.112 Y168.119 E7990.01223
G1 X136.82 Y168.141 E7990.07598
G1 X137.533 Y167.992 E7990.14153
G1 X138.413 Y167.582 E7990.22891
G1 X142.541 Y163.43 E7990.75585
G1 X142.996 Y162.717 E7990.83197
G1 X143.216 Y162.08 E7990.89262
G1 X143.293 Y161.387 E7990.95538
G1 X143.192 Y160.526 E7991.0334
G1 X142.702 Y159.523 E7991.13386
G1 X100.147 Y117.181 E7996.53669
G1 X97.905 Y116.256 E7996.75497
G1 X96.186 Y116.256 E7996.90968
G0 F7200 X96.185 Y117.165
G10
;MESH:NONMESH
G0 F600 X96.185 Y117.165 Z5.35
G0 F7200 X87.62 Y115.977
G0 X89.053 Y114.544
G0 X97.061 Y104.203
G0 X97.061 Y96.081
G0 X95.288 Y94.303
G0 X87.62 Y88.261
G0 X87.62 Y86.81
G0 X81.216 Y55.788
G0 X81.11 Y55.654
;TIME_ELAPSED:1832.391511
;LAYER:33
;TYPE:FILL
;MESH:porte-manteau.stl
G11
G1 F6300 X95.93 Y70.475 E7998.79602
G0 F7200 X95.794 Y70.374
G0 X96.816 Y69.25
G0 X97.694 Y68.451
G0 X97.79 Y68.586
G1 F6300 X79.937 Y73.37 E8000.45948
G0 F7200 X79.937 Y72.815
G1 F6300 X84.689 Y55.079 E8002.11202
G0 F7200 X84.689 Y55.252
G0 X93.264 Y55.252
G0 X93.264 Y55.08
G1 F6300 X120.869 Y82.686 E8005.62563
G0 F7200 X120.914 Y82.523
G0 X119.399 Y81.337
G0 X119.284 Y81.462
G1 F6300 X125.875 Y79.696 E8006.23974
G0 F7200 X125.711 Y79.677
G0 X125.212 Y77.264
G0 X125.356 Y77.174
G1 F6300 X124.059 Y82.016 E8006.69089
G0 F7200 X123.94 Y81.897
G0 X115.865 Y78.123
G0 X115.751 Y78.247
G1 F6300 X118.017 Y69.791 E8007.47878
G0 F7200 X117.896 Y69.912
G0 X120.02 Y72.036
G0 X120.142 Y71.915
G1 F6300 X111.371 Y74.265 E8008.29601
G0 F7200 X111.486 Y74.141
G0 X108.373 Y71.31
G0 X108.259 Y71.434
G1 F6300 X110.668 Y62.444 E8009.13366
G0 F7200 X110.548 Y62.564
G0 X112.671 Y64.687
G0 X112.793 Y64.566
G1 F6300 X100.823 Y67.774 E8010.24897
G0 F7200 X99.91 Y67.822
G1 F6300 X103.254 Y55.341 E8011.41188
G0 F7200 X103.181 Y55.493
G0 X105.323 Y57.339
G0 X105.444 Y57.218
G1 F6300 X79.937 Y64.052 E8013.78848
G0 F7200 X80.109 Y64.052
G0 X80.109 Y67.208
G0 X79.936 Y67.208
G1 F6300 X95.104 Y82.377 E8015.71912
G0 F7200 X94.934 Y82.377
G0 X94.934 Y78.623
G0 X95.107 Y78.623
G1 F6300 X79.937 Y82.687 E8017.13256
G0 F7200 X80.109 Y82.687
G0 X80.109 Y79.936
G0 X79.936 Y79.936
G1 F6300 X86.416 Y86.416 E8017.95733
G0 F7200 X85.61 Y86.416
G1 F6300 X94.007 Y55.079 E8020.87716
G0 F7200 X94.007 Y54.24
;TYPE:WALL-OUTER
G1 F2880 X82.513 Y54.24 E8021.91162
G1 X81.567 Y54.45 E8021.99883
G1 X80.829 Y54.804 E8022.07249
G1 X80.178 Y55.322 E8022.14737
G1 X79.531 Y56.135 E8022.24088
G1 X79.096 Y57.389 E8022.36034
G1 X79.097 Y87.255 E8025.04828
G1 X87.944 Y87.256 E8025.84451
G1 X87.944 Y84.92 E8026.05475
G1 X88.191 Y84.688 E8026.08525
G1 X94.626 Y84.684 E8026.6644
G1 X95.944 Y83.352 E8026.83305
G1 X95.945 Y72.626 E8027.79839
G1 X96.393 Y71.266 E8027.92726
G1 X97.07 Y70.34 E8028.03049
G1 X97.658 Y69.724 E8028.10714
G1 X98.406 Y69.179 E8028.19043
G1 X99.233 Y68.818 E8028.27164
G1 X100.233 Y68.613 E8028.36351
G1 X102.52 Y68.611 E8028.56934
G1 X103.572 Y68.822 E8028.66591
G1 X104.376 Y69.182 E8028.74519
G1 X105.117 Y69.713 E8028.82724
G1 X119.49 Y82.782 E8030.57561
G1 X120.376 Y83.421 E8030.67392
G1 X121.64 Y83.77 E8030.79194
G1 X122.948 Y83.653 E8030.91013
G1 X123.925 Y83.199 E8031.00709
G1 X124.386 Y82.877 E8031.0577
G1 X126.112 Y81.151 E8031.27738
G1 X126.691 Y79.955 E8031.39697
G1 X126.806 Y78.925 E8031.49025
G1 X126.713 Y78.1 E8031.56497
G1 X126.443 Y77.327 E8031.63866
G1 X125.943 Y76.529 E8031.72341
G1 X104.755 Y55.341 E8034.4202
G1 X104.083 Y54.804 E8034.49762
G1 X103.341 Y54.45 E8034.57161
G1 X102.395 Y54.24 E8034.65883
G1 X94.007 Y54.24 E8035.41375
G0 F7200 X93.707 Y54.24
G0 X94.007 Y54.84
;TYPE:WALL-INNER
G1 F4620 X82.579 Y54.84 E8036.44227
G1 X81.764 Y55.021 E8036.5174
G1 X81.149 Y55.316 E8036.57879
G1 X80.605 Y55.749 E8036.64137
G1 X80.064 Y56.429 E8036.71957
G1 X79.696 Y57.489 E8036.82056
G1 X79.697 Y86.655 E8039.4455
G1 X87.344 Y86.656 E8040.13373
G1 X87.344 Y84.793 E8040.3014
G1 X87.534 Y84.429 E8040.33835
G1 X87.989 Y84.087 E8040.38958
G1 X94.376 Y84.084 E8040.96441
G1 X95.344 Y83.105 E8041.08832
G1 X95.349 Y72.534 E8042.03971
G1 X95.85 Y70.99 E8042.1858
G1 X96.574 Y69.999 E8042.29626
G1 X97.283 Y69.254 E8042.38882
G1 X98.105 Y68.654 E8042.48041
G1 X99.051 Y68.246 E8042.57313
G1 X100.173 Y68.016 E8042.67621
G1 X102.609 Y68.011 E8042.89545
G1 X103.756 Y68.25 E8043.0009
G1 X104.704 Y68.671 E8043.09425
G1 X105.47 Y69.227 E8043.17944
G1 X119.868 Y82.315 E8044.93062
G1 X120.64 Y82.871 E8045.01625
G1 X121.695 Y83.163 E8045.11477
G1 X122.79 Y83.065 E8045.21371
G1 X123.835 Y82.579 E8045.31744
G1 X125.616 Y80.798 E8045.54412
G1 X126.106 Y79.787 E8045.64523
G1 X126.202 Y78.925 E8045.72329
G1 X126.124 Y78.234 E8045.78588
G1 X125.899 Y77.589 E8045.84736
G1 X125.471 Y76.905 E8045.91998
G1 X104.355 Y55.789 E8048.60761
G1 X103.763 Y55.316 E8048.6758
G1 X103.144 Y55.021 E8048.73752
G1 X102.329 Y54.84 E8048.81265
G1 X94.007 Y54.84 E8049.56163
G0 F7200 X94.007 Y55.752
G10
G0 X83.728 Y86.928
G0 X83.728 Y88.379
G0 X83.726 Y91.476
G0 X83.726 Y92.927
G0 X83.729 Y93.435
;TYPE:FILL
G11
G1 F6300 X80.135 Y106.847 E8050.8113
G0 F7200 X80.135 Y106.678
G0 X81.391 Y106.678
G0 X81.391 Y106.847
G1 F6300 X79.937 Y105.393 E8050.99636
G0 F7200 X80.109 Y105.393
G0 X80.109 Y101.322
G0 X79.937 Y101.322
G1 F6300 X95.104 Y97.258 E8052.40955
G0 F7200 X94.934 Y97.258
G0 X92.357 Y96.179
G0 X92.358 Y96.006
G1 F6300 X90.141 Y104.278 E8053.1803
G0 F7200 X90.141 Y104.106
G0 X91.547 Y104.105
G0 X91.547 Y104.275
G1 F6300 X80.709 Y93.437 E8054.55976
G0 F7200 X80.709 Y92.596
;TYPE:WALL-OUTER
G1 F2880 X79.097 Y92.597 E8054.70484
G1 X79.097 Y107.687 E8056.06294
G1 X87.944 Y107.688 E8056.85917
G1 X87.944 Y105.294 E8057.07463
G1 X88.198 Y105.119 E8057.10239
G1 X94.626 Y105.112 E8057.68091
G1 X95.944 Y103.78 E8057.84955
G1 X95.944 Y96.5 E8058.50475
G1 X94.626 Y95.168 E8058.6734
G1 X88.198 Y95.165 E8059.25192
G1 X88.048 Y95.096 E8059.26678
G1 X87.944 Y94.868 E8059.28933
G1 X87.944 Y92.596 E8059.49381
G1 X80.709 Y92.596 E8060.14496
G0 F7200 X80.409 Y92.596
G0 X80.709 Y93.196
;TYPE:WALL-INNER
G1 F4620 X79.697 Y93.197 E8060.23604
G1 X79.697 Y107.087 E8061.48614
G1 X87.344 Y107.088 E8062.17437
G1 X87.344 Y105.222 E8062.34231
G1 X87.551 Y104.841 E8062.38134
G1 X87.771 Y104.649 E8062.40762
G1 X88.15 Y104.516 E8062.44377
G1 X94.376 Y104.512 E8063.00411
G1 X95.344 Y103.534 E8063.12795
G1 X95.344 Y96.747 E8063.73878
G1 X94.376 Y95.768 E8063.86269
G1 X88.165 Y95.765 E8064.42168
G1 X87.771 Y95.635 E8064.45902
G1 X87.551 Y95.443 E8064.4853
G1 X87.344 Y95.062 E8064.52433
G1 X87.344 Y93.196 E8064.69227
G1 X80.709 Y93.196 E8065.28942
G0 F7200 X80.708 Y94.107
G10
G0 X86.934 Y107.358
G0 X86.934 Y108.809
G0 X86.934 Y111.907
G0 X86.934 Y113.358
G0 X86.934 Y115.465
G0 X87.144 Y115.465
;TYPE:FILL
G11
G1 F6300 X85.118 Y123.026 E8065.99391
G0 F7200 X85.23 Y122.901
G0 X82.696 Y120.642
G0 X82.584 Y120.767
G1 F6300 X80.29 Y118.474 E8066.28583
G0 F7200 X80.447 Y118.405
G0 X81.386 Y119.474
G0 X81.272 Y119.6
G1 F6300 X93.064 Y116.44 E8067.38455
G0 F7200 X93.063 Y116.611
G0 X90.984 Y116.611
G0 X90.985 Y116.441
G1 F6300 X140.095 Y165.551 E8073.63523
G0 F7200 X139.977 Y165.432
G0 X138.403 Y167.013
G0 X138.522 Y167.133
G1 F6300 X140.94 Y158.108 E8074.47613
G0 F7200 X140.821 Y158.226
G0 X141.936 Y159.336
G0 X142.056 Y159.217
G1 F6300 X129.491 Y162.584 E8075.64688
G0 F7200 X130.244 Y163.253
G1 F6300 X133.584 Y150.789 E8076.80822
G0 F7200 X133.465 Y150.907
G0 X134.559 Y151.996
G0 X134.679 Y151.877
G1 F6300 X121.455 Y155.42 E8078.04035
G0 F7200 X121.567 Y155.296
G0 X122.834 Y156.425
G0 X122.723 Y156.549
G1 F6300 X126.227 Y143.47 E8079.25897
G0 F7200 X126.109 Y143.588
G0 X127.181 Y144.654
G0 X127.3 Y144.536
G1 F6300 X113.418 Y148.256 E8080.55244
G0 F7200 X113.53 Y148.131
G0 X115.313 Y149.72
G0 X115.202 Y149.844
G1 F6300 X118.871 Y136.15 E8081.82837
G0 F7200 X118.752 Y136.268
G0 X119.803 Y137.314
G0 X119.923 Y137.195
G1 F6300 X105.382 Y141.092 E8083.18324
G0 F7200 X105.495 Y140.967
G0 X107.793 Y143.016
G0 X107.681 Y143.14
G1 F6300 X111.515 Y128.83 E8084.51656
G0 F7200 X111.396 Y128.949
G0 X112.426 Y129.974
G0 X112.546 Y129.855
G1 F6300 X97.345 Y133.928 E8085.93291
G0 F7200 X97.458 Y133.802
G0 X100.272 Y136.311
G0 X100.16 Y136.435
G1 F6300 X104.159 Y121.511 E8087.32346
G0 F7200 X104.04 Y121.63
G0 X105.048 Y122.633
G0 X105.168 Y122.514
G1 F6300 X89.309 Y126.764 E8088.80113
G0 F7200 X89.422 Y126.638
G0 X92.751 Y129.606
G0 X92.639 Y129.73
G1 F6300 X96.2 Y116.44 E8090.03942
G0 F7200 X96.201 Y115.6
;TYPE:WALL-OUTER
G1 F2880 X88.192 Y115.596 E8090.76023
G1 X87.944 Y115.36 E8090.79104
G1 X87.944 Y113.028 E8091.00092
G1 X79.096 Y113.028 E8091.79724
G1 X79.096 Y117.377 E8092.18865
G1 X79.284 Y118.279 E8092.27158
G1 X79.679 Y119.166 E8092.35897
G1 X80.336 Y119.89 E8092.44696
G1 X134.315 Y168.009 E8098.95513
G1 X135.193 Y168.495 E8099.04544
G1 X136.024 Y168.717 E8099.12286
G1 X136.873 Y168.743 E8099.1993
G1 X137.724 Y168.565 E8099.27755
G1 X138.762 Y168.081 E8099.38063
G1 X143.012 Y163.807 E8099.92309
G1 X143.54 Y162.98 E8100.0114
G1 X143.805 Y162.213 E8100.08443
G1 X143.897 Y161.385 E8100.15941
G1 X143.776 Y160.354 E8100.25284
G1 X143.198 Y159.17 E8100.37142
G1 X100.446 Y116.631 E8105.79932
G1 X97.948 Y115.6 E8106.04254
G1 X96.201 Y115.6 E8106.19977
G0 F7200 X95.901 Y115.6
G0 X96.2 Y116.2
;TYPE:WALL-INNER
G1 F4620 X88.139 Y116.2 E8106.92526
G1 X87.644 Y115.972 E8106.97431
G1 X87.439 Y115.704 E8107.00467
G1 X87.344 Y115.3 E8107.04202
G1 X87.344 Y113.628 E8107.1925
G1 X79.696 Y113.628 E8107.88082
G1 X79.696 Y117.315 E8108.21265
G1 X79.858 Y118.094 E8108.28426
G1 X80.188 Y118.834 E8108.35719
G1 X80.759 Y119.463 E8108.43364
G1 X134.664 Y167.517 E8114.93295
G1 X135.419 Y167.934 E8115.01058
G1 X136.112 Y168.119 E8115.07513
G1 X136.82 Y168.141 E8115.13888
G1 X137.533 Y167.992 E8115.20444
G1 X138.413 Y167.582 E8115.29181
G1 X142.541 Y163.43 E8115.81875
G1 X142.996 Y162.717 E8115.89487
G1 X143.216 Y162.08 E8115.95552
G1 X143.293 Y161.387 E8116.01828
G1 X143.192 Y160.526 E8116.0963
G1 X142.702 Y159.523 E8116.19677
G1 X100.107 Y117.14 E8121.60475
G1 X97.829 Y116.2 E8121.82654
G1 X96.2 Y116.2 E8121.97315
G0 F7200 X96.199 Y117.112
G10
;MESH:NONMESH
G0 F600 X96.199 Y117.112 Z5.5
G0 F7200 X87.62 Y115.924
G0 X89.053 Y114.491
G0 X97.061 Y104.241
G0 X97.061 Y96.042
G0 X95.093 Y94.053
G0 X87.62 Y88.379
G0 X87.62 Y86.928
G0 X81.216 Y55.788
G0 X81.11 Y55.654
;TIME_ELAPSED:1857.866291
;LAYER:34
;TYPE:FILL
;MESH:porte-manteau.stl
G11
G1 F6300 X95.93 Y70.475 E8123.85949
G0 F7200 X95.794 Y70.374
G0 X96.816 Y69.25
G0 X97.694 Y68.451
G0 X97.79 Y68.586
G1 F6300 X79.936 Y73.37 E8125.52303
G0 F7200 X79.936 Y72.817
G1 F6300 X84.689 Y55.079 E8127.17577
G0 F7200 X84.689 Y55.252
G0 X93.264 Y55.252
G0 X93.264 Y55.08
G1 F6300 X120.819 Y82.635 E8130.68295
G0 F7200 X120.882 Y82.481
G0 X119.399 Y81.337
G0 X119.284 Y81.462
G1 F6300 X125.875 Y79.696 E8131.29707
G0 F7200 X125.711 Y79.677
G0 X125.212 Y77.264
G0 X125.356 Y77.174
G1 F6300 X124.059 Y82.016 E8131.74821
G0 F7200 X123.94 Y81.897
G0 X115.865 Y78.123
G0 X115.751 Y78.247
G1 F6300 X118.017 Y69.791 E8132.5361
G0 F7200 X117.896 Y69.912
G0 X120.02 Y72.036
G0 X120.142 Y71.915
G1 F6300 X111.371 Y74.265 E8133.35333
G0 F7200 X111.486 Y74.141
G0 X108.373 Y71.31
G0 X108.259 Y71.434
G1 F6300 X110.668 Y62.444 E8134.19098
G0 F7200 X110.548 Y62.564
G0 X112.671 Y64.687
G0 X112.793 Y64.566
G1 F6300 X100.823 Y67.774 E8135.3063
G0 F7200 X99.91 Y67.822
G1 F6300 X103.254 Y55.341 E8136.46921
G0 F7200 X103.181 Y55.493
G0 X105.323 Y57.339
G0 X105.444 Y57.218
G1 F6300 X79.937 Y64.052 E8138.8458
G0 F7200 X80.109 Y64.052
G0 X80.109 Y67.208
G0 X79.936 Y67.208
G1 F6300 X95.105 Y82.377 E8140.7765
G0 F7200 X94.934 Y82.377
G0 X94.934 Y78.623
G0 X95.107 Y78.623
G1 F6300 X79.936 Y82.688 E8142.19006
G0 F7200 X80.109 Y82.688
G0 X80.109 Y79.936
G0 X79.936 Y79.936
G1 F6300 X86.628 Y86.628 E8143.04181
G0 F7200 X85.553 Y86.629
G1 F6300 X94.007 Y55.079 E8145.98148
G0 F7200 X94.007 Y54.24
;TYPE:WALL-OUTER
G1 F2880 X82.513 Y54.24 E8147.01594
G1 X81.567 Y54.45 E8147.10315
G1 X80.829 Y54.804 E8147.17682
G1 X80.178 Y55.322 E8147.25169
G1 X79.531 Y56.135 E8147.34521
G1 X79.096 Y57.389 E8147.46466
G1 X79.096 Y87.468 E8150.17177
G1 X87.944 Y87.468 E8150.96809
G1 X87.944 Y85.084 E8151.18265
G1 X88.032 Y84.871 E8151.2034
G1 X88.19 Y84.788 E8151.21946
G1 X94.625 Y84.784 E8151.79861
G1 X95.944 Y83.43 E8151.96873
G1 X95.945 Y72.626 E8152.94109
G1 X96.393 Y71.266 E8153.06996
G1 X97.07 Y70.34 E8153.1732
G1 X97.658 Y69.724 E8153.24984
G1 X98.406 Y69.179 E8153.33314
G1 X99.233 Y68.818 E8153.41435
G1 X100.233 Y68.613 E8153.50622
G1 X102.52 Y68.611 E8153.71205
G1 X103.572 Y68.822 E8153.80862
G1 X104.376 Y69.182 E8153.8879
G1 X105.117 Y69.713 E8153.96994
G1 X119.489 Y82.782 E8155.71825
G1 X120.199 Y83.287 E8155.79666
G1 X120.993 Y83.616 E8155.87401
G1 X121.882 Y83.75 E8155.95493
G1 X122.952 Y83.653 E8156.05162
G1 X123.929 Y83.195 E8156.14873
G1 X124.39 Y82.873 E8156.19934
G1 X126.112 Y81.151 E8156.41852
G1 X126.691 Y79.955 E8156.53811
G1 X126.806 Y78.925 E8156.63138
G1 X126.713 Y78.1 E8156.7061
G1 X126.443 Y77.327 E8156.77979
G1 X125.943 Y76.529 E8156.86455
G1 X104.755 Y55.341 E8159.56134
G1 X104.083 Y54.804 E8159.63876
G1 X103.341 Y54.45 E8159.71275
G1 X102.395 Y54.24 E8159.79996
G1 X94.007 Y54.24 E8160.55488
G0 F7200 X93.707 Y54.24
G0 X94.007 Y54.84
;TYPE:WALL-INNER
G1 F4620 X82.579 Y54.84 E8161.5834
G1 X81.764 Y55.021 E8161.65854
G1 X81.149 Y55.316 E8161.71993
G1 X80.605 Y55.749 E8161.7825
G1 X80.064 Y56.429 E8161.86071
G1 X79.696 Y57.489 E8161.96169
G1 X79.696 Y86.868 E8164.6058
G1 X87.344 Y86.868 E8165.29412
G1 X87.344 Y84.905 E8165.47079
G1 X87.521 Y84.547 E8165.50674
G1 X87.898 Y84.252 E8165.54982
G1 X88.169 Y84.187 E8165.5749
G1 X94.372 Y84.184 E8166.13317
G1 X95.344 Y83.186 E8166.25855
G1 X95.349 Y72.534 E8167.21723
G1 X95.85 Y70.99 E8167.36333
G1 X96.574 Y69.999 E8167.47378
G1 X97.283 Y69.254 E8167.56634
G1 X98.105 Y68.654 E8167.65793
G1 X99.051 Y68.246 E8167.75066
G1 X100.173 Y68.016 E8167.85374
G1 X102.609 Y68.011 E8168.07298
G1 X103.756 Y68.25 E8168.17842
G1 X104.704 Y68.671 E8168.27178
G1 X105.47 Y69.227 E8168.35696
G1 X119.866 Y82.314 E8170.10795
G1 X120.491 Y82.759 E8170.17701
G1 X121.155 Y83.034 E8170.24169
G1 X121.9 Y83.146 E8170.30949
G1 X122.793 Y83.065 E8170.39019
G1 X123.842 Y82.572 E8170.49451
G1 X125.616 Y80.798 E8170.7203
G1 X126.106 Y79.787 E8170.82142
G1 X126.202 Y78.925 E8170.89948
G1 X126.124 Y78.234 E8170.96206
G1 X125.899 Y77.589 E8171.02354
G1 X125.471 Y76.905 E8171.09616
G1 X104.355 Y55.789 E8173.78379
G1 X103.763 Y55.316 E8173.85199
G1 X103.144 Y55.021 E8173.9137
G1 X102.329 Y54.84 E8173.98884
G1 X94.007 Y54.84 E8174.73782
G0 F7200 X94.007 Y55.752
G10
G0 X83.785 Y87.138
G0 X83.785 Y88.589
G0 X83.785 Y91.267
G0 X83.785 Y92.718
G0 X83.785 Y93.227
;TYPE:FILL
G11
G1 F6300 X80.08 Y107.056 E8176.02632
G0 F7200 X80.08 Y106.888
G0 X81.6 Y106.888
G0 X81.6 Y107.056
G1 F6300 X79.936 Y105.391 E8176.23818
G0 F7200 X80.109 Y105.391
G0 X80.109 Y101.323
G0 X79.936 Y101.323
G1 F6300 X95.104 Y97.258 E8177.65147
G0 F7200 X94.934 Y97.258
G0 X92.382 Y96.085
G0 X92.383 Y95.913
G1 F6300 X90.116 Y104.371 E8178.43956
G0 F7200 X90.116 Y104.203
G0 X91.642 Y104.201
G0 X91.642 Y104.37
G1 F6300 X80.5 Y93.228 E8179.8577
G0 F7200 X80.5 Y93.398
G0 X87.534 Y94.832
G0 X87.944 Y94.832
;TYPE:WALL-OUTER
G1 F2880 X87.944 Y92.388 E8180.07766
G1 X80.5 Y92.388 E8180.74762
G1 X79.096 Y92.388 E8180.87398
G1 X79.096 Y107.896 E8182.2697
G1 X87.944 Y107.896 E8183.06602
G1 X87.944 Y105.452 E8183.28598
G1 X88.199 Y105.215 E8183.31731
G1 X94.625 Y105.208 E8183.89566
G1 X95.944 Y103.857 E8184.06559
G1 X95.944 Y96.423 E8184.73465
G1 X94.625 Y95.076 E8184.90432
G1 X88.199 Y95.069 E8185.48266
G1 X87.944 Y94.832 E8185.51399
G0 F7200 X87.944 Y94.532
G0 X87.344 Y94.951
;TYPE:WALL-INNER
G1 F4620 X87.344 Y92.988 E8185.69066
G1 X80.5 Y92.988 E8186.30662
G1 X79.696 Y92.988 E8186.37898
G1 X79.696 Y107.296 E8187.6667
G1 X87.344 Y107.296 E8188.35502
G1 X87.344 Y105.333 E8188.53169
G1 X87.517 Y104.98 E8188.56707
G1 X87.876 Y104.69 E8188.6086
G1 X88.141 Y104.612 E8188.63347
G1 X94.372 Y104.608 E8189.19426
G1 X95.344 Y103.613 E8189.31944
G1 X95.344 Y96.668 E8189.94449
G1 X94.373 Y95.676 E8190.06943
G1 X88.052 Y95.669 E8190.63832
G1 X87.689 Y95.482 E8190.67507
G1 X87.344 Y94.951 E8190.73206
G0 F7200 X86.434 Y94.951
G10
G0 X86.934 Y107.568
G0 X86.934 Y109.019
G0 X86.934 Y111.697
G0 X86.934 Y113.148
G0 X86.934 Y115.484
G0 X87.139 Y115.484
;TYPE:FILL
G11
G1 F6300 X85.118 Y123.026 E8191.43479
G0 F7200 X85.23 Y122.901
G0 X82.696 Y120.642
G0 X82.584 Y120.767
G1 F6300 X80.29 Y118.474 E8191.7267
G0 F7200 X80.447 Y118.405
G0 X81.386 Y119.474
G0 X81.272 Y119.6
G1 F6300 X93.422 Y116.344 E8192.85878
G0 F7200 X93.421 Y116.515
G0 X90.887 Y116.515
G0 X90.888 Y116.344
G1 F6300 X140.095 Y165.551 E8199.12181
G0 F7200 X139.977 Y165.432
G0 X138.403 Y167.013
G0 X138.522 Y167.133
G1 F6300 X140.94 Y158.108 E8199.96271
G0 F7200 X140.821 Y158.226
G0 X141.936 Y159.336
G0 X142.056 Y159.217
G1 F6300 X129.491 Y162.584 E8201.13346
G0 F7200 X130.244 Y163.253
G1 F6300 X133.584 Y150.789 E8202.2948
G0 F7200 X133.465 Y150.907
G0 X134.559 Y151.995
G0 X134.678 Y151.877
G1 F6300 X121.455 Y155.42 E8203.52684
G0 F7200 X121.567 Y155.296
G0 X122.834 Y156.425
G0 X122.723 Y156.549
G1 F6300 X126.227 Y143.47 E8204.74547
G0 F7200 X126.109 Y143.588
G0 X127.181 Y144.654
G0 X127.3 Y144.536
G1 F6300 X113.418 Y148.256 E8206.03893
G0 F7200 X113.53 Y148.131
G0 X115.313 Y149.72
G0 X115.202 Y149.844
G1 F6300 X118.871 Y136.149 E8207.31494
G0 F7200 X118.752 Y136.268
G0 X119.803 Y137.314
G0 X119.923 Y137.195
G1 F6300 X105.382 Y141.092 E8208.66982
G0 F7200 X105.495 Y140.967
G0 X107.793 Y143.016
G0 X107.681 Y143.14
G1 F6300 X111.515 Y128.83 E8210.00314
G0 F7200 X111.396 Y128.949
G0 X112.426 Y129.974
G0 X112.546 Y129.855
G1 F6300 X97.345 Y133.928 E8211.41949
G0 F7200 X97.458 Y133.802
G0 X100.272 Y136.311
G0 X100.16 Y136.435
G1 F6300 X104.159 Y121.511 E8212.81003
G0 F7200 X104.04 Y121.629
G0 X105.048 Y122.633
G0 X105.168 Y122.514
G1 F6300 X89.309 Y126.764 E8214.28771
G0 F7200 X89.422 Y126.638
G0 X92.751 Y129.606
G0 X92.639 Y129.73
G1 F6300 X96.226 Y116.343 E8215.53504
G0 F7200 X96.227 Y115.504
;TYPE:WALL-OUTER
G1 F2880 X88.199 Y115.501 E8216.25756
G1 X87.944 Y115.262 E8216.28901
G1 X87.944 Y112.816 E8216.50915
G1 X79.096 Y112.816 E8217.30547
G1 X79.096 Y117.377 E8217.71596
G1 X79.284 Y118.279 E8217.79889
G1 X79.679 Y119.166 E8217.88628
G1 X80.336 Y119.89 E8217.97427
G1 X134.315 Y168.009 E8224.48244
G1 X135.193 Y168.495 E8224.57275
G1 X136.024 Y168.717 E8224.65017
G1 X136.873 Y168.743 E8224.72661
G1 X137.724 Y168.565 E8224.80486
G1 X138.762 Y168.081 E8224.90794
G1 X143.012 Y163.807 E8225.4504
G1 X143.54 Y162.98 E8225.53871
G1 X143.805 Y162.213 E8225.61174
G1 X143.897 Y161.385 E8225.68672
G1 X143.776 Y160.354 E8225.78015
G1 X143.198 Y159.17 E8225.89873
G1 X100.378 Y116.563 E8231.33529
G1 X98.446 Y115.758 E8231.52366
G1 X97.814 Y115.504 E8231.58496
G1 X96.227 Y115.504 E8231.72779
G0 F7200 X95.927 Y115.504
G0 X96.226 Y116.104
;TYPE:WALL-INNER
G1 F4620 X88.154 Y116.104 E8232.45427
G1 X87.712 Y115.931 E8232.49699
G1 X87.344 Y115.369 E8232.55745
G1 X87.344 Y113.416 E8232.73322
G1 X79.696 Y113.416 E8233.42154
G1 X79.696 Y117.315 E8233.77245
G1 X79.858 Y118.094 E8233.84406
G1 X80.188 Y118.834 E8233.91698
G1 X80.759 Y119.464 E8233.9935
G1 X134.664 Y167.517 E8240.49275
G1 X135.419 Y167.934 E8240.57037
G1 X136.112 Y168.119 E8240.63493
G1 X136.82 Y168.141 E8240.69868
G1 X137.533 Y167.992 E8240.76423
G1 X138.413 Y167.582 E8240.85161
G1 X142.541 Y163.43 E8241.37855
G1 X142.996 Y162.717 E8241.45467
G1 X143.216 Y162.08 E8241.51532
G1 X143.293 Y161.387 E8241.57808
G1 X143.192 Y160.526 E8241.6561
G1 X142.702 Y159.523 E8241.75656
G1 X100.038 Y117.071 E8247.17333
G1 X97.698 Y116.104 E8247.4012
G1 X96.226 Y116.104 E8247.53368
G0 F7200 X96.225 Y117.015
G10
;MESH:NONMESH
G0 F600 X96.225 Y117.015 Z5.65
G0 F7200 X87.62 Y115.829
G0 X89.053 Y114.396
G0 X97.062 Y104.318
G0 X97.062 Y95.966
G0 X95.097 Y93.959
G0 X87.62 Y88.589
G0 X87.62 Y87.138
G0 X81.216 Y55.788
G0 X81.11 Y55.654
;TIME_ELAPSED:1883.503467
;LAYER:35
;TYPE:FILL
;MESH:porte-manteau.stl
G11
G1 F6300 X95.93 Y70.475 E8249.42003
G0 F7200 X95.794 Y70.374
G0 X96.816 Y69.25
G0 X97.694 Y68.451
G0 X97.79 Y68.586
G1 F6300 X79.936 Y73.37 E8251.08357
G0 F7200 X79.936 Y72.818
G1 F6300 X84.689 Y55.079 E8252.7364
G0 F7200 X84.689 Y55.252
G0 X93.264 Y55.252
G0 X93.264 Y55.08
G1 F6300 X120.866 Y82.683 E8256.24962
G0 F7200 X120.912 Y82.521
G0 X119.4 Y81.337
G0 X119.284 Y81.462
G1 F6300 X125.875 Y79.696 E8256.86373
G0 F7200 X125.711 Y79.677
G0 X125.212 Y77.264
G0 X125.356 Y77.174
G1 F6300 X124.059 Y82.017 E8257.31496
G0 F7200 X123.94 Y81.897
G0 X115.865 Y78.123
G0 X115.751 Y78.247
G1 F6300 X118.017 Y69.791 E8258.10286
G0 F7200 X117.896 Y69.912
G0 X120.02 Y72.036
G0 X120.142 Y71.915
G1 F6300 X111.371 Y74.265 E8258.92009
G0 F7200 X111.486 Y74.14
G0 X108.374 Y71.31
G0 X108.259 Y71.434
G1 F6300 X110.668 Y62.444 E8259.75773
G0 F7200 X110.548 Y62.564
G0 X112.671 Y64.687
G0 X112.793 Y64.566
G1 F6300 X100.823 Y67.774 E8260.87305
G0 F7200 X99.91 Y67.822
G1 F6300 X103.254 Y55.341 E8262.03596
G0 F7200 X103.181 Y55.493
G0 X105.323 Y57.339
G0 X105.444 Y57.218
G1 F6300 X79.937 Y64.052 E8264.41256
G0 F7200 X80.109 Y64.052
G0 X80.109 Y67.208
G0 X79.936 Y67.208
G1 F6300 X95.105 Y82.377 E8266.34326
G0 F7200 X94.934 Y82.377
G0 X94.934 Y78.623
G0 X95.106 Y78.623
G1 F6300 X79.937 Y82.687 E8267.75661
G0 F7200 X80.109 Y82.687
G0 X80.109 Y79.936
G0 X79.936 Y79.936
G1 F6300 X86.968 Y86.968 E8268.65164
G0 F7200 X86.968 Y86.799
G0 X85.462 Y86.799
G0 X85.462 Y86.969
G1 F6300 X94.007 Y55.079 E8271.62299
G0 F7200 X94.007 Y54.24
;TYPE:WALL-OUTER
G1 F2880 X82.513 Y54.24 E8272.65745
G1 X81.567 Y54.45 E8272.74466
G1 X80.829 Y54.804 E8272.81833
G1 X80.178 Y55.322 E8272.8932
G1 X79.531 Y56.135 E8272.98672
G1 X79.096 Y57.389 E8273.10617
G1 X79.096 Y87.808 E8275.84388
G1 X87.944 Y87.808 E8276.6402
G1 X87.944 Y85.169 E8276.87771
G1 X88.189 Y84.928 E8276.90864
G1 X94.623 Y84.924 E8277.4877
G1 X95.944 Y83.532 E8277.66042
G1 X95.945 Y72.626 E8278.64196
G1 X96.393 Y71.266 E8278.77083
G1 X97.07 Y70.34 E8278.87406
G1 X97.658 Y69.724 E8278.95071
G1 X98.406 Y69.179 E8279.034
G1 X99.233 Y68.818 E8279.11521
G1 X100.233 Y68.613 E8279.20708
G1 X102.52 Y68.611 E8279.41291
G1 X103.572 Y68.822 E8279.50948
G1 X104.376 Y69.182 E8279.58876
G1 X105.117 Y69.713 E8279.67081
G1 X119.49 Y82.782 E8281.41918
G1 X120.373 Y83.417 E8281.51706
G1 X121.644 Y83.772 E8281.63583
G1 X122.96 Y83.65 E8281.75478
G1 X123.932 Y83.195 E8281.85137
G1 X124.39 Y82.873 E8281.90176
G1 X126.112 Y81.151 E8282.12093
G1 X126.691 Y79.955 E8282.24052
G1 X126.806 Y78.925 E8282.3338
G1 X126.713 Y78.1 E8282.40852
G1 X126.443 Y77.327 E8282.48221
G1 X125.943 Y76.529 E8282.56696
G1 X104.755 Y55.341 E8285.26376
G1 X104.083 Y54.804 E8285.34117
G1 X103.341 Y54.45 E8285.41516
G1 X102.395 Y54.24 E8285.50238
G1 X94.007 Y54.24 E8286.2573
G0 F7200 X93.707 Y54.24
G0 X94.007 Y54.84
;TYPE:WALL-INNER
G1 F4620 X82.579 Y54.84 E8287.28582
G1 X81.764 Y55.021 E8287.36095
G1 X81.149 Y55.316 E8287.42234
G1 X80.605 Y55.749 E8287.48492
G1 X80.064 Y56.429 E8287.56312
G1 X79.696 Y57.489 E8287.66411
G1 X79.696 Y87.208 E8290.33882
G1 X87.344 Y87.208 E8291.02714
G1 X87.344 Y85.064 E8291.2201
G1 X87.498 Y84.719 E8291.2541
G1 X87.886 Y84.397 E8291.29948
G1 X88.169 Y84.327 E8291.32572
G1 X94.365 Y84.324 E8291.88336
G1 X95.344 Y83.292 E8292.01138
G1 X95.349 Y72.534 E8292.9796
G1 X95.85 Y70.99 E8293.1257
G1 X96.574 Y69.999 E8293.23615
G1 X97.283 Y69.254 E8293.32871
G1 X98.105 Y68.654 E8293.4203
G1 X99.051 Y68.246 E8293.51303
G1 X100.173 Y68.016 E8293.6161
G1 X102.609 Y68.011 E8293.83535
G1 X103.756 Y68.25 E8293.94079
G1 X104.704 Y68.671 E8294.03415
G1 X105.47 Y69.227 E8294.11933
G1 X119.868 Y82.315 E8295.87052
G1 X120.637 Y82.868 E8295.95577
G1 X121.7 Y83.165 E8296.0551
G1 X122.8 Y83.062 E8296.15453
G1 X123.837 Y82.577 E8296.25757
G1 X125.616 Y80.798 E8296.48399
G1 X126.106 Y79.787 E8296.58511
G1 X126.202 Y78.925 E8296.66317
G1 X126.124 Y78.234 E8296.72575
G1 X125.899 Y77.589 E8296.78723
G1 X125.471 Y76.905 E8296.85985
G1 X104.355 Y55.789 E8299.54748
G1 X103.763 Y55.316 E8299.61568
G1 X103.144 Y55.021 E8299.67739
G1 X102.329 Y54.84 E8299.75253
G1 X94.007 Y54.84 E8300.50151
G0 F7200 X94.007 Y55.752
G10
G0 X83.876 Y87.479
G0 X83.876 Y88.93
G0 X83.874 Y90.922
G0 X83.874 Y92.373
G0 X83.877 Y92.882
;TYPE:FILL
G11
G1 F6300 X79.988 Y107.397 E8301.85393
G0 F7200 X80.079 Y107.259
G0 X81.94 Y107.229
G0 X81.94 Y107.396
G1 F6300 X79.936 Y105.392 E8302.109
G0 F7200 X80.109 Y105.392
G0 X80.109 Y101.322
G0 X79.937 Y101.322
G1 F6300 X95.104 Y97.258 E8303.52219
G0 F7200 X94.934 Y97.258
G0 X92.42 Y95.942
G0 X92.421 Y95.772
G1 F6300 X90.078 Y104.514 E8304.33673
G0 F7200 X90.078 Y104.344
G0 X91.783 Y104.342
G0 X91.783 Y104.511
G1 F6300 X80.153 Y92.881 E8305.81699
G0 F7200 X80.152 Y93.053
G0 X87.534 Y94.687
G0 X87.944 Y94.687
;TYPE:WALL-OUTER
G1 F2880 X87.944 Y92.044 E8306.05486
G1 X80.154 Y92.042 E8306.75596
G1 X79.096 Y92.041 E8306.85118
G1 X79.096 Y108.236 E8308.30873
G1 X87.944 Y108.236 E8309.10505
G1 X87.944 Y105.601 E8309.3422
G1 X88.201 Y105.358 E8309.37403
G1 X94.623 Y105.348 E8309.95201
G1 X95.944 Y103.967 E8310.12401
G1 X95.944 Y96.313 E8310.81287
G1 X94.623 Y94.932 E8310.98487
G1 X88.201 Y94.93 E8311.56285
G1 X87.944 Y94.687 E8311.59468
G0 F7200 X87.944 Y94.387
G0 X87.344 Y94.632
;TYPE:WALL-INNER
G1 F4620 X87.344 Y92.644 E8311.7736
G1 X80.154 Y92.642 E8312.4207
G1 X79.696 Y92.641 E8312.46192
G1 X79.696 Y107.636 E8313.81147
G1 X87.344 Y107.636 E8314.49979
G1 X87.344 Y105.656 E8314.67799
G1 X87.426 Y105.279 E8314.71271
G1 X87.801 Y104.872 E8314.76252
G1 X88.153 Y104.756 E8314.79588
G1 X94.366 Y104.748 E8315.35505
G1 X95.344 Y103.727 E8315.48229
G1 X95.344 Y96.554 E8316.12786
G1 X94.367 Y95.532 E8316.25511
G1 X88.154 Y95.532 E8316.81428
G1 X87.801 Y95.416 E8316.84772
G1 X87.425 Y95.007 E8316.89772
G1 X87.344 Y94.632 E8316.93225
G0 F7200 X86.434 Y94.632
G10
G0 X86.934 Y107.909
G0 X86.934 Y109.36
G0 X86.934 Y111.353
G0 X86.934 Y112.804
G0 X86.934 Y115.37
G0 X87.169 Y115.37
;TYPE:FILL
G11
G1 F6300 X85.118 Y123.026 E8317.64559
G0 F7200 X85.23 Y122.901
G0 X82.696 Y120.642
G0 X82.584 Y120.767
G1 F6300 X80.29 Y118.474 E8317.9375
G0 F7200 X80.447 Y118.405
G0 X81.386 Y119.474
G0 X81.272 Y119.6
G1 F6300 X93.95 Y116.203 E8319.11877
G0 F7200 X93.949 Y116.374
G0 X96.262 Y116.375
G0 X96.263 Y116.203
G1 F6300 X92.639 Y129.73 E8320.37914
G0 F7200 X92.751 Y129.606
G0 X89.422 Y126.638
G0 X89.309 Y126.764
G1 F6300 X105.167 Y122.514 E8321.85672
G0 F7200 X105.047 Y122.633
G0 X104.04 Y121.631
G0 X104.158 Y121.513
G1 F6300 X100.16 Y136.435 E8323.24707
G0 F7200 X100.272 Y136.311
G0 X97.458 Y133.802
G0 X97.345 Y133.928
G1 F6300 X112.544 Y129.855 E8324.66325
G0 F7200 X112.425 Y129.973
G0 X111.396 Y128.95
G0 X111.515 Y128.832
G1 F6300 X107.681 Y143.14 E8325.9964
G0 F7200 X107.793 Y143.016
G0 X105.495 Y140.967
G0 X105.382 Y141.092
G1 F6300 X119.922 Y137.196 E8327.35116
G0 F7200 X119.803 Y137.314
G0 X118.752 Y136.269
G0 X118.871 Y136.151
G1 F6300 X115.202 Y149.844 E8328.627
G0 F7200 X115.313 Y149.72
G0 X113.53 Y148.131
G0 X113.418 Y148.256
G1 F6300 X127.299 Y144.536 E8329.92038
G0 F7200 X127.18 Y144.654
G0 X126.109 Y143.588
G0 X126.227 Y143.471
G1 F6300 X122.723 Y156.549 E8331.13891
G0 F7200 X122.834 Y156.425
G0 X121.567 Y155.296
G0 X121.455 Y155.42
G1 F6300 X134.678 Y151.877 E8332.37096
G0 F7200 X134.559 Y151.996
G0 X133.465 Y150.907
G0 X133.584 Y150.789
G1 F6300 X130.244 Y163.253 E8333.5323
G0 F7200 X129.491 Y162.584
G1 F6300 X142.056 Y159.217 E8334.70304
G0 F7200 X141.936 Y159.336
G0 X140.821 Y158.226
G0 X140.94 Y158.108
G1 F6300 X138.522 Y167.133 E8335.54394
G0 F7200 X138.403 Y167.013
G0 X139.977 Y165.432
G0 X140.095 Y165.551
G1 F6300 X90.747 Y116.202 E8341.82498
G0 F7200 X90.748 Y115.359
;TYPE:WALL-OUTER
G1 F2880 X88.197 Y115.357 E8342.05457
G1 X87.944 Y115.149 E8342.08405
G1 X87.944 Y112.472 E8342.32498
G1 X79.096 Y112.472 E8343.1213
G1 X79.096 Y117.377 E8343.56275
G1 X79.284 Y118.279 E8343.64567
G1 X79.679 Y119.166 E8343.73306
G1 X80.336 Y119.89 E8343.82105
G1 X134.315 Y168.009 E8350.32922
G1 X135.193 Y168.495 E8350.41954
G1 X136.024 Y168.717 E8350.49695
G1 X136.873 Y168.743 E8350.5734
G1 X137.724 Y168.565 E8350.65164
G1 X138.762 Y168.081 E8350.75472
G1 X143.012 Y163.807 E8351.29719
G1 X143.54 Y162.98 E8351.38549
G1 X143.805 Y162.213 E8351.45853
G1 X143.897 Y161.385 E8351.53351
G1 X143.776 Y160.354 E8351.62693
G1 X143.198 Y159.17 E8351.74551
G1 X100.281 Y116.47 E8357.19416
G1 X98.98 Y115.917 E8357.32139
G1 X97.64 Y115.364 E8357.45186
G1 X90.748 Y115.359 E8358.07214
G0 F7200 X90.448 Y115.359
G0 X90.748 Y115.962
;TYPE:WALL-INNER
G1 F4620 X88.15 Y115.961 E8358.30596
G1 X87.826 Y115.858 E8358.33656
G1 X87.418 Y115.42 E8358.39043
G1 X87.344 Y115.06 E8358.42351
G1 X87.344 Y113.072 E8358.60243
G1 X79.696 Y113.072 E8359.29075
G1 X79.696 Y117.315 E8359.67262
G1 X79.858 Y118.094 E8359.74423
G1 X80.188 Y118.834 E8359.81715
G1 X80.759 Y119.464 E8359.89367
G1 X134.664 Y167.517 E8366.39292
G1 X135.419 Y167.934 E8366.47054
G1 X136.112 Y168.119 E8366.5351
G1 X136.82 Y168.141 E8366.59885
G1 X137.533 Y167.992 E8366.6644
G1 X138.413 Y167.582 E8366.75178
G1 X142.541 Y163.43 E8367.27872
G1 X142.996 Y162.717 E8367.35484
G1 X143.216 Y162.08 E8367.41549
G1 X143.293 Y161.387 E8367.47825
G1 X143.192 Y160.526 E8367.55627
G1 X142.702 Y159.523 E8367.65673
G1 X99.94 Y116.977 E8373.08572
G1 X98.717 Y116.458 E8373.20529
G1 X97.521 Y115.964 E8373.32175
G1 X90.748 Y115.962 E8373.93132
G0 F7200 X90.747 Y116.874
G10
;MESH:NONMESH
G0 F600 X90.747 Y116.874 Z5.8
G0 F7200 X87.62 Y115.687
G0 X89.053 Y114.254
G0 X97.062 Y104.418
G0 X97.062 Y95.865
G0 X95.102 Y93.816
G0 X87.62 Y88.93
G0 X87.62 Y87.479
G0 X81.216 Y55.788
G0 X81.11 Y55.654
;TIME_ELAPSED:1909.267681
;LAYER:36
;TYPE:FILL
;MESH:porte-manteau.stl
G11
G1 F6300 X95.93 Y70.475 E8375.81766
G0 F7200 X95.794 Y70.374
G0 X96.816 Y69.25
G0 X97.694 Y68.451
G0 X97.79 Y68.586
G1 F6300 X79.936 Y73.37 E8377.48121
G0 F7200 X79.937 Y72.816
G1 F6300 X84.689 Y55.079 E8379.13383
G0 F7200 X84.689 Y55.252
G0 X93.264 Y55.252
G0 X93.264 Y55.08
G1 F6300 X120.837 Y82.654 E8382.64337
G0 F7200 X120.92 Y82.509
G0 X119.399 Y81.337
G0 X119.285 Y81.461
G1 F6300 X125.875 Y79.696 E8383.25737
G0 F7200 X125.711 Y79.677
G0 X125.212 Y77.264
G0 X125.356 Y77.174
G1 F6300 X124.059 Y82.017 E8383.7086
G0 F7200 X123.94 Y81.897
G0 X115.865 Y78.123
G0 X115.751 Y78.247
G1 F6300 X118.017 Y69.791 E8384.49649
G0 F7200 X117.896 Y69.912
G0 X120.02 Y72.036
G0 X120.142 Y71.915
G1 F6300 X111.372 Y74.264 E8385.31362
G0 F7200 X111.486 Y74.14
G0 X108.374 Y71.31
G0 X108.259 Y71.434
G1 F6300 X110.668 Y62.444 E8386.15126
G0 F7200 X110.548 Y62.564
G0 X112.671 Y64.687
G0 X112.793 Y64.566
G1 F6300 X100.823 Y67.774 E8387.26658
G0 F7200 X99.91 Y67.822
G1 F6300 X103.254 Y55.341 E8388.42949
G0 F7200 X103.181 Y55.493
G0 X105.323 Y57.339
G0 X105.444 Y57.218
G1 F6300 X79.937 Y64.052 E8390.80609
G0 F7200 X80.109 Y64.052
G0 X80.109 Y67.208
G0 X79.936 Y67.208
G1 F6300 X95.105 Y82.377 E8392.73678
G0 F7200 X94.934 Y82.377
G0 X94.934 Y78.623
G0 X95.106 Y78.623
G1 F6300 X79.937 Y82.687 E8394.15014
G0 F7200 X80.109 Y82.687
G0 X80.109 Y79.936
G0 X79.936 Y79.936
G1 F6300 X86.277 Y86.277 E8394.95722
G0 F7200 X85.647 Y86.278
G1 F6300 X94.007 Y55.079 E8397.86419
G0 F7200 X94.007 Y54.24
;TYPE:WALL-OUTER
G1 F2880 X82.513 Y54.24 E8398.89865
G1 X81.567 Y54.45 E8398.98586
G1 X80.829 Y54.804 E8399.05953
G1 X80.178 Y55.322 E8399.1344
G1 X79.531 Y56.135 E8399.22791
G1 X79.096 Y57.389 E8399.34737
G1 X79.096 Y88.388 E8402.13728
G1 X87.944 Y88.388 E8402.9336
G1 X87.948 Y85.361 E8403.20603
G1 X88.191 Y85.12 E8403.23683
G1 X94.619 Y85.116 E8403.81535
G1 X95.357 Y84.302 E8403.91424
G1 X95.944 Y83.677 E8403.99141
G1 X95.945 Y72.626 E8404.986
G1 X96.393 Y71.266 E8405.11487
G1 X97.07 Y70.34 E8405.21811
G1 X97.658 Y69.724 E8405.29475
G1 X98.406 Y69.179 E8405.37804
G1 X99.233 Y68.818 E8405.45926
G1 X100.233 Y68.613 E8405.55113
G1 X102.52 Y68.611 E8405.75696
G1 X103.572 Y68.822 E8405.85352
G1 X104.376 Y69.182 E8405.93281
G1 X105.117 Y69.713 E8406.01485
G1 X119.705 Y82.979 E8407.78946
G1 X120.585 Y83.476 E8407.88042
G1 X121.383 Y83.701 E8407.95504
G1 X122.325 Y83.734 E8408.03987
G1 X123.156 Y83.557 E8408.11634
G1 X123.936 Y83.195 E8408.19373
G1 X124.393 Y82.87 E8408.2442
G1 X126.112 Y81.151 E8408.463
G1 X126.691 Y79.955 E8408.58259
G1 X126.806 Y78.925 E8408.67586
G1 X126.713 Y78.1 E8408.75058
G1 X126.443 Y77.327 E8408.82428
G1 X125.943 Y76.529 E8408.90903
G1 X104.755 Y55.341 E8411.60582
G1 X104.083 Y54.804 E8411.68324
G1 X103.341 Y54.45 E8411.75723
G1 X102.395 Y54.24 E8411.84444
G1 X94.007 Y54.24 E8412.59936
G0 F7200 X93.707 Y54.24
G0 X94.007 Y54.84
;TYPE:WALL-INNER
G1 F4620 X82.579 Y54.84 E8413.62788
G1 X81.764 Y55.021 E8413.70302
G1 X81.149 Y55.316 E8413.76441
G1 X80.605 Y55.749 E8413.82698
G1 X80.064 Y56.429 E8413.90519
G1 X79.696 Y57.489 E8414.00618
G1 X79.696 Y87.788 E8416.73309
G1 X87.344 Y87.788 E8417.42141
G1 X87.344 Y85.292 E8417.64605
G1 X87.612 Y84.774 E8417.69854
G1 X88.169 Y84.519 E8417.75367
G1 X94.353 Y84.516 E8418.31023
G1 X95.344 Y83.423 E8418.44301
G1 X95.349 Y72.534 E8419.42302
G1 X95.85 Y70.99 E8419.56912
G1 X96.574 Y69.999 E8419.67957
G1 X97.283 Y69.254 E8419.77213
G1 X98.105 Y68.654 E8419.86372
G1 X99.051 Y68.246 E8419.95645
G1 X100.173 Y68.016 E8420.05953
G1 X102.609 Y68.011 E8420.27877
G1 X103.756 Y68.25 E8420.38421
G1 X104.704 Y68.671 E8420.47757
G1 X105.47 Y69.227 E8420.56275
G1 X120.059 Y82.49 E8422.33725
G1 X120.817 Y82.918 E8422.4156
G1 X121.476 Y83.104 E8422.47722
G1 X122.272 Y83.132 E8422.54891
G1 X122.965 Y82.985 E8422.61267
G1 X123.833 Y82.581 E8422.69883
G1 X125.616 Y80.798 E8422.92577
G1 X126.106 Y79.787 E8423.02689
G1 X126.202 Y78.925 E8423.10494
G1 X126.124 Y78.234 E8423.16753
G1 X125.899 Y77.589 E8423.22901
G1 X125.471 Y76.905 E8423.30163
G1 X104.355 Y55.789 E8425.98926
G1 X103.763 Y55.316 E8426.05745
G1 X103.144 Y55.021 E8426.11917
G1 X102.329 Y54.84 E8426.1943
G1 X94.007 Y54.84 E8426.94328
G10
G0 F7200 X94.007 Y55.252
G0 X87.006 Y84.178
G0 X86.786 Y86.474
;TYPE:SKIN
G11
G1 F1808.9 X80.254 Y86.474 E8427.64698
G1 X80.254 Y87.23 E8427.72842
G1 X86.786 Y87.23 E8428.43211
G1 X86.786 Y86.474 E8428.51356
G0 F7200 X86.434 Y86.474
G10
G0 X83.692 Y88.06
G0 X83.692 Y89.511
G0 X83.69 Y90.342
G0 X83.69 Y91.793
G0 X83.692 Y93.575
;TYPE:FILL
G11
G1 F6300 X80.173 Y106.708 E8429.73722
G0 F7200 X81.252 Y106.707
G1 F6300 X79.936 Y105.391 E8429.90472
G0 F7200 X80.109 Y105.391
G0 X80.109 Y101.322
G0 X79.937 Y101.322
G1 F6300 X95.103 Y97.259 E8431.3178
G0 F7200 X94.934 Y97.259
G0 X92.471 Y95.749
G0 X92.472 Y95.578
G1 F6300 X90.027 Y104.703 E8432.16802
G0 F7200 X90.027 Y104.535
G0 X91.973 Y104.533
G0 X91.973 Y104.701
G1 F6300 X80.848 Y93.576 E8433.584
G0 F7200 X79.509 Y93.575
G0 X79.097 Y93.575
;TYPE:WALL-OUTER
G1 F2880 X79.096 Y108.82 E8434.95605
G1 X87.944 Y108.82 E8435.75237
G1 X87.948 Y105.789 E8436.02516
G1 X88.204 Y105.546 E8436.05692
G1 X94.619 Y105.54 E8436.63427
G1 X95.33 Y104.761 E8436.7292
G1 X95.944 Y104.112 E8436.8096
G1 X95.944 Y96.171 E8437.52429
G1 X95.27 Y95.455 E8437.61279
G1 X94.619 Y94.74 E8437.69982
G1 X88.104 Y94.734 E8438.28617
G1 X87.948 Y94.491 E8438.31216
G1 X87.944 Y91.464 E8438.58459
G1 X79.097 Y91.461 E8439.38082
G1 X79.097 Y93.575 E8439.57108
G0 F7200 X79.097 Y93.875
G0 X79.697 Y93.575
;TYPE:WALL-INNER
G1 F4620 X79.696 Y108.22 E8440.88913
G1 X87.344 Y108.22 E8441.57745
G1 X87.344 Y105.72 E8441.80245
G1 X87.453 Y105.413 E8441.83177
G1 X87.824 Y105.047 E8441.87867
G1 X88.161 Y104.944 E8441.91039
G1 X94.354 Y104.94 E8442.46776
G1 X94.894 Y104.349 E8442.53981
G1 X95.344 Y103.873 E8442.59876
G1 X95.344 Y96.409 E8443.27052
G1 X94.826 Y95.859 E8443.33852
G1 X94.354 Y95.34 E8443.40166
G1 X88.161 Y95.336 E8443.95903
G1 X87.824 Y95.233 E8443.99074
G1 X87.453 Y94.867 E8444.03765
G1 X87.344 Y94.561 E8444.06688
G1 X87.344 Y92.064 E8444.29161
G1 X79.697 Y92.061 E8444.97984
G1 X79.697 Y93.575 E8445.1161
G0 F7200 X80.254 Y93.374
;TYPE:SKIN
G1 F1811.6 X86.787 Y93.375 E8445.81897
G1 F1814.3 X86.787 Y92.621 E8445.89998
G1 F1811.6 X80.254 Y92.618 E8446.60285
G1 F1808.9 X80.254 Y93.374 E8446.6843
G0 F7200 X80.261 Y106.905
G1 F1808.9 X80.254 Y106.906 E8446.68506
G1 X80.254 Y107.662 E8446.7665
G1 F1806.2 X86.785 Y107.661 E8447.47102
G1 F1803.5 X86.785 Y106.903 E8447.55289
G1 X80.261 Y106.905 E8448.25758
G0 F7200 X80.609 Y106.905
G10
G0 X86.934 Y108.491
G0 X86.934 Y109.942
G0 X86.934 Y110.773
G0 X86.934 Y112.224
G0 X86.934 Y115.239
G0 X87.204 Y115.239
;TYPE:FILL
G11
G1 F6300 X85.118 Y123.026 E8448.98312
G0 F7200 X85.23 Y122.901
G0 X82.696 Y120.642
G0 X82.584 Y120.767
G1 F6300 X80.29 Y118.474 E8449.27504
G0 F7200 X80.447 Y118.405
G0 X81.386 Y119.474
G0 X81.272 Y119.6
G1 F6300 X94.664 Y116.011 E8450.52285
G0 F7200 X94.663 Y116.182
G0 X96.314 Y116.182
G0 X96.315 Y116.011
G1 F6300 X92.639 Y129.73 E8451.80112
G0 F7200 X92.751 Y129.606
G0 X89.422 Y126.638
G0 X89.309 Y126.764
G1 F6300 X105.167 Y122.514 E8453.2787
G0 F7200 X105.047 Y122.633
G0 X104.04 Y121.63
G0 X104.158 Y121.513
G1 F6300 X100.16 Y136.435 E8454.66905
G0 F7200 X100.272 Y136.311
G0 X97.458 Y133.802
G0 X97.345 Y133.928
G1 F6300 X112.544 Y129.855 E8456.08522
G0 F7200 X112.425 Y129.973
G0 X111.396 Y128.949
G0 X111.515 Y128.831
G1 F6300 X107.681 Y143.14 E8457.41846
G0 F7200 X107.793 Y143.016
G0 X105.495 Y140.967
G0 X105.382 Y141.092
G1 F6300 X119.922 Y137.196 E8458.77322
G0 F7200 X119.803 Y137.314
G0 X118.752 Y136.268
G0 X118.871 Y136.15
G1 F6300 X115.202 Y149.844 E8460.04915
G0 F7200 X115.313 Y149.72
G0 X113.53 Y148.131
G0 X113.418 Y148.256
G1 F6300 X127.3 Y144.536 E8461.34262
G0 F7200 X127.181 Y144.655
G0 X126.108 Y143.588
G0 X126.227 Y143.47
G1 F6300 X122.723 Y156.549 E8462.56124
G0 F7200 X122.834 Y156.425
G0 X121.567 Y155.296
G0 X121.455 Y155.42
G1 F6300 X134.678 Y151.877 E8463.79329
G0 F7200 X134.559 Y151.995
G0 X133.465 Y150.907
G0 X133.584 Y150.789
G1 F6300 X130.244 Y163.253 E8464.95462
G0 F7200 X129.491 Y162.584
G1 F6300 X142.056 Y159.217 E8466.12537
G0 F7200 X141.936 Y159.336
G0 X140.821 Y158.226
G0 X140.94 Y158.108
G1 F6300 X138.522 Y167.133 E8466.96627
G0 F7200 X138.403 Y167.013
G0 X139.977 Y165.432
G0 X140.095 Y165.551
G1 F6300 X90.555 Y116.011 E8473.27168
G0 F7200 X90.554 Y116.181
G0 X87.606 Y115.508
G0 X87.948 Y114.923
;TYPE:WALL-OUTER
G1 F2880 X87.944 Y111.892 E8473.54447
G1 X79.096 Y111.892 E8474.34079
G1 X79.096 Y117.377 E8474.83444
G1 X79.284 Y118.279 E8474.91737
G1 X79.679 Y119.166 E8475.00475
G1 X80.336 Y119.89 E8475.09274
G1 X134.315 Y168.009 E8481.60091
G1 X135.193 Y168.495 E8481.69123
G1 X136.024 Y168.717 E8481.76865
G1 X136.873 Y168.743 E8481.84509
G1 X137.724 Y168.565 E8481.92334
G1 X138.762 Y168.081 E8482.02642
G1 X143.012 Y163.807 E8482.56888
G1 X143.54 Y162.98 E8482.65719
G1 X143.805 Y162.213 E8482.73022
G1 X143.897 Y161.385 E8482.8052
G1 X143.776 Y160.354 E8482.89863
G1 X143.198 Y159.17 E8483.01721
G1 X100.145 Y116.334 E8488.48317
G1 X98.077 Y115.454 E8488.68544
G1 X97.374 Y115.172 E8488.75361
G1 X90.556 Y115.167 E8489.36723
G1 X88.197 Y115.165 E8489.57954
G1 X87.948 Y114.923 E8489.61079
G0 F7200 X87.948 Y114.623
G0 X87.344 Y114.868
;TYPE:WALL-INNER
G1 F4620 X87.344 Y112.492 E8489.82463
G1 X79.696 Y112.492 E8490.51295
G1 X79.696 Y117.315 E8490.94702
G1 X79.858 Y118.094 E8491.01863
G1 X80.188 Y118.834 E8491.09155
G1 X80.759 Y119.464 E8491.16807
G1 X134.664 Y167.517 E8497.66732
G1 X135.419 Y167.934 E8497.74495
G1 X136.112 Y168.119 E8497.8095
G1 X136.82 Y168.141 E8497.87325
G1 X137.533 Y167.992 E8497.93881
G1 X138.413 Y167.582 E8498.02618
G1 X142.541 Y163.43 E8498.55312
G1 X142.996 Y162.717 E8498.62924
G1 X143.216 Y162.08 E8498.68989
G1 X143.293 Y161.387 E8498.75265
G1 X143.192 Y160.526 E8498.83067
G1 X142.702 Y159.523 E8498.93114
G1 X99.804 Y116.841 E8504.37743
G1 X97.289 Y115.772 E8504.62338
G1 X90.556 Y115.77 E8505.22935
G1 X88.152 Y115.769 E8505.44571
G1 X87.687 Y115.576 E8505.49102
G1 X87.479 Y115.344 E8505.51906
G1 X87.344 Y114.868 E8505.56359
G0 F7200 X86.786 Y113.806
;TYPE:SKIN
G1 F1808.9 X86.786 Y113.05 E8505.64504
G1 X80.254 Y113.05 E8506.34873
G1 X80.254 Y113.806 E8506.43017
G1 X86.786 Y113.806 E8507.13387
G0 F7200 X86.434 Y113.806
G10
;MESH:NONMESH
G0 F600 X86.434 Y113.806 Z5.95
G0 F7200 X81.216 Y112.224
G0 X81.216 Y110.773
G0 X77.99 Y109.93
G0 X77.99 Y90.354
G0 X81.216 Y89.511
G0 X81.216 Y88.06
G0 X81.216 Y55.788
G0 X81.11 Y55.654
;TIME_ELAPSED:1937.749505
;LAYER:37
;TYPE:FILL
;MESH:porte-manteau.stl
G11
G1 F6300 X95.93 Y70.475 E8509.02021
G0 F7200 X95.794 Y70.374
G0 X96.816 Y69.25
G0 X97.694 Y68.451
G0 X97.79 Y68.586
G1 F6300 X79.936 Y73.37 E8510.68375
G0 F7200 X79.937 Y72.816
G1 F6300 X84.689 Y55.079 E8512.33638
G0 F7200 X84.689 Y55.252
G0 X93.264 Y55.252
G0 X93.264 Y55.08
G1 F6300 X120.821 Y82.637 E8515.84381
G0 F7200 X120.885 Y82.483
G0 X119.399 Y81.337
G0 X119.284 Y81.462
G1 F6300 X125.875 Y79.696 E8516.45793
G0 F7200 X125.711 Y79.677
G0 X125.212 Y77.264
G0 X125.356 Y77.174
G1 F6300 X124.059 Y82.017 E8516.90916
G0 F7200 X123.94 Y81.897
G0 X115.865 Y78.123
G0 X115.752 Y78.246
G1 F6300 X118.017 Y69.791 E8517.69694
G0 F7200 X117.896 Y69.912
G0 X120.02 Y72.036
G0 X120.142 Y71.915
G1 F6300 X111.371 Y74.265 E8518.51417
G0 F7200 X111.486 Y74.141
G0 X108.373 Y71.31
G0 X108.259 Y71.434
G1 F6300 X110.668 Y62.444 E8519.35182
G0 F7200 X110.548 Y62.564
G0 X112.671 Y64.687
G0 X112.793 Y64.566
G1 F6300 X100.823 Y67.774 E8520.46714
G0 F7200 X99.91 Y67.822
G1 F6300 X103.254 Y55.341 E8521.63004
G0 F7200 X103.181 Y55.493
G0 X105.323 Y57.339
G0 X105.444 Y57.218
G1 F6300 X79.937 Y64.052 E8524.00664
G0 F7200 X80.109 Y64.052
G0 X80.109 Y67.208
G0 X79.936 Y67.208
G1 F6300 X95.105 Y82.377 E8525.93734
G0 F7200 X94.934 Y82.377
G0 X94.934 Y78.623
G0 X95.107 Y78.623
G1 F6300 X79.937 Y82.687 E8527.35078
G0 F7200 X80.109 Y82.687
G0 X80.109 Y79.936
G0 X79.936 Y79.936
G1 F6300 X86.277 Y86.277 E8528.15786
G0 F7200 X85.647 Y86.278
G1 F6300 X94.007 Y55.079 E8531.06483
G10
G0 F7200 X94.007 Y55.252
G0 X83.692 Y93.575
G11
G1 F6300 X80.173 Y106.708 E8532.2885
G0 F7200 X81.252 Y106.707
G1 F6300 X79.936 Y105.391 E8532.456
G0 F7200 X80.109 Y105.391
G0 X80.109 Y101.323
G0 X79.936 Y101.323
G1 F6300 X95.104 Y97.258 E8533.86929
G0 F7200 X94.934 Y97.258
G0 X92.537 Y95.503
G0 X92.538 Y95.332
G1 F6300 X89.961 Y104.95 E8534.76544
G0 F7200 X89.961 Y104.782
G0 X92.219 Y104.779
G0 X92.219 Y104.947
G1 F6300 X80.847 Y93.575 E8536.21286
G10
G0 F7200 X86.934 Y115.102
G0 X87.241 Y115.102
G11
G1 F6300 X85.118 Y123.026 E8536.95117
G0 F7200 X85.23 Y122.901
G0 X82.696 Y120.642
G0 X82.584 Y120.767
G1 F6300 X80.29 Y118.474 E8537.24309
G0 F7200 X80.447 Y118.405
G0 X81.386 Y119.474
G0 X81.272 Y119.6
G1 F6300 X95.588 Y115.764 E8538.57698
G0 F7200 X96.381 Y115.763
G1 F6300 X92.639 Y129.73 E8539.87834
G0 F7200 X92.751 Y129.606
G0 X89.422 Y126.638
G0 X89.309 Y126.764
G1 F6300 X105.168 Y122.514 E8541.35602
G0 F7200 X105.048 Y122.633
G0 X104.04 Y121.63
G0 X104.159 Y121.512
G1 F6300 X100.16 Y136.435 E8542.74648
G0 F7200 X100.272 Y136.311
G0 X97.458 Y133.802
G0 X97.345 Y133.928
G1 F6300 X112.545 Y129.855 E8544.16274
G0 F7200 X112.426 Y129.973
G0 X111.396 Y128.949
G0 X111.515 Y128.831
G1 F6300 X107.681 Y143.14 E8545.49597
G0 F7200 X107.793 Y143.016
G0 X105.495 Y140.967
G0 X105.382 Y141.092
G1 F6300 X119.923 Y137.195 E8546.85085
G0 F7200 X119.803 Y137.314
G0 X118.752 Y136.268
G0 X118.871 Y136.15
G1 F6300 X115.202 Y149.844 E8548.12678
G0 F7200 X115.313 Y149.72
G0 X113.53 Y148.131
G0 X113.418 Y148.256
G1 F6300 X127.3 Y144.536 E8549.42024
G0 F7200 X127.181 Y144.654
G0 X126.109 Y143.588
G0 X126.227 Y143.47
G1 F6300 X122.723 Y156.549 E8550.63886
G0 F7200 X122.834 Y156.425
G0 X121.567 Y155.296
G0 X121.455 Y155.42
G1 F6300 X134.678 Y151.877 E8551.87091
G0 F7200 X134.559 Y151.995
G0 X133.465 Y150.907
G0 X133.584 Y150.789
G1 F6300 X130.244 Y163.253 E8553.03225
G0 F7200 X129.491 Y162.584
G1 F6300 X142.056 Y159.217 E8554.20299
G0 F7200 X141.936 Y159.336
G0 X140.821 Y158.226
G0 X140.94 Y158.108
G1 F6300 X138.522 Y167.133 E8555.04389
G0 F7200 X138.403 Y167.013
G0 X139.977 Y165.432
G0 X140.095 Y165.551
G1 F6300 X90.306 Y115.762 E8561.381
G0 F7200 X90.305 Y115.933
G0 X87.606 Y115.261
G0 X87.947 Y114.759
;TYPE:WALL-OUTER
G1 F2880 X87.947 Y111.894 E8561.63885
G1 F2340 X87.948 Y108.821 E8561.91542
G1 X87.948 Y107.821 E8562.00542
G1 F2475 X87.948 Y106.821 E8562.09542
G1 F2576.2 X87.948 Y106.038 E8562.16589
G1 F2880 X88.165 Y105.793 E8562.19534
G1 X94.615 Y105.784 E8562.77584
G1 X95.245 Y105.062 E8562.86208
G1 X95.944 Y104.292 E8562.95568
G1 X95.944 Y95.992 E8563.70268
G1 X95.181 Y95.145 E8563.80528
G1 X94.615 Y94.492 E8563.88305
G1 X88.208 Y94.49 E8564.45968
G1 X87.948 Y94.244 E8564.4919
G1 X87.948 Y91.464 E8564.7421
G1 F2340 X87.948 Y88.39 E8565.01876
G1 X87.948 Y87.39 E8565.10876
G1 F2475 X87.948 Y86.39 E8565.19876
G1 F2576.2 X87.948 Y85.608 E8565.26914
G1 F2880 X88.191 Y85.364 E8565.30013
G1 X94.597 Y85.36 E8565.87667
G1 X95.944 Y83.849 E8566.05885
G1 X95.945 Y72.626 E8567.06892
G1 X96.393 Y71.266 E8567.19779
G1 X97.07 Y70.34 E8567.30103
G1 X97.658 Y69.724 E8567.37767
G1 X98.406 Y69.179 E8567.46096
G1 X99.233 Y68.818 E8567.54218
G1 X100.233 Y68.613 E8567.63405
G1 X102.52 Y68.611 E8567.83988
G1 X103.572 Y68.822 E8567.93644
G1 X104.376 Y69.182 E8568.01573
G1 X105.117 Y69.713 E8568.09777
G1 X119.918 Y83.171 E8569.89819
G1 X120.973 Y83.612 E8570.0011
G1 X121.908 Y83.749 E8570.08615
G1 X122.971 Y83.646 E8570.18227
G1 X123.936 Y83.191 E8570.27829
G1 X124.39 Y82.873 E8570.32818
G1 X126.112 Y81.151 E8570.54735
G1 X126.691 Y79.955 E8570.66694
G1 X126.806 Y78.925 E8570.76022
G1 X126.713 Y78.1 E8570.83494
G1 X126.443 Y77.327 E8570.90863
G1 X125.943 Y76.529 E8570.99338
G1 X104.755 Y55.341 E8573.69018
G1 X104.083 Y54.804 E8573.76759
G1 X103.341 Y54.45 E8573.84158
G1 X102.395 Y54.24 E8573.9288
G1 X82.513 Y54.24 E8575.71818
G1 X81.567 Y54.45 E8575.80539
G1 X80.829 Y54.804 E8575.87906
G1 X80.178 Y55.322 E8575.95393
G1 X79.531 Y56.135 E8576.04744
G1 X79.096 Y57.389 E8576.1669
G1 X79.096 Y88.39 E8578.95699
G1 F2340 X79.096 Y91.463 E8579.23356
G1 X79.096 Y92.463 E8579.32356
G1 F2475 X79.096 Y93.463 E8579.41356
G1 F2576.2 X79.096 Y94.463 E8579.50356
G1 F2880 X79.096 Y108.821 E8580.79578
G1 F2340 X79.096 Y111.894 E8581.07235
G1 X79.096 Y112.894 E8581.16235
G1 F2475 X79.096 Y113.894 E8581.25235
G1 F2576.2 X79.096 Y114.894 E8581.34235
G1 F2880 X79.096 Y117.42 E8581.56969
G1 X79.279 Y118.27 E8581.64794
G1 X79.679 Y119.165 E8581.73617
G1 X80.336 Y119.89 E8581.82423
G1 X134.315 Y168.009 E8588.3324
G1 X135.193 Y168.495 E8588.42272
G1 X136.024 Y168.717 E8588.50013
G1 X136.873 Y168.743 E8588.57658
G1 X137.724 Y168.565 E8588.65482
G1 X138.762 Y168.081 E8588.7579
G1 X143.012 Y163.807 E8589.30037
G1 X143.54 Y162.98 E8589.38867
G1 X143.805 Y162.213 E8589.46171
G1 X143.897 Y161.385 E8589.53668
G1 X143.776 Y160.354 E8589.63011
G1 X143.198 Y159.17 E8589.74869
G1 X99.98 Y116.169 E8595.23565
G1 X97.804 Y115.225 E8595.44913
G1 X97.054 Y114.924 E8595.52186
G1 X90.307 Y114.919 E8596.12909
G1 X88.198 Y114.917 E8596.3189
G1 X87.947 Y114.759 E8596.34559
G0 F7200 X87.947 Y114.459
G0 X87.499 Y115.127
;TYPE:WALL-INNER
G1 F4620 X87.344 Y114.711 E8596.38555
G1 X87.344 Y111.894 E8596.63908
G1 F2340 X87.344 Y108.821 E8596.91565
G1 F2340 X87.344 Y107.821 E8597.00565
G1 F2910 X87.344 Y106.821 E8597.09565
G1 F3337.5 X87.344 Y105.982 E8597.17116
G1 F4620 X87.466 Y105.639 E8597.20392
G1 X87.855 Y105.28 E8597.25156
G1 X88.165 Y105.195 E8597.28049
G1 X94.342 Y105.184 E8597.83642
G1 X94.801 Y104.659 E8597.89919
G1 X95.344 Y104.06 E8597.97195
G1 X95.344 Y96.222 E8598.67737
G1 X94.326 Y95.092 E8598.81425
G1 X88.136 Y95.086 E8599.37135
G1 X87.646 Y94.866 E8599.41969
G1 X87.344 Y94.3 E8599.47743
G1 X87.344 Y91.464 E8599.73267
G1 F2340 X87.344 Y88.39 E8600.00933
G1 F2340 X87.344 Y87.39 E8600.09933
G1 F2910 X87.344 Y86.39 E8600.18933
G1 F3337.5 X87.344 Y85.542 E8600.26565
G1 F4620 X87.45 Y85.234 E8600.29497
G1 X87.706 Y84.938 E8600.33019
G1 X88.169 Y84.763 E8600.37474
G1 X94.328 Y84.76 E8600.92905
G1 X95.344 Y83.621 E8601.06641
G1 X95.349 Y72.534 E8602.06424
G1 X95.85 Y70.99 E8602.21033
G1 X96.574 Y69.999 E8602.32079
G1 X97.283 Y69.254 E8602.41335
G1 X98.105 Y68.654 E8602.50494
G1 X99.051 Y68.246 E8602.59766
G1 X100.173 Y68.016 E8602.70074
G1 X102.609 Y68.011 E8602.91998
G1 X103.756 Y68.25 E8603.02543
G1 X104.704 Y68.671 E8603.11879
G1 X105.47 Y69.227 E8603.20397
G1 X120.244 Y82.658 E8605.00096
G1 X121.135 Y83.03 E8605.08786
G1 X121.923 Y83.145 E8605.15953
G1 X122.809 Y83.059 E8605.23965
G1 X123.842 Y82.572 E8605.34243
G1 X125.616 Y80.798 E8605.56822
G1 X126.106 Y79.787 E8605.66934
G1 X126.202 Y78.925 E8605.7474
G1 X126.124 Y78.234 E8605.80998
G1 X125.899 Y77.589 E8605.87146
G1 X125.471 Y76.905 E8605.94408
G1 X104.355 Y55.789 E8608.63171
G1 X103.763 Y55.316 E8608.69991
G1 X103.144 Y55.021 E8608.76162
G1 X102.329 Y54.84 E8608.83676
G1 X82.579 Y54.84 E8610.61426
G1 X81.764 Y55.021 E8610.68939
G1 X81.149 Y55.316 E8610.75078
G1 X80.605 Y55.749 E8610.81336
G1 X80.064 Y56.429 E8610.89156
G1 X79.696 Y57.489 E8610.99255
G1 X79.696 Y88.39 E8613.77364
G1 F2340 X79.696 Y91.463 E8614.05021
G1 F2340 X79.696 Y92.463 E8614.14021
G1 F2910 X79.696 Y93.463 E8614.23021
G1 F3337.5 X79.696 Y94.463 E8614.32021
G1 F3658.1 X79.696 Y95.463 E8614.41021
G1 F3898.6 X79.696 Y96.463 E8614.50021
G1 F4078.9 X79.696 Y97.463 E8614.59021
G1 F4620 X79.696 Y108.821 E8615.61243
G1 F2340 X79.696 Y111.894 E8615.889
G1 F2340 X79.696 Y112.894 E8615.979
G1 F2910 X79.696 Y113.894 E8616.069
G1 F3337.5 X79.696 Y114.894 E8616.159
G1 F3658.1 X79.696 Y115.894 E8616.249
G1 F3898.6 X79.696 Y116.894 E8616.339
G1 F4078.9 X79.696 Y117.356 E8616.38058
G1 F4620 X79.853 Y118.082 E8616.44743
G1 X80.188 Y118.833 E8616.52144
G1 X80.759 Y119.464 E8616.59803
G1 X134.664 Y167.517 E8623.09728
G1 X135.419 Y167.934 E8623.1749
G1 X136.112 Y168.119 E8623.23946
G1 X136.82 Y168.141 E8623.30321
G1 X137.533 Y167.992 E8623.36876
G1 X138.413 Y167.582 E8623.45614
G1 X142.541 Y163.43 E8623.98308
G1 X142.996 Y162.717 E8624.0592
G1 X143.216 Y162.08 E8624.11985
G1 X143.293 Y161.387 E8624.1826
G1 X143.192 Y160.526 E8624.26063
G1 X142.702 Y159.523 E8624.36109
G1 X99.637 Y116.675 E8629.82858
G1 X97.573 Y115.779 E8630.03109
G1 X96.938 Y115.524 E8630.09267
G1 X90.307 Y115.522 E8630.68946
G1 X88.155 Y115.521 E8630.88314
G1 X87.707 Y115.343 E8630.92653
G1 X87.499 Y115.127 E8630.95352
G0 F7200 X86.934 Y115.127
G0 X86.864 Y113.884
;TYPE:SKIN
G1 F2340 X86.864 Y111.894 E8631.12366
G1 X86.864 Y108.821 E8631.3864
G1 X86.864 Y106.825 E8631.55706
G1 X80.176 Y106.828 E8632.12889
G1 X80.176 Y108.821 E8632.29929
G1 X80.176 Y111.894 E8632.56203
G1 X80.176 Y113.884 E8632.73217
G1 X86.864 Y113.884 E8633.304
G0 F7200 X85.82 Y113.584
G1 F2340 X86.564 Y112.84 E8633.39396
G0 F7200 X86.564 Y111.992
G1 F2340 X84.972 Y113.584 E8633.58646
G0 F7200 X84.123 Y113.584
G1 F2340 X86.564 Y111.143 E8633.88161
G0 F7200 X86.564 Y110.295
G1 F2340 X83.275 Y113.584 E8634.2793
G0 F7200 X82.426 Y113.584
G1 F2340 X86.564 Y109.446 E8634.77965
G0 F7200 X86.564 Y108.597
G1 F2340 X81.577 Y113.584 E8635.38265
G0 F7200 X80.729 Y113.584
G1 F2340 X86.564 Y107.749 E8636.08819
G0 F7200 X86.339 Y107.125
G1 F2340 X80.476 Y112.989 E8636.79718
G0 F7200 X80.476 Y112.14
G1 F2340 X85.491 Y107.125 E8637.40357
G0 F7200 X84.641 Y107.126
G1 F2340 X80.476 Y111.292 E8637.90724
G0 F7200 X80.476 Y110.443
G1 F2340 X83.793 Y107.126 E8638.30832
G0 F7200 X82.944 Y107.127
G1 F2340 X80.476 Y109.594 E8638.60668
G0 F7200 X80.476 Y108.746
G1 F2340 X82.095 Y107.127 E8638.80244
G0 F7200 X81.246 Y107.127
G1 F2340 X80.476 Y107.897 E8638.89554
G0 F7200 X80.476 Y93.452
G1 F2340 X86.864 Y93.452 E8639.44172
G1 X86.864 Y91.464 E8639.61169
G1 X86.864 Y88.39 E8639.87452
G1 X86.864 Y86.396 E8640.04501
G1 X80.176 Y86.396 E8640.61683
G1 X80.176 Y88.39 E8640.78732
G1 X80.176 Y91.463 E8641.05006
G1 X80.176 Y93.452 E8641.22012
G1 X80.476 Y93.452 E8641.24577
G0 F7200 X85.887 Y93.152
G1 F2340 X86.564 Y92.475 E8641.32763
G0 F7200 X86.564 Y91.627
G1 F2340 X85.039 Y93.152 E8641.51202
G0 F7200 X84.19 Y93.152
G1 F2340 X86.564 Y90.778 E8641.79908
G0 F7200 X86.564 Y89.93
G1 F2340 X83.342 Y93.152 E8642.18866
G0 F7200 X82.493 Y93.152
G1 F2340 X86.564 Y89.081 E8642.68091
G0 F7200 X86.564 Y88.233
G1 F2340 X81.645 Y93.152 E8643.27569
G0 F7200 X80.796 Y93.152
G1 F2340 X86.564 Y87.384 E8643.97313
G0 F7200 X86.404 Y86.696
G1 F2340 X80.477 Y92.623 E8644.6898
G0 F7200 X80.477 Y91.775
G1 F2340 X85.556 Y86.696 E8645.30393
G0 F7200 X84.707 Y86.696
G1 F2340 X80.477 Y90.926 E8645.8154
G0 F7200 X80.477 Y90.078
G1 F2340 X83.859 Y86.696 E8646.22433
G0 F7200 X83.01 Y86.696
G1 F2340 X80.477 Y89.229 E8646.53061
G0 F7200 X80.477 Y88.381
G1 F2340 X82.162 Y86.696 E8646.73435
G0 F7200 X81.313 Y86.696
G1 F2340 X80.477 Y87.532 E8646.83544
G0 F7200 X80.609 Y87.532
G10
;MESH:NONMESH
G0 F600 X80.609 Y87.532 Z6.1
G0 F7200 X81.216 Y55.788
G0 X81.11 Y55.654
;TIME_ELAPSED:1968.443408
;LAYER:38
;TYPE:FILL
;MESH:porte-manteau.stl
G11
G1 F6300 X95.93 Y70.475 E8648.72178
G0 F7200 X95.794 Y70.374
G0 X96.816 Y69.25
G0 X97.694 Y68.451
G0 X97.79 Y68.586
G1 F6300 X79.936 Y73.37 E8650.38532
G0 F7200 X79.937 Y72.816
G1 F6300 X84.689 Y55.079 E8652.03795
G0 F7200 X84.689 Y55.252
G0 X93.264 Y55.252
G0 X93.264 Y55.08
G1 F6300 X120.821 Y82.637 E8655.54539
G0 F7200 X120.886 Y82.482
G0 X119.399 Y81.337
G0 X119.285 Y81.461
G1 F6300 X125.875 Y79.696 E8656.15939
G0 F7200 X125.711 Y79.677
G0 X125.212 Y77.264
G0 X125.356 Y77.174
G1 F6300 X124.059 Y82.016 E8656.61053
G0 F7200 X123.94 Y81.897
G0 X115.865 Y78.123
G0 X115.752 Y78.246
G1 F6300 X118.017 Y69.791 E8657.39831
G0 F7200 X117.896 Y69.912
G0 X120.02 Y72.036
G0 X120.142 Y71.915
G1 F6300 X111.372 Y74.264 E8658.21544
G0 F7200 X111.486 Y74.141
G0 X108.373 Y71.31
G0 X108.259 Y71.434
G1 F6300 X110.668 Y62.444 E8659.05308
G0 F7200 X110.548 Y62.564
G0 X112.671 Y64.687
G0 X112.793 Y64.566
G1 F6300 X100.823 Y67.774 E8660.1684
G0 F7200 X99.91 Y67.822
G1 F6300 X103.254 Y55.341 E8661.33131
G0 F7200 X103.181 Y55.493
G0 X105.323 Y57.339
G0 X105.444 Y57.218
G1 F6300 X79.937 Y64.052 E8663.70791
G0 F7200 X80.109 Y64.052
G0 X80.109 Y67.208
G0 X79.936 Y67.208
G1 F6300 X95.105 Y82.377 E8665.63861
G0 F7200 X94.934 Y82.377
G0 X94.934 Y78.623
G0 X95.107 Y78.623
G1 F6300 X79.937 Y82.687 E8667.05205
G0 F7200 X80.109 Y82.687
G0 X80.109 Y79.936
G0 X79.936 Y79.936
G1 F6300 X86.277 Y86.277 E8667.85913
G0 F7200 X85.647 Y86.278
G1 F6300 X94.007 Y55.079 E8670.7661
G10
G0 F7200 X94.007 Y55.252
G0 X83.692 Y93.575
G11
G1 F6300 X80.173 Y106.708 E8671.98976
G0 F7200 X81.252 Y106.707
G1 F6300 X79.936 Y105.391 E8672.15726
G0 F7200 X80.109 Y105.391
G0 X80.109 Y101.323
G0 X79.936 Y101.323
G1 F6300 X95.104 Y97.258 E8673.57055
G0 F7200 X94.934 Y97.258
G0 X92.622 Y95.19
G0 X92.623 Y95.018
G1 F6300 X89.875 Y105.27 E8674.52581
G0 F7200 X89.875 Y105.096
G0 X92.536 Y105.093
G0 X92.536 Y105.264
G1 F6300 X80.847 Y93.575 E8676.01357
G10
G0 F7200 X86.934 Y114.898
G0 X87.296 Y114.898
G11
G1 F6300 X85.118 Y123.026 E8676.7709
G0 F7200 X85.23 Y122.901
G0 X82.696 Y120.642
G0 X82.584 Y120.767
G1 F6300 X80.29 Y118.474 E8677.06282
G0 F7200 X80.447 Y118.405
G0 X81.386 Y119.474
G0 X81.272 Y119.6
G1 F6300 X96.596 Y115.493 E8678.49065
G1 X96.465 Y115.452
G1 X92.639 Y129.73 E8679.821
G0 F7200 X92.751 Y129.606
G0 X89.422 Y126.638
G0 X89.309 Y126.764
G1 F6300 X105.168 Y122.514 E8681.29868
G0 F7200 X105.048 Y122.633
G0 X104.04 Y121.629
G0 X104.159 Y121.511
G1 F6300 X100.16 Y136.435 E8682.68922
G0 F7200 X100.272 Y136.311
G0 X97.458 Y133.802
G0 X97.345 Y133.928
G1 F6300 X112.546 Y129.855 E8684.10557
G0 F7200 X112.426 Y129.974
G0 X111.396 Y128.948
G0 X111.515 Y128.83
G1 F6300 X107.681 Y143.14 E8685.4389
G0 F7200 X107.793 Y143.016
G0 X105.495 Y140.967
G0 X105.382 Y141.092
G1 F6300 X119.923 Y137.195 E8686.79377
G0 F7200 X119.803 Y137.314
G0 X118.752 Y136.268
G0 X118.871 Y136.15
G1 F6300 X115.202 Y149.844 E8688.0697
G0 F7200 X115.313 Y149.72
G0 X113.53 Y148.131
G0 X113.418 Y148.256
G1 F6300 X127.3 Y144.536 E8689.36316
G0 F7200 X127.181 Y144.654
G0 X126.109 Y143.588
G0 X126.227 Y143.47
G1 F6300 X122.723 Y156.549 E8690.58178
G0 F7200 X122.834 Y156.425
G0 X121.567 Y155.296
G0 X121.455 Y155.42
G1 F6300 X134.678 Y151.877 E8691.81383
G0 F7200 X134.559 Y151.995
G0 X133.465 Y150.907
G0 X133.584 Y150.789
G1 F6300 X130.244 Y163.253 E8692.97517
G0 F7200 X129.491 Y162.584
G1 F6300 X142.056 Y159.217 E8694.14592
G0 F7200 X141.936 Y159.336
G0 X140.821 Y158.226
G0 X140.94 Y158.108
G1 F6300 X138.522 Y167.133 E8694.98681
G0 F7200 X138.403 Y167.013
G0 X139.977 Y165.432
G0 X140.095 Y165.551
G1 F6300 X89.994 Y115.45 E8701.36363
G0 F7200 X89.993 Y115.621
G0 X87.606 Y114.949
G0 X87.948 Y114.358
;TYPE:WALL-OUTER
G1 F2880 X87.948 Y106.356 E8702.08381
G1 X88.031 Y106.195 E8702.10011
G1 X88.217 Y106.109 E8702.11855
G1 X94.609 Y106.1 E8702.69383
G1 X95.204 Y105.367 E8702.7788
G1 X95.944 Y104.512 E8702.88057
G1 X95.944 Y95.768 E8703.66753
G1 X95.139 Y94.834 E8703.77851
G1 X94.609 Y94.18 E8703.85427
G1 X88.097 Y94.179 E8704.44035
G1 X87.948 Y93.93 E8704.46646
G1 X87.948 Y85.924 E8705.187
G1 X88.191 Y85.68 E8705.21799
G1 X94.591 Y85.676 E8705.794
G1 X95.944 Y84.057 E8705.98389
G1 X95.945 Y72.626 E8707.01268
G1 X96.393 Y71.266 E8707.14155
G1 X97.07 Y70.34 E8707.24479
G1 X97.658 Y69.724 E8707.32143
G1 X98.406 Y69.179 E8707.40472
G1 X99.233 Y68.818 E8707.48593
G1 X100.233 Y68.613 E8707.57781
G1 X102.52 Y68.611 E8707.78364
G1 X103.572 Y68.822 E8707.8802
G1 X104.376 Y69.182 E8707.95948
G1 X105.117 Y69.713 E8708.04153
G1 X119.49 Y82.782 E8709.7899
G1 X120.187 Y83.284 E8709.86721
G1 X120.969 Y83.608 E8709.94339
G1 X122.118 Y83.779 E8710.04794
G1 X123.163 Y83.557 E8710.14408
G1 X124.2 Y83.063 E8710.24746
G1 X126.112 Y81.151 E8710.49082
G1 X126.691 Y79.955 E8710.61041
G1 X126.806 Y78.925 E8710.70369
G1 X126.713 Y78.1 E8710.77841
G1 X126.443 Y77.327 E8710.8521
G1 X125.943 Y76.529 E8710.93685
G1 X104.755 Y55.341 E8713.63364
G1 X104.083 Y54.804 E8713.71106
G1 X103.341 Y54.45 E8713.78505
G1 X102.395 Y54.24 E8713.87227
G1 X82.513 Y54.24 E8715.66165
G1 X81.567 Y54.45 E8715.74886
G1 X80.829 Y54.804 E8715.82253
G1 X80.178 Y55.322 E8715.8974
G1 X79.531 Y56.135 E8715.99091
G1 X79.096 Y57.389 E8716.11037
G1 X79.096 Y117.42 E8721.51316
G1 X79.279 Y118.27 E8721.59141
G1 X79.679 Y119.165 E8721.67964
G1 X80.336 Y119.89 E8721.7677
G1 X134.315 Y168.009 E8728.27587
G1 X135.193 Y168.495 E8728.36619
G1 X136.024 Y168.717 E8728.4436
G1 X136.873 Y168.743 E8728.52004
G1 X137.724 Y168.565 E8728.59829
G1 X138.762 Y168.081 E8728.70137
G1 X143.012 Y163.807 E8729.24384
G1 X143.54 Y162.98 E8729.33214
G1 X143.805 Y162.213 E8729.40518
G1 X143.897 Y161.385 E8729.48015
G1 X143.776 Y160.354 E8729.57358
G1 X143.198 Y159.17 E8729.69216
G1 X99.775 Y115.964 E8735.20521
G1 X98.252 Y115.283 E8735.35536
G1 X97.479 Y114.949 E8735.43115
G1 X96.664 Y114.612 E8735.51052
G1 X89.995 Y114.607 E8736.11073
G1 X88.201 Y114.605 E8736.27219
G1 X87.948 Y114.358 E8736.30401
G0 F7200 X87.948 Y114.058
G0 X87.344 Y114.422
;TYPE:WALL-INNER
G1 F4620 X87.344 Y106.29 E8737.03589
G1 X87.607 Y105.771 E8737.08826
G1 X88.165 Y105.511 E8737.14366
G1 X94.323 Y105.5 E8737.69788
G1 X94.75 Y104.975 E8737.75879
G1 X95.344 Y104.289 E8737.84046
G1 X95.344 Y95.991 E8738.58728
G1 X94.301 Y94.78 E8738.73112
G1 X88.165 Y94.777 E8739.28336
G1 X87.893 Y94.71 E8739.30857
G1 X87.522 Y94.418 E8739.35106
G1 X87.344 Y93.982 E8739.39345
G1 X87.344 Y85.858 E8740.12461
G1 X87.45 Y85.55 E8740.15392
G1 X87.706 Y85.254 E8740.18914
G1 X88.169 Y85.079 E8740.23369
G1 X94.311 Y85.076 E8740.78647
G1 X95.344 Y83.84 E8740.93145
G1 X95.349 Y72.534 E8741.94899
G1 X95.85 Y70.99 E8742.09508
G1 X96.574 Y69.999 E8742.20554
G1 X97.283 Y69.254 E8742.2981
G1 X98.105 Y68.654 E8742.38969
G1 X99.051 Y68.246 E8742.48241
G1 X100.173 Y68.016 E8742.58549
G1 X102.609 Y68.011 E8742.80473
G1 X103.756 Y68.25 E8742.91018
G1 X104.704 Y68.671 E8743.00353
G1 X105.47 Y69.227 E8743.08872
G1 X119.868 Y82.315 E8744.8399
G1 X120.481 Y82.756 E8744.90786
G1 X121.131 Y83.026 E8744.97121
G1 X122.099 Y83.169 E8745.05928
G1 X122.969 Y82.985 E8745.13931
G1 X123.848 Y82.566 E8745.22695
G1 X125.616 Y80.798 E8745.45198
G1 X126.106 Y79.787 E8745.55309
G1 X126.202 Y78.925 E8745.63115
G1 X126.124 Y78.234 E8745.69373
G1 X125.899 Y77.589 E8745.75522
G1 X125.471 Y76.905 E8745.82783
G1 X104.355 Y55.789 E8748.51546
G1 X103.763 Y55.316 E8748.58366
G1 X103.144 Y55.021 E8748.64537
G1 X102.329 Y54.84 E8748.72051
G1 X82.579 Y54.84 E8750.49801
G1 X81.764 Y55.021 E8750.57315
G1 X81.149 Y55.316 E8750.63454
G1 X80.605 Y55.749 E8750.69711
G1 X80.064 Y56.429 E8750.77532
G1 X79.696 Y57.489 E8750.8763
G1 X79.696 Y117.356 E8756.26433
G1 X79.853 Y118.082 E8756.33118
G1 X80.188 Y118.833 E8756.40519
G1 X80.759 Y119.464 E8756.48178
G1 X134.664 Y167.517 E8762.98103
G1 X135.419 Y167.934 E8763.05865
G1 X136.112 Y168.119 E8763.12321
G1 X136.82 Y168.141 E8763.18696
G1 X137.533 Y167.992 E8763.25252
G1 X138.413 Y167.582 E8763.33989
G1 X142.541 Y163.43 E8763.86683
G1 X142.996 Y162.717 E8763.94295
G1 X143.216 Y162.08 E8764.0036
G1 X143.293 Y161.387 E8764.06636
G1 X143.192 Y160.526 E8764.14438
G1 X142.702 Y159.523 E8764.24485
G1 X99.429 Y116.467 E8769.73881
G1 X98.057 Y115.852 E8769.87412
G1 X96.545 Y115.212 E8770.02189
G1 X89.995 Y115.209 E8770.61139
G1 X88.155 Y115.208 E8770.77699
G1 X87.854 Y115.12 E8770.80522
G1 X87.449 Y114.732 E8770.85569
G1 X87.344 Y114.422 E8770.88515
G0 F7200 X86.864 Y113.884
;TYPE:SKIN
G1 F2340 X86.864 Y106.825 E8771.4887
G1 X80.176 Y106.828 E8772.06052
G1 X80.176 Y113.884 E8772.66381
G1 X86.864 Y113.884 E8773.23563
G0 F7200 X81.34 Y113.584
G1 F2340 X80.476 Y112.72 E8773.3401
G0 F7200 X80.476 Y111.871
G1 F2340 X82.188 Y113.584 E8773.54717
G0 F7200 X83.037 Y113.584
G1 F2340 X80.476 Y111.023 E8773.85683
G0 F7200 X80.476 Y110.174
G1 F2340 X83.885 Y113.584 E8774.26909
G0 F7200 X84.734 Y113.584
G1 F2340 X80.476 Y109.326 E8774.78395
G0 F7200 X80.476 Y108.477
G1 F2340 X85.583 Y113.584 E8775.40147
G0 F7200 X86.431 Y113.584
G1 F2340 X80.476 Y107.629 E8776.12152
G0 F7200 X80.824 Y107.128
G1 F2340 X86.564 Y112.868 E8776.81557
G0 F7200 X86.564 Y112.02
G1 F2340 X81.672 Y107.128 E8777.40709
G0 F7200 X82.52 Y107.127
G1 F2340 X86.564 Y111.171 E8777.89607
G0 F7200 X86.564 Y110.323
G1 F2340 X83.369 Y107.127 E8778.28245
G0 F7200 X84.216 Y107.127
G1 F2340 X86.564 Y109.474 E8778.5663
G0 F7200 X86.564 Y108.626
G1 F2340 X85.064 Y107.126 E8778.74768
G0 F7200 X85.913 Y107.126
G1 F2340 X86.564 Y107.777 E8778.82639
G0 F7200 X86.564 Y93.452
G1 F2340 X86.864 Y93.452 E8778.85204
G1 X86.864 Y86.396 E8779.45533
G1 X80.176 Y86.396 E8780.02715
G1 X80.176 Y93.452 E8780.63044
G1 X86.564 Y93.452 E8781.17661
G0 F7200 X81.272 Y93.151
G1 F2340 X80.476 Y92.355 E8781.27286
G0 F7200 X80.476 Y91.507
G1 F2340 X82.121 Y93.151 E8781.47171
G0 F7200 X82.969 Y93.151
G1 F2340 X80.476 Y90.658 E8781.77315
G0 F7200 X80.476 Y89.81
G1 F2340 X83.818 Y93.151 E8782.17719
G0 F7200 X84.666 Y93.151
G1 F2340 X80.476 Y88.961 E8782.68382
G0 F7200 X80.476 Y88.113
G1 F2340 X85.515 Y93.151 E8783.29306
G0 F7200 X86.363 Y93.151
G1 F2340 X80.476 Y87.264 E8784.00488
G0 F7200 X80.756 Y86.696
G1 F2340 X86.564 Y92.504 E8784.70716
G0 F7200 X86.564 Y91.655
G1 F2340 X81.604 Y86.696 E8785.30684
G0 F7200 X82.453 Y86.696
G1 F2340 X86.564 Y90.807 E8785.80392
G0 F7200 X86.564 Y89.958
G1 F2340 X83.301 Y86.696 E8786.19841
G0 F7200 X84.15 Y86.696
G1 F2340 X86.564 Y89.11 E8786.4903
G0 F7200 X86.564 Y88.261
G1 F2340 X84.998 Y86.696 E8786.67959
G0 F7200 X85.847 Y86.696
G1 F2340 X86.564 Y87.413 E8786.76629
G0 F7200 X86.434 Y87.413
G10
;MESH:NONMESH
G0 F600 X86.434 Y87.413 Z6.25
G0 F7200 X81.216 Y55.788
G0 X81.11 Y55.654
;TIME_ELAPSED:1998.771869
;LAYER:39
;TYPE:FILL
;MESH:porte-manteau.stl
G11
G1 F6300 X95.93 Y70.475 E8788.65263
G0 F7200 X95.794 Y70.374
G0 X97.11 Y68.938
G0 X97.738 Y68.431
G0 X97.821 Y68.578
G1 F6300 X79.936 Y73.37 E8790.31905
G0 F7200 X79.937 Y72.816
G1 F6300 X84.689 Y55.079 E8791.97168
G0 F7200 X84.689 Y55.252
G0 X93.264 Y55.252
G0 X93.264 Y55.08
G1 F6300 X120.834 Y82.65 E8795.48077
G0 F7200 X120.916 Y82.508
G0 X119.401 Y81.339
G0 X119.288 Y81.461
G1 F6300 X125.875 Y79.696 E8796.09451
G0 F7200 X125.711 Y79.677
G0 X125.212 Y77.264
G0 X125.356 Y77.174
G1 F6300 X124.06 Y82.013 E8796.54537
G0 F7200 X123.942 Y81.895
G0 X115.864 Y78.123
G0 X115.752 Y78.244
G1 F6300 X118.017 Y69.791 E8797.33298
G0 F7200 X117.896 Y69.912
G0 X120.02 Y72.036
G0 X120.142 Y71.915
G1 F6300 X111.373 Y74.264 E8798.15001
G0 F7200 X111.486 Y74.141
G0 X108.373 Y71.31
G0 X108.26 Y71.433
G1 F6300 X110.668 Y62.444 E8798.98755
G0 F7200 X110.548 Y62.564
G0 X112.671 Y64.687
G0 X112.793 Y64.566
G1 F6300 X100.815 Y67.776 E8800.10361
G0 F7200 X99.921 Y67.778
G1 F6300 X103.254 Y55.341 E8801.26244
G0 F7200 X103.181 Y55.493
G0 X105.323 Y57.339
G0 X105.444 Y57.218
G1 F6300 X79.937 Y64.052 E8803.63903
G0 F7200 X80.109 Y64.052
G0 X80.109 Y67.208
G0 X79.936 Y67.208
G1 F6300 X95.105 Y82.377 E8805.56973
G0 F7200 X94.934 Y82.377
G0 X94.934 Y78.623
G0 X95.107 Y78.623
G1 F6300 X79.937 Y82.687 E8806.98318
G0 F7200 X80.109 Y82.687
G0 X80.109 Y79.936
G0 X79.936 Y79.936
G1 F6300 X86.277 Y86.277 E8807.79026
G0 F7200 X85.647 Y86.278
G1 F6300 X94.007 Y55.079 E8810.69722
G10
G0 F7200 X94.007 Y55.252
G0 X83.692 Y93.575
G11
G1 F6300 X80.173 Y106.708 E8811.92089
G0 F7200 X81.252 Y106.707
G1 F6300 X79.936 Y105.391 E8812.08839
G0 F7200 X80.109 Y105.391
G0 X80.109 Y101.323
G0 X79.936 Y101.323
G1 F6300 X95.103 Y97.259 E8813.50157
G0 F7200 X94.934 Y97.259
G0 X92.339 Y96.075
G1 F6300 X90.16 Y104.207 E8814.25927
G0 F7200 X91.479 Y104.207
G1 F6300 X80.847 Y93.575 E8815.6125
G10
G0 F7200 X87.104 Y115.614
G11
G1 F6300 X85.118 Y123.026 E8816.30311
G0 F7200 X85.23 Y122.901
G0 X82.696 Y120.642
G0 X82.584 Y120.767
G1 F6300 X80.29 Y118.474 E8816.59503
G0 F7200 X80.447 Y118.405
G0 X81.386 Y119.474
G0 X81.272 Y119.6
G1 F6300 X92.813 Y116.507 E8817.67037
G0 F7200 X91.051 Y116.507
G1 F6300 X140.095 Y165.551 E8823.91266
G0 F7200 X139.977 Y165.432
G0 X138.403 Y167.013
G0 X138.522 Y167.133
G1 F6300 X140.94 Y158.108 E8824.75355
G0 F7200 X140.821 Y158.226
G0 X141.936 Y159.336
G0 X142.056 Y159.217
G1 F6300 X129.491 Y162.584 E8825.9243
G0 F7200 X130.244 Y163.253
G1 F6300 X133.584 Y150.789 E8827.08564
G0 F7200 X133.465 Y150.907
G0 X134.559 Y151.995
G0 X134.678 Y151.877
G1 F6300 X121.455 Y155.42 E8828.31769
G0 F7200 X121.567 Y155.296
G0 X122.834 Y156.425
G0 X122.723 Y156.549
G1 F6300 X126.227 Y143.471 E8829.53622
G0 F7200 X126.109 Y143.588
G0 X127.18 Y144.654
G0 X127.299 Y144.536
G1 F6300 X113.418 Y148.256 E8830.8296
G0 F7200 X113.53 Y148.131
G0 X115.313 Y149.72
G0 X115.202 Y149.844
G1 F6300 X118.871 Y136.151 E8832.10544
G0 F7200 X118.753 Y136.269
G0 X119.803 Y137.314
G0 X119.922 Y137.196
G1 F6300 X105.382 Y141.092 E8833.4602
G0 F7200 X105.495 Y140.967
G0 X107.793 Y143.016
G0 X107.681 Y143.14
G1 F6300 X111.515 Y128.832 E8834.79335
G0 F7200 X111.396 Y128.95
G0 X112.425 Y129.973
G0 X112.544 Y129.855
G1 F6300 X97.345 Y133.928 E8836.20953
G0 F7200 X97.458 Y133.802
G0 X100.272 Y136.311
G0 X100.16 Y136.435
G1 F6300 X104.158 Y121.514 E8837.59979
G0 F7200 X104.04 Y121.631
G0 X105.048 Y122.633
G0 X105.167 Y122.514
G1 F6300 X89.309 Y126.764 E8839.07738
G0 F7200 X89.422 Y126.638
G0 X92.751 Y129.606
G0 X92.639 Y129.73
G1 F6300 X96.181 Y116.51 E8840.30914
G0 F7200 X96.863 Y114.96
G0 X97.028 Y114.586
;TYPE:WALL-OUTER
G1 F2880 X96.188 Y114.216 E8840.39175
G1 X88.149 Y114.21 E8841.11526
G1 X87.948 Y113.964 E8841.14385
G1 X87.948 Y106.68 E8841.79941
G1 X88.191 Y106.508 E8841.8262
G1 X94.59 Y106.5 E8842.40211
G1 X95.212 Y105.677 E8842.49496
G1 X95.944 Y104.788 E8842.5986
G1 X95.944 Y95.503 E8843.43425
G1 X95.139 Y94.508 E8843.54944
G1 X94.597 Y93.784 E8843.63084
G1 X88.191 Y93.776 E8844.20738
G1 X87.948 Y93.532 E8844.23837
G1 X87.948 Y86.32 E8844.88745
G1 X88.191 Y86.076 E8844.91844
G1 X94.573 Y86.072 E8845.49282
G1 X95.944 Y84.31 E8845.69375
G1 X95.945 Y72.626 E8846.74531
G1 X96.393 Y71.266 E8846.87418
G1 X97.07 Y70.34 E8846.97742
G1 X97.834 Y69.541 E8847.07691
G1 X98.806 Y68.977 E8847.17805
G1 X99.956 Y68.613 E8847.28661
G1 X102.52 Y68.611 E8847.51737
G1 X103.572 Y68.822 E8847.61394
G1 X104.376 Y69.182 E8847.69322
G1 X105.117 Y69.713 E8847.77527
G1 X119.706 Y82.975 E8849.5497
G1 X120.574 Y83.469 E8849.63959
G1 X121.364 Y83.697 E8849.71359
G1 X122.356 Y83.73 E8849.80292
G1 X123.17 Y83.554 E8849.87787
G1 X124.189 Y83.069 E8849.97944
G1 X126.116 Y81.142 E8850.22471
G1 X126.691 Y79.955 E8850.34341
G1 X126.806 Y78.925 E8850.43669
G1 X126.713 Y78.1 E8850.51141
G1 X126.443 Y77.327 E8850.5851
G1 X125.943 Y76.529 E8850.66985
G1 X104.755 Y55.341 E8853.36665
G1 X104.083 Y54.804 E8853.44407
G1 X103.341 Y54.45 E8853.51806
G1 X102.395 Y54.24 E8853.60527
G1 X82.513 Y54.24 E8855.39465
G1 X81.567 Y54.45 E8855.48186
G1 X80.829 Y54.804 E8855.55553
G1 X80.178 Y55.322 E8855.6304
G1 X79.531 Y56.135 E8855.72391
G1 X79.096 Y57.389 E8855.84337
G1 X79.096 Y117.42 E8861.24616
G1 X79.279 Y118.27 E8861.32441
G1 X79.679 Y119.165 E8861.41264
G1 X80.336 Y119.89 E8861.5007
G1 X134.315 Y168.009 E8868.00887
G1 X135.193 Y168.495 E8868.09919
G1 X136.024 Y168.717 E8868.1766
G1 X136.873 Y168.743 E8868.25305
G1 X137.724 Y168.565 E8868.33129
G1 X138.762 Y168.081 E8868.43437
G1 X143.012 Y163.807 E8868.97684
G1 X143.54 Y162.98 E8869.06514
G1 X143.805 Y162.213 E8869.13818
G1 X143.897 Y161.385 E8869.21316
G1 X143.776 Y160.354 E8869.30658
G1 X143.198 Y159.17 E8869.42516
G1 X99.529 Y115.722 E8874.96927
G1 X97.956 Y114.994 E8875.12527
G1 X97.028 Y114.586 E8875.2165
G0 F7200 X96.754 Y114.466
G0 X96.787 Y115.135
;TYPE:WALL-INNER
G1 F4620 X96.062 Y114.816 E8875.28779
G1 X88.061 Y114.812 E8876.00788
G1 X87.654 Y114.593 E8876.04948
G1 X87.344 Y114.022 E8876.10795
G1 X87.344 Y106.694 E8876.76747
G1 X87.542 Y106.239 E8876.81213
G1 X87.737 Y106.06 E8876.83595
G1 X88.165 Y105.907 E8876.87686
G1 X94.291 Y105.9 E8877.4282
G1 X94.725 Y105.325 E8877.49304
G1 X95.344 Y104.573 E8877.5807
G1 X95.344 Y95.715 E8878.37792
G1 X94.268 Y94.384 E8878.53196
G1 X88.163 Y94.377 E8879.08141
G1 X87.737 Y94.224 E8879.12214
G1 X87.542 Y94.045 E8879.14597
G1 X87.344 Y93.588 E8879.19079
G1 X87.344 Y86.254 E8879.85085
G1 X87.45 Y85.946 E8879.88017
G1 X87.706 Y85.65 E8879.91539
G1 X88.169 Y85.475 E8879.95994
G1 X94.28 Y85.472 E8880.50993
G1 X95.344 Y84.104 E8880.6659
G1 X95.349 Y72.534 E8881.7072
G1 X95.85 Y70.99 E8881.85329
G1 X96.574 Y69.999 E8881.96375
G1 X97.482 Y69.045 E8882.08228
G1 X98.562 Y68.429 E8882.19418
G1 X99.829 Y68.016 E8882.31412
G1 X102.609 Y68.011 E8882.56432
G1 X103.756 Y68.25 E8882.66977
G1 X104.704 Y68.671 E8882.76312
G1 X105.47 Y69.227 E8882.84831
G1 X120.06 Y82.487 E8884.62269
G1 X120.809 Y82.912 E8884.7002
G1 X121.458 Y83.1 E8884.76101
G1 X122.302 Y83.128 E8884.83701
G1 X122.975 Y82.982 E8884.89899
G1 X123.839 Y82.571 E8884.9851
G1 X125.62 Y80.79 E8885.21178
G1 X126.106 Y79.787 E8885.31209
G1 X126.202 Y78.925 E8885.39015
G1 X126.124 Y78.234 E8885.45274
G1 X125.899 Y77.589 E8885.51422
G1 X125.471 Y76.905 E8885.58683
G1 X104.355 Y55.789 E8888.27446
G1 X103.763 Y55.316 E8888.34266
G1 X103.144 Y55.021 E8888.40437
G1 X102.329 Y54.84 E8888.47951
G1 X82.579 Y54.84 E8890.25701
G1 X81.764 Y55.021 E8890.33215
G1 X81.149 Y55.316 E8890.39354
G1 X80.605 Y55.749 E8890.45611
G1 X80.064 Y56.429 E8890.53432
G1 X79.696 Y57.489 E8890.6353
G1 X79.696 Y117.356 E8896.02333
G1 X79.853 Y118.082 E8896.09018
G1 X80.188 Y118.833 E8896.16419
G1 X80.759 Y119.464 E8896.24078
G1 X134.664 Y167.517 E8902.74003
G1 X135.419 Y167.934 E8902.81766
G1 X136.112 Y168.119 E8902.88221
G1 X136.82 Y168.141 E8902.94596
G1 X137.533 Y167.992 E8903.01152
G1 X138.413 Y167.582 E8903.09889
G1 X142.541 Y163.43 E8903.62583
G1 X142.996 Y162.717 E8903.70195
G1 X143.216 Y162.08 E8903.7626
G1 X143.293 Y161.387 E8903.82536
G1 X143.192 Y160.526 E8903.90338
G1 X142.702 Y159.523 E8904.00385
G1 X99.181 Y116.222 E8909.52918
G1 X97.646 Y115.513 E8909.68136
G1 X96.787 Y115.135 E8909.76582
G0 F7200 X96.543 Y115.689
;TYPE:SKIN
G1 F1591.5 X95.934 Y115.419 E8909.84613
G1 F1582.9 X87.926 Y115.415 E8910.8161
G1 F1566 X87.355 Y115.119 E8910.89474
G1 F1555.6 X87.355 Y116.253 E8911.03419
G1 F1574.4 X88.028 Y116.261 E8911.1161
G1 F1591.5 X97.304 Y116.264 E8912.23437
G1 X97.35 Y116.045 E8912.26135
G1 X96.543 Y115.689 E8912.36768
G0 F7200 X87.006 Y115.151
G0 X86.864 Y113.884
G1 F2340 X86.864 Y110.17 E8912.68523
G1 F2383.6 X86.97 Y106.718 E8912.97559
G1 X83.519 Y106.826 E8913.26587
G1 F2340 X80.176 Y106.828 E8913.5517
G1 X80.176 Y113.884 E8914.15499
G1 X86.864 Y113.884 E8914.72681
G0 F7200 X86.934 Y106.601
G0 X87.045 Y106.601
G1 F2794.2 X87.055 Y106.58 E8914.7285
G0 F7200 X86.934 Y106.58
G0 X87.006 Y105.57
G0 X93.967 Y105.297
G1 F1589.4 X94.664 Y104.45 E8914.8609
G1 F1576.6 X88.012 Y104.454 E8915.66947
G1 F1535.1 X87.367 Y104.467 E8915.74972
G1 F1507.1 X87.367 Y105.566 E8915.88863
G1 F1533 X88.04 Y105.305 E8915.97853
G1 F1574.4 X93.967 Y105.297 E8916.69982
G10
G0 F7200 X87.006 Y105.57
G0 X85.82 Y113.584
G11
G1 F2340 X86.564 Y112.84 E8916.78978
G0 F7200 X86.564 Y111.992
G1 F2340 X84.972 Y113.584 E8916.98228
G0 F7200 X84.123 Y113.584
G1 F2340 X86.564 Y111.143 E8917.27743
G0 F7200 X86.564 Y110.295
G1 F2340 X83.275 Y113.584 E8917.67512
G0 F7200 X82.426 Y113.584
G1 F2340 X86.564 Y109.446 E8918.17547
G0 F7200 X86.564 Y108.597
G1 F2340 X81.577 Y113.584 E8918.77847
G0 F7200 X80.729 Y113.584
G1 F2340 X86.564 Y107.749 E8919.48402
G0 F7200 X86.339 Y107.125
G1 F2340 X80.476 Y112.989 E8920.193
G0 F7200 X80.476 Y112.14
G1 F2340 X85.491 Y107.125 E8920.79939
G0 F7200 X84.641 Y107.126
G1 F2340 X80.476 Y111.292 E8921.30306
G0 F7200 X80.476 Y110.443
G1 F2340 X83.793 Y107.126 E8921.70414
G0 F7200 X82.944 Y107.127
G1 F2340 X80.476 Y109.594 E8922.0025
G0 F7200 X80.476 Y108.746
G1 F2340 X82.095 Y107.127 E8922.19826
G0 F7200 X81.246 Y107.127
G1 F2340 X80.476 Y107.897 E8922.29137
G0 F7200 X87.364 Y95.812
G1 F1553.5 X88.151 Y95.828 E8922.38828
G1 F1591.5 X94.663 Y95.83 E8923.17334
G1 F1595.9 X93.979 Y94.986 E8923.30399
G1 F1585.1 X88.062 Y94.98 E8924.01985
G1 F1547.3 X87.642 Y94.868 E8924.07355
G1 F1521 X87.365 Y94.67 E8924.11625
G1 X87.364 Y95.812 E8924.25945
G0 F7200 X87.042 Y94.83
G0 X86.864 Y93.452
G1 F2340 X86.864 Y89.74 E8924.57683
G1 F2383.6 X86.97 Y86.29 E8924.86703
G1 X83.52 Y86.396 E8925.15722
G1 F2340 X80.176 Y86.396 E8925.44313
G1 X80.176 Y93.452 E8926.04642
G1 X86.864 Y93.452 E8926.61824
G0 F7200 X86.934 Y86.171
G0 X87.045 Y86.171
G1 F2794.2 X87.055 Y86.149 E8926.62
G0 F7200 X87.364 Y85.18
G1 F1519 X87.734 Y84.943 E8926.67516
G1 F1537.1 X88.056 Y84.876 E8926.71603
G1 F1570.2 X93.984 Y84.867 E8927.43913
G1 F1585.1 X94.647 Y84.017 E8927.56955
G1 F1576.6 X88.009 Y84.023 E8928.37642
G1 F1543.2 X87.364 Y84.036 E8928.4563
G1 F1519 X87.364 Y85.18 E8928.59992
G0 F7200 X87.364 Y85.065
G0 X80.477 Y87.532
G1 F2340 X81.313 Y86.696 E8928.70101
G0 F7200 X82.162 Y86.696
G1 F2340 X80.477 Y88.381 E8928.90475
G0 F7200 X80.477 Y89.229
G1 F2340 X83.01 Y86.696 E8929.21103
G0 F7200 X83.859 Y86.696
G1 F2340 X80.477 Y90.078 E8929.61997
G0 F7200 X80.477 Y90.926
G1 F2340 X84.707 Y86.696 E8930.13144
G0 F7200 X85.556 Y86.696
G1 F2340 X80.477 Y91.775 E8930.74557
G0 F7200 X80.477 Y92.623
G1 F2340 X86.404 Y86.696 E8931.46223
G0 F7200 X86.564 Y87.384
G1 F2340 X80.796 Y93.152 E8932.15967
G0 F7200 X81.645 Y93.152
G1 F2340 X86.564 Y88.233 E8932.75445
G0 F7200 X86.564 Y89.081
G1 F2340 X82.493 Y93.152 E8933.2467
G0 F7200 X83.342 Y93.152
G1 F2340 X86.564 Y89.93 E8933.63629
G0 F7200 X86.564 Y90.778
G1 F2340 X84.19 Y93.152 E8933.92334
G0 F7200 X85.039 Y93.152
G1 F2340 X86.564 Y91.627 E8934.10773
G0 F7200 X86.564 Y92.475
G1 F2340 X85.887 Y93.152 E8934.18959
G10
;MESH:NONMESH
G0 F600 X85.887 Y93.152 Z6.4
G0 F7200 X81.216 Y55.788
G0 X81.11 Y55.654
;TIME_ELAPSED:2032.680238
;LAYER:40
;TYPE:FILL
;MESH:porte-manteau.stl
G11
G1 F6300 X95.93 Y70.475 E8936.07594
G0 F7200 X95.794 Y70.374
G0 X96.816 Y69.25
G0 X97.694 Y68.451
G0 X97.79 Y68.586
G1 F6300 X79.936 Y73.37 E8937.73948
G0 F7200 X79.936 Y72.817
G1 F6300 X84.689 Y55.079 E8939.39222
G0 F7200 X84.689 Y55.252
G0 X93.264 Y55.252
G0 X93.264 Y55.08
G1 F6300 X120.82 Y82.636 E8942.89953
G0 F7200 X120.884 Y82.483
G0 X119.399 Y81.337
G0 X119.285 Y81.461
G1 F6300 X125.875 Y79.696 E8943.51353
G0 F7200 X125.711 Y79.677
G0 X125.212 Y77.264
G0 X125.356 Y77.174
G1 F6300 X124.059 Y82.016 E8943.96467
G0 F7200 X123.94 Y81.897
G0 X115.865 Y78.123
G0 X115.751 Y78.247
G1 F6300 X118.017 Y69.791 E8944.75256
G0 F7200 X117.896 Y69.912
G0 X120.02 Y72.036
G0 X120.142 Y71.915
G1 F6300 X111.372 Y74.264 E8945.56969
G0 F7200 X111.486 Y74.14
G0 X108.374 Y71.31
G0 X108.259 Y71.434
G1 F6300 X110.668 Y62.444 E8946.40733
G0 F7200 X110.548 Y62.564
G0 X112.671 Y64.687
G0 X112.793 Y64.566
G1 F6300 X100.823 Y67.774 E8947.52265
G0 F7200 X99.91 Y67.822
G1 F6300 X103.254 Y55.341 E8948.68556
G0 F7200 X103.181 Y55.493
G0 X105.323 Y57.339
G0 X105.444 Y57.218
G1 F6300 X79.937 Y64.052 E8951.06216
G0 F7200 X80.109 Y64.052
G0 X80.109 Y67.208
G0 X79.936 Y67.208
G1 F6300 X95.105 Y82.377 E8952.99285
G0 F7200 X94.934 Y82.377
G0 X94.934 Y78.623
G0 X95.107 Y78.623
G1 F6300 X79.936 Y82.688 E8954.40641
G0 F7200 X80.109 Y82.688
G0 X80.109 Y79.936
G0 X79.936 Y79.936
G1 F6300 X86.3 Y86.3 E8955.21641
G0 F7200 X85.641 Y86.3
G1 F6300 X94.007 Y55.079 E8958.12543
G10
G0 F7200 X94.007 Y55.252
G0 X83.699 Y93.547
G11
G1 F6300 X80.166 Y106.731 E8959.35386
G0 F7200 X81.275 Y106.731
G1 F6300 X79.936 Y105.391 E8959.52435
G0 F7200 X80.109 Y105.391
G0 X80.109 Y101.323
G0 X79.936 Y101.323
G1 F6300 X95.103 Y97.259 E8960.93753
G0 F7200 X94.934 Y97.259
G0 X92.343 Y96.062
G1 F6300 X90.156 Y104.222 E8961.69785
G0 F7200 X91.493 Y104.221
G1 F6300 X80.819 Y93.547 E8963.05643
G10
G0 F7200 X87.104 Y115.614
G11
G1 F6300 X85.118 Y123.026 E8963.74704
G0 F7200 X85.23 Y122.901
G0 X82.696 Y120.642
G0 X82.584 Y120.767
G1 F6300 X80.29 Y118.474 E8964.03896
G0 F7200 X80.447 Y118.405
G0 X81.386 Y119.474
G0 X81.272 Y119.6
G1 F6300 X92.859 Y116.495 E8965.11858
G0 F7200 X91.039 Y116.494
G1 F6300 X140.095 Y165.551 E8971.36245
G0 F7200 X139.977 Y165.432
G0 X138.403 Y167.013
G0 X138.522 Y167.133
G1 F6300 X140.94 Y158.108 E8972.20335
G0 F7200 X140.821 Y158.226
G0 X141.936 Y159.336
G0 X142.056 Y159.217
G1 F6300 X129.491 Y162.584 E8973.3741
G0 F7200 X130.244 Y163.253
G1 F6300 X133.584 Y150.789 E8974.53544
G0 F7200 X133.465 Y150.907
G0 X134.559 Y151.996
G0 X134.678 Y151.877
G1 F6300 X121.455 Y155.42 E8975.76749
G0 F7200 X121.567 Y155.296
G0 X122.834 Y156.425
G0 X122.723 Y156.549
G1 F6300 X126.227 Y143.47 E8976.98611
G0 F7200 X126.108 Y143.588
G0 X127.181 Y144.655
G0 X127.3 Y144.536
G1 F6300 X113.418 Y148.256 E8978.27957
G0 F7200 X113.53 Y148.131
G0 X115.313 Y149.72
G0 X115.202 Y149.844
G1 F6300 X118.871 Y136.15 E8979.5555
G0 F7200 X118.752 Y136.268
G0 X119.803 Y137.314
G0 X119.922 Y137.196
G1 F6300 X105.382 Y141.092 E8980.91026
G0 F7200 X105.495 Y140.967
G0 X107.793 Y143.016
G0 X107.681 Y143.14
G1 F6300 X111.515 Y128.831 E8982.2435
G0 F7200 X111.396 Y128.949
G0 X112.425 Y129.974
G0 X112.545 Y129.855
G1 F6300 X97.345 Y133.928 E8983.65976
G0 F7200 X97.458 Y133.802
G0 X100.272 Y136.311
G0 X100.16 Y136.435
G1 F6300 X104.159 Y121.512 E8985.05022
G0 F7200 X104.04 Y121.63
G0 X105.047 Y122.633
G0 X105.167 Y122.514
G1 F6300 X89.309 Y126.764 E8986.5278
G0 F7200 X89.422 Y126.638
G0 X92.751 Y129.606
G0 X92.639 Y129.73
G1 F6300 X96.185 Y116.495 E8987.76097
G0 F7200 X97.324 Y114.965
G0 X97.499 Y114.593
;TYPE:WALL-OUTER
G1 F2880 X97.149 Y114.43 E8987.79572
G1 X96.159 Y113.968 E8987.89404
G1 X95.678 Y113.704 E8987.94342
G1 X88.2 Y113.689 E8988.61644
G1 X87.948 Y113.541 E8988.64275
G1 X87.948 Y107.26 E8989.20804
G1 X88.158 Y107.012 E8989.23728
G1 X94.562 Y107.015 E8989.81364
G1 X95.269 Y105.993 E8989.92549
G1 X95.944 Y105.11 E8990.02552
G1 X95.944 Y95.181 E8990.91913
G1 X95.187 Y94.177 E8991.03229
G1 X94.568 Y93.265 E8991.13149
G1 X88.202 Y93.262 E8991.70443
G1 X87.948 Y93.015 E8991.73632
G1 X87.948 Y86.828 E8992.29315
G1 X88.191 Y86.584 E8992.32414
G1 X94.548 Y86.58 E8992.89627
G1 X95.494 Y85.26 E8993.04243
G1 X95.944 Y84.681 E8993.10843
G1 X95.945 Y72.626 E8994.19338
G1 X96.393 Y71.266 E8994.32225
G1 X97.07 Y70.34 E8994.42549
G1 X97.658 Y69.724 E8994.50213
G1 X98.406 Y69.179 E8994.58542
G1 X99.233 Y68.818 E8994.66664
G1 X100.233 Y68.613 E8994.75851
G1 X102.52 Y68.611 E8994.96434
G1 X103.572 Y68.822 E8995.0609
G1 X104.376 Y69.182 E8995.14019
G1 X105.117 Y69.713 E8995.22223
G1 X119.49 Y82.782 E8996.9706
G1 X120.18 Y83.28 E8997.04718
G1 X121.161 Y83.689 E8997.14284
G1 X122.364 Y83.73 E8997.25117
G1 X123.174 Y83.554 E8997.32577
G1 X124.2 Y83.063 E8997.42814
G1 X126.112 Y81.151 E8997.6715
G1 X126.691 Y79.955 E8997.79109
G1 X126.806 Y78.925 E8997.88437
G1 X126.713 Y78.1 E8997.95909
G1 X126.443 Y77.327 E8998.03278
G1 X125.943 Y76.529 E8998.11753
G1 X104.755 Y55.341 E9000.81433
G1 X104.083 Y54.804 E9000.89174
G1 X103.341 Y54.45 E9000.96573
G1 X102.395 Y54.24 E9001.05295
G1 X82.513 Y54.24 E9002.84233
G1 X81.567 Y54.45 E9002.92954
G1 X80.829 Y54.804 E9003.00321
G1 X80.178 Y55.322 E9003.07808
G1 X79.531 Y56.135 E9003.17159
G1 X79.096 Y57.389 E9003.29105
G1 X79.096 Y117.42 E9008.69384
G1 X79.279 Y118.27 E9008.77209
G1 X79.679 Y119.165 E9008.86032
G1 X80.336 Y119.89 E9008.94838
G1 X134.315 Y168.009 E9015.45655
G1 X135.193 Y168.495 E9015.54687
G1 X136.024 Y168.717 E9015.62428
G1 X136.873 Y168.743 E9015.70073
G1 X137.724 Y168.565 E9015.77897
G1 X138.762 Y168.081 E9015.88205
G1 X143.012 Y163.807 E9016.42452
G1 X143.54 Y162.98 E9016.51282
G1 X143.805 Y162.213 E9016.58586
G1 X143.897 Y161.385 E9016.66083
G1 X143.776 Y160.354 E9016.75426
G1 X143.198 Y159.17 E9016.87284
G1 X99.232 Y115.425 E9022.45475
G1 X97.499 Y114.593 E9022.62777
G0 F7200 X97.227 Y114.467
G0 X97.245 Y115.137
;TYPE:WALL-INNER
G1 F4620 X96.897 Y114.975 E9022.66231
G1 X95.465 Y114.304 E9022.80464
G1 X88.154 Y114.292 E9023.46263
G1 X87.732 Y114.133 E9023.50322
G1 X87.526 Y113.936 E9023.52887
G1 X87.344 Y113.495 E9023.57181
G1 X87.344 Y107.207 E9024.13773
G1 X87.452 Y106.883 E9024.16846
G1 X87.809 Y106.523 E9024.21409
G1 X88.157 Y106.412 E9024.24697
G1 X94.248 Y106.415 E9024.79516
G1 X94.792 Y105.629 E9024.88119
G1 X95.344 Y104.907 E9024.96299
G1 X95.344 Y95.382 E9025.82024
G1 X94.691 Y94.514 E9025.91799
G1 X94.25 Y93.865 E9025.98861
G1 X88.165 Y93.861 E9026.53626
G1 X87.809 Y93.753 E9026.56974
G1 X87.452 Y93.393 E9026.61537
G1 X87.344 Y93.068 E9026.6462
G1 X87.344 Y86.762 E9027.21374
G1 X87.45 Y86.454 E9027.24305
G1 X87.706 Y86.158 E9027.27827
G1 X88.169 Y85.983 E9027.32282
G1 X94.241 Y85.98 E9027.8693
G1 X95.344 Y84.439 E9028.03986
G1 X95.349 Y72.534 E9029.11131
G1 X95.85 Y70.99 E9029.2574
G1 X96.574 Y69.999 E9029.36786
G1 X97.283 Y69.254 E9029.46042
G1 X98.105 Y68.654 E9029.55201
G1 X99.051 Y68.246 E9029.64473
G1 X100.173 Y68.016 E9029.74781
G1 X102.609 Y68.011 E9029.96705
G1 X103.756 Y68.25 E9030.0725
G1 X104.704 Y68.671 E9030.16585
G1 X105.47 Y69.227 E9030.25104
G1 X119.868 Y82.315 E9032.00222
G1 X120.475 Y82.753 E9032.06959
G1 X121.291 Y83.093 E9032.14915
G1 X122.31 Y83.128 E9032.24091
G1 X122.978 Y82.983 E9032.30243
G1 X123.848 Y82.566 E9032.38926
G1 X125.616 Y80.798 E9032.61429
G1 X126.106 Y79.787 E9032.71541
G1 X126.202 Y78.925 E9032.79347
G1 X126.124 Y78.234 E9032.85605
G1 X125.899 Y77.589 E9032.91753
G1 X125.471 Y76.905 E9032.99015
G1 X104.355 Y55.789 E9035.67778
G1 X103.763 Y55.316 E9035.74598
G1 X103.144 Y55.021 E9035.80769
G1 X102.329 Y54.84 E9035.88283
G1 X82.579 Y54.84 E9037.66033
G1 X81.764 Y55.021 E9037.73546
G1 X81.149 Y55.316 E9037.79685
G1 X80.605 Y55.749 E9037.85943
G1 X80.064 Y56.429 E9037.93763
G1 X79.696 Y57.489 E9038.03862
G1 X79.696 Y117.356 E9043.42665
G1 X79.853 Y118.082 E9043.4935
G1 X80.188 Y118.833 E9043.56751
G1 X80.759 Y119.464 E9043.6441
G1 X134.664 Y167.517 E9050.14335
G1 X135.419 Y167.934 E9050.22097
G1 X136.112 Y168.119 E9050.28553
G1 X136.82 Y168.141 E9050.34928
G1 X137.533 Y167.992 E9050.41483
G1 X138.413 Y167.582 E9050.50221
G1 X142.541 Y163.43 E9051.02915
G1 X142.996 Y162.717 E9051.10527
G1 X143.216 Y162.08 E9051.16592
G1 X143.293 Y161.387 E9051.22867
G1 X143.192 Y160.526 E9051.3067
G1 X142.702 Y159.523 E9051.40716
G1 X98.881 Y115.922 E9056.97068
G1 X97.245 Y115.137 E9057.13399
G0 F7200 X97.042 Y115.573
;TYPE:SKIN
G1 F2340 X95.353 Y114.784 E9057.29338
G1 X88.015 Y114.772 E9057.92078
G1 F2383.6 X87.348 Y114.408 E9057.98467
G1 F2594.6 X87.123 Y114.051 E9058.0175
G1 F2574 X87.224 Y114.609 E9058.06195
G1 F2361.6 X87.225 Y116.371 E9058.21134
G1 F2340 X97.819 Y116.375 E9059.11713
G1 X97.906 Y115.988 E9059.15104
G1 X97.073 Y115.587 E9059.23009
G1 X97.042 Y115.573 E9059.23299
G0 F7200 X95.174 Y115.578
G1 F1326 X88.022 Y115.57 E9060.24196
G0 F7200 X87.006 Y114.63
G0 X87.123 Y114.051
G1 F2794.2 X87.115 Y114.04 E9060.24295
G1 F2553.7 X86.864 Y113.565 E9060.28536
G1 F2348.6 X86.864 Y107.192 E9060.82844
G1 F2548.7 X87.098 Y106.689 E9060.87232
G1 F2615.4 X86.857 Y106.848 E9060.89461
G1 F2397 X80.176 Y106.848 E9061.45346
G1 F2340 X80.176 Y113.856 E9062.05265
G1 F2392.5 X86.875 Y113.86 E9062.61396
G1 F2610.2 X87.115 Y114.04 E9062.63717
G0 F7200 X86.934 Y114.04
G0 X86.934 Y106.689
G0 X87.098 Y106.689
G1 F2794.2 X87.131 Y106.64 E9062.64146
G0 F7200 X86.934 Y106.64
G0 X93.994 Y105.931
G1 F2340 X94.381 Y105.373 E9062.69952
G1 X94.864 Y104.742 E9062.76747
G1 X94.864 Y104.34 E9062.80184
G1 X87.224 Y104.34 E9063.45506
G1 X87.225 Y106.035 E9063.59998
G1 F2548.7 X87.131 Y106.64 E9063.6484
G1 X87.51 Y106.152 E9063.69727
G1 F2340 X88.134 Y105.934 E9063.75378
G1 X93.994 Y105.931 E9064.25481
G0 F7200 X93.559 Y105.134
G1 F1318.2 X88.024 Y105.14 E9065.03961
G0 F7200 X87.006 Y106.074
G0 X86.57 Y107.783
G1 F2340 X85.935 Y107.148 E9065.11639
G0 F7200 X85.086 Y107.148
G1 F2340 X86.569 Y108.631 E9065.29571
G0 F7200 X86.568 Y109.479
G1 F2340 X84.238 Y107.148 E9065.5775
G0 F7200 X83.389 Y107.148
G1 F2340 X86.568 Y110.326 E9065.96183
G0 F7200 X86.566 Y111.173
G1 F2340 X82.541 Y107.148 E9066.44851
G0 F7200 X81.692 Y107.148
G1 F2340 X86.565 Y112.021 E9067.03773
G0 F7200 X86.565 Y112.869
G1 F2340 X80.844 Y107.148 E9067.72949
G0 F7200 X80.476 Y107.629
G1 F2340 X86.403 Y113.556 E9068.44615
G0 F7200 X85.554 Y113.556
G1 F2340 X80.476 Y108.477 E9069.06022
G0 F7200 X80.476 Y109.326
G1 F2340 X84.706 Y113.556 E9069.57169
G0 F7200 X83.857 Y113.556
G1 F2340 X80.476 Y110.174 E9069.98057
G0 F7200 X80.476 Y111.023
G1 F2340 X83.009 Y113.556 E9070.28685
G0 F7200 X82.16 Y113.556
G1 F2340 X80.476 Y111.871 E9070.49053
G0 F7200 X80.476 Y112.72
G1 F2340 X81.312 Y113.556 E9070.59161
G10
G0 F7200 X87.225 Y95.939
G11
G1 F2340 X94.864 Y95.94 E9071.24475
G1 X94.864 Y95.541 E9071.27886
G1 X93.962 Y94.344 E9071.40701
G1 X88.133 Y94.338 E9071.90539
G1 X87.662 Y94.203 E9071.94728
G1 F2438 X87.169 Y93.724 E9072.0039
G1 X87.225 Y94.419 E9072.06133
G1 F2340 X87.225 Y95.939 E9072.19129
G0 F7200 X88.026 Y95.134
G1 F1310.4 X93.564 Y95.142 E9072.98045
G0 F7200 X87.006 Y94.202
G0 X87.155 Y93.67
G1 F2794.2 X87.14 Y93.633 E9072.98335
G0 F7200 X86.934 Y93.633
G0 X81.326 Y93.424
G1 F2428.8 X86.894 Y93.429 E9073.44355
G1 F2605 X87.14 Y93.633 E9073.46832
G1 F2548.7 X86.864 Y93.08 E9073.5172
G1 F2340 X86.864 Y86.764 E9074.05722
G1 F2548.7 X87.124 Y86.244 E9074.1032
G1 F2610.2 X86.876 Y86.42 E9074.12673
G1 F2392.5 X80.176 Y86.42 E9074.68812
G1 F2340 X80.176 Y93.424 E9075.28697
G1 F2383.6 X81.326 Y93.424 E9075.38365
G0 F7200 X86.934 Y86.244
G0 X87.124 Y86.244
G1 F2794.2 X87.14 Y86.207 E9075.38658
G0 F7200 X87.163 Y86.159
G1 F2438 X87.652 Y85.642 E9075.4452
G1 F2340 X88.12 Y85.506 E9075.48686
G1 X93.99 Y85.5 E9075.98875
G1 X94.864 Y84.283 E9076.11686
G1 X94.864 Y83.908 E9076.14892
G1 X87.224 Y83.908 E9076.80214
G1 X87.224 Y85.432 E9076.93244
G1 F2438 X87.163 Y86.159 E9076.99253
G0 F7200 X86.934 Y86.159
G0 X88.026 Y84.71
G1 F1315 X93.581 Y84.704 E9077.78174
G0 F7200 X87.006 Y85.644
G0 X86.564 Y87.413
G1 F2340 X85.871 Y86.72 E9077.86554
G0 F7200 X85.023 Y86.72
G1 F2340 X86.564 Y88.261 E9078.05187
G0 F7200 X86.564 Y89.11
G1 F2340 X84.174 Y86.72 E9078.34086
G0 F7200 X83.325 Y86.72
G1 F2340 X86.564 Y89.958 E9078.73244
G0 F7200 X86.564 Y90.807
G1 F2340 X82.477 Y86.72 E9079.22662
G0 F7200 X81.628 Y86.72
G1 F2340 X86.564 Y91.655 E9079.8234
G0 F7200 X86.564 Y92.504
G1 F2340 X80.78 Y86.72 E9080.52277
G0 F7200 X80.476 Y87.264
G1 F2340 X86.336 Y93.124 E9081.23133
G0 F7200 X85.487 Y93.124
G1 F2340 X80.476 Y88.113 E9081.83724
G0 F7200 X80.476 Y88.961
G1 F2340 X84.639 Y93.124 E9082.34061
G0 F7200 X83.79 Y93.124
G1 F2340 X80.476 Y89.81 E9082.74132
G0 F7200 X80.476 Y90.658
G1 F2340 X82.942 Y93.124 E9083.0395
G0 F7200 X82.093 Y93.124
G1 F2340 X80.476 Y91.507 E9083.23502
G0 F7200 X80.476 Y92.355
G1 F2340 X81.244 Y93.124 E9083.32795
G10
;MESH:NONMESH
G0 F600 X81.244 Y93.124 Z6.55
G0 F7200 X81.216 Y55.788
G0 X81.11 Y55.654
;TIME_ELAPSED:2067.209908
;LAYER:41
;TYPE:FILL
;MESH:porte-manteau.stl
G11
G1 F6300 X95.93 Y70.475 E9085.21429
G0 F7200 X95.794 Y70.374
G0 X96.816 Y69.25
G0 X97.694 Y68.451
G0 X97.79 Y68.586
G1 F6300 X79.936 Y73.37 E9086.87783
G0 F7200 X79.937 Y72.816
G1 F6300 X84.689 Y55.079 E9088.53046
G0 F7200 X84.689 Y55.252
G0 X93.264 Y55.252
G0 X93.264 Y55.08
G1 F6300 X120.823 Y82.639 E9092.03815
G0 F7200 X120.888 Y82.484
G0 X119.399 Y81.337
G0 X119.284 Y81.462
G1 F6300 X125.875 Y79.696 E9092.65226
G0 F7200 X125.711 Y79.677
G0 X125.212 Y77.264
G0 X125.356 Y77.174
G1 F6300 X124.059 Y82.015 E9093.10332
G0 F7200 X123.941 Y81.896
G0 X115.865 Y78.123
G0 X115.751 Y78.247
G1 F6300 X118.017 Y69.791 E9093.89121
G0 F7200 X117.896 Y69.912
G0 X120.02 Y72.036
G0 X120.142 Y71.915
G1 F6300 X111.371 Y74.265 E9094.70844
G0 F7200 X111.486 Y74.14
G0 X108.374 Y71.31
G0 X108.259 Y71.434
G1 F6300 X110.668 Y62.444 E9095.54609
G0 F7200 X110.548 Y62.564
G0 X112.671 Y64.687
G0 X112.793 Y64.566
G1 F6300 X100.823 Y67.774 E9096.66141
G0 F7200 X99.91 Y67.822
G1 F6300 X103.254 Y55.341 E9097.82431
G0 F7200 X103.181 Y55.493
G0 X105.323 Y57.339
G0 X105.444 Y57.218
G1 F6300 X79.937 Y64.052 E9100.20091
G0 F7200 X80.109 Y64.052
G0 X80.109 Y67.208
G0 X79.936 Y67.208
G1 F6300 X95.106 Y82.378 E9102.13174
G0 F7200 X94.934 Y82.378
G0 X94.934 Y78.623
G0 X95.107 Y78.623
G1 F6300 X79.937 Y82.687 E9103.54518
G0 F7200 X80.109 Y82.687
G0 X80.109 Y79.936
G0 X79.936 Y79.936
G1 F6300 X86.418 Y86.418 E9104.37021
G0 F7200 X85.609 Y86.418
G1 F6300 X94.007 Y55.079 E9107.29023
G10
G0 F7200 X94.007 Y55.252
G0 X83.729 Y93.437
G11
G1 F6300 X80.135 Y106.848 E9108.53981
G0 F7200 X81.392 Y106.848
G1 F6300 X79.936 Y105.391 E9108.72519
G0 F7200 X80.109 Y105.391
G0 X80.109 Y101.322
G0 X79.937 Y101.322
G1 F6300 X95.103 Y97.259 E9110.13827
G0 F7200 X94.934 Y97.259
G0 X92.357 Y96.009
G1 F6300 X90.141 Y104.278 E9110.90874
G0 F7200 X91.548 Y104.276
G1 F6300 X80.71 Y93.438 E9112.28819
G10
G0 F7200 X87.104 Y115.614
G11
G1 F6300 X85.118 Y123.026 E9112.9788
G0 F7200 X85.23 Y122.901
G0 X82.696 Y120.642
G0 X82.584 Y120.767
G1 F6300 X80.29 Y118.474 E9113.27071
G0 F7200 X80.447 Y118.405
G0 X81.386 Y119.474
G0 X81.272 Y119.6
G1 F6300 X93.058 Y116.441 E9114.3689
G0 F7200 X90.986 Y116.441
G1 F6300 X140.095 Y165.551 E9120.61951
G0 F7200 X139.977 Y165.432
G0 X138.403 Y167.013
G0 X138.522 Y167.133
G1 F6300 X140.94 Y158.108 E9121.46041
G0 F7200 X140.821 Y158.226
G0 X141.936 Y159.336
G0 X142.055 Y159.218
G1 F6300 X129.491 Y162.584 E9122.63105
G0 F7200 X130.244 Y163.253
G1 F6300 X133.583 Y150.79 E9123.79228
G0 F7200 X133.465 Y150.907
G0 X134.559 Y151.996
G0 X134.678 Y151.877
G1 F6300 X121.455 Y155.42 E9125.02433
G0 F7200 X121.567 Y155.296
G0 X122.834 Y156.425
G0 X122.723 Y156.549
G1 F6300 X126.227 Y143.471 E9126.24286
G0 F7200 X126.109 Y143.588
G0 X127.18 Y144.654
G0 X127.299 Y144.536
G1 F6300 X113.418 Y148.256 E9127.53623
G0 F7200 X113.53 Y148.131
G0 X115.313 Y149.72
G0 X115.202 Y149.844
G1 F6300 X118.871 Y136.152 E9128.81199
G0 F7200 X118.753 Y136.269
G0 X119.802 Y137.314
G0 X119.921 Y137.196
G1 F6300 X105.382 Y141.092 E9130.16667
G0 F7200 X105.495 Y140.967
G0 X107.793 Y143.016
G0 X107.681 Y143.14
G1 F6300 X111.514 Y128.833 E9131.49971
G0 F7200 X111.396 Y128.95
G0 X112.424 Y129.973
G0 X112.543 Y129.855
G1 F6300 X97.345 Y133.928 E9132.91579
G0 F7200 X97.458 Y133.802
G0 X100.272 Y136.311
G0 X100.16 Y136.435
G1 F6300 X104.158 Y121.515 E9134.30597
G0 F7200 X104.041 Y121.632
G0 X105.047 Y122.633
G0 X105.165 Y122.515
G1 F6300 X89.309 Y126.764 E9135.78336
G0 F7200 X89.422 Y126.638
G0 X92.751 Y129.606
G0 X92.639 Y129.73
G1 F6300 X96.2 Y116.442 E9137.02148
G0 F7200 X98.638 Y115.407
G0 X98.874 Y115.071
;TYPE:WALL-OUTER
G1 F2880 X97.289 Y114.275 E9137.18111
G1 X96.201 Y113.729 E9137.29066
G1 X95.822 Y113.484 E9137.33128
G1 X95.612 Y113.348 E9137.3538
G1 X95.183 Y112.992 E9137.40397
G1 F2340 X88.206 Y112.994 E9138.0319
G1 F2880 X87.947 Y112.744 E9138.0643
G1 X87.947 Y112.396 E9138.09562
G1 X87.948 Y108.327 E9138.46183
G1 X87.948 Y107.972 E9138.49378
G1 X88.19 Y107.728 E9138.52471
G1 F2340 X94.555 Y107.724 E9139.09756
G1 F2880 X94.908 Y107.063 E9139.165
G1 X94.935 Y107.018 E9139.16972
G1 X95.354 Y106.335 E9139.24184
G1 X95.944 Y105.5 E9139.33385
G1 X95.944 Y94.801 E9140.29676
G1 X95.279 Y93.824 E9140.40313
G1 X94.942 Y93.265 E9140.46188
G1 X94.519 Y92.564 E9140.53556
G1 F2340 X88.122 Y92.563 E9141.11129
G1 F2880 X87.948 Y92.314 E9141.13863
G1 X87.948 Y91.966 E9141.16995
G1 X87.948 Y87.896 E9141.53625
G1 X87.948 Y87.544 E9141.56793
G1 X88.191 Y87.3 E9141.59892
G1 F2340 X94.544 Y87.296 E9142.17069
G1 F2880 X94.944 Y86.582 E9142.24435
G1 X95.064 Y86.368 E9142.26643
G1 X95.555 Y85.614 E9142.34741
G1 X95.944 Y85.068 E9142.40775
G1 X95.945 Y72.626 E9143.52753
G1 X96.393 Y71.266 E9143.6564
G1 X97.07 Y70.34 E9143.75964
G1 X97.658 Y69.724 E9143.83628
G1 X98.406 Y69.179 E9143.91957
G1 X99.233 Y68.818 E9144.00078
G1 X100.233 Y68.613 E9144.09266
G1 X102.52 Y68.611 E9144.29849
G1 X103.572 Y68.822 E9144.39505
G1 X104.376 Y69.182 E9144.47433
G1 X105.117 Y69.713 E9144.55638
G1 X119.912 Y83.167 E9146.35616
G1 X120.953 Y83.606 E9146.45784
G1 X121.778 Y83.747 E9146.53317
G1 X122.367 Y83.732 E9146.58619
G1 X123.181 Y83.55 E9146.66126
G1 X124.205 Y83.058 E9146.76351
G1 X126.112 Y81.151 E9147.00623
G1 X126.691 Y79.955 E9147.12582
G1 X126.806 Y78.925 E9147.2191
G1 X126.713 Y78.1 E9147.29382
G1 X126.443 Y77.327 E9147.36751
G1 X125.943 Y76.529 E9147.45226
G1 X104.755 Y55.341 E9150.14905
G1 X104.083 Y54.804 E9150.22647
G1 X103.341 Y54.45 E9150.30046
G1 X102.395 Y54.24 E9150.38767
G1 X82.513 Y54.24 E9152.17705
G1 X81.567 Y54.45 E9152.26427
G1 X80.829 Y54.804 E9152.33793
G1 X80.178 Y55.322 E9152.41281
G1 X79.531 Y56.135 E9152.50632
G1 X79.096 Y57.389 E9152.62578
G1 X79.096 Y117.42 E9158.02857
G1 X79.279 Y118.27 E9158.10682
G1 X79.679 Y119.165 E9158.19505
G1 X80.336 Y119.89 E9158.28311
G1 X134.315 Y168.009 E9164.79128
G1 X135.193 Y168.495 E9164.88159
G1 X136.024 Y168.717 E9164.95901
G1 X136.873 Y168.743 E9165.03545
G1 X137.724 Y168.565 E9165.1137
G1 X138.762 Y168.081 E9165.21678
G1 X143.012 Y163.807 E9165.75924
G1 X143.54 Y162.98 E9165.84755
G1 X143.805 Y162.213 E9165.92058
G1 X143.897 Y161.385 E9165.99556
G1 X143.776 Y160.354 E9166.08899
G1 X143.198 Y159.17 E9166.20757
G1 X98.874 Y115.071 E9171.83479
G0 F7200 X98.606 Y114.937
G0 X98.519 Y115.564
;TYPE:WALL-INNER
G1 F4620 X97.022 Y114.811 E9171.98561
G1 X95.877 Y114.234 E9172.101
G1 X95.317 Y113.874 E9172.16092
G1 X95.105 Y113.703 E9172.18543
G1 X94.967 Y113.592 E9172.20137
G1 F2340 X88.168 Y113.596 E9172.81328
G1 F4620 X87.944 Y113.487 E9172.8357
G1 X87.591 Y113.316 E9172.871
G1 X87.344 Y112.813 E9172.92143
G1 X87.344 Y107.906 E9173.36306
G1 X87.61 Y107.384 E9173.41579
G1 X87.944 Y107.229 E9173.44893
G1 X88.165 Y107.127 E9173.47084
G1 F2340 X94.165 Y107.124 E9174.01084
G1 F4620 X94.23 Y107.018 E9174.02203
G1 X94.864 Y105.989 E9174.13081
G1 X95.344 Y105.31 E9174.20564
G1 X95.344 Y94.986 E9175.1348
G1 X94.765 Y94.134 E9175.22751
G1 X94.243 Y93.265 E9175.31875
G1 X94.182 Y93.164 E9175.32937
G1 F2340 X88.162 Y93.161 E9175.87117
G1 F4620 X87.944 Y93.093 E9175.89172
G1 X87.801 Y93.048 E9175.90521
G1 X87.449 Y92.688 E9175.95053
G1 X87.344 Y92.379 E9175.9799
G1 X87.344 Y87.478 E9176.42099
G1 X87.45 Y87.17 E9176.45031
G1 X87.706 Y86.874 E9176.48553
G1 X87.944 Y86.784 E9176.50843
G1 X88.169 Y86.699 E9176.53007
G1 F2340 X94.192 Y86.696 E9177.07214
G1 F4620 X94.256 Y86.582 E9177.08391
G1 X94.561 Y86.041 E9177.1398
G1 X95.344 Y84.839 E9177.26891
G1 X95.349 Y72.534 E9178.37636
G1 X95.85 Y70.99 E9178.52246
G1 X96.574 Y69.999 E9178.63291
G1 X97.283 Y69.254 E9178.72547
G1 X98.105 Y68.654 E9178.81706
G1 X99.051 Y68.246 E9178.90979
G1 X100.173 Y68.016 E9179.01287
G1 X102.609 Y68.011 E9179.23211
G1 X103.756 Y68.25 E9179.33755
G1 X104.704 Y68.671 E9179.43091
G1 X105.47 Y69.227 E9179.51609
G1 X120.24 Y82.654 E9181.31257
G1 X121.122 Y83.026 E9181.39873
G1 X122.058 Y83.186 E9181.48419
G1 X122.983 Y82.98 E9181.56948
G1 X123.853 Y82.561 E9181.65639
G1 X125.616 Y80.798 E9181.88078
G1 X126.106 Y79.787 E9181.98189
G1 X126.202 Y78.925 E9182.05995
G1 X126.124 Y78.234 E9182.12254
G1 X125.899 Y77.589 E9182.18402
G1 X125.471 Y76.905 E9182.25664
G1 X104.355 Y55.789 E9184.94426
G1 X103.763 Y55.316 E9185.01246
G1 X103.144 Y55.021 E9185.07417
G1 X102.329 Y54.84 E9185.14931
G1 X82.579 Y54.84 E9186.92681
G1 X81.764 Y55.021 E9187.00195
G1 X81.149 Y55.316 E9187.06334
G1 X80.605 Y55.749 E9187.12591
G1 X80.064 Y56.429 E9187.20412
G1 X79.696 Y57.489 E9187.3051
G1 X79.696 Y117.356 E9192.69313
G1 X79.853 Y118.082 E9192.75999
G1 X80.188 Y118.833 E9192.83399
G1 X80.759 Y119.464 E9192.91058
G1 X134.664 Y167.517 E9199.40983
G1 X135.419 Y167.934 E9199.48746
G1 X136.112 Y168.119 E9199.55201
G1 X136.82 Y168.141 E9199.61576
G1 X137.533 Y167.992 E9199.68132
G1 X138.413 Y167.582 E9199.76869
G1 X142.541 Y163.43 E9200.29563
G1 X142.996 Y162.717 E9200.37175
G1 X143.216 Y162.08 E9200.43241
G1 X143.293 Y161.387 E9200.49516
G1 X143.192 Y160.526 E9200.57318
G1 X142.702 Y159.523 E9200.67365
G1 X98.519 Y115.564 E9206.28299
G0 F7200 X98.221 Y115.951
;TYPE:SKIN
G1 F2340 X95.731 Y114.702 E9206.52116
G1 X95.049 Y114.271 E9206.59014
G1 X94.796 Y114.072 E9206.61767
G1 X88.114 Y114.076 E9207.18898
G1 F2253 X87.653 Y113.961 E9207.23102
G1 F1881.6 X87.232 Y113.778 E9207.27877
G1 F1944.3 X87.224 Y114.406 E9207.34223
G1 F2340 X87.224 Y116.32 E9207.50588
G1 X98.134 Y116.32 E9208.43868
G1 X98.221 Y115.951 E9208.47109
G10
G0 F7200 X87.006 Y113.935
G0 X87.006 Y106.789
G0 X93.896 Y106.644
G11
G1 F2340 X94.467 Y105.714 E9208.5644
G1 X94.864 Y105.156 E9208.62295
G1 X94.864 Y103.942 E9208.72675
G1 X94.797 Y103.915 E9208.73293
G1 X94.228 Y104.391 E9208.79635
G1 X87.224 Y104.396 E9209.3952
G1 F2310.3 X87.231 Y106.491 E9209.57641
G1 F1870.1 X87.231 Y106.966 E9209.62609
G1 F1751.1 X87.514 Y106.792 E9209.66292
G1 F2138.4 X88.155 Y106.648 E9209.72387
G1 F2340 X93.896 Y106.644 E9210.21472
G0 F7200 X87.231 Y106.716
G0 X87.231 Y106.966
G1 F1568.1 X87.178 Y107.017 E9210.22371
G0 F7200 X86.934 Y107.017
G0 X86.934 Y113.688
G0 X87.162 Y113.688
G1 F2071.1 X86.864 Y112.861 E9210.30763
G1 F2134.7 X86.864 Y110.384 E9210.53777
G1 F2265 X86.864 Y107.907 E9210.75591
G1 F2088.4 X87.024 Y107.267 E9210.81842
G1 F1708.6 X87.178 Y107.017 E9210.85169
G1 F1881.6 X86.666 Y106.968 E9210.90519
G1 F2340 X80.176 Y106.968 E9211.46009
G1 X80.176 Y113.748 E9212.03978
G1 X86.385 Y113.747 E9212.57065
G1 F2194.3 X87.162 Y113.688 E9212.64127
G0 F7200 X87.22 Y113.767
G1 F1656.3 X87.232 Y113.778 E9212.64316
G0 F7200 X87.232 Y114.007
G0 X80.476 Y107.897
G1 F2340 X81.106 Y107.267 E9212.71934
G0 F7200 X81.954 Y107.267
G1 F2340 X80.476 Y108.746 E9212.89811
G0 F7200 X80.476 Y109.594
G1 F2340 X82.803 Y107.267 E9213.17948
G0 F7200 X83.651 Y107.267
G1 F2340 X80.476 Y110.443 E9213.56345
G0 F7200 X80.476 Y111.292
G1 F2340 X84.5 Y107.267 E9214.05007
G0 F7200 X85.348 Y107.267
G1 F2340 X80.476 Y112.14 E9214.63923
G0 F7200 X80.476 Y112.989
G1 F2340 X86.197 Y107.267 E9215.33105
G0 F7200 X86.594 Y107.719
G1 F2340 X80.865 Y113.448 E9216.02377
G0 F7200 X81.713 Y113.448
G1 F2340 X86.564 Y108.597 E9216.61033
G0 F7200 X86.564 Y109.446
G1 F2340 X82.562 Y113.448 E9217.09424
G0 F7200 X83.41 Y113.448
G1 F2340 X86.564 Y110.295 E9217.47554
G0 F7200 X86.564 Y111.143
G1 F2340 X84.259 Y113.448 E9217.75425
G0 F7200 X85.107 Y113.448
G1 F2340 X86.564 Y111.992 E9217.93037
G0 F7200 X86.571 Y112.833
G1 F2340 X85.956 Y113.448 E9218.00473
G0 F7200 X87.524 Y114.425
G1 F2340 X87.699 Y114.251 E9218.02583
G0 F7200 X88.423 Y114.375
G1 F2340 X87.524 Y115.274 E9218.13453
G0 F7200 X87.627 Y116.02
G1 F2340 X89.272 Y114.375 E9218.33344
G0 F7200 X90.121 Y114.375
G1 F2340 X88.475 Y116.02 E9218.5324
G0 F7200 X89.324 Y116.02
G1 F2340 X90.97 Y114.374 E9218.73143
G0 F7200 X91.819 Y114.373
G1 F2340 X90.172 Y116.02 E9218.93058
G0 F7200 X91.021 Y116.02
G1 F2340 X92.668 Y114.372 E9219.12978
G0 F7200 X93.517 Y114.372
G1 F2340 X91.869 Y116.02 E9219.32905
G0 F7200 X92.718 Y116.02
G1 F2340 X94.366 Y114.372 E9219.52832
G0 F7200 X94.997 Y114.589
G1 F2340 X93.566 Y116.02 E9219.70135
G0 F7200 X94.415 Y116.02
G1 F2340 X95.515 Y114.92 E9219.83436
G0 F7200 X96.075 Y115.208
G1 F2340 X95.264 Y116.02 E9219.93248
G0 F7200 X96.112 Y116.02
G1 F2340 X96.64 Y115.492 E9219.99632
G0 F7200 X96.961 Y116.02
G1 F2340 X97.205 Y115.775 E9220.02589
G10
G0 F7200 X87.006 Y113.935
G0 X87.006 Y106.789
G0 X93.059 Y106.345
G11
G1 F2340 X94.564 Y104.841 E9220.2078
G0 F7200 X93.866 Y104.69
G1 F2340 X92.21 Y106.345 E9220.40798
G0 F7200 X91.361 Y106.346
G1 F2340 X93.016 Y104.691 E9220.60809
G0 F7200 X92.167 Y104.691
G1 F2340 X90.512 Y106.346 E9220.80821
G0 F7200 X89.663 Y106.347
G1 F2340 X91.318 Y104.692 E9221.00832
G0 F7200 X90.469 Y104.693
G1 F2340 X88.814 Y106.347 E9221.20838
G0 F7200 X87.897 Y106.416
G1 F2340 X89.619 Y104.694 E9221.41659
G0 F7200 X88.77 Y104.694
G1 F2340 X87.524 Y105.94 E9221.56725
G0 F7200 X87.524 Y105.092
G1 F2340 X87.921 Y104.695 E9221.61526
G0 F7200 X87.923 Y95.887
G1 F2340 X94.229 Y95.889 E9222.15442
G1 X94.797 Y96.365 E9222.21778
G1 X94.864 Y96.338 E9222.22396
G1 X94.864 Y95.133 E9222.32699
G1 X94.346 Y94.37 E9222.40584
G1 X93.913 Y93.644 E9222.47811
G1 X88.151 Y93.636 E9222.97076
G1 F2078 X87.504 Y93.506 E9223.03358
G1 F1701.3 X87.28 Y93.372 E9223.06326
G1 F1847.4 X87.224 Y93.888 E9223.11814
G1 F2289.5 X87.225 Y95.887 E9223.29248
G1 F2340 X87.923 Y95.887 E9223.35216
G0 F7200 X87.279 Y93.576
G0 X87.28 Y93.372
G1 F1568.1 X87.23 Y93.317 E9223.36123
G1 F1756.2 X87.037 Y93.008 E9223.40152
G1 F2142 X86.864 Y92.376 E9223.46221
G1 F2340 X86.864 Y87.48 E9223.88082
G1 F2098.9 X87.086 Y86.608 E9223.9657
G1 X86.326 Y86.536 E9224.03772
G1 F2340 X80.176 Y86.536 E9224.56354
G1 X80.176 Y93.316 E9225.14323
G1 X86.666 Y93.316 E9225.69813
G1 F1890.3 X87.23 Y93.317 E9225.75656
G0 F7200 X87.229 Y93.576
G0 X86.934 Y86.611
G0 X87.121 Y86.611
G1 F1591.5 X87.181 Y86.569 E9225.76539
G1 F1864.4 X87.643 Y86.346 E9225.81919
G1 F2277.2 X88.155 Y86.22 E9225.8654
G1 F2340 X93.873 Y86.216 E9226.35429
G1 X94.864 Y84.694 E9226.50958
G1 X94.864 Y83.514 E9226.61047
G1 X94.8 Y83.488 E9226.61637
G1 X94.234 Y83.962 E9226.67949
G1 X87.224 Y83.964 E9227.27885
G1 X87.224 Y85.875 E9227.44224
G1 F1908 X87.181 Y86.569 E9227.51368
G0 F7200 X86.934 Y86.569
G0 X80.476 Y87.533
G1 F2340 X81.173 Y86.836 E9227.59796
G0 F7200 X82.022 Y86.836
G1 F2340 X80.476 Y88.381 E9227.78483
G0 F7200 X80.476 Y89.23
G1 F2340 X82.87 Y86.836 E9228.0743
G0 F7200 X83.719 Y86.836
G1 F2340 X80.476 Y90.078 E9228.46637
G0 F7200 X80.476 Y90.927
G1 F2340 X84.567 Y86.836 E9228.96103
G0 F7200 X85.416 Y86.836
G1 F2340 X80.476 Y91.775 E9229.5583
G0 F7200 X80.476 Y92.624
G1 F2340 X86.264 Y86.836 E9230.25815
G0 F7200 X86.611 Y87.337
G1 F2340 X80.932 Y93.016 E9230.94483
G0 F7200 X81.78 Y93.016
G1 F2340 X86.564 Y88.233 E9231.52323
G0 F7200 X86.564 Y89.081
G1 F2340 X82.629 Y93.016 E9231.99903
G0 F7200 X83.477 Y93.016
G1 F2340 X86.564 Y89.93 E9232.37224
G0 F7200 X86.564 Y90.778
G1 F2340 X84.326 Y93.016 E9232.64284
G0 F7200 X85.175 Y93.016
G1 F2340 X86.564 Y91.627 E9232.81079
G0 F7200 X86.587 Y92.453
G1 F2340 X86.023 Y93.016 E9232.87893
G0 F7200 X87.524 Y94.061
G1 F2340 X87.754 Y93.831 E9232.90674
G0 F7200 X88.497 Y93.936
G1 F2340 X87.525 Y94.909 E9233.02433
G0 F7200 X87.695 Y95.587
G1 F2340 X89.344 Y93.938 E9233.22372
G0 F7200 X90.191 Y93.939
G1 F2340 X88.543 Y95.587 E9233.42299
G0 F7200 X89.391 Y95.588
G1 F2340 X91.039 Y93.94 E9233.62226
G0 F7200 X91.886 Y93.941
G1 F2340 X90.239 Y95.589 E9233.82146
G0 F7200 X91.087 Y95.589
G1 F2340 X92.734 Y93.943 E9234.02055
G0 F7200 X93.581 Y93.943
G1 F2340 X91.935 Y95.59 E9234.21964
G0 F7200 X92.783 Y95.59
G1 F2340 X93.999 Y94.375 E9234.36661
G0 F7200 X94.334 Y94.887
G1 F2340 X93.632 Y95.59 E9234.45155
G0 F7200 X94.408 Y95.662
G1 F2340 X94.564 Y95.507 E9234.47036
G10
G0 F7200 X87.006 Y93.504
G0 X87.006 Y86.358
G0 X93.122 Y85.917
G11
G1 F2340 X94.564 Y84.475 E9234.64472
G0 F7200 X93.931 Y84.26
G1 F2340 X92.273 Y85.918 E9234.84519
G0 F7200 X91.424 Y85.918
G1 F2340 X93.083 Y84.26 E9235.04573
G0 F7200 X92.234 Y84.26
G1 F2340 X90.575 Y85.919 E9235.24633
G0 F7200 X89.725 Y85.92
G1 F2340 X91.384 Y84.261 E9235.44693
G0 F7200 X90.535 Y84.262
G1 F2340 X88.876 Y85.921 E9235.64753
G0 F7200 X87.979 Y85.969
G1 F2340 X89.686 Y84.262 E9235.85393
G0 F7200 X88.837 Y84.262
G1 F2340 X87.524 Y85.576 E9236.01275
G0 F7200 X87.524 Y84.728
G1 F2340 X87.988 Y84.263 E9236.06892
G10
;MESH:NONMESH
G0 F600 X87.988 Y84.263 Z6.7
G0 F7200 X81.216 Y55.788
G0 X81.11 Y55.654
;TIME_ELAPSED:2105.592636
;LAYER:42
;TYPE:FILL
;MESH:porte-manteau.stl
G11
G1 F6300 X95.93 Y70.475 E9237.95526
G0 F7200 X95.794 Y70.374
G0 X96.816 Y69.25
G0 X97.694 Y68.451
G0 X97.79 Y68.586
G1 F6300 X79.936 Y73.37 E9239.6188
G0 F7200 X79.936 Y72.817
G1 F6300 X84.689 Y55.079 E9241.27154
G0 F7200 X84.689 Y55.252
G0 X93.264 Y55.252
G0 X93.264 Y55.08
G1 F6300 X120.823 Y82.639 E9244.77923
G0 F7200 X120.888 Y82.485
G0 X119.399 Y81.338
G0 X119.284 Y81.462
G1 F6300 X125.875 Y79.696 E9245.39334
G0 F7200 X125.711 Y79.677
G0 X125.212 Y77.264
G0 X125.356 Y77.174
G1 F6300 X124.059 Y82.016 E9245.84449
G0 F7200 X123.94 Y81.897
G0 X115.865 Y78.124
G0 X115.751 Y78.247
G1 F6300 X118.017 Y69.791 E9246.63238
G0 F7200 X117.896 Y69.912
G0 X120.02 Y72.036
G0 X120.142 Y71.915
G1 F6300 X111.371 Y74.265 E9247.44961
G0 F7200 X111.485 Y74.141
G0 X108.373 Y71.31
G0 X108.259 Y71.434
G1 F6300 X110.668 Y62.444 E9248.28726
G0 F7200 X110.548 Y62.564
G0 X112.671 Y64.687
G0 X112.793 Y64.566
G1 F6300 X100.823 Y67.774 E9249.40257
G0 F7200 X99.91 Y67.822
G1 F6300 X103.254 Y55.341 E9250.56548
G0 F7200 X103.181 Y55.493
G0 X105.323 Y57.339
G0 X105.444 Y57.218
G1 F6300 X79.937 Y64.052 E9252.94208
G0 F7200 X80.109 Y64.052
G0 X80.109 Y67.208
G0 X79.936 Y67.208
G1 F6300 X95.106 Y82.378 E9254.87291
G0 F7200 X94.934 Y82.378
G0 X94.934 Y78.623
G0 X95.107 Y78.623
G1 F6300 X79.936 Y82.688 E9256.28646
G0 F7200 X80.109 Y82.688
G0 X80.109 Y79.936
G0 X79.936 Y79.936
G1 F6300 X86.628 Y86.628 E9257.13821
G0 F7200 X85.553 Y86.629
G1 F6300 X94.007 Y55.079 E9260.07789
G10
G0 F7200 X94.007 Y55.252
G0 X83.785 Y93.227
G11
G1 F6300 X80.079 Y107.059 E9261.36667
G0 F7200 X80.109 Y107.059
G0 X81.602 Y107.058
G1 F6300 X79.936 Y105.391 E9261.57878
G0 F7200 X80.109 Y105.391
G0 X80.109 Y101.322
G0 X79.937 Y101.322
G1 F6300 X95.104 Y97.258 E9262.99197
G0 F7200 X94.934 Y97.258
G0 X92.382 Y95.915
G1 F6300 X90.116 Y104.373 E9263.78003
G0 F7200 X91.643 Y104.371
G1 F6300 X80.5 Y93.228 E9265.19831
G10
G0 F7200 X87.104 Y115.615
G11
G1 F6300 X85.118 Y123.026 E9265.88883
G0 F7200 X85.23 Y122.901
G0 X82.696 Y120.642
G0 X82.584 Y120.767
G1 F6300 X80.29 Y118.474 E9266.18074
G0 F7200 X80.447 Y118.405
G0 X81.386 Y119.474
G0 X81.272 Y119.6
G1 F6300 X93.416 Y116.346 E9267.31226
G0 F7200 X90.89 Y116.346
G1 F6300 X140.095 Y165.551 E9273.57503
G0 F7200 X139.977 Y165.432
G0 X138.403 Y167.013
G0 X138.522 Y167.133
G1 F6300 X140.94 Y158.106 E9274.41611
G0 F7200 X140.821 Y158.225
G0 X141.938 Y159.336
G0 X142.058 Y159.217
G1 F6300 X129.491 Y162.584 E9275.58703
G0 F7200 X130.244 Y163.253
G1 F6300 X133.584 Y150.788 E9276.74845
G0 F7200 X133.465 Y150.906
G0 X134.56 Y151.996
G0 X134.68 Y151.876
G1 F6300 X121.455 Y155.42 E9277.9807
G0 F7200 X121.567 Y155.296
G0 X122.834 Y156.425
G0 X122.723 Y156.549
G1 F6300 X126.228 Y143.469 E9279.19943
G0 F7200 X126.109 Y143.587
G0 X127.181 Y144.655
G0 X127.301 Y144.536
G1 F6300 X113.418 Y148.256 E9280.49298
G0 F7200 X113.53 Y148.131
G0 X115.313 Y149.72
G0 X115.202 Y149.844
G1 F6300 X118.871 Y136.149 E9281.769
G0 F7200 X118.752 Y136.268
G0 X119.804 Y137.314
G0 X119.924 Y137.195
G1 F6300 X105.382 Y141.092 E9283.12396
G0 F7200 X105.495 Y140.967
G0 X107.793 Y143.016
G0 X107.681 Y143.14
G1 F6300 X111.515 Y128.831 E9284.45719
G0 F7200 X111.396 Y128.949
G0 X112.426 Y129.974
G0 X112.546 Y129.855
G1 F6300 X97.345 Y133.928 E9285.87354
G0 F7200 X97.458 Y133.802
G0 X100.272 Y136.311
G0 X100.16 Y136.435
G1 F6300 X104.159 Y121.512 E9287.264
G0 F7200 X104.04 Y121.63
G0 X105.048 Y122.633
G0 X105.168 Y122.514
G1 F6300 X89.309 Y126.764 E9288.74167
G0 F7200 X89.422 Y126.638
G0 X92.751 Y129.606
G0 X92.639 Y129.73
G1 F6300 X96.225 Y116.345 E9289.98881
G0 F7200 X87.606 Y112.094
G0 X87.948 Y111.507
;TYPE:WALL-OUTER
G1 F2880 X87.948 Y111.156 E9290.0204
G1 X87.948 Y109.544 E9290.16548
G1 X87.948 Y109.188 E9290.19752
G1 X88.097 Y108.945 E9290.22317
G1 X90.033 Y108.932 E9290.39741
G1 F2340 X94.524 Y108.943 E9290.80161
G1 F2880 X94.75 Y108.193 E9290.8721
G1 X94.96 Y107.725 E9290.91827
G1 X95.104 Y107.405 E9290.94985
G1 X95.489 Y106.692 E9291.02278
G1 X95.944 Y105.969 E9291.09966
G1 X95.944 Y94.325 E9292.14762
G1 X95.414 Y93.46 E9292.23892
G1 X95.04 Y92.743 E9292.3117
G1 X94.965 Y92.567 E9292.32892
G1 X94.703 Y91.952 E9292.38909
G1 X94.522 Y91.324 E9292.44791
G1 F2340 X88.156 Y91.323 E9293.02085
G1 F2880 X87.948 Y91.074 E9293.05005
G1 X87.948 Y90.725 E9293.08146
G1 X87.948 Y89.112 E9293.22663
G1 X87.948 Y88.76 E9293.25831
G1 X88.191 Y88.516 E9293.2893
G1 F2340 X94.479 Y88.512 E9293.85522
G1 F2880 X94.89 Y87.424 E9293.95989
G1 X94.953 Y87.296 E9293.97273
G1 X95.227 Y86.735 E9294.02892
G1 X95.648 Y85.996 E9294.10547
G1 X95.944 Y85.542 E9294.15425
G1 X95.945 Y72.626 E9295.31669
G1 X96.393 Y71.266 E9295.44556
G1 X97.07 Y70.34 E9295.54879
G1 X97.658 Y69.724 E9295.62544
G1 X98.406 Y69.179 E9295.70873
G1 X99.233 Y68.818 E9295.78994
G1 X100.233 Y68.613 E9295.88181
G1 X102.52 Y68.611 E9296.08764
G1 X103.572 Y68.822 E9296.18421
G1 X104.376 Y69.182 E9296.26349
G1 X105.117 Y69.713 E9296.34554
G1 X119.914 Y83.168 E9298.14551
G1 X121.121 Y83.677 E9298.26341
G1 X122.188 Y83.769 E9298.35979
G1 X123.185 Y83.55 E9298.45166
G1 X124.197 Y83.066 E9298.55262
G1 X126.112 Y81.151 E9298.79636
G1 X126.691 Y79.955 E9298.91595
G1 X126.806 Y78.925 E9299.00923
G1 X126.713 Y78.1 E9299.08395
G1 X126.443 Y77.327 E9299.15764
G1 X125.943 Y76.529 E9299.24239
G1 X104.755 Y55.341 E9301.93919
G1 X104.083 Y54.804 E9302.0166
G1 X103.341 Y54.45 E9302.09059
G1 X102.395 Y54.24 E9302.17781
G1 X82.513 Y54.24 E9303.96719
G1 X81.567 Y54.45 E9304.0544
G1 X80.829 Y54.804 E9304.12807
G1 X80.178 Y55.322 E9304.20294
G1 X79.531 Y56.135 E9304.29645
G1 X79.096 Y57.389 E9304.41591
G1 X79.096 Y117.42 E9309.8187
G1 X79.279 Y118.27 E9309.89695
G1 X79.679 Y119.165 E9309.98518
G1 X80.336 Y119.89 E9310.07324
G1 X134.315 Y168.009 E9316.58141
G1 X135.193 Y168.495 E9316.67173
G1 X136.024 Y168.717 E9316.74914
G1 X136.873 Y168.743 E9316.82558
G1 X137.724 Y168.565 E9316.90383
G1 X138.762 Y168.081 E9317.00691
G1 X143.012 Y163.807 E9317.54938
G1 X143.54 Y162.98 E9317.63768
G1 X143.805 Y162.213 E9317.71072
G1 X143.898 Y161.385 E9317.7857
G1 X143.801 Y160.561 E9317.86038
G1 X143.528 Y159.792 E9317.93382
G1 X143.032 Y159.001 E9318.01785
G1 X98.44 Y114.637 E9323.67899
G1 X97.413 Y114.095 E9323.7835
G1 X97.11 Y113.935 E9323.81434
G1 X96.162 Y113.407 E9323.912
G1 X95.684 Y112.991 E9323.96903
G1 X95.083 Y112.468 E9324.04073
G1 X94.687 Y111.76 E9324.11374
G1 F2340 X88.195 Y111.757 E9324.69802
G1 F2880 X87.948 Y111.507 E9324.72965
G0 F7200 X87.948 Y111.207
G0 X87.344 Y111.574
;TYPE:WALL-INNER
G1 F4620 X87.344 Y109.122 E9324.95033
G1 X87.45 Y108.814 E9324.97965
G1 X87.706 Y108.518 E9325.01487
G1 X87.944 Y108.428 E9325.03777
G1 X88.169 Y108.343 E9325.05942
G1 X90.035 Y108.332 E9325.22736
G1 F2340 X94.025 Y108.342 E9325.58646
G1 F4620 X94.301 Y107.725 E9325.64729
G1 X94.546 Y107.18 E9325.70107
G1 X94.981 Y106.373 E9325.78358
G1 X95.344 Y105.796 E9325.84493
G1 X95.344 Y94.494 E9326.86211
G1 X94.912 Y93.791 E9326.93638
G1 X94.488 Y92.979 E9327.01882
G1 X94.315 Y92.567 E9327.05904
G1 X94.045 Y91.924 E9327.1218
G1 F2340 X88.169 Y91.921 E9327.65064
G1 F4620 X87.944 Y91.852 E9327.67182
G1 X87.803 Y91.809 E9327.68509
G1 X87.45 Y91.449 E9327.73047
G1 X87.344 Y91.126 E9327.76106
G1 X87.344 Y88.694 E9327.97994
G1 X87.45 Y88.386 E9328.00926
G1 X87.706 Y88.09 E9328.04448
G1 X87.944 Y88 E9328.06738
G1 X88.169 Y87.915 E9328.08902
G1 F2340 X94.063 Y87.912 E9328.61949
G1 F4620 X94.295 Y87.296 E9328.67873
G1 X94.317 Y87.238 E9328.68431
G1 X94.705 Y86.438 E9328.76433
G1 X95.344 Y85.32 E9328.88023
G1 X95.349 Y72.534 E9330.03097
G1 X95.85 Y70.99 E9330.17706
G1 X96.574 Y69.999 E9330.28752
G1 X97.283 Y69.254 E9330.38008
G1 X98.105 Y68.654 E9330.47167
G1 X99.051 Y68.246 E9330.56439
G1 X100.173 Y68.016 E9330.66747
G1 X102.609 Y68.011 E9330.88671
G1 X103.756 Y68.25 E9330.99216
G1 X104.704 Y68.671 E9331.08551
G1 X105.47 Y69.227 E9331.1707
G1 X120.242 Y82.656 E9332.96743
G1 X121.267 Y83.087 E9333.06751
G1 X122.148 Y83.163 E9333.14709
G1 X122.989 Y82.979 E9333.22457
G1 X123.845 Y82.569 E9333.30999
G1 X125.616 Y80.798 E9333.5354
G1 X126.106 Y79.787 E9333.63652
G1 X126.202 Y78.925 E9333.71458
G1 X126.124 Y78.234 E9333.77716
G1 X125.899 Y77.589 E9333.83864
G1 X125.471 Y76.905 E9333.91126
G1 X104.355 Y55.789 E9336.59889
G1 X103.763 Y55.316 E9336.66709
G1 X103.144 Y55.021 E9336.7288
G1 X102.329 Y54.84 E9336.80394
G1 X82.579 Y54.84 E9338.58144
G1 X81.764 Y55.021 E9338.65657
G1 X81.149 Y55.316 E9338.71796
G1 X80.605 Y55.749 E9338.78054
G1 X80.064 Y56.429 E9338.85874
G1 X79.696 Y57.489 E9338.95973
G1 X79.696 Y117.356 E9344.34776
G1 X79.853 Y118.082 E9344.41461
G1 X80.188 Y118.833 E9344.48862
G1 X80.759 Y119.464 E9344.56521
G1 X134.664 Y167.517 E9351.06446
G1 X135.419 Y167.934 E9351.14208
G1 X136.112 Y168.119 E9351.20664
G1 X136.82 Y168.141 E9351.27039
G1 X137.533 Y167.992 E9351.33594
G1 X138.413 Y167.582 E9351.42332
G1 X142.541 Y163.43 E9351.95025
G1 X142.996 Y162.717 E9352.02638
G1 X143.216 Y162.08 E9352.08703
G1 X143.294 Y161.387 E9352.14979
G1 X143.213 Y160.698 E9352.21223
G1 X142.985 Y160.055 E9352.27363
G1 X142.56 Y159.378 E9352.34557
G1 X98.08 Y115.126 E9357.99246
G1 X97.134 Y114.626 E9358.08876
G1 X96.818 Y114.459 E9358.12093
G1 X95.83 Y113.907 E9358.22279
G1 X94.772 Y112.992 E9358.34868
G1 X94.728 Y112.954 E9358.35391
G1 X94.335 Y112.36 E9358.41801
G1 F2340 X88.175 Y112.357 E9358.97241
G1 F4620 X87.944 Y112.252 E9358.99525
G1 X87.617 Y112.103 E9359.02759
G1 X87.344 Y111.574 E9359.08117
G0 F7200 X86.926 Y111.732
;TYPE:SKIN
G1 F2344.3 X86.864 Y111.568 E9359.09613
G1 F2340 X86.864 Y109.124 E9359.30509
G1 X87.102 Y108.479 E9359.36387
G1 F1938.2 X87.585 Y107.914 E9359.43919
G1 X87.944 Y107.883 E9359.47569
G1 X88.158 Y107.864 E9359.49746
G1 F2340 X90.037 Y107.852 E9359.65812
G1 X93.714 Y107.859 E9359.9725
G1 X93.774 Y107.725 E9359.98506
G1 X94.115 Y106.966 E9360.0562
G1 X94.57 Y106.119 E9360.13841
G1 X94.864 Y105.656 E9360.1853
G1 X94.864 Y104.035 E9360.32389
G1 X94.795 Y104.006 E9360.33029
G1 X94.411 Y104.399 E9360.37727
G1 X94.197 Y104.488 E9360.39709
G1 X87.224 Y104.496 E9360.99328
G1 F2249 X87.224 Y107.037 E9361.2185
G1 F1870.1 X87.116 Y107.242 E9361.24274
G1 F1923 X86.751 Y107.176 E9361.28058
G1 F2323 X80.176 Y107.176 E9361.84649
G1 F2340 X80.176 Y113.536 E9362.39027
G1 X86.699 Y113.535 E9362.94799
G1 F1917 X87.139 Y113.477 E9362.9934
G1 X87.225 Y113.8 E9363.0276
G1 F2340 X87.225 Y116.223 E9363.23476
G1 X98.384 Y116.224 E9364.18886
G1 X98.407 Y116.133 E9364.19688
G1 X97.791 Y115.516 E9364.27143
G1 X96.686 Y114.931 E9364.37833
G1 X95.523 Y114.284 E9364.49212
G1 X94.412 Y113.313 E9364.61827
G1 X94.177 Y112.992 E9364.65229
G1 X94.066 Y112.84 E9364.66838
G1 X88.119 Y112.833 E9365.17685
G1 F1923 X87.944 Y112.8 E9365.19502
G1 X87.455 Y112.709 E9365.24577
G1 X87.114 Y112.232 E9365.30559
G1 F2344.3 X86.926 Y111.732 E9365.35119
G0 F7200 X80.991 Y113.235
G1 F2340 X80.476 Y112.72 E9365.41346
G0 F7200 X80.476 Y111.871
G1 F2340 X81.84 Y113.235 E9365.57839
G0 F7200 X82.688 Y113.235
G1 F2340 X80.476 Y111.023 E9365.84585
G0 F7200 X80.476 Y110.174
G1 F2340 X83.537 Y113.235 E9366.21597
G0 F7200 X84.385 Y113.235
G1 F2340 X80.476 Y109.326 E9366.68863
G0 F7200 X80.476 Y108.477
G1 F2340 X85.234 Y113.235 E9367.26395
G0 F7200 X86.082 Y113.235
G1 F2340 X80.476 Y107.629 E9367.9418
G0 F7200 X81.172 Y107.476
G1 F2340 X86.896 Y113.2 E9368.63392
G0 F7200 X87.647 Y113.103
G1 F2340 X90.467 Y115.922 E9368.97484
G0 F7200 X91.315 Y115.922
G1 F2340 X88.53 Y113.137 E9369.31159
G0 F7200 X89.379 Y113.138
G1 F2340 X92.164 Y115.923 E9369.64834
G0 F7200 X93.013 Y115.923
G1 F2340 X90.228 Y113.138 E9369.98508
G0 F7200 X91.077 Y113.138
G1 F2340 X93.861 Y115.923 E9370.32177
G0 F7200 X94.71 Y115.923
G1 F2340 X91.926 Y113.139 E9370.6584
G0 F7200 X92.775 Y113.14
G1 F2340 X95.558 Y115.923 E9370.99491
G0 F7200 X96.408 Y115.924
G1 F2340 X93.624 Y113.14 E9371.33154
G1 X93.518 Y113.034
G0 F7200 X96.508 Y115.176
G1 F2340 X97.256 Y115.924 E9371.42198
G0 F7200 X89.618 Y115.922
G1 F2340 X87.524 Y113.828 E9371.67518
G0 F7200 X87.524 Y114.676
G1 F2340 X88.769 Y115.922 E9371.82578
G0 F7200 X87.921 Y115.922
G1 F2340 X87.524 Y115.526 E9371.87372
G0 F7200 X86.809 Y112.265
G1 F2340 X82.02 Y107.476 E9372.45278
G0 F7200 X82.869 Y107.476
G1 F2340 X86.564 Y111.171 E9372.89957
G0 F7200 X86.564 Y110.323
G1 F2340 X83.717 Y107.476 E9373.24381
G0 F7200 X84.566 Y107.476
G1 F2340 X86.564 Y109.474 E9373.4854
G0 F7200 X86.691 Y108.753
G1 F2340 X85.414 Y107.476 E9373.63981
G0 F7200 X86.263 Y107.476
G1 F2340 X86.952 Y108.165 E9373.72312
G0 F7200 X86.934 Y108.165
G0 X88.059 Y107.575
G1 F2340 X87.524 Y107.04 E9373.78781
G0 F7200 X87.524 Y106.192
G1 F2340 X88.891 Y107.559 E9373.9531
G0 F7200 X89.734 Y107.553
G1 F2340 X87.524 Y105.343 E9374.22032
G0 F7200 X87.825 Y104.796
G1 F2340 X90.582 Y107.552 E9374.55363
G0 F7200 X91.432 Y107.554
G1 F2340 X88.673 Y104.795 E9374.88723
G0 F7200 X89.52 Y104.794
G1 F2340 X92.282 Y107.556 E9375.2212
G0 F7200 X93.132 Y107.557
G1 F2340 X90.368 Y104.793 E9375.55541
G0 F7200 X91.215 Y104.792
G1 F2340 X93.663 Y107.24 E9375.85141
G0 F7200 X93.936 Y106.664
G1 F2340 X92.062 Y104.79 E9376.078
G0 F7200 X92.91 Y104.79
G1 F2340 X94.233 Y106.112 E9376.23791
G0 F7200 X94.554 Y105.585
G1 F2340 X93.757 Y104.788 E9376.33428
G0 F7200 X94.794 Y96.274
G1 F2340 X94.864 Y96.245 E9376.34076
G1 X94.864 Y94.629 E9376.47893
G1 X94.458 Y93.964 E9376.54555
G1 X94.08 Y93.243 E9376.61515
G1 X93.788 Y92.567 E9376.67811
G1 X93.718 Y92.404 E9376.69328
G1 X88.124 Y92.398 E9377.17156
G1 F1929 X87.944 Y92.373 E9377.19005
G1 X87.486 Y92.308 E9377.23712
G1 X87.007 Y91.619 E9377.3225
G1 F2340 X86.864 Y91.14 E9377.36524
G1 X86.864 Y88.696 E9377.5742
G1 X87.102 Y88.051 E9377.63298
G1 F1938.2 X87.585 Y87.486 E9377.70829
G1 X87.944 Y87.455 E9377.7448
G1 X88.155 Y87.436 E9377.76627
G1 F2340 X93.68 Y87.432 E9378.23866
G1 X93.746 Y87.296 E9378.25158
G1 X94.251 Y86.263 E9378.34989
G1 X94.864 Y85.192 E9378.4554
G1 X94.864 Y83.611 E9378.59058
G1 X94.792 Y83.582 E9378.59721
G1 X94.411 Y83.973 E9378.64389
G1 X94.196 Y84.064 E9378.66385
G1 X87.224 Y84.064 E9379.25996
G1 F2249 X87.224 Y86.61 E9379.48562
G1 F1870.1 X87.116 Y86.814 E9379.50976
G1 F1923 X86.751 Y86.748 E9379.54761
G1 F2323 X80.176 Y86.748 E9380.11352
G1 F2340 X80.176 Y93.108 E9380.6573
G1 X86.491 Y93.108 E9381.19723
G1 F1929 X87.091 Y93.03 E9381.25879
G1 X87.225 Y93.408 E9381.2996
G1 F2340 X87.224 Y95.792 E9381.50343
G1 X94.197 Y95.796 E9382.09962
G1 X94.41 Y95.885 E9382.11936
G1 X94.794 Y96.274 E9382.16609
G10
G0 F7200 X87.006 Y92.263
G0 X87.006 Y87.574
G0 X94.443 Y84.26
G11
G1 F2340 X94.564 Y84.382 E9382.18078
G0 F7200 X94.521 Y85.187
G1 F2340 X93.698 Y84.364 E9382.2803
G0 F7200 X92.849 Y84.364
G1 F2340 X94.213 Y85.728 E9382.44523
G0 F7200 X93.911 Y86.274
G1 F2340 X92.001 Y84.364 E9382.67617
G0 F7200 X91.152 Y84.364
G1 F2340 X93.633 Y86.845 E9382.97616
G0 F7200 X93.072 Y87.132
G1 F2340 X90.304 Y84.364 E9383.31086
G0 F7200 X89.455 Y84.364
G1 F2340 X92.224 Y87.133 E9383.64567
G0 F7200 X91.375 Y87.133
G1 F2340 X88.607 Y84.364 E9383.98043
G0 F7200 X87.758 Y84.364
G1 F2340 X90.527 Y87.133 E9384.31524
G0 F7200 X89.68 Y87.134
G1 F2340 X87.524 Y84.978 E9384.57593
G0 F7200 X87.524 Y85.826
G1 F2340 X88.832 Y87.135 E9384.73415
G0 F7200 X88 Y87.152
G1 F2340 X87.524 Y86.675 E9384.79177
G0 F7200 X87.14 Y87.14
G1 F2340 X87.258 Y87.258 E9384.80604
G0 F7200 X86.928 Y87.777
G1 F2340 X86.199 Y87.048 E9384.89418
G0 F7200 X85.351 Y87.048
G1 F2340 X86.675 Y88.372 E9385.05427
G0 F7200 X86.564 Y89.11
G1 F2340 X84.502 Y87.048 E9385.3036
G0 F7200 X83.654 Y87.048
G1 F2340 X86.564 Y89.958 E9385.65547
G0 F7200 X86.564 Y90.807
G1 F2340 X82.805 Y87.048 E9386.10999
G0 F7200 X81.957 Y87.048
G1 F2340 X86.892 Y91.983 E9386.7067
G0 F7200 X86.804 Y92.743
G1 F2340 X81.108 Y87.048 E9387.39538
G0 F7200 X80.476 Y87.264
G1 F2340 X86.02 Y92.808 E9388.06573
G0 F7200 X85.171 Y92.808
G1 F2340 X80.476 Y88.113 E9388.63343
G0 F7200 X80.476 Y88.961
G1 F2340 X84.322 Y92.808 E9389.09853
G0 F7200 X83.474 Y92.808
G1 F2340 X80.476 Y89.81 E9389.46103
G0 F7200 X80.476 Y90.658
G1 F2340 X82.625 Y92.808 E9389.72094
G0 F7200 X81.777 Y92.808
G1 F2340 X80.476 Y91.507 E9389.87825
G0 F7200 X80.476 Y92.355
G1 F2340 X80.928 Y92.808 E9389.93296
G0 F7200 X87.524 Y93.464
G1 F2340 X89.553 Y95.493 E9390.1783
G0 F7200 X88.704 Y95.493
G1 F2340 X87.524 Y94.312 E9390.32104
G0 F7200 X87.524 Y95.161
G1 F2340 X87.855 Y95.492 E9390.36106
G0 F7200 X90.402 Y95.493
G1 F2340 X87.62 Y92.712 E9390.69739
G0 F7200 X88.453 Y92.696
G1 F2340 X91.251 Y95.494 E9391.03571
G0 F7200 X92.101 Y95.495
G1 F2340 X89.303 Y92.697 E9391.37403
G0 F7200 X90.153 Y92.699
G1 F2340 X92.949 Y95.495 E9391.71211
G0 F7200 X93.798 Y95.495
G1 F2340 X91.003 Y92.7 E9392.05007
G0 F7200 X91.853 Y92.702
G1 F2340 X94.564 Y95.413 E9392.37787
G0 F7200 X94.33 Y94.33
G1 F2340 X92.703 Y92.703 E9392.5746
G1 X92.597 Y92.597
G0 F7200 X92.597 Y92.835
G10
;MESH:NONMESH
G0 F600 X92.597 Y92.835 Z6.85
G0 F7200 X87.006 Y92.263
G0 X81.216 Y55.788
G0 X81.11 Y55.654
;TIME_ELAPSED:2143.852046
;LAYER:43
;TYPE:FILL
;MESH:porte-manteau.stl
G11
G1 F6300 X95.93 Y70.475 E9394.46094
G0 F7200 X95.794 Y70.374
G0 X96.816 Y69.25
G0 X97.694 Y68.451
G0 X97.79 Y68.586
G1 F6300 X79.936 Y73.37 E9396.12449
G0 F7200 X79.936 Y72.818
G1 F6300 X84.689 Y55.079 E9397.77731
G0 F7200 X84.689 Y55.252
G0 X93.264 Y55.252
G0 X93.264 Y55.08
G1 F6300 X120.825 Y82.642 E9401.28532
G0 F7200 X120.891 Y82.486
G0 X119.399 Y81.337
G0 X119.285 Y81.461
G1 F6300 X125.875 Y79.696 E9401.89932
G0 F7200 X125.711 Y79.677
G0 X125.212 Y77.264
G0 X125.356 Y77.174
G1 F6300 X124.059 Y82.016 E9402.35046
G0 F7200 X123.94 Y81.897
G0 X115.865 Y78.123
G0 X115.751 Y78.247
G1 F6300 X118.017 Y69.791 E9403.13836
G0 F7200 X117.896 Y69.912
G0 X120.02 Y72.036
G0 X120.142 Y71.915
G1 F6300 X111.372 Y74.264 E9403.95548
G0 F7200 X111.486 Y74.141
G0 X108.373 Y71.31
G0 X108.259 Y71.434
G1 F6300 X110.668 Y62.444 E9404.79312
G0 F7200 X110.548 Y62.564
G0 X112.671 Y64.687
G0 X112.793 Y64.566
G1 F6300 X100.823 Y67.774 E9405.90844
G0 F7200 X99.91 Y67.822
G1 F6300 X103.254 Y55.341 E9407.07135
G0 F7200 X103.181 Y55.493
G0 X105.323 Y57.339
G0 X105.444 Y57.218
G1 F6300 X79.937 Y64.052 E9409.44795
G0 F7200 X80.109 Y64.052
G0 X80.109 Y67.208
G0 X79.936 Y67.208
G1 F6300 X95.106 Y82.378 E9411.37877
G0 F7200 X94.934 Y82.378
G0 X94.934 Y78.623
G0 X95.107 Y78.623
G1 F6300 X79.937 Y82.687 E9412.79222
G0 F7200 X80.109 Y82.687
G0 X80.109 Y79.936
G0 X79.936 Y79.936
G1 F6300 X86.969 Y86.969 E9413.68737
G0 F7200 X85.462 Y86.97
G1 F6300 X94.007 Y55.079 E9416.65881
G10
G0 F7200 X94.007 Y55.252
G0 X83.877 Y92.883
G11
G1 F6300 X79.987 Y107.4 E9418.01143
G0 F7200 X80.109 Y107.4
G0 X81.943 Y107.399
G1 F6300 X79.936 Y105.391 E9418.26695
G0 F7200 X80.109 Y105.391
G0 X80.109 Y101.323
G0 X79.936 Y101.323
G1 F6300 X95.103 Y97.259 E9419.68013
G0 F7200 X94.934 Y97.259
G0 X92.42 Y95.773
G1 F6300 X90.078 Y104.514 E9420.49457
G0 F7200 X91.785 Y104.513
G1 F6300 X80.156 Y92.883 E9421.97476
G10
G0 F7200 X87.104 Y115.613
G11
G1 F6300 X85.118 Y123.026 E9422.66546
G0 F7200 X85.23 Y122.901
G0 X82.696 Y120.642
G0 X82.584 Y120.767
G1 F6300 X80.29 Y118.474 E9422.95737
G0 F7200 X80.447 Y118.405
G0 X81.386 Y119.474
G0 X81.272 Y119.6
G1 F6300 X93.94 Y116.205 E9424.13773
G0 F7200 X96.263 Y116.205
G1 F6300 X92.639 Y129.73 E9425.39792
G0 F7200 X92.751 Y129.606
G0 X89.422 Y126.638
G0 X89.309 Y126.764
G1 F6300 X105.169 Y122.514 E9426.87568
G0 F7200 X105.049 Y122.634
G0 X104.039 Y121.629
G0 X104.159 Y121.51
G1 F6300 X100.16 Y136.435 E9428.26631
G0 F7200 X100.272 Y136.311
G0 X97.458 Y133.802
G0 X97.345 Y133.928
G1 F6300 X112.547 Y129.854 E9429.68277
G0 F7200 X112.426 Y129.974
G0 X111.396 Y128.949
G0 X111.515 Y128.83
G1 F6300 X107.681 Y143.14 E9431.01609
G0 F7200 X107.793 Y143.016
G0 X105.495 Y140.967
G0 X105.382 Y141.092
G1 F6300 X119.924 Y137.195 E9432.37105
G0 F7200 X119.804 Y137.315
G0 X118.752 Y136.268
G0 X118.871 Y136.149
G1 F6300 X115.202 Y149.844 E9433.64707
G0 F7200 X115.313 Y149.72
G0 X113.53 Y148.131
G0 X113.418 Y148.256
G1 F6300 X127.301 Y144.536 E9434.94062
G0 F7200 X127.181 Y144.655
G0 X126.109 Y143.588
G0 X126.228 Y143.469
G1 F6300 X122.723 Y156.549 E9436.15935
G0 F7200 X122.834 Y156.425
G0 X121.567 Y155.296
G0 X121.455 Y155.42
G1 F6300 X134.679 Y151.877 E9437.39148
G0 F7200 X134.559 Y151.996
G0 X133.465 Y150.907
G0 X133.584 Y150.789
G1 F6300 X130.244 Y163.253 E9438.55282
G0 F7200 X129.491 Y162.584
G1 F6300 X142.056 Y159.217 E9439.72357
G0 F7200 X141.936 Y159.336
G0 X140.821 Y158.226
G0 X140.94 Y158.108
G1 F6300 X138.522 Y167.133 E9440.56447
G0 F7200 X138.403 Y167.013
G0 X139.977 Y165.432
G0 X140.095 Y165.551
G1 F6300 X90.749 Y116.205 E9446.84519
G0 F7200 X80.635 Y119.607
G0 X80.336 Y119.89
;TYPE:WALL-OUTER
G1 F2880 X134.315 Y168.009 E9453.35336
G1 X135.193 Y168.495 E9453.44368
G1 X136.024 Y168.717 E9453.52109
G1 X136.873 Y168.743 E9453.59753
G1 X137.724 Y168.565 E9453.67578
G1 X138.762 Y168.081 E9453.77886
G1 X143.012 Y163.807 E9454.32132
G1 X143.54 Y162.98 E9454.40963
G1 X143.805 Y162.213 E9454.48266
G1 X143.897 Y161.385 E9454.55764
G1 X143.776 Y160.354 E9454.65107
G1 X143.198 Y159.17 E9454.76965
G1 X97.901 Y114.098 E9460.52072
G1 X96.61 Y113.372 E9460.65402
G1 X96.007 Y112.888 E9460.72361
G1 X95.426 Y112.257 E9460.8008
G1 X95.148 Y111.762 E9460.8519
G1 X94.97 Y111.444 E9460.8847
G1 X94.769 Y110.385 E9460.98171
G1 X94.879 Y109.229 E9461.08622
G1 X94.96 Y108.943 E9461.11297
G1 X95.191 Y108.133 E9461.18878
G1 X95.664 Y107.063 E9461.29407
G1 X95.944 Y106.555 E9461.34627
G1 X95.944 Y93.728 E9462.5007
G1 X95.607 Y93.103 E9462.56461
G1 X95.156 Y92.051 E9462.66762
G1 X94.965 Y91.326 E9462.7351
G1 X94.776 Y90.606 E9462.80209
G1 X94.812 Y89.208 E9462.92796
G1 X94.966 Y88.512 E9462.99211
G1 X95.06 Y88.085 E9463.03146
G1 X95.423 Y87.132 E9463.12324
G1 X95.944 Y86.081 E9463.22882
G1 X95.945 Y72.626 E9464.43977
G1 X96.393 Y71.266 E9464.56864
G1 X97.07 Y70.34 E9464.67187
G1 X97.658 Y69.724 E9464.74852
G1 X98.406 Y69.179 E9464.83181
G1 X99.233 Y68.818 E9464.91302
G1 X100.233 Y68.613 E9465.00489
G1 X102.52 Y68.611 E9465.21073
G1 X103.572 Y68.822 E9465.30729
G1 X104.376 Y69.182 E9465.38657
G1 X105.117 Y69.713 E9465.46862
G1 X119.913 Y83.167 E9467.26846
G1 X120.938 Y83.602 E9467.36868
G1 X121.762 Y83.743 E9467.44392
G1 X122.383 Y83.728 E9467.49982
G1 X123.189 Y83.546 E9467.57419
G1 X124.194 Y83.069 E9467.67431
G1 X126.112 Y81.151 E9467.91843
G1 X126.691 Y79.955 E9468.03802
G1 X126.806 Y78.925 E9468.1313
G1 X126.713 Y78.1 E9468.20602
G1 X126.443 Y77.327 E9468.27971
G1 X125.943 Y76.529 E9468.36446
G1 X104.755 Y55.341 E9471.06126
G1 X104.083 Y54.804 E9471.13867
G1 X103.341 Y54.45 E9471.21266
G1 X102.395 Y54.24 E9471.29988
G1 X82.513 Y54.24 E9473.08926
G1 X81.567 Y54.45 E9473.17647
G1 X80.829 Y54.804 E9473.25014
G1 X80.178 Y55.322 E9473.32501
G1 X79.531 Y56.135 E9473.41852
G1 X79.096 Y57.389 E9473.53798
G1 X79.096 Y117.42 E9478.94077
G1 X79.279 Y118.27 E9479.01902
G1 X79.679 Y119.165 E9479.10725
G1 X80.336 Y119.89 E9479.19531
G0 F7200 X80.559 Y120.089
G0 X80.759 Y119.464
;TYPE:WALL-INNER
G1 F4620 X134.664 Y167.517 E9485.69455
G1 X135.419 Y167.934 E9485.77218
G1 X136.112 Y168.119 E9485.83673
G1 X136.82 Y168.141 E9485.90048
G1 X137.533 Y167.992 E9485.96604
G1 X138.413 Y167.582 E9486.05342
G1 X142.541 Y163.43 E9486.58035
G1 X142.996 Y162.717 E9486.65648
G1 X143.216 Y162.08 E9486.71713
G1 X143.293 Y161.387 E9486.77988
G1 X143.192 Y160.526 E9486.8579
G1 X142.702 Y159.523 E9486.95837
G1 X97.536 Y114.581 E9492.69283
G1 X96.264 Y113.863 E9492.82429
G1 X95.614 Y113.343 E9492.8992
G1 X94.943 Y112.609 E9492.98871
G1 X94.462 Y111.761 E9493.07645
G1 X94.403 Y111.657 E9493.08721
G1 X94.161 Y110.386 E9493.20365
G1 X94.283 Y109.144 E9493.31597
G1 X94.34 Y108.942 E9493.33486
G1 X94.634 Y107.908 E9493.43161
G1 X95.138 Y106.775 E9493.54321
G1 X95.344 Y106.401 E9493.58164
G1 X95.344 Y93.879 E9494.70862
G1 X95.044 Y93.315 E9494.76612
G1 X94.589 Y92.247 E9494.8706
G1 X94.345 Y91.326 E9494.95635
G1 X94.177 Y90.692 E9495.01538
G1 X94.21 Y89.155 E9495.15374
G1 X94.352 Y88.512 E9495.213
G1 X94.485 Y87.913 E9495.26822
G1 X94.897 Y86.839 E9495.37175
G1 X95.344 Y85.94 E9495.46211
G1 X95.349 Y72.534 E9496.66865
G1 X95.85 Y70.99 E9496.81474
G1 X96.574 Y69.999 E9496.9252
G1 X97.283 Y69.254 E9497.01776
G1 X98.105 Y68.654 E9497.10935
G1 X99.051 Y68.246 E9497.20207
G1 X100.173 Y68.016 E9497.30515
G1 X102.609 Y68.011 E9497.52439
G1 X103.756 Y68.25 E9497.62984
G1 X104.704 Y68.671 E9497.7232
G1 X105.47 Y69.227 E9497.80838
G1 X120.241 Y82.655 E9499.60499
G1 X121.108 Y83.022 E9499.68972
G1 X122.061 Y83.186 E9499.77675
G1 X122.992 Y82.976 E9499.86265
G1 X123.842 Y82.572 E9499.94735
G1 X125.616 Y80.798 E9500.17314
G1 X126.106 Y79.787 E9500.27426
G1 X126.202 Y78.925 E9500.35232
G1 X126.124 Y78.234 E9500.4149
G1 X125.899 Y77.589 E9500.47638
G1 X125.471 Y76.905 E9500.549
G1 X104.355 Y55.789 E9503.23663
G1 X103.763 Y55.316 E9503.30483
G1 X103.144 Y55.021 E9503.36654
G1 X102.329 Y54.84 E9503.44168
G1 X82.579 Y54.84 E9505.21918
G1 X81.764 Y55.021 E9505.29431
G1 X81.149 Y55.316 E9505.3557
G1 X80.605 Y55.749 E9505.41828
G1 X80.064 Y56.429 E9505.49648
G1 X79.696 Y57.489 E9505.59747
G1 X79.696 Y117.356 E9510.9855
G1 X79.853 Y118.082 E9511.05235
G1 X80.188 Y118.833 E9511.12636
G1 X80.759 Y119.464 E9511.20295
G0 F7200 X81.056 Y119.179
G0 X80.759 Y113.192
;TYPE:SKIN
G1 F2340 X86.969 Y113.192 E9511.73391
G1 X87.125 Y113.269 E9511.74878
G1 X87.224 Y113.492 E9511.76964
G1 X87.224 Y116.08 E9511.99091
G1 X98.275 Y116.083 E9512.93578
G1 X98.3 Y116.023 E9512.94133
G1 X97.241 Y114.966 E9513.06926
G1 X96 Y114.266 E9513.19108
G1 X95.303 Y113.71 E9513.26731
G1 X94.539 Y112.89 E9513.36314
G1 X93.946 Y111.825 E9513.46736
G1 X93.934 Y111.761 E9513.47293
G1 X93.677 Y110.407 E9513.59076
G1 X93.809 Y109.056 E9513.70682
G1 X93.842 Y108.941 E9513.71705
G1 X94.185 Y107.729 E9513.82475
G1 X94.717 Y106.538 E9513.93627
G1 X94.864 Y106.274 E9513.96211
G1 X94.864 Y104.173 E9514.14175
G1 X94.783 Y104.141 E9514.14919
G1 X94.406 Y104.536 E9514.19588
G1 X94.189 Y104.628 E9514.21603
G1 X87.224 Y104.636 E9514.81154
G1 X87.224 Y107.27 E9515.03674
G1 X87.017 Y107.516 E9515.06423
G1 X80.176 Y107.516 E9515.64914
G1 X80.176 Y113.192 E9516.13444
G1 X80.759 Y113.192 E9516.18428
G0 F7200 X80.477 Y108.745
G1 F2340 X81.406 Y107.815 E9516.29667
G0 F7200 X82.255 Y107.815
G1 F2340 X80.477 Y109.594 E9516.51172
G0 F7200 X80.477 Y110.442
G1 F2340 X83.103 Y107.815 E9516.82931
G0 F7200 X83.952 Y107.815
G1 F2340 X80.477 Y111.291 E9517.24955
G0 F7200 X80.477 Y112.139
G1 F2340 X84.8 Y107.815 E9517.77232
G0 F7200 X85.649 Y107.815
G1 F2340 X80.572 Y112.892 E9518.38621
G0 F7200 X81.421 Y112.892
G1 F2340 X86.498 Y107.815 E9519.0001
G1 X86.604 Y107.709
G0 F7200 X87.524 Y106.789
G1 F2340 X89.38 Y104.933 E9519.22452
G0 F7200 X90.229 Y104.933
G1 F2340 X82.269 Y112.892 E9520.18694
G0 F7200 X83.118 Y112.892
G1 F2340 X91.079 Y104.931 E9521.14955
G0 F7200 X91.929 Y104.93
G1 F2340 X83.966 Y112.892 E9522.11234
G0 F7200 X84.815 Y112.892
G1 F2340 X92.778 Y104.929 E9523.07518
G0 F7200 X93.628 Y104.928
G1 F2340 X85.663 Y112.892 E9524.03821
G0 F7200 X86.512 Y112.892
G1 F2340 X94.477 Y104.927 E9525.0013
G1 X94.564 Y104.841 E9525.01176
G0 F7200 X94.564 Y105.689
G1 F2340 X87.246 Y113.007 E9525.89662
G0 F7200 X87.524 Y113.577
G1 F2340 X94.246 Y106.855 E9526.70941
G1 X94.352 Y106.749
G0 F7200 X93.739 Y108.211
G1 F2340 X87.524 Y114.425 E9527.46084
G0 F7200 X87.524 Y115.274
G1 F2340 X93.48 Y109.318 E9528.18101
G0 F7200 X93.385 Y110.262
G1 F2340 X87.866 Y115.781 E9528.84834
G0 F7200 X88.714 Y115.781
G1 F2340 X93.487 Y111.009 E9529.42541
G0 F7200 X93.622 Y111.722
G1 F2340 X89.563 Y115.781 E9529.91621
G0 F7200 X90.411 Y115.782
G1 F2340 X93.876 Y112.316 E9530.33524
G0 F7200 X94.179 Y112.862
G1 F2340 X91.259 Y115.782 E9530.68831
G0 F7200 X92.108 Y115.782
G1 F2340 X94.547 Y113.342 E9530.98328
G0 F7200 X94.956 Y113.782
G1 F2340 X92.956 Y115.782 E9531.22511
G0 F7200 X93.804 Y115.782
G1 F2340 X95.41 Y114.177 E9531.41924
G0 F7200 X95.888 Y114.547
G1 F2340 X94.653 Y115.782 E9531.56857
G0 F7200 X95.5 Y115.783
G1 F2340 X96.431 Y114.853 E9531.68109
G0 F7200 X96.973 Y115.159
G1 F2340 X96.349 Y115.783 E9531.75654
G0 F7200 X97.197 Y115.783
G1 F2340 X97.417 Y115.564 E9531.78308
G0 F7200 X87.524 Y105.94
G1 F2340 X88.53 Y104.935 E9531.90466
G0 F7200 X87.681 Y104.935
G1 F2340 X87.524 Y105.092 E9531.92364
G0 F7200 X87.524 Y95.652
G1 F2340 X94.188 Y95.652 E9532.49341
G1 X94.406 Y95.744 E9532.51364
G1 X94.783 Y96.139 E9532.56033
G1 X94.864 Y96.107 E9532.56778
G1 X94.864 Y93.998 E9532.7481
G1 X94.599 Y93.494 E9532.79678
G1 X94.143 Y92.422 E9532.89639
G1 X93.852 Y91.326 E9532.99334
G1 X93.693 Y90.727 E9533.04633
G1 X93.73 Y89.092 E9533.18616
G1 X93.86 Y88.512 E9533.23698
G1 X94.031 Y87.753 E9533.3035
G1 X94.418 Y86.736 E9533.39653
G1 X94.864 Y85.826 E9533.48318
G1 X94.864 Y83.748 E9533.66085
G1 X94.779 Y83.714 E9533.66868
G1 X94.402 Y84.111 E9533.71549
G1 X94.184 Y84.204 E9533.73575
G1 X87.224 Y84.204 E9534.33083
G1 X87.224 Y86.84 E9534.55621
G1 X87.018 Y87.088 E9534.58378
G1 X80.177 Y87.089 E9535.16868
G1 X80.177 Y92.76 E9535.65355
G1 X86.97 Y92.764 E9536.23435
G1 X87.224 Y93.013 E9536.26476
G1 X87.224 Y95.652 E9536.4904
G1 X87.524 Y95.652 E9536.51605
G0 F7200 X93.87 Y95.352
G1 F2340 X94.564 Y94.658 E9536.59996
G0 F7200 X94.473 Y93.9
G1 F2340 X93.021 Y95.352 E9536.77553
G0 F7200 X92.173 Y95.352
G1 F2340 X94.201 Y93.323 E9537.02081
G0 F7200 X93.948 Y92.729
G1 F2340 X91.324 Y95.352 E9537.33803
G0 F7200 X90.476 Y95.352
G1 F2340 X93.745 Y92.082 E9537.73336
G0 F7200 X93.567 Y91.412
G1 F2340 X89.627 Y95.352 E9538.20977
G0 F7200 X88.779 Y95.352
G1 F2340 X93.395 Y90.735 E9538.76797
G0 F7200 X93.414 Y89.868
G1 F2340 X87.93 Y95.352 E9539.43107
G0 F7200 X87.524 Y94.909
G1 F2340 X93.448 Y88.986 E9540.14732
G0 F7200 X93.688 Y87.897
G1 F2340 X87.524 Y94.061 E9540.89264
G0 F7200 X87.524 Y93.212
G1 F2340 X94.168 Y86.568 E9541.696
G1 X94.274 Y86.462
G0 F7200 X94.564 Y85.324
G1 F2340 X87.288 Y92.6 E9542.57578
G0 F7200 X86.575 Y92.464
G1 F2340 X94.564 Y84.476 E9543.54171
G0 F7200 X93.687 Y84.504
G1 F2340 X85.728 Y92.463 E9544.50407
G0 F7200 X84.879 Y92.463
G1 F2340 X92.839 Y84.504 E9545.4665
G0 F7200 X91.99 Y84.504
G1 F2340 X84.031 Y92.463 E9546.42886
G0 F7200 X83.183 Y92.462
G1 F2340 X91.142 Y84.504 E9547.39117
G0 F7200 X90.293 Y84.504
G1 F2340 X82.336 Y92.461 E9548.35329
G0 F7200 X81.488 Y92.461
G1 F2340 X86.56 Y87.388 E9548.96663
G0 F7200 X85.712 Y87.388
G1 F2340 X80.639 Y92.461 E9549.58004
G0 F7200 X80.477 Y91.774
G1 F2340 X84.863 Y87.388 E9550.11037
G0 F7200 X84.015 Y87.388
G1 F2340 X80.477 Y90.925 E9550.53811
G0 F7200 X80.477 Y90.077
G1 F2340 X83.166 Y87.388 E9550.86325
G0 F7200 X82.317 Y87.388
G1 F2340 X80.477 Y89.228 E9551.08573
G0 F7200 X80.477 Y88.38
G1 F2340 X81.469 Y87.388 E9551.20568
G0 F7200 X80.62 Y87.388
G1 F2340 X80.477 Y87.531 E9551.22297
G0 F7200 X87.524 Y86.425
G1 F2340 X89.445 Y84.504 E9551.45525
G0 F7200 X88.596 Y84.504
G1 F2340 X87.524 Y85.576 E9551.58487
G0 F7200 X87.524 Y84.728
G1 F2340 X87.748 Y84.504 E9551.61196
G10
;MESH:NONMESH
G0 F600 X87.748 Y84.504 Z7
G0 F7200 X81.216 Y55.788
G0 X81.11 Y55.654
;TIME_ELAPSED:2181.750965
;LAYER:44
;TYPE:FILL
;MESH:porte-manteau.stl
G11
G1 F6300 X95.93 Y70.475 E9553.4983
G0 F7200 X95.794 Y70.374
G0 X96.816 Y69.25
G0 X97.694 Y68.451
G0 X97.79 Y68.586
G1 F6300 X79.936 Y73.37 E9555.16184
G0 F7200 X79.936 Y72.817
G1 F6300 X84.689 Y55.079 E9556.81458
G0 F7200 X84.689 Y55.252
G0 X93.264 Y55.252
G0 X93.264 Y55.08
G1 F6300 X120.848 Y82.664 E9560.32545
G0 F7200 X120.932 Y82.519
G0 X119.399 Y81.337
G0 X119.285 Y81.461
G1 F6300 X125.875 Y79.696 E9560.93946
G0 F7200 X125.711 Y79.677
G0 X125.212 Y77.264
G0 X125.356 Y77.174
G1 F6300 X124.059 Y82.016 E9561.3906
G0 F7200 X123.94 Y81.897
G0 X115.865 Y78.123
G0 X115.751 Y78.247
G1 F6300 X118.017 Y69.791 E9562.17849
G0 F7200 X117.896 Y69.912
G0 X120.02 Y72.036
G0 X120.142 Y71.915
G1 F6300 X111.372 Y74.264 E9562.99561
G0 F7200 X111.486 Y74.141
G0 X108.373 Y71.31
G0 X108.259 Y71.434
G1 F6300 X110.668 Y62.444 E9563.83326
G0 F7200 X110.548 Y62.564
G0 X112.671 Y64.687
G0 X112.793 Y64.566
G1 F6300 X100.823 Y67.774 E9564.94858
G0 F7200 X99.91 Y67.822
G1 F6300 X103.254 Y55.341 E9566.11148
G0 F7200 X103.181 Y55.493
G0 X105.323 Y57.339
G0 X105.444 Y57.218
G1 F6300 X79.937 Y64.052 E9568.48808
G0 F7200 X80.109 Y64.052
G0 X80.109 Y67.208
G0 X79.936 Y67.208
G1 F6300 X95.106 Y82.378 E9570.41891
G0 F7200 X94.934 Y82.378
G0 X94.934 Y78.623
G0 X95.107 Y78.623
G1 F6300 X79.937 Y82.687 E9571.83235
G0 F7200 X80.109 Y82.687
G0 X80.109 Y79.936
G0 X79.936 Y79.936
G1 F6300 X87.104 Y87.104 E9572.74469
G0 F7200 X85.306 Y87.551
G1 F6300 X94.007 Y55.079 E9575.77027
G10
G0 F7200 X94.007 Y55.252
G0 X84.032 Y92.303
G11
G1 F6300 X79.936 Y107.591 E9577.19471
G0 F7200 X80.109 Y107.591
G0 X80.109 Y105.391
G0 X79.936 Y105.391
G1 F6300 X82.525 Y107.981 E9577.5243
G0 F7200 X80.109 Y101.322
G0 X79.937 Y101.322
G1 F6300 X95.104 Y97.258 E9578.93749
G0 F7200 X94.934 Y97.258
G0 X92.472 Y95.579
G1 F6300 X90.027 Y104.705 E9579.78779
G0 F7200 X91.976 Y104.703
G1 F6300 X79.936 Y92.664 E9581.32017
G10
G0 F7200 X80.109 Y92.664
G0 X87.104 Y115.613
G11
G1 F6300 X85.118 Y123.026 E9582.01087
G0 F7200 X85.23 Y122.901
G0 X82.696 Y120.642
G0 X82.584 Y120.767
G1 F6300 X80.29 Y118.474 E9582.30279
G0 F7200 X80.447 Y118.405
G0 X81.386 Y119.474
G0 X81.272 Y119.6
G1 F6300 X94.662 Y116.012 E9583.5504
G0 F7200 X96.315 Y116.012
G1 F6300 X92.639 Y129.73 E9584.82858
G0 F7200 X92.751 Y129.606
G0 X89.422 Y126.638
G0 X89.309 Y126.764
G1 F6300 X105.172 Y122.513 E9586.30662
G0 F7200 X105.05 Y122.634
G0 X104.039 Y121.628
G0 X104.16 Y121.508
G1 F6300 X100.16 Y136.435 E9587.69745
G0 F7200 X100.272 Y136.311
G0 X97.458 Y133.802
G0 X97.345 Y133.928
G1 F6300 X112.549 Y129.854 E9589.11409
G0 F7200 X112.428 Y129.975
G0 X111.395 Y128.947
G0 X111.516 Y128.827
G1 F6300 X107.681 Y143.14 E9590.44769
G0 F7200 X107.793 Y143.016
G0 X105.495 Y140.967
G0 X105.382 Y141.092
G1 F6300 X119.926 Y137.195 E9591.80283
G0 F7200 X119.805 Y137.315
G0 X118.751 Y136.267
G0 X118.872 Y136.147
G1 F6300 X115.202 Y149.844 E9593.07904
G0 F7200 X115.313 Y149.72
G0 X113.53 Y148.131
G0 X113.418 Y148.256
G1 F6300 X127.303 Y144.535 E9594.37279
G0 F7200 X127.182 Y144.655
G0 X126.108 Y143.586
G0 X126.228 Y143.467
G1 F6300 X122.723 Y156.549 E9595.59169
G0 F7200 X122.834 Y156.425
G0 X121.567 Y155.296
G0 X121.455 Y155.42
G1 F6300 X134.681 Y151.876 E9596.82403
G0 F7200 X134.56 Y151.996
G0 X133.464 Y150.905
G0 X133.584 Y150.786
G1 F6300 X130.244 Y163.253 E9597.98562
G0 F7200 X129.491 Y162.584
G1 F6300 X142.058 Y159.217 E9599.15655
G0 F7200 X141.938 Y159.336
G0 X140.821 Y158.225
G0 X140.94 Y158.106
G1 F6300 X138.522 Y167.133 E9599.99762
G0 F7200 X138.403 Y167.013
G0 X139.977 Y165.432
G0 X140.095 Y165.551
G1 F6300 X90.556 Y116.011 E9606.30297
G0 F7200 X80.635 Y119.607
G0 X80.336 Y119.89
;TYPE:WALL-OUTER
G1 F2880 X134.315 Y168.009 E9612.81114
G1 X135.193 Y168.495 E9612.90145
G1 X136.024 Y168.717 E9612.97887
G1 X136.873 Y168.743 E9613.05531
G1 X137.724 Y168.565 E9613.13356
G1 X138.762 Y168.081 E9613.23664
G1 X143.012 Y163.807 E9613.7791
G1 X143.54 Y162.98 E9613.86741
G1 X143.805 Y162.213 E9613.94044
G1 X143.898 Y161.385 E9614.01543
G1 X143.801 Y160.561 E9614.0901
G1 X143.528 Y159.792 E9614.16355
G1 X143.032 Y159.001 E9614.24757
G1 X97.229 Y113.426 E9620.06285
G1 X96.505 Y112.909 E9620.14292
G1 X95.867 Y112.224 E9620.22717
G1 X95.48 Y111.571 E9620.29548
G1 X95.197 Y110.589 E9620.38746
G1 X95.324 Y109.205 E9620.51254
G1 X95.638 Y108.051 E9620.62018
G1 X95.944 Y107.319 E9620.69159
G1 X95.944 Y92.956 E9621.98426
G1 X95.614 Y92.155 E9622.06222
G1 X95.228 Y90.637 E9622.20319
G1 X95.266 Y88.978 E9622.35254
G1 X95.573 Y87.779 E9622.46393
G1 X95.944 Y86.876 E9622.55179
G1 X95.945 Y72.626 E9623.83429
G1 X96.393 Y71.266 E9623.96316
G1 X97.07 Y70.34 E9624.0664
G1 X97.658 Y69.724 E9624.14304
G1 X98.406 Y69.179 E9624.22634
G1 X99.233 Y68.818 E9624.30755
G1 X100.233 Y68.613 E9624.39942
G1 X102.52 Y68.611 E9624.60525
G1 X103.572 Y68.822 E9624.70182
G1 X104.376 Y69.182 E9624.7811
G1 X105.117 Y69.713 E9624.86315
G1 X119.698 Y82.972 E9626.63687
G1 X120.551 Y83.462 E9626.7254
G1 X121.336 Y83.691 E9626.799
G1 X122.203 Y83.769 E9626.87734
G1 X123.192 Y83.546 E9626.96859
G1 X124.2 Y83.063 E9627.06919
G1 X126.112 Y81.151 E9627.31254
G1 X126.691 Y79.955 E9627.43213
G1 X126.806 Y78.925 E9627.52541
G1 X126.713 Y78.1 E9627.60013
G1 X126.443 Y77.327 E9627.67382
G1 X125.943 Y76.529 E9627.75857
G1 X104.755 Y55.341 E9630.45537
G1 X104.083 Y54.804 E9630.53279
G1 X103.341 Y54.45 E9630.60678
G1 X102.395 Y54.24 E9630.69399
G1 X82.513 Y54.24 E9632.48337
G1 X81.567 Y54.45 E9632.57058
G1 X80.829 Y54.804 E9632.64425
G1 X80.178 Y55.322 E9632.71912
G1 X79.531 Y56.135 E9632.81263
G1 X79.096 Y57.389 E9632.93209
G1 X79.096 Y117.42 E9638.33488
G1 X79.279 Y118.27 E9638.41313
G1 X79.679 Y119.165 E9638.50136
G1 X80.336 Y119.89 E9638.58942
G0 F7200 X80.559 Y120.089
G0 X80.759 Y119.464
;TYPE:WALL-INNER
G1 F4620 X134.664 Y167.517 E9645.08867
G1 X135.419 Y167.934 E9645.16629
G1 X136.112 Y168.119 E9645.23085
G1 X136.82 Y168.141 E9645.2946
G1 X137.533 Y167.992 E9645.36015
G1 X138.413 Y167.582 E9645.44753
G1 X142.541 Y163.43 E9645.97446
G1 X142.996 Y162.717 E9646.05059
G1 X143.216 Y162.08 E9646.11124
G1 X143.294 Y161.387 E9646.174
G1 X143.213 Y160.698 E9646.23644
G1 X142.985 Y160.055 E9646.29784
G1 X142.56 Y159.378 E9646.36978
G1 X96.841 Y113.886 E9652.17443
G1 X96.079 Y113.342 E9652.2587
G1 X95.386 Y112.582 E9652.35126
G1 X94.922 Y111.812 E9652.43217
G1 X94.588 Y110.643 E9652.54159
G1 X94.734 Y109.097 E9652.68135
G1 X95.06 Y107.891 E9652.79379
G1 X95.344 Y107.198 E9652.86119
G1 X95.344 Y93.074 E9654.13235
G1 X95.034 Y92.322 E9654.20556
G1 X94.625 Y90.707 E9654.3555
G1 X94.666 Y88.907 E9654.51754
G1 X94.999 Y87.603 E9654.63866
G1 X95.344 Y86.757 E9654.72089
G1 X95.349 Y72.534 E9656.00096
G1 X95.85 Y70.99 E9656.14705
G1 X96.574 Y69.999 E9656.25751
G1 X97.283 Y69.254 E9656.35007
G1 X98.105 Y68.654 E9656.44166
G1 X99.051 Y68.246 E9656.53438
G1 X100.173 Y68.016 E9656.63746
G1 X102.609 Y68.011 E9656.8567
G1 X103.756 Y68.25 E9656.96215
G1 X104.704 Y68.671 E9657.05551
G1 X105.47 Y69.227 E9657.14069
G1 X120.054 Y82.484 E9658.91449
G1 X120.788 Y82.906 E9658.99069
G1 X121.448 Y83.099 E9659.05258
G1 X122.163 Y83.163 E9659.11719
G1 X122.994 Y82.976 E9659.19385
G1 X123.848 Y82.566 E9659.27911
G1 X125.616 Y80.798 E9659.50414
G1 X126.106 Y79.787 E9659.60525
G1 X126.202 Y78.925 E9659.68331
G1 X126.124 Y78.234 E9659.7459
G1 X125.899 Y77.589 E9659.80738
G1 X125.471 Y76.905 E9659.88
G1 X104.355 Y55.789 E9662.56762
G1 X103.763 Y55.316 E9662.63582
G1 X103.144 Y55.021 E9662.69753
G1 X102.329 Y54.84 E9662.77267
G1 X82.579 Y54.84 E9664.55017
G1 X81.764 Y55.021 E9664.62531
G1 X81.149 Y55.316 E9664.6867
G1 X80.605 Y55.749 E9664.74927
G1 X80.064 Y56.429 E9664.82748
G1 X79.696 Y57.489 E9664.92846
G1 X79.696 Y117.356 E9670.31649
G1 X79.853 Y118.082 E9670.38334
G1 X80.188 Y118.833 E9670.45735
G1 X80.759 Y119.464 E9670.53394
G0 F7200 X81.056 Y119.179
G0 X80.759 Y112.612
;TYPE:SKIN
G1 F2340 X86.994 Y112.612 E9671.06704
G1 X87.224 Y112.846 E9671.09509
G1 X87.224 Y115.888 E9671.35518
G1 X98.086 Y115.892 E9672.28388
G1 X98.113 Y115.828 E9672.28982
G1 X96.529 Y114.255 E9672.48069
G1 X95.76 Y113.697 E9672.56192
G1 X95.04 Y112.925 E9672.65218
G1 X94.474 Y112.006 E9672.74446
G1 X94.099 Y110.709 E9672.8599
G1 X94.26 Y109.015 E9673.00539
G1 X94.606 Y107.734 E9673.11884
G1 X94.864 Y107.101 E9673.17728
G1 X94.864 Y104.358 E9673.41181
G1 X94.764 Y104.319 E9673.42098
G1 X94.394 Y104.723 E9673.46782
G1 X94.173 Y104.82 E9673.48846
G1 X87.224 Y104.828 E9674.0826
G1 X87.221 Y107.846 E9674.34064
G1 X86.994 Y108.1 E9674.36976
G1 X80.176 Y108.1 E9674.9527
G1 X80.176 Y112.612 E9675.33848
G1 X80.759 Y112.612 E9675.38833
G0 F7200 X80.916 Y112.312
G1 F2340 X80.477 Y111.872 E9675.44147
G0 F7200 X80.477 Y111.024
G1 F2340 X81.765 Y112.312 E9675.59721
G0 F7200 X82.613 Y112.312
G1 F2340 X80.477 Y110.175 E9675.85554
G0 F7200 X80.477 Y109.326
G1 F2340 X83.462 Y112.312 E9676.21654
G0 F7200 X84.31 Y112.312
G1 F2340 X80.477 Y108.478 E9676.68006
G0 F7200 X81.247 Y108.4
G1 F2340 X85.159 Y112.312 E9677.15308
G0 F7200 X86.008 Y112.312
G1 F2340 X82.096 Y108.4 E9677.6261
G0 F7200 X82.944 Y108.4
G1 F2340 X86.856 Y112.312 E9678.09913
G0 F7200 X87.524 Y112.98
G1 F2340 X90.133 Y115.589 E9678.41459
G0 F7200 X90.981 Y115.589
G1 F2340 X83.793 Y108.4 E9679.28379
G0 F7200 X84.641 Y108.4
G1 F2340 X91.83 Y115.589 E9680.15305
G0 F7200 X92.679 Y115.589
G1 F2340 X85.49 Y108.4 E9681.02231
G0 F7200 X86.338 Y108.4
G1 F2340 X93.528 Y115.589 E9681.89163
G0 F7200 X94.377 Y115.59
G1 F2340 X87.14 Y108.354 E9682.76664
G0 F7200 X87.498 Y107.863
G1 F2340 X95.225 Y115.59 E9683.70095
G0 F7200 X96.074 Y115.59
G1 F2340 X87.524 Y107.04 E9684.73477
G0 F7200 X87.524 Y106.192
G1 F2340 X96.923 Y115.591 E9685.87126
G1 X97.029 Y115.697
G0 F7200 X94.153 Y111.972
G1 F2340 X87.524 Y105.343 E9686.6728
G0 F7200 X88.157 Y105.128
G1 F2340 X93.806 Y110.777 E9687.35585
G0 F7200 X93.866 Y109.988
G1 F2340 X89.005 Y105.127 E9687.94362
G0 F7200 X89.852 Y105.126
G1 F2340 X93.94 Y109.213 E9688.43786
G0 F7200 X94.086 Y108.511
G1 F2340 X90.7 Y105.125 E9688.84728
G0 F7200 X91.547 Y105.123
G1 F2340 X94.268 Y107.844 E9689.17629
G0 F7200 X94.492 Y107.22
G1 F2340 X92.395 Y105.123 E9689.42985
G0 F7200 X93.242 Y105.121
G1 F2340 X94.564 Y106.444 E9689.58976
G0 F7200 X94.564 Y105.595
G1 F2340 X94.089 Y105.12 E9689.6472
G0 F7200 X87.524 Y113.829
G1 F2340 X89.284 Y115.588 E9689.85995
G0 F7200 X88.435 Y115.588
G1 F2340 X87.524 Y114.677 E9689.9701
G1 X87.418 Y114.571
G10
G0 F7200 X87.429 Y95.456
G11
G1 F2340 X94.169 Y95.46 E9690.54637
G1 X94.39 Y95.557 E9690.56701
G1 X94.76 Y95.962 E9690.61391
G1 X94.864 Y95.922 E9690.62344
G1 X94.864 Y93.171 E9690.85865
G1 X94.573 Y92.453 E9690.92489
G1 X94.149 Y90.77 E9691.07328
G1 X94.186 Y88.829 E9691.23927
G1 X94.533 Y87.476 E9691.35869
G1 X94.864 Y86.661 E9691.4339
G1 X94.864 Y83.931 E9691.66732
G1 X94.761 Y83.891 E9691.67676
G1 X94.391 Y84.298 E9691.72379
G1 X94.168 Y84.396 E9691.74462
G1 X87.224 Y84.396 E9692.33833
G1 X87.221 Y87.414 E9692.59637
G1 X87.057 Y87.668 E9692.62222
G1 X80.177 Y87.669 E9693.21046
G1 X80.177 Y92.18 E9693.59615
G1 X86.995 Y92.184 E9694.17909
G1 X87.221 Y92.437 E9694.20809
G1 X87.225 Y95.456 E9694.46622
G1 X87.429 Y95.456 E9694.48366
G0 F7200 X80.849 Y91.88
G1 F2340 X80.477 Y91.507 E9694.5287
G0 F7200 X80.477 Y90.659
G1 F2340 X81.698 Y91.88 E9694.67634
G0 F7200 X82.547 Y91.881
G1 F2340 X80.477 Y89.81 E9694.92669
G0 F7200 X80.477 Y88.962
G1 F2340 X83.396 Y91.881 E9695.27965
G0 F7200 X84.245 Y91.881
G1 F2340 X80.477 Y88.113 E9695.73526
G0 F7200 X81.181 Y87.969
G1 F2340 X85.094 Y91.882 E9696.2084
G0 F7200 X85.943 Y91.883
G1 F2340 X82.029 Y87.969 E9696.68166
G0 F7200 X82.878 Y87.969
G1 F2340 X86.792 Y91.883 E9697.15492
G0 F7200 X87.525 Y92.616
G1 F2340 X90.066 Y95.157 E9697.46217
G0 F7200 X89.217 Y95.157
G1 F2340 X87.525 Y93.465 E9697.66676
G0 F7200 X87.525 Y94.313
G1 F2340 X88.368 Y95.156 E9697.76869
G0 F7200 X90.916 Y95.158
G1 F2340 X83.726 Y87.969 E9698.63801
G0 F7200 X84.575 Y87.969
G1 F2340 X91.764 Y95.158 E9699.50727
G0 F7200 X92.613 Y95.159
G1 F2340 X85.423 Y87.969 E9700.37665
G0 F7200 X86.272 Y87.969
G1 F2340 X93.463 Y95.16 E9701.24615
G0 F7200 X94.424 Y95.273
G1 F2340 X87.075 Y87.924 E9702.13476
G0 F7200 X87.495 Y87.495
G1 F2340 X94.564 Y94.564 E9702.98951
G0 F7200 X94.564 Y93.716
G1 F2340 X87.519 Y86.671 E9703.84135
G0 F7200 X87.521 Y85.824
G1 F2340 X94.317 Y92.62 E9704.66309
G0 F7200 X94.02 Y91.475
G1 F2340 X87.524 Y84.978 E9705.44862
G0 F7200 X88.09 Y84.696
G1 F2340 X93.857 Y90.463 E9706.14594
G0 F7200 X93.873 Y89.63
G1 F2340 X88.938 Y84.696 E9706.74259
G0 F7200 X89.787 Y84.696
G1 F2340 X93.888 Y88.797 E9707.23847
G0 F7200 X94.062 Y88.122
G1 F2340 X90.636 Y84.696 E9707.65272
G0 F7200 X91.484 Y84.696
G1 F2340 X94.236 Y87.448 E9707.98548
G0 F7200 X94.47 Y86.833
G1 F2340 X92.333 Y84.696 E9708.24388
G0 F7200 X93.181 Y84.696
G1 F2340 X94.564 Y86.079 E9708.4111
G0 F7200 X94.564 Y85.23
G1 F2340 X94.03 Y84.696 E9708.47567
G10
;MESH:NONMESH
G0 F600 X94.03 Y84.696 Z7.15
G0 F7200 X81.216 Y55.788
G0 X81.11 Y55.654
;TIME_ELAPSED:2219.230697
;LAYER:45
;TYPE:FILL
;MESH:porte-manteau.stl
G11
G1 F6300 X95.93 Y70.475 E9710.36201
G0 F7200 X95.794 Y70.374
G0 X96.816 Y69.25
G0 X97.694 Y68.451
G0 X97.79 Y68.586
G1 F6300 X79.936 Y73.37 E9712.02556
G0 F7200 X79.936 Y72.817
G1 F6300 X84.689 Y55.079 E9713.6783
G0 F7200 X84.689 Y55.252
G0 X93.264 Y55.252
G0 X93.264 Y55.08
G1 F6300 X120.823 Y82.639 E9717.18599
G0 F7200 X120.889 Y82.485
G0 X119.399 Y81.337
G0 X119.285 Y81.461
G1 F6300 X125.875 Y79.696 E9717.79999
G0 F7200 X125.711 Y79.677
G0 X125.212 Y77.264
G0 X125.356 Y77.174
G1 F6300 X124.059 Y82.016 E9718.25113
G0 F7200 X123.94 Y81.897
G0 X115.865 Y78.123
G0 X115.752 Y78.246
G1 F6300 X118.017 Y69.791 E9719.03891
G0 F7200 X117.896 Y69.912
G0 X120.02 Y72.036
G0 X120.142 Y71.915
G1 F6300 X111.372 Y74.264 E9719.85604
G0 F7200 X111.486 Y74.14
G0 X108.374 Y71.31
G0 X108.259 Y71.434
G1 F6300 X110.668 Y62.444 E9720.69368
G0 F7200 X110.548 Y62.564
G0 X112.671 Y64.687
G0 X112.793 Y64.566
G1 F6300 X100.823 Y67.774 E9721.809
G0 F7200 X99.91 Y67.822
G1 F6300 X103.254 Y55.341 E9722.97191
G0 F7200 X103.181 Y55.493
G0 X105.323 Y57.339
G0 X105.444 Y57.218
G1 F6300 X79.937 Y64.052 E9725.34851
G0 F7200 X80.109 Y64.052
G0 X80.109 Y67.208
G0 X79.936 Y67.208
G1 F6300 X95.107 Y82.379 E9727.27946
G0 F7200 X94.934 Y82.379
G0 X94.934 Y78.622
G0 X95.108 Y78.622
G1 F6300 X79.937 Y82.687 E9728.69301
G0 F7200 X80.109 Y82.687
G0 X80.109 Y79.936
G0 X79.936 Y79.936
G1 F6300 X87.104 Y87.104 E9729.60535
G0 F7200 X87.104 Y90.084
G1 F6300 X79.936 Y92.005 E9730.27324
G0 F7200 X79.936 Y92.664
G1 F6300 X92.222 Y104.949 E9731.83693
G0 F7200 X89.961 Y104.953
G1 F6300 X92.538 Y95.333 E9732.73325
G0 F7200 X94.934 Y97.259
G0 X95.103 Y97.259
G1 F6300 X79.937 Y101.322 E9734.14633
G0 F7200 X80.109 Y101.322
G0 X80.109 Y105.391
G0 X79.936 Y105.391
G1 F6300 X87.104 Y112.56 E9735.05873
G0 F7200 X87.103 Y115.616
G1 F6300 X85.118 Y123.026 E9735.74914
G0 F7200 X85.23 Y122.901
G0 X82.696 Y120.642
G0 X82.584 Y120.767
G1 F6300 X80.29 Y118.474 E9736.04105
G0 F7200 X80.447 Y118.405
G0 X81.386 Y119.474
G0 X81.272 Y119.6
G1 F6300 X95.578 Y115.766 E9737.37403
G0 F7200 X96.38 Y115.767
G1 F6300 X92.639 Y129.73 E9738.67502
G0 F7200 X92.751 Y129.606
G0 X89.422 Y126.638
G0 X89.309 Y126.764
G1 F6300 X105.168 Y122.514 E9740.1527
G0 F7200 X105.048 Y122.633
G0 X104.04 Y121.63
G0 X104.159 Y121.511
G1 F6300 X100.16 Y136.435 E9741.54324
G0 F7200 X100.272 Y136.311
G0 X97.458 Y133.802
G0 X97.345 Y133.928
G1 F6300 X112.547 Y129.854 E9742.9597
G0 F7200 X112.426 Y129.974
G0 X111.396 Y128.948
G0 X111.515 Y128.83
G1 F6300 X107.681 Y143.14 E9744.29302
G0 F7200 X107.793 Y143.016
G0 X105.495 Y140.967
G0 X105.382 Y141.092
G1 F6300 X119.925 Y137.195 E9745.64807
G0 F7200 X119.805 Y137.315
G0 X118.752 Y136.267
G0 X118.872 Y136.148
G1 F6300 X115.202 Y149.844 E9746.9242
G0 F7200 X115.313 Y149.72
G0 X113.53 Y148.131
G0 X113.418 Y148.256
G1 F6300 X127.302 Y144.536 E9748.21783
G0 F7200 X127.182 Y144.655
G0 X126.108 Y143.587
G0 X126.228 Y143.468
G1 F6300 X122.723 Y156.549 E9749.43665
G0 F7200 X122.834 Y156.425
G0 X121.567 Y155.296
G0 X121.455 Y155.42
G1 F6300 X134.681 Y151.876 E9750.66899
G0 F7200 X134.56 Y151.996
G0 X133.464 Y150.906
G0 X133.584 Y150.787
G1 F6300 X130.244 Y163.253 E9751.8305
G0 F7200 X129.491 Y162.584
G1 F6300 X142.059 Y159.217 E9753.00151
G0 F7200 X141.938 Y159.337
G0 X140.821 Y158.225
G0 X140.941 Y158.105
G1 F6300 X138.522 Y167.133 E9753.84269
G0 F7200 X138.403 Y167.013
G0 X139.977 Y165.432
G0 X140.095 Y165.551
G1 F6300 X90.308 Y115.764 E9760.17954
G0 F7200 X87.104 Y108.719
G1 F6300 X79.936 Y110.64 E9760.84742
G0 F7200 X80.109 Y110.64
G0 X80.109 Y107.592
G0 X79.936 Y107.592
G1 F6300 X94.007 Y55.079 E9765.74032
G0 F7200 X94.007 Y54.24
;TYPE:WALL-OUTER
G1 F2880 X82.513 Y54.24 E9766.77478
G1 X81.567 Y54.45 E9766.86199
G1 X80.829 Y54.804 E9766.93566
G1 X80.178 Y55.322 E9767.01053
G1 X79.531 Y56.135 E9767.10404
G1 X79.096 Y57.389 E9767.2235
G1 X79.096 Y117.42 E9772.62629
G1 X79.279 Y118.27 E9772.70454
G1 X79.679 Y119.165 E9772.79277
G1 X80.336 Y119.89 E9772.88083
G1 X134.315 Y168.009 E9779.389
G1 X135.193 Y168.495 E9779.47932
G1 X136.024 Y168.717 E9779.55673
G1 X136.873 Y168.743 E9779.63318
G1 X137.724 Y168.565 E9779.71142
G1 X138.762 Y168.081 E9779.8145
G1 X143.012 Y163.807 E9780.35697
G1 X143.54 Y162.98 E9780.44527
G1 X143.805 Y162.213 E9780.51831
G1 X143.898 Y161.385 E9780.5933
G1 X143.801 Y160.561 E9780.66797
G1 X143.528 Y159.792 E9780.74141
G1 X143.028 Y158.997 E9780.82593
G1 X97.204 Y113.405 E9786.64363
G1 X96.714 Y112.821 E9786.71224
G1 X96.439 Y112.354 E9786.76102
G1 X95.845 Y111.496 E9786.85494
G1 X95.664 Y110.375 E9786.95713
G1 X95.777 Y109.152 E9787.06767
G1 X95.944 Y108.46 E9787.13174
G1 X95.944 Y91.811 E9788.63015
G1 X95.676 Y90.643 E9788.738
G1 X95.709 Y89.166 E9788.87096
G1 X95.944 Y88.025 E9788.97581
G1 X95.945 Y72.626 E9790.36172
G1 X96.393 Y71.266 E9790.49059
G1 X97.07 Y70.34 E9790.59383
G1 X97.658 Y69.724 E9790.67047
G1 X98.406 Y69.179 E9790.75376
G1 X99.233 Y68.818 E9790.83498
G1 X100.233 Y68.613 E9790.92685
G1 X102.52 Y68.611 E9791.13268
G1 X103.572 Y68.822 E9791.22924
G1 X104.376 Y69.182 E9791.30853
G1 X105.117 Y69.713 E9791.39057
G1 X119.49 Y82.782 E9793.13894
G1 X120.176 Y83.276 E9793.21502
G1 X120.927 Y83.594 E9793.28842
G1 X121.744 Y83.743 E9793.36317
G1 X122.398 Y83.728 E9793.42204
G1 X123.199 Y83.543 E9793.49603
G1 X124.203 Y83.059 E9793.59634
G1 X126.112 Y81.151 E9793.83925
G1 X126.691 Y79.955 E9793.95884
G1 X126.806 Y78.925 E9794.05212
G1 X126.713 Y78.1 E9794.12684
G1 X126.443 Y77.327 E9794.20053
G1 X125.943 Y76.529 E9794.28528
G1 X104.755 Y55.341 E9796.98208
G1 X104.083 Y54.804 E9797.0595
G1 X103.341 Y54.45 E9797.13349
G1 X102.395 Y54.24 E9797.2207
G1 X94.007 Y54.24 E9797.97562
G0 F7200 X93.707 Y54.24
G0 X94.007 Y54.84
;TYPE:WALL-INNER
G1 F4620 X82.579 Y54.84 E9799.00414
G1 X81.764 Y55.021 E9799.07928
G1 X81.149 Y55.316 E9799.14066
G1 X80.605 Y55.749 E9799.20324
G1 X80.064 Y56.429 E9799.28145
G1 X79.696 Y57.489 E9799.38243
G1 X79.696 Y117.356 E9804.77046
G1 X79.853 Y118.082 E9804.83731
G1 X80.188 Y118.833 E9804.91132
G1 X80.759 Y119.464 E9804.98791
G1 X134.664 Y167.517 E9811.48716
G1 X135.419 Y167.934 E9811.56478
G1 X136.112 Y168.119 E9811.62934
G1 X136.82 Y168.141 E9811.69309
G1 X137.533 Y167.992 E9811.75864
G1 X138.413 Y167.582 E9811.84602
G1 X142.541 Y163.43 E9812.37296
G1 X142.996 Y162.717 E9812.44908
G1 X143.216 Y162.08 E9812.50973
G1 X143.294 Y161.387 E9812.5725
G1 X143.213 Y160.698 E9812.63493
G1 X142.985 Y160.056 E9812.69625
G1 X142.556 Y159.374 E9812.76876
G1 X96.726 Y113.771 E9818.58754
G1 X96.224 Y113.167 E9818.65822
G1 X95.933 Y112.678 E9818.70944
G1 X95.277 Y111.722 E9818.81379
G1 X95.057 Y110.366 E9818.93742
G1 X95.189 Y109.034 E9819.05789
G1 X95.344 Y108.389 E9819.11759
G1 X95.344 Y91.88 E9820.6034
G1 X95.076 Y90.717 E9820.71082
G1 X95.113 Y89.098 E9820.85656
G1 X95.344 Y87.964 E9820.96072
G1 X95.349 Y72.534 E9822.34942
G1 X95.85 Y70.99 E9822.49551
G1 X96.574 Y69.999 E9822.60597
G1 X97.283 Y69.254 E9822.69853
G1 X98.105 Y68.654 E9822.79012
G1 X99.051 Y68.246 E9822.88284
G1 X100.173 Y68.016 E9822.98592
G1 X102.609 Y68.011 E9823.20516
G1 X103.756 Y68.25 E9823.31061
G1 X104.704 Y68.671 E9823.40396
G1 X105.47 Y69.227 E9823.48915
G1 X119.868 Y82.315 E9825.24033
G1 X120.472 Y82.75 E9825.30732
G1 X121.1 Y83.016 E9825.36871
G1 X121.792 Y83.142 E9825.43201
G1 X122.323 Y83.13 E9825.47981
G1 X122.999 Y82.973 E9825.54227
G1 X123.851 Y82.563 E9825.62737
G1 X125.616 Y80.798 E9825.85202
G1 X126.106 Y79.787 E9825.95313
G1 X126.202 Y78.925 E9826.03119
G1 X126.124 Y78.234 E9826.09377
G1 X125.899 Y77.589 E9826.15525
G1 X125.471 Y76.905 E9826.22787
G1 X104.355 Y55.789 E9828.9155
G1 X103.763 Y55.316 E9828.9837
G1 X103.144 Y55.021 E9829.04541
G1 X102.329 Y54.84 E9829.12055
G1 X94.007 Y54.84 E9829.86953
G10
G0 F7200 X94.007 Y55.252
G0 X94.748 Y84.11
;TYPE:SKIN
G11
G1 F2340 X94.365 Y84.54 E9829.91876
G1 X94.14 Y84.64 E9829.93982
G1 X87.224 Y84.64 E9830.53113
G1 X87.225 Y95.211 E9831.43495
G1 X94.148 Y95.212 E9832.02687
G1 X94.374 Y95.314 E9832.04807
G1 X94.738 Y95.73 E9832.09533
G1 X94.864 Y95.683 E9832.10683
G1 X94.864 Y91.931 E9832.42763
G1 X94.6 Y90.788 E9832.52793
G1 X94.632 Y89.023 E9832.67886
G1 X94.864 Y87.909 E9832.77615
G1 X94.864 Y84.153 E9833.09729
G1 X94.748 Y84.11 E9833.10786
G0 F7200 X87.524 Y85.575
G1 F2340 X88.16 Y84.94 E9833.18471
G0 F7200 X89.008 Y84.94
G1 F2340 X87.524 Y86.424 E9833.36414
G0 F7200 X87.524 Y87.273
G1 F2340 X89.857 Y84.94 E9833.64624
G0 F7200 X90.706 Y84.94
G1 F2340 X87.524 Y88.121 E9834.03093
G0 F7200 X87.524 Y88.97
G1 F2340 X91.554 Y84.94 E9834.51822
G0 F7200 X92.403 Y84.94
G1 F2340 X87.524 Y89.818 E9835.1081
G0 F7200 X87.525 Y90.666
G1 F2340 X93.251 Y84.94 E9835.80047
G0 F7200 X94.1 Y84.94
G1 F2340 X87.525 Y91.514 E9836.59542
G0 F7200 X87.525 Y92.363
G1 F2340 X94.564 Y85.324 E9837.44655
G0 F7200 X94.564 Y86.173
G1 F2340 X87.525 Y93.212 E9838.29767
G0 F7200 X87.525 Y94.06
G1 F2340 X94.564 Y87.022 E9839.14873
G0 F7200 X94.564 Y87.87
G1 F2340 X87.525 Y94.909 E9839.99985
G0 F7200 X88.37 Y94.912
G1 F2340 X94.344 Y88.938 E9840.7222
G0 F7200 X94.313 Y89.817
G1 F2340 X89.218 Y94.912 E9841.33826
G0 F7200 X90.067 Y94.912
G1 F2340 X94.297 Y90.682 E9841.84973
G0 F7200 X94.432 Y91.396
G1 F2340 X90.916 Y94.912 E9842.27487
G0 F7200 X91.764 Y94.912
G1 F2340 X94.564 Y92.113 E9842.61338
G0 F7200 X94.564 Y92.961
G1 F2340 X92.613 Y94.912 E9842.84928
G0 F7200 X93.461 Y94.912
G1 F2340 X94.564 Y93.81 E9842.98259
G0 F7200 X94.564 Y94.658
G1 F2340 X94.259 Y94.963 E9843.01947
G0 F7200 X94.737 Y104.547
G1 F2340 X94.375 Y104.965 E9843.06675
G1 X94.149 Y105.068 E9843.08798
G1 X87.224 Y105.072 E9843.68007
G1 X87.224 Y115.64 E9844.58363
G1 X96.916 Y115.644 E9845.4123
G1 X97.573 Y115.912 E9845.47297
G1 X97.818 Y115.54 E9845.51105
G1 X96.417 Y114.145 E9845.68009
G1 X95.845 Y113.461 E9845.75633
G1 X95.527 Y112.938 E9845.80866
G1 X94.814 Y111.89 E9845.91704
G1 X94.573 Y110.374 E9846.04828
G1 X94.72 Y108.929 E9846.17247
G1 X94.864 Y108.332 E9846.22497
G1 X94.864 Y104.595 E9846.54449
G1 X94.737 Y104.547 E9846.5561
G0 F7200 X87.524 Y105.94
G1 F2340 X88.093 Y105.371 E9846.6249
G0 F7200 X88.943 Y105.37
G1 F2340 X87.524 Y106.789 E9846.79648
G0 F7200 X87.524 Y107.637
G1 F2340 X89.791 Y105.37 E9847.07059
G0 F7200 X90.64 Y105.37
G1 F2340 X87.524 Y108.486 E9847.44736
G0 F7200 X87.524 Y109.334
G1 F2340 X91.489 Y105.37 E9847.92673
G0 F7200 X92.338 Y105.369
G1 F2340 X87.524 Y110.183 E9848.50882
G0 F7200 X87.524 Y111.031
G1 F2340 X93.187 Y105.368 E9849.19356
G0 F7200 X94.036 Y105.368
G1 F2340 X87.524 Y111.88 E9849.98096
G0 F7200 X87.524 Y112.728
G1 F2340 X94.564 Y105.688 E9850.8322
G0 F7200 X94.564 Y106.537
G1 F2340 X87.524 Y113.577 E9851.68345
G0 F7200 X87.524 Y114.425
G1 F2340 X94.564 Y107.385 E9852.53469
G0 F7200 X94.564 Y108.234
G1 F2340 X87.524 Y115.274 E9853.38593
G0 F7200 X88.306 Y115.341
G1 F2340 X94.382 Y109.265 E9854.12062
G0 F7200 X94.291 Y110.204
G1 F2340 X89.154 Y115.341 E9854.74176
G0 F7200 X90.002 Y115.342
G1 F2340 X94.365 Y110.979 E9855.26931
G0 F7200 X94.481 Y111.712
G1 F2340 X90.85 Y115.342 E9855.70829
G0 F7200 X91.698 Y115.343
G1 F2340 X94.734 Y112.307 E9856.07539
G0 F7200 X95.078 Y112.812
G1 F2340 X92.547 Y115.343 E9856.38143
G0 F7200 X93.395 Y115.343
G1 F2340 X95.413 Y113.325 E9856.62544
G0 F7200 X95.76 Y113.827
G1 F2340 X94.243 Y115.343 E9856.8088
G0 F7200 X95.091 Y115.344
G1 F2340 X96.147 Y114.288 E9856.93649
G0 F7200 X96.566 Y114.717
G1 F2340 X95.94 Y115.344 E9857.01224
G0 F7200 X96.788 Y115.344
G1 F2340 X96.992 Y115.14 E9857.03691
G0 F7200 X96.899 Y115.231
G10
;MESH:NONMESH
G0 F600 X96.899 Y115.231 Z7.3
G0 F7200 X94.951 Y111.87
G0 X81.216 Y55.788
G0 X81.11 Y55.654
;TIME_ELAPSED:2252.327439
;LAYER:46
;TYPE:FILL
;MESH:porte-manteau.stl
G11
G1 F6300 X95.93 Y70.475 E9858.92325
G0 F7200 X95.794 Y70.374
G0 X96.816 Y69.25
G0 X97.694 Y68.451
G0 X97.79 Y68.586
G1 F6300 X79.936 Y73.37 E9860.5868
G0 F7200 X79.936 Y72.817
G1 F6300 X84.689 Y55.079 E9862.23953
G0 F7200 X84.689 Y55.252
G0 X93.264 Y55.252
G0 X93.264 Y55.08
G1 F6300 X120.825 Y82.642 E9865.74754
G0 F7200 X120.892 Y82.486
G0 X119.399 Y81.337
G0 X119.285 Y81.461
G1 F6300 X125.875 Y79.696 E9866.36155
G0 F7200 X125.711 Y79.677
G0 X125.212 Y77.264
G0 X125.356 Y77.174
G1 F6300 X124.059 Y82.017 E9866.81278
G0 F7200 X123.94 Y81.897
G0 X115.865 Y78.123
G0 X115.751 Y78.247
G1 F6300 X118.017 Y69.791 E9867.60067
G0 F7200 X117.896 Y69.912
G0 X120.02 Y72.036
G0 X120.142 Y71.915
G1 F6300 X111.372 Y74.264 E9868.41779
G0 F7200 X111.486 Y74.14
G0 X108.374 Y71.31
G0 X108.259 Y71.434
G1 F6300 X110.668 Y62.444 E9869.25543
G0 F7200 X110.548 Y62.564
G0 X112.671 Y64.687
G0 X112.793 Y64.566
G1 F6300 X100.823 Y67.774 E9870.37075
G0 F7200 X99.91 Y67.822
G1 F6300 X103.254 Y55.341 E9871.53366
G0 F7200 X103.181 Y55.493
G0 X105.323 Y57.339
G0 X105.444 Y57.218
G1 F6300 X79.937 Y64.052 E9873.91026
G0 F7200 X80.109 Y64.052
G0 X80.109 Y67.208
G0 X79.936 Y67.208
G1 F6300 X95.11 Y82.382 E9875.84159
G0 F7200 X94.934 Y82.382
G0 X94.934 Y85.735
G0 X95.11 Y85.735
G1 F6300 X94.99 Y86.181 E9875.88316
G0 F7200 X94.934 Y86.181
G0 X94.934 Y87.939
G0 X95.109 Y87.939
G1 F6300 X94.99 Y87.971 E9875.89425
G0 F7200 X94.934 Y87.971
G0 X94.934 Y94.989
G0 X94.989 Y94.989
G1 F6300 X95.109 Y95.109 E9875.90953
G0 F7200 X94.934 Y95.109
G0 X94.934 Y97.257
G0 X95.109 Y97.257
G1 F6300 X79.937 Y101.322 E9877.32317
G0 F7200 X80.109 Y101.322
G0 X80.109 Y105.391
G0 X79.936 Y105.391
G1 F6300 X87.104 Y112.56 E9878.23557
G0 F7200 X87.148 Y115.45
G1 F6300 X85.118 Y123.026 E9878.94146
G0 F7200 X85.23 Y122.901
G0 X82.696 Y120.642
G0 X82.584 Y120.767
G1 F6300 X80.29 Y118.474 E9879.23338
G0 F7200 X80.447 Y118.405
G0 X81.386 Y119.474
G0 X81.272 Y119.6
G1 F6300 X96.597 Y115.493 E9880.6613
G1 X96.464 Y115.454
G1 X92.639 Y129.73 E9881.99145
G0 F7200 X92.751 Y129.606
G0 X89.422 Y126.638
G0 X89.309 Y126.764
G1 F6300 X105.167 Y122.514 E9883.46904
G0 F7200 X105.047 Y122.633
G0 X104.04 Y121.63
G0 X104.158 Y121.513
G1 F6300 X100.16 Y136.435 E9884.85939
G0 F7200 X100.272 Y136.311
G0 X97.458 Y133.802
G0 X97.345 Y133.928
G1 F6300 X112.545 Y129.855 E9886.27565
G0 F7200 X112.426 Y129.974
G0 X111.396 Y128.949
G0 X111.515 Y128.831
G1 F6300 X107.681 Y143.14 E9887.60889
G0 F7200 X107.793 Y143.016
G0 X105.495 Y140.967
G0 X105.382 Y141.092
G1 F6300 X119.923 Y137.195 E9888.96376
G0 F7200 X119.803 Y137.314
G0 X118.752 Y136.268
G0 X118.871 Y136.15
G1 F6300 X115.202 Y149.844 E9890.23969
G0 F7200 X115.313 Y149.72
G0 X113.53 Y148.131
G0 X113.418 Y148.256
G1 F6300 X127.301 Y144.536 E9891.53324
G0 F7200 X127.181 Y144.655
G0 X126.109 Y143.587
G0 X126.228 Y143.469
G1 F6300 X122.723 Y156.549 E9892.75197
G0 F7200 X122.834 Y156.425
G0 X121.567 Y155.296
G0 X121.455 Y155.42
G1 F6300 X134.68 Y151.876 E9893.98422
G0 F7200 X134.56 Y151.996
G0 X133.465 Y150.906
G0 X133.584 Y150.788
G1 F6300 X130.244 Y163.253 E9895.14564
G0 F7200 X129.491 Y162.584
G1 F6300 X142.058 Y159.217 E9896.31656
G0 F7200 X141.938 Y159.336
G0 X140.821 Y158.225
G0 X140.94 Y158.106
G1 F6300 X138.522 Y167.133 E9897.15763
G0 F7200 X138.403 Y167.013
G0 X139.977 Y165.432
G0 X140.095 Y165.551
G1 F6300 X89.996 Y115.452 E9903.5342
G0 F7200 X87.104 Y108.719
G1 F6300 X79.936 Y110.64 E9904.20208
G0 F7200 X80.109 Y110.64
G0 X80.109 Y107.592
G0 X79.936 Y107.592
G1 F6300 X94.007 Y55.079 E9909.09498
G10
G0 F7200 X94.007 Y55.252
G0 X94.934 Y78.622
G0 X95.11 Y78.622
G11
G1 F6300 X79.937 Y82.687 E9910.50871
G0 F7200 X80.109 Y82.687
G0 X80.109 Y79.936
G0 X79.936 Y79.936
G1 F6300 X87.104 Y87.104 E9911.42104
G0 F7200 X87.104 Y90.084
G1 F6300 X79.936 Y92.005 E9912.08893
G0 F7200 X79.936 Y92.664
G1 F6300 X92.536 Y105.263 E9913.69258
G0 F7200 X89.876 Y105.268
G1 F6300 X92.622 Y95.02 E9914.64744
G0 F7200 X95.534 Y95.02
G0 X95.945 Y95.02
;TYPE:WALL-OUTER
G1 F2880 X95.945 Y72.626 E9916.6629
G1 X96.393 Y71.266 E9916.79177
G1 X97.07 Y70.34 E9916.89501
G1 X97.658 Y69.724 E9916.97165
G1 X98.406 Y69.179 E9917.05494
G1 X99.233 Y68.818 E9917.13616
G1 X100.233 Y68.613 E9917.22803
G1 X102.52 Y68.611 E9917.43386
G1 X103.572 Y68.822 E9917.53042
G1 X104.376 Y69.182 E9917.60971
G1 X105.117 Y69.713 E9917.69175
G1 X119.91 Y83.164 E9919.49122
G1 X121.098 Y83.673 E9919.60754
G1 X122.218 Y83.769 E9919.70871
G1 X123.207 Y83.543 E9919.80001
G1 X124.203 Y83.06 E9919.89964
G1 X126.112 Y81.151 E9920.14261
G1 X126.691 Y79.955 E9920.2622
G1 X126.806 Y78.925 E9920.35548
G1 X126.713 Y78.1 E9920.4302
G1 X126.443 Y77.327 E9920.50389
G1 X125.943 Y76.529 E9920.58864
G1 X104.755 Y55.341 E9923.28543
G1 X104.083 Y54.804 E9923.36285
G1 X103.341 Y54.45 E9923.43684
G1 X102.395 Y54.24 E9923.52406
G1 X82.513 Y54.24 E9925.31344
G1 X81.567 Y54.45 E9925.40065
G1 X80.829 Y54.804 E9925.47432
G1 X80.178 Y55.322 E9925.54919
G1 X79.531 Y56.135 E9925.6427
G1 X79.096 Y57.389 E9925.76216
G1 X79.096 Y117.42 E9931.16495
G1 X79.279 Y118.27 E9931.2432
G1 X79.679 Y119.165 E9931.33143
G1 X80.336 Y119.89 E9931.41949
G1 X134.315 Y168.009 E9937.92766
G1 X135.193 Y168.495 E9938.01798
G1 X136.024 Y168.717 E9938.09539
G1 X136.873 Y168.743 E9938.17183
G1 X137.724 Y168.565 E9938.25008
G1 X138.762 Y168.081 E9938.35316
G1 X143.012 Y163.807 E9938.89563
G1 X143.54 Y162.98 E9938.98393
G1 X143.805 Y162.213 E9939.05697
G1 X143.898 Y161.385 E9939.13195
G1 X143.801 Y160.561 E9939.20663
G1 X143.528 Y159.792 E9939.28007
G1 X143.032 Y159.001 E9939.3641
G1 X96.996 Y113.199 E9945.20865
G1 X96.493 Y112.466 E9945.28866
G1 X96.147 Y111.676 E9945.36628
G1 X95.945 Y110.666 E9945.45898
G1 X95.945 Y95.02 E9946.86712
G0 F7200 X95.945 Y94.72
G0 X95.348 Y95.021
;TYPE:WALL-INNER
G1 F4620 X95.349 Y72.534 E9948.89095
G1 X95.85 Y70.99 E9949.03704
G1 X96.574 Y69.999 E9949.1475
G1 X97.283 Y69.254 E9949.24006
G1 X98.105 Y68.654 E9949.33165
G1 X99.051 Y68.246 E9949.42437
G1 X100.173 Y68.016 E9949.52745
G1 X102.609 Y68.011 E9949.74669
G1 X103.756 Y68.25 E9949.85214
G1 X104.704 Y68.671 E9949.94549
G1 X105.47 Y69.227 E9950.03068
G1 X120.239 Y82.652 E9951.82697
G1 X121.245 Y83.083 E9951.92547
G1 X122.176 Y83.163 E9952.00957
G1 X123.007 Y82.973 E9952.08629
G1 X123.85 Y82.564 E9952.17062
G1 X125.616 Y80.798 E9952.39539
G1 X126.106 Y79.787 E9952.49651
G1 X126.202 Y78.925 E9952.57457
G1 X126.124 Y78.234 E9952.63715
G1 X125.899 Y77.589 E9952.69863
G1 X125.471 Y76.905 E9952.77125
G1 X104.355 Y55.789 E9955.45888
G1 X103.763 Y55.316 E9955.52708
G1 X103.144 Y55.021 E9955.58879
G1 X102.329 Y54.84 E9955.66393
G1 X82.579 Y54.84 E9957.44143
G1 X81.764 Y55.021 E9957.51656
G1 X81.149 Y55.316 E9957.57795
G1 X80.605 Y55.749 E9957.64053
G1 X80.064 Y56.429 E9957.71873
G1 X79.696 Y57.489 E9957.81972
G1 X79.696 Y117.356 E9963.20775
G1 X79.853 Y118.082 E9963.2746
G1 X80.188 Y118.833 E9963.34861
G1 X80.759 Y119.464 E9963.4252
G1 X134.664 Y167.517 E9969.92445
G1 X135.419 Y167.934 E9970.00207
G1 X136.112 Y168.119 E9970.06663
G1 X136.82 Y168.141 E9970.13038
G1 X137.533 Y167.992 E9970.19593
G1 X138.413 Y167.582 E9970.28331
G1 X142.541 Y163.43 E9970.81025
G1 X142.996 Y162.717 E9970.88637
G1 X143.216 Y162.08 E9970.94702
G1 X143.294 Y161.387 E9971.00979
G1 X143.213 Y160.698 E9971.07222
G1 X142.985 Y160.055 E9971.13362
G1 X142.56 Y159.378 E9971.20556
G1 X96.542 Y113.591 E9977.04802
G1 X95.982 Y112.785 E9977.13635
G1 X95.571 Y111.859 E9977.22753
G1 X95.348 Y110.726 E9977.33145
G1 X95.348 Y95.021 E9978.7449
G0 F7200 X94.868 Y95.021
;TYPE:SKIN
G1 F2340 X94.868 Y84.448 E9979.64889
G1 X94.728 Y84.398 E9979.66161
G1 X94.346 Y84.85 E9979.7122
G1 X94.116 Y84.956 E9979.73386
G1 X87.224 Y84.956 E9980.32312
G1 X87.224 Y94.9 E9981.17334
G1 X94.12 Y94.9 E9981.76294
G1 X94.353 Y95.01 E9981.78497
G1 X94.708 Y95.447 E9981.83311
G1 X94.868 Y95.391 E9981.84761
G1 X94.868 Y95.021 E9981.87924
G0 F7200 X87.811 Y94.6
G1 F2340 X87.524 Y94.312 E9981.914
G0 F7200 X87.524 Y93.464
G1 F2340 X88.66 Y94.6 E9982.05136
G0 F7200 X89.508 Y94.6
G1 F2340 X87.524 Y92.615 E9982.29132
G0 F7200 X87.524 Y91.767
G1 F2340 X90.357 Y94.6 E9982.63387
G0 F7200 X91.205 Y94.6
G1 F2340 X87.524 Y90.918 E9983.07902
G0 F7200 X87.524 Y90.07
G1 F2340 X92.054 Y94.6 E9983.62677
G0 F7200 X92.903 Y94.6
G1 F2340 X87.524 Y89.221 E9984.27717
G0 F7200 X87.524 Y88.373
G1 F2340 X93.751 Y94.6 E9985.03011
G0 F7200 X94.568 Y94.568
G1 F2340 X87.524 Y87.524 E9985.88184
G0 F7200 X87.524 Y86.676
G1 F2340 X94.568 Y93.72 E9986.73356
G0 F7200 X94.568 Y92.871
G1 F2340 X87.524 Y85.827 E9987.58529
G0 F7200 X87.801 Y85.256
G1 F2340 X94.568 Y92.023 E9988.40353
G0 F7200 X94.568 Y91.174
G1 F2340 X88.65 Y85.256 E9989.1191
G0 F7200 X89.499 Y85.256
G1 F2340 X94.568 Y90.326 E9989.73208
G0 F7200 X94.568 Y89.477
G1 F2340 X90.347 Y85.256 E9990.24247
G0 F7200 X91.196 Y85.256
G1 F2340 X94.568 Y88.629 E9990.65025
G0 F7200 X94.568 Y87.78
G1 F2340 X92.044 Y85.256 E9990.95544
G0 F7200 X92.893 Y85.256
G1 F2340 X94.568 Y86.932 E9991.15804
G0 F7200 X94.568 Y86.083
G1 F2340 X93.741 Y85.256 E9991.25803
G0 F7200 X94.44 Y85.106
G1 F2340 X94.568 Y85.235 E9991.27357
G10
G0 F7200 X94.712 Y104.834
G11
G1 F2340 X94.352 Y105.271 E9991.32198
G1 X94.121 Y105.38 E9991.34382
G1 X87.224 Y105.388 E9991.93351
G1 X87.224 Y115.328 E9992.78338
G1 X96.526 Y115.332 E9993.5787
G1 X97.298 Y115.652 E9993.65015
G1 X97.55 Y115.276 E9993.68886
G1 X96.156 Y113.882 E9993.85741
G1 X95.554 Y112.995 E9993.94907
G1 X95.107 Y111.998 E9994.04249
G1 X94.872 Y110.796 E9994.1472
G1 X94.868 Y104.889 E9994.65225
G1 X94.712 Y104.834 E9994.66639
G0 F7200 X94.481 Y105.512
G1 F2340 X94.568 Y105.599 E9994.67691
G0 F7200 X93.801 Y105.681
G1 F2340 X94.568 Y106.448 E9994.76966
G0 F7200 X94.568 Y107.296
G1 F2340 X92.954 Y105.682 E9994.96481
G0 F7200 X92.106 Y105.683
G1 F2340 X94.568 Y108.145 E9995.26251
G0 F7200 X94.568 Y108.993
G1 F2340 X91.259 Y105.684 E9995.66261
G0 F7200 X90.411 Y105.685
G1 F2340 X94.568 Y109.842 E9996.16526
G0 F7200 X94.568 Y110.69
G1 F2340 X89.564 Y105.686 E9996.77032
G0 F7200 X88.716 Y105.687
G1 F2340 X94.746 Y111.717 E9997.49944
G1 X94.852 Y111.823
G0 F7200 X95.265 Y113.084
G1 F2340 X87.869 Y105.688 E9998.39373
G0 F7200 X87.524 Y106.192
G1 F2340 X96.365 Y115.032 E9999.46268
G0 F7200 X95.515 Y115.031
G1 F2340 X87.524 Y107.04 E10000.42891
G0 F7200 X87.524 Y107.889
G92 E0
G1 F2340 X94.667 Y115.031 E0.86364
G0 F7200 X93.818 Y115.031
G1 F2340 X87.524 Y108.737 E1.62468
G0 F7200 X87.524 Y109.586
G1 F2340 X92.968 Y115.03 E2.28294
G0 F7200 X92.12 Y115.03
G1 F2340 X87.524 Y110.435 E2.83861
G0 F7200 X87.524 Y111.283
G1 F2340 X91.271 Y115.029 E3.29162
G0 F7200 X90.422 Y115.029
G1 F2340 X87.524 Y112.132 E3.64197
G0 F7200 X87.524 Y112.98
G1 F2340 X89.573 Y115.029 E3.88972
G0 F7200 X88.724 Y115.028
G1 F2340 X87.524 Y113.829 E4.03476
G0 F7200 X87.524 Y114.677
G1 F2340 X87.875 Y115.028 E4.0772
G10
;MESH:NONMESH
G0 F600 X87.875 Y115.028 Z7.45
G0 F7200 X81.216 Y55.788
G0 X81.11 Y55.654
;TIME_ELAPSED:2319.987459
;LAYER:47
;TYPE:FILL
;MESH:porte-manteau.stl
G11
G1 F6300 X95.93 Y70.475 E5.96354
G0 F7200 X95.794 Y70.374
G0 X96.816 Y69.25
G0 X97.694 Y68.451
G0 X97.79 Y68.586
G1 F6300 X79.936 Y73.37 E7.62709
G0 F7200 X79.936 Y72.817
G1 F6300 X84.689 Y55.079 E9.27983
G0 F7200 X84.689 Y55.252
G0 X93.264 Y55.252
G0 X93.264 Y55.08
G1 F6300 X120.827 Y82.643 E12.78802
G0 F7200 X120.894 Y82.489
G0 X119.399 Y81.337
G0 X119.285 Y81.461
G1 F6300 X125.875 Y79.696 E13.40203
G0 F7200 X125.711 Y79.677
G0 X125.212 Y77.264
G0 X125.356 Y77.174
G1 F6300 X124.059 Y82.015 E13.85308
G0 F7200 X123.941 Y81.896
G0 X115.865 Y78.123
G0 X115.751 Y78.247
G1 F6300 X118.017 Y69.791 E14.64098
G0 F7200 X117.896 Y69.912
G0 X120.02 Y72.036
G0 X120.142 Y71.915
G1 F6300 X111.372 Y74.264 E15.4581
G0 F7200 X111.486 Y74.141
G0 X108.373 Y71.31
G0 X108.259 Y71.434
G1 F6300 X110.668 Y62.444 E16.29574
G0 F7200 X110.548 Y62.564
G0 X112.671 Y64.687
G0 X112.793 Y64.566
G1 F6300 X100.823 Y67.774 E17.41106
G0 F7200 X99.91 Y67.822
G1 F6300 X103.254 Y55.341 E18.57397
G0 F7200 X103.181 Y55.493
G0 X105.323 Y57.339
G0 X105.444 Y57.218
G1 F6300 X79.937 Y64.052 E20.95057
G0 F7200 X80.109 Y64.052
G0 X80.109 Y67.208
G0 X79.936 Y67.208
G1 F6300 X95.106 Y82.378 E22.88139
G0 F7200 X94.934 Y82.378
G0 X94.934 Y78.623
G0 X95.105 Y78.623
G1 F6300 X79.937 Y82.687 E24.29466
G0 F7200 X80.109 Y82.687
G0 X80.109 Y79.936
G0 X79.936 Y79.936
G1 F6300 X87.104 Y87.104 E25.207
G0 F7200 X87.104 Y90.084
G1 F6300 X79.936 Y92.005 E25.87489
G0 F7200 X79.936 Y92.664
G1 F6300 X92.934 Y105.662 E27.52926
G0 F7200 X89.769 Y105.667
G1 F6300 X92.728 Y94.623 E28.55828
G0 F7200 X94.934 Y97.257
G0 X95.108 Y97.257
G1 F6300 X79.937 Y101.322 E29.97183
G0 F7200 X80.109 Y101.322
G0 X80.109 Y105.391
G0 X79.936 Y105.391
G1 F6300 X87.104 Y112.56 E30.88424
G0 F7200 X87.254 Y115.052
G1 F6300 X85.118 Y123.026 E31.6272
G0 F7200 X85.23 Y122.901
G0 X82.696 Y120.642
G0 X82.584 Y120.767
G1 F6300 X80.29 Y118.474 E31.91911
G0 F7200 X80.447 Y118.405
G0 X81.386 Y119.474
G0 X81.272 Y119.6
G1 F6300 X96.848 Y115.426 E33.37041
G1 X97.076 Y115.365
G1 X97.786 Y115.175 E33.43656
G0 F7200 X97.669 Y115.291
G0 X96.511 Y115.278
G1 F6300 X92.639 Y129.73 E34.78312
G0 F7200 X92.751 Y129.606
G0 X89.422 Y126.638
G0 X89.309 Y126.764
G1 F6300 X105.165 Y122.515 E36.26051
G0 F7200 X105.047 Y122.632
G0 X104.041 Y121.631
G0 X104.158 Y121.515
G1 F6300 X100.16 Y136.435 E37.65068
G0 F7200 X100.272 Y136.311
G0 X97.458 Y133.802
G0 X97.345 Y133.928
G1 F6300 X112.544 Y129.855 E39.06685
G0 F7200 X112.425 Y129.973
G0 X111.397 Y128.95
G0 X111.514 Y128.833
G1 F6300 X107.681 Y143.14 E40.39989
G0 F7200 X107.793 Y143.016
G0 X105.495 Y140.967
G0 X105.382 Y141.092
G1 F6300 X119.922 Y137.196 E41.75466
G0 F7200 X119.803 Y137.314
G0 X118.753 Y136.269
G0 X118.871 Y136.151
G1 F6300 X115.202 Y149.844 E43.0305
G0 F7200 X115.313 Y149.72
G0 X113.53 Y148.131
G0 X113.418 Y148.256
G1 F6300 X127.3 Y144.536 E44.32396
G0 F7200 X127.181 Y144.654
G0 X126.109 Y143.587
G0 X126.227 Y143.47
G1 F6300 X122.723 Y156.549 E45.54258
G0 F7200 X122.834 Y156.425
G0 X121.567 Y155.296
G0 X121.455 Y155.42
G1 F6300 X134.68 Y151.876 E46.77483
G0 F7200 X134.56 Y151.996
G0 X133.465 Y150.906
G0 X133.584 Y150.788
G1 F6300 X130.244 Y163.253 E47.93625
G0 F7200 X129.491 Y162.584
G1 F6300 X142.058 Y159.217 E49.10717
G0 F7200 X141.938 Y159.336
G0 X140.821 Y158.225
G0 X140.94 Y158.106
G1 F6300 X138.522 Y167.133 E49.94825
G0 F7200 X138.403 Y167.013
G0 X139.977 Y165.432
G0 X140.095 Y165.551
G1 F6300 X89.599 Y115.055 E56.37534
G0 F7200 X87.104 Y108.719
G1 F6300 X79.936 Y110.64 E57.04322
G0 F7200 X80.109 Y110.64
G0 X80.109 Y107.592
G0 X79.936 Y107.592
G1 F6300 X94.007 Y55.079 E61.93612
G0 F7200 X94.007 Y54.24
;TYPE:WALL-OUTER
G1 F2880 X82.513 Y54.24 E62.97058
G1 X81.567 Y54.45 E63.05779
G1 X80.829 Y54.804 E63.13146
G1 X80.178 Y55.322 E63.20633
G1 X79.531 Y56.135 E63.29984
G1 X79.096 Y57.389 E63.4193
G1 X79.096 Y117.42 E68.82209
G1 X79.279 Y118.27 E68.90034
G1 X79.679 Y119.165 E68.98857
G1 X80.336 Y119.89 E69.07663
G1 X134.315 Y168.009 E75.5848
G1 X135.193 Y168.495 E75.67512
G1 X136.024 Y168.717 E75.75253
G1 X136.873 Y168.743 E75.82898
G1 X137.724 Y168.565 E75.90722
G1 X138.762 Y168.081 E76.0103
G1 X143.012 Y163.807 E76.55277
G1 X143.54 Y162.98 E76.64107
G1 X143.805 Y162.213 E76.71411
G1 X143.898 Y161.385 E76.78909
G1 X143.801 Y160.561 E76.86377
G1 X143.528 Y159.792 E76.93721
G1 X143.032 Y159.001 E77.02124
G1 X96.992 Y113.195 E82.8663
G1 X96.393 Y112.33 E82.96099
G1 X95.945 Y110.979 E83.08909
G1 X95.945 Y72.626 E86.54086
G1 X96.393 Y71.266 E86.66973
G1 X97.07 Y70.34 E86.77297
G1 X97.658 Y69.724 E86.84961
G1 X98.406 Y69.179 E86.93291
G1 X99.233 Y68.818 E87.01412
G1 X100.233 Y68.613 E87.10599
G1 X102.52 Y68.611 E87.31182
G1 X103.572 Y68.822 E87.40839
G1 X104.376 Y69.182 E87.48767
G1 X105.117 Y69.713 E87.56972
G1 X119.909 Y83.164 E89.36911
G1 X120.912 Y83.594 E89.46733
G1 X121.728 Y83.743 E89.54198
G1 X122.413 Y83.724 E89.60366
G1 X123.211 Y83.539 E89.67738
G1 X124.207 Y83.056 E89.77701
G1 X126.112 Y81.151 E90.01947
G1 X126.691 Y79.955 E90.13906
G1 X126.806 Y78.925 E90.23234
G1 X126.713 Y78.1 E90.30706
G1 X126.443 Y77.327 E90.38075
G1 X125.943 Y76.529 E90.46551
G1 X104.755 Y55.341 E93.1623
G1 X104.083 Y54.804 E93.23972
G1 X103.341 Y54.45 E93.31371
G1 X102.395 Y54.24 E93.40092
G1 X94.007 Y54.24 E94.15584
G0 F7200 X93.707 Y54.24
G0 X94.007 Y54.84
;TYPE:WALL-INNER
G1 F4620 X82.579 Y54.84 E95.18436
G1 X81.764 Y55.021 E95.2595
G1 X81.149 Y55.316 E95.32089
G1 X80.605 Y55.749 E95.38346
G1 X80.064 Y56.429 E95.46167
G1 X79.696 Y57.489 E95.56265
G1 X79.696 Y117.356 E100.95068
G1 X79.853 Y118.082 E101.01753
G1 X80.188 Y118.833 E101.09154
G1 X80.759 Y119.464 E101.16813
G1 X134.664 Y167.517 E107.66738
G1 X135.419 Y167.934 E107.745
G1 X136.112 Y168.119 E107.80956
G1 X136.82 Y168.141 E107.87331
G1 X137.533 Y167.992 E107.93887
G1 X138.413 Y167.582 E108.02624
G1 X142.541 Y163.43 E108.55318
G1 X142.996 Y162.717 E108.6293
G1 X143.216 Y162.08 E108.68995
G1 X143.294 Y161.387 E108.75272
G1 X143.213 Y160.698 E108.81515
G1 X142.985 Y160.055 E108.87655
G1 X142.56 Y159.378 E108.9485
G1 X96.537 Y113.586 E114.79159
G1 X95.836 Y112.575 E114.90231
G1 X95.344 Y111.07 E115.04481
G1 X95.349 Y72.534 E118.51305
G1 X95.85 Y70.99 E118.65914
G1 X96.574 Y69.999 E118.7696
G1 X97.283 Y69.254 E118.86216
G1 X98.105 Y68.654 E118.95375
G1 X99.051 Y68.246 E119.04647
G1 X100.173 Y68.016 E119.14955
G1 X102.609 Y68.011 E119.36879
G1 X103.756 Y68.25 E119.47424
G1 X104.704 Y68.671 E119.5676
G1 X105.47 Y69.227 E119.65278
G1 X120.238 Y82.652 E121.44901
G1 X121.086 Y83.016 E121.53206
G1 X121.774 Y83.142 E121.59501
G1 X122.336 Y83.126 E121.64561
G1 X123.009 Y82.97 E121.70779
G1 X123.854 Y82.56 E121.79232
G1 X125.616 Y80.798 E122.01658
G1 X126.106 Y79.787 E122.1177
G1 X126.202 Y78.925 E122.19576
G1 X126.124 Y78.234 E122.25834
G1 X125.899 Y77.589 E122.31982
G1 X125.471 Y76.905 E122.39244
G1 X104.355 Y55.789 E125.08007
G1 X103.763 Y55.316 E125.14827
G1 X103.144 Y55.021 E125.20998
G1 X102.329 Y54.84 E125.28512
G1 X94.007 Y54.84 E126.0341
G10
G0 F7200 X94.007 Y55.252
G0 X94.686 Y84.757
;TYPE:SKIN
G11
G1 F2340 X94.313 Y85.236 E126.08601
G1 X94.076 Y85.352 E126.10857
G1 X87.224 Y85.352 E126.69441
G1 X87.224 Y94.5 E127.47657
G1 X94.089 Y94.504 E128.06352
G1 X94.329 Y94.625 E128.0865
G1 X94.668 Y95.082 E128.13515
G1 X94.868 Y95.016 E128.15316
G1 X94.864 Y84.819 E129.025
G1 X94.686 Y84.757 E129.04112
G0 F7200 X87.524 Y86.424
G1 F2340 X88.296 Y85.652 E129.13447
G0 F7200 X89.145 Y85.652
G1 F2340 X87.524 Y87.273 E129.33047
G0 F7200 X87.524 Y88.121
G1 F2340 X89.993 Y85.652 E129.62901
G0 F7200 X90.842 Y85.652
G1 F2340 X87.524 Y88.97 E130.03021
G0 F7200 X87.524 Y89.818
G1 F2340 X91.691 Y85.652 E130.534
G0 F7200 X92.539 Y85.652
G1 F2340 X87.524 Y90.667 E131.14039
G0 F7200 X87.524 Y91.515
G1 F2340 X93.388 Y85.652 E131.84938
G0 F7200 X94.407 Y85.481
G1 F2340 X87.524 Y92.364 E132.68164
G0 F7200 X87.524 Y93.212
G1 F2340 X94.565 Y86.172 E133.53294
G0 F7200 X94.565 Y87.02
G1 F2340 X87.524 Y94.061 E134.38431
G0 F7200 X88.233 Y94.201
G1 F2340 X94.566 Y87.868 E135.15006
G0 F7200 X94.566 Y88.716
G1 F2340 X89.081 Y94.201 E135.81328
G0 F7200 X89.929 Y94.201
G1 F2340 X94.566 Y89.564 E136.37397
G0 F7200 X94.567 Y90.412
G1 F2340 X90.777 Y94.202 E136.83223
G0 F7200 X91.625 Y94.203
G1 F2340 X94.567 Y91.261 E137.18797
G0 F7200 X94.568 Y92.108
G1 F2340 X92.473 Y94.203 E137.44128
G0 F7200 X93.321 Y94.204
G1 F2340 X94.568 Y92.956 E137.59213
G0 F7200 X94.568 Y93.805
G1 F2340 X94.142 Y94.231 E137.64364
G0 F7200 X94.678 Y105.193
G1 F2340 X94.324 Y105.662 E137.69388
G1 X94.085 Y105.78 E137.71667
G1 X87.224 Y105.788 E138.30328
G1 X87.224 Y114.932 E139.08509
G1 X96.036 Y114.936 E139.83852
G1 X96.948 Y115.337 E139.9237
G1 X97.215 Y114.945 E139.96425
G1 X96.153 Y113.879 E140.09291
G1 X95.396 Y112.782 E140.20686
G1 X94.868 Y111.145 E140.35393
G1 X94.868 Y105.257 E140.85735
G1 X94.678 Y105.193 E140.87449
G0 F7200 X87.524 Y106.789
G1 F2340 X88.226 Y106.087 E140.95938
G0 F7200 X89.076 Y106.086
G1 F2340 X87.524 Y107.637 E141.14698
G0 F7200 X87.524 Y108.486
G1 F2340 X89.926 Y106.084 E141.43742
G0 F7200 X90.775 Y106.084
G1 F2340 X87.524 Y109.334 E141.83045
G0 F7200 X87.524 Y110.183
G1 F2340 X91.625 Y106.082 E142.32632
G0 F7200 X92.475 Y106.081
G1 F2340 X87.524 Y111.031 E142.92491
G0 F7200 X87.524 Y111.88
G1 F2340 X93.324 Y106.08 E143.62622
G0 F7200 X94.257 Y105.995
G1 F2340 X87.524 Y112.728 E144.44035
G0 F7200 X87.524 Y113.577
G1 F2340 X94.566 Y106.536 E145.29177
G0 F7200 X94.566 Y107.384
G1 F2340 X87.524 Y114.425 E146.1432
G0 F7200 X88.166 Y114.633
G1 F2340 X94.566 Y108.232 E146.91711
G0 F7200 X94.566 Y109.08
G1 F2340 X89.013 Y114.633 E147.58856
G0 F7200 X89.862 Y114.633
G1 F2340 X94.567 Y109.928 E148.15746
G0 F7200 X94.567 Y110.777
G1 F2340 X90.71 Y114.634 E148.62383
G0 F7200 X91.558 Y114.635
G1 F2340 X94.672 Y111.52 E149.00042
G0 F7200 X94.88 Y112.161
G1 F2340 X92.406 Y114.635 E149.29957
G0 F7200 X93.254 Y114.635
G1 F2340 X95.086 Y112.803 E149.52108
G0 F7200 X95.409 Y113.329
G1 F2340 X94.102 Y114.635 E149.67906
G0 F7200 X94.95 Y114.636
G1 F2340 X95.755 Y113.831 E149.7764
G0 F7200 X96.14 Y114.295
G1 F2340 X95.799 Y114.636 E149.81763
G0 F7200 X96.464 Y114.819
G1 F2340 X96.565 Y114.719 E149.82978
G0 F7200 X96.473 Y114.808
G10
;MESH:NONMESH
G0 F600 X96.473 Y114.808 Z7.6
G0 F7200 X95.53 Y112.751
G0 X95.097 Y111.438
G0 X81.216 Y55.788
G0 X81.11 Y55.654
;TIME_ELAPSED:2352.039817
;LAYER:48
;TYPE:FILL
;MESH:porte-manteau.stl
G11
G1 F6300 X95.93 Y70.475 E151.71612
G0 F7200 X95.794 Y70.374
G0 X96.816 Y69.25
G0 X97.694 Y68.451
G0 X97.79 Y68.586
G1 F6300 X79.936 Y73.37 E153.37967
G0 F7200 X79.936 Y72.817
G1 F6300 X84.689 Y55.079 E155.03241
G0 F7200 X84.689 Y55.252
G0 X93.264 Y55.252
G0 X93.264 Y55.08
G1 F6300 X120.823 Y82.64 E158.54016
G0 F7200 X120.89 Y82.486
G0 X119.4 Y81.338
G0 X119.286 Y81.461
G1 F6300 X125.875 Y79.696 E159.15407
G0 F7200 X125.711 Y79.677
G0 X125.212 Y77.264
G0 X125.356 Y77.174
G1 F6300 X124.059 Y82.015 E159.60513
G0 F7200 X123.941 Y81.896
G0 X115.865 Y78.123
G0 X115.751 Y78.247
G1 F6300 X118.017 Y69.791 E160.39302
G0 F7200 X117.896 Y69.912
G0 X120.02 Y72.036
G0 X120.142 Y71.915
G1 F6300 X111.372 Y74.264 E161.21014
G0 F7200 X111.486 Y74.141
G0 X108.373 Y71.31
G0 X108.259 Y71.434
G1 F6300 X110.668 Y62.444 E162.04779
G0 F7200 X110.548 Y62.564
G0 X112.671 Y64.687
G0 X112.793 Y64.566
G1 F6300 X100.823 Y67.774 E163.16311
G0 F7200 X99.91 Y67.822
G1 F6300 X103.254 Y55.341 E164.32602
G0 F7200 X103.181 Y55.493
G0 X105.323 Y57.339
G0 X105.444 Y57.218
G1 F6300 X79.937 Y64.052 E166.70261
G0 F7200 X80.109 Y64.052
G0 X80.109 Y67.208
G0 X79.936 Y67.208
G1 F6300 X95.106 Y82.378 E168.63344
G0 F7200 X94.934 Y82.378
G0 X94.934 Y85.751
G0 X95.106 Y85.751
G1 F6300 X94.986 Y86.197 E168.67501
G0 F7200 X94.934 Y86.196
G0 X94.934 Y87.94
G0 X95.105 Y87.94
G1 F6300 X94.986 Y87.972 E168.6861
G0 F7200 X94.934 Y87.971
G0 X92.867 Y94.104
G1 F6300 X89.633 Y106.175 E169.8108
G0 F7200 X87.104 Y108.719
G1 F6300 X79.936 Y110.64 E170.47869
G0 F7200 X80.109 Y110.64
G0 X80.109 Y107.592
G0 X79.936 Y107.592
G1 F6300 X94.007 Y55.079 E175.37158
G10
G0 F7200 X94.007 Y55.252
G0 X94.934 Y78.623
G0 X95.104 Y78.623
G11
G1 F6300 X79.937 Y82.687 E176.78477
G0 F7200 X80.109 Y82.687
G0 X80.109 Y79.936
G0 X79.936 Y79.936
G1 F6300 X87.104 Y87.104 E177.6971
G0 F7200 X87.104 Y90.084
G1 F6300 X79.936 Y92.005 E178.36499
G0 F7200 X79.936 Y92.664
G1 F6300 X93.449 Y106.177 E180.08491
G0 F7200 X87.104 Y112.56
G1 F6300 X79.936 Y105.391 E180.99731
G0 F7200 X80.109 Y105.391
G0 X80.109 Y101.322
G0 X79.937 Y101.322
G1 F6300 X95.107 Y97.258 E182.41076
G0 F7200 X94.934 Y97.258
G0 X94.934 Y95.108
G0 X95.108 Y95.108
G1 F6300 X94.726 Y94.726 E182.45938
G10
G0 F7200 X94.996 Y111.138
G0 X95.483 Y112.601
G0 X96.604 Y114.934
G11
G1 F6300 X92.639 Y129.73 E183.838
G0 F7200 X92.751 Y129.606
G0 X89.422 Y126.638
G0 X89.309 Y126.764
G1 F6300 X105.168 Y122.514 E185.31568
G0 F7200 X105.048 Y122.633
G0 X104.04 Y121.63
G0 X104.158 Y121.513
G1 F6300 X100.16 Y136.435 E186.70603
G0 F7200 X100.272 Y136.311
G0 X97.458 Y133.802
G0 X97.345 Y133.928
G1 F6300 X112.546 Y129.855 E188.12237
G0 F7200 X112.426 Y129.974
G0 X111.396 Y128.949
G0 X111.515 Y128.831
G1 F6300 X107.681 Y143.14 E189.45561
G0 F7200 X107.793 Y143.016
G0 X105.495 Y140.967
G0 X105.382 Y141.092
G1 F6300 X119.924 Y137.195 E190.81057
G0 F7200 X119.804 Y137.314
G0 X118.752 Y136.268
G0 X118.871 Y136.15
G1 F6300 X115.202 Y149.844 E192.0865
G0 F7200 X115.313 Y149.72
G0 X113.53 Y148.131
G0 X113.418 Y148.256
G1 F6300 X127.301 Y144.536 E193.38005
G0 F7200 X127.182 Y144.655
G0 X126.109 Y143.587
G0 X126.228 Y143.469
G1 F6300 X122.723 Y156.549 E194.59878
G0 F7200 X122.834 Y156.425
G0 X121.567 Y155.296
G0 X121.455 Y155.42
G1 F6300 X134.68 Y151.876 E195.83103
G0 F7200 X134.56 Y151.996
G0 X133.465 Y150.906
G0 X133.584 Y150.788
G1 F6300 X130.244 Y163.253 E196.99245
G0 F7200 X129.491 Y162.584
G1 F6300 X142.058 Y159.217 E198.16337
G0 F7200 X141.938 Y159.336
G0 X140.821 Y158.225
G0 X140.94 Y158.106
G1 F6300 X138.522 Y167.133 E199.00444
G0 F7200 X138.403 Y167.013
G0 X139.977 Y165.432
G0 X140.095 Y165.551
G1 F6300 X89.08 Y114.536 E205.49759
G0 F7200 X87.394 Y114.532
G1 F6300 X85.118 Y123.026 E206.28902
G0 F7200 X85.23 Y122.901
G0 X82.696 Y120.642
G0 X82.584 Y120.767
G1 F6300 X80.29 Y118.474 E206.58094
G0 F7200 X80.447 Y118.405
G0 X81.386 Y119.474
G0 X81.272 Y119.6
G1 F6300 X97.789 Y115.174 E208.11991
G0 F7200 X98.383 Y114.578
;TYPE:WALL-OUTER
G1 F2880 X96.988 Y113.191 E208.29696
G1 X96.385 Y112.317 E208.39252
G1 X95.95 Y110.996 E208.51769
G1 X95.945 Y72.626 E211.97099
G1 X96.393 Y71.266 E212.09986
G1 X97.07 Y70.34 E212.2031
G1 X97.658 Y69.724 E212.27974
G1 X98.406 Y69.179 E212.36304
G1 X99.233 Y68.818 E212.44425
G1 X100.233 Y68.613 E212.53612
G1 X102.52 Y68.611 E212.74195
G1 X103.572 Y68.822 E212.83852
G1 X104.376 Y69.182 E212.9178
G1 X105.117 Y69.713 E212.99985
G1 X119.905 Y83.16 E214.79874
G1 X120.91 Y83.591 E214.89715
G1 X121.617 Y83.731 E214.96202
G1 X122.424 Y83.724 E215.03465
G1 X123.218 Y83.539 E215.10802
G1 X124.207 Y83.056 E215.20708
G1 X126.112 Y81.151 E215.44955
G1 X126.691 Y79.955 E215.56914
G1 X126.806 Y78.925 E215.66242
G1 X126.713 Y78.1 E215.73714
G1 X126.443 Y77.327 E215.81083
G1 X125.943 Y76.529 E215.89558
G1 X104.755 Y55.341 E218.59237
G1 X104.083 Y54.804 E218.66979
G1 X103.341 Y54.45 E218.74378
G1 X102.395 Y54.24 E218.83099
G1 X82.513 Y54.24 E220.62037
G1 X81.567 Y54.45 E220.70759
G1 X80.829 Y54.804 E220.78125
G1 X80.178 Y55.322 E220.85613
G1 X79.531 Y56.135 E220.94964
G1 X79.096 Y57.389 E221.0691
G1 X79.096 Y117.42 E226.47189
G1 X79.279 Y118.27 E226.55014
G1 X79.679 Y119.165 E226.63837
G1 X80.336 Y119.89 E226.72643
G1 X134.315 Y168.009 E233.2346
G1 X135.193 Y168.495 E233.32491
G1 X136.024 Y168.717 E233.40233
G1 X136.873 Y168.743 E233.47877
G1 X137.724 Y168.565 E233.55702
G1 X138.762 Y168.081 E233.6601
G1 X143.012 Y163.807 E234.20256
G1 X143.54 Y162.98 E234.29087
G1 X143.805 Y162.213 E234.3639
G1 X143.898 Y161.385 E234.43889
G1 X143.801 Y160.561 E234.51356
G1 X143.528 Y159.792 E234.58701
G1 X143.032 Y159.001 E234.67103
G1 X98.383 Y114.578 E240.33956
G0 F7200 X98.171 Y114.367
G0 X97.961 Y115.002
;TYPE:WALL-INNER
G1 F4620 X96.534 Y113.583 E240.52068
G1 X95.849 Y112.6 E240.62851
G1 X95.344 Y111.079 E240.77275
G1 X95.349 Y72.534 E244.2418
G1 X95.85 Y70.99 E244.38789
G1 X96.574 Y69.999 E244.49835
G1 X97.283 Y69.254 E244.59091
G1 X98.105 Y68.654 E244.6825
G1 X99.051 Y68.246 E244.77522
G1 X100.173 Y68.016 E244.8783
G1 X102.609 Y68.011 E245.09754
G1 X103.756 Y68.25 E245.20299
G1 X104.704 Y68.671 E245.29634
G1 X105.47 Y69.227 E245.38153
G1 X120.234 Y82.648 E247.17725
G1 X121.088 Y83.015 E247.2609
G1 X121.673 Y83.131 E247.31458
G1 X122.352 Y83.125 E247.37569
G1 X123.016 Y82.97 E247.43706
G1 X123.853 Y82.561 E247.5209
G1 X125.616 Y80.798 E247.74529
G1 X126.106 Y79.787 E247.84641
G1 X126.202 Y78.925 E247.92447
G1 X126.124 Y78.234 E247.98705
G1 X125.899 Y77.589 E248.04853
G1 X125.471 Y76.905 E248.12115
G1 X104.355 Y55.789 E250.80878
G1 X103.763 Y55.316 E250.87698
G1 X103.144 Y55.021 E250.93869
G1 X102.329 Y54.84 E251.01383
G1 X82.579 Y54.84 E252.79133
G1 X81.764 Y55.021 E252.86646
G1 X81.149 Y55.316 E252.92785
G1 X80.605 Y55.749 E252.99043
G1 X80.064 Y56.429 E253.06863
G1 X79.696 Y57.489 E253.16962
G1 X79.696 Y117.356 E258.55765
G1 X79.853 Y118.082 E258.6245
G1 X80.188 Y118.833 E258.69851
G1 X80.759 Y119.464 E258.7751
G1 X134.664 Y167.517 E265.27435
G1 X135.419 Y167.934 E265.35197
G1 X136.112 Y168.119 E265.41653
G1 X136.82 Y168.141 E265.48028
G1 X137.533 Y167.992 E265.54583
G1 X138.413 Y167.582 E265.63321
G1 X142.541 Y163.43 E266.16014
G1 X142.996 Y162.717 E266.23627
G1 X143.216 Y162.08 E266.29692
G1 X143.294 Y161.387 E266.35968
G1 X143.213 Y160.698 E266.42212
G1 X142.985 Y160.055 E266.48352
G1 X142.56 Y159.378 E266.55546
G1 X97.961 Y115.002 E272.21781
G0 F7200 X97.671 Y115.292
G0 X96.802 Y114.532
;TYPE:SKIN
G1 F2340 X96.153 Y113.88 E272.29647
G1 X95.404 Y112.804 E272.40856
G1 X94.868 Y111.172 E272.55543
G1 X94.868 Y105.72 E273.02158
G1 X94.634 Y105.646 E273.04256
G1 X94.276 Y106.166 E273.09654
G1 X94.027 Y106.296 E273.12056
G1 X87.224 Y106.293 E273.70221
G1 X87.224 Y114.412 E274.39639
G1 X95.497 Y114.424 E275.10373
G1 X96.432 Y114.942 E275.19512
G1 X96.802 Y114.532 E275.24234
G0 F7200 X95.537 Y112.764
G0 X95.05 Y111.301
G0 X94.458 Y106.338
G1 F2340 X94.568 Y106.448 E275.25564
G0 F7200 X93.868 Y106.596
G1 F2340 X94.568 Y107.296 E275.34028
G0 F7200 X94.568 Y108.145
G1 F2340 X93.02 Y106.596 E275.52752
G0 F7200 X92.171 Y106.596
G1 F2340 X94.568 Y108.993 E275.81735
G0 F7200 X94.568 Y109.842
G1 F2340 X91.321 Y106.595 E276.20996
G0 F7200 X90.473 Y106.595
G1 F2340 X94.568 Y110.69 E276.70511
G0 F7200 X94.725 Y111.695
G1 F2340 X89.624 Y106.594 E277.3219
G0 F7200 X88.774 Y106.594
G1 F2340 X95.165 Y112.984 E278.09461
G0 F7200 X95.455 Y114.123
G1 F2340 X87.926 Y106.594 E279.00498
G0 F7200 X87.524 Y107.04
G1 F2340 X94.606 Y114.122 E279.8613
G0 F7200 X93.756 Y114.121
G1 F2340 X87.524 Y107.888 E280.61491
G0 F7200 X87.524 Y108.737
G1 F2340 X92.906 Y114.119 E281.26567
G0 F7200 X92.057 Y114.119
G1 F2340 X87.524 Y109.585 E281.81384
G0 F7200 X87.524 Y110.434
G1 F2340 X91.207 Y114.117 E282.25917
G0 F7200 X90.357 Y114.116
G1 F2340 X87.524 Y111.282 E282.60179
G0 F7200 X87.524 Y112.131
G1 F2340 X89.507 Y114.114 E282.84156
G0 F7200 X88.658 Y114.114
G1 F2340 X87.524 Y112.979 E282.97874
G0 F7200 X87.524 Y113.828
G1 F2340 X87.808 Y114.112 E283.01308
G10
G0 F7200 X87.808 Y93.984
G11
G1 F2340 X94.028 Y93.984 E283.54489
G1 X94.276 Y94.114 E283.56883
G1 X94.628 Y94.628 E283.62209
G1 X94.864 Y94.554 E283.64324
G1 X94.864 Y85.305 E284.43403
G1 X94.599 Y85.227 E284.45765
G1 X94.281 Y85.723 E284.50802
G1 X94.028 Y85.86 E284.53262
G1 X87.224 Y85.86 E285.11437
G1 X87.224 Y93.984 E285.80897
G1 X87.808 Y93.984 E285.8589
G0 F7200 X87.744 Y93.684
G1 F2340 X87.524 Y93.463 E285.88556
G0 F7200 X87.524 Y92.615
G1 F2340 X88.593 Y93.684 E286.01482
G0 F7200 X89.441 Y93.684
G1 F2340 X87.524 Y91.766 E286.24667
G0 F7200 X87.524 Y90.918
G1 F2340 X90.29 Y93.684 E286.58113
G0 F7200 X91.138 Y93.684
G1 F2340 X87.524 Y90.069 E287.01817
G0 F7200 X87.524 Y89.221
G1 F2340 X91.987 Y93.684 E287.55782
G0 F7200 X92.835 Y93.684
G1 F2340 X87.524 Y88.372 E288.20006
G0 F7200 X87.524 Y87.524
G1 F2340 X93.684 Y93.684 E288.9449
G0 F7200 X94.564 Y93.716
G1 F2340 X87.524 Y86.675 E289.7962
G0 F7200 X87.857 Y86.16
G1 F2340 X94.564 Y92.867 E290.60718
G0 F7200 X94.564 Y92.019
G1 F2340 X88.706 Y86.16 E291.31556
G0 F7200 X89.554 Y86.16
G1 F2340 X94.564 Y91.17 E291.92135
G0 F7200 X94.564 Y90.322
G1 F2340 X90.403 Y86.16 E292.42454
G0 F7200 X91.251 Y86.16
G1 F2340 X94.564 Y89.473 E292.82513
G0 F7200 X94.564 Y88.625
G1 F2340 X92.1 Y86.16 E293.12313
G0 F7200 X92.948 Y86.16
G1 F2340 X94.564 Y87.776 E293.31852
G0 F7200 X94.564 Y86.927
G1 F2340 X93.797 Y86.16 E293.41127
G0 F7200 X94.413 Y85.928
G1 F2340 X94.564 Y86.079 E293.42952
G0 F7200 X94.434 Y86.078
G10
;MESH:NONMESH
G0 F600 X94.434 Y86.078 Z7.75
G0 F7200 X81.216 Y55.788
G0 X81.11 Y55.654
;TIME_ELAPSED:2383.969777
;LAYER:49
;TYPE:FILL
;MESH:porte-manteau.stl
G11
G1 F6300 X95.93 Y70.475 E295.31587
G0 F7200 X95.794 Y70.374
G0 X96.816 Y69.25
G0 X97.694 Y68.451
G0 X97.79 Y68.586
G1 F6300 X79.936 Y73.37 E296.97941
G0 F7200 X79.936 Y72.817
G1 F6300 X84.689 Y55.079 E298.63215
G0 F7200 X84.689 Y55.252
G0 X93.264 Y55.252
G0 X93.264 Y55.08
G1 F6300 X120.825 Y82.642 E302.14016
G0 F7200 X120.892 Y82.487
G0 X119.4 Y81.338
G0 X119.286 Y81.461
G1 F6300 X125.875 Y79.696 E302.75407
G0 F7200 X125.711 Y79.677
G0 X125.212 Y77.264
G0 X125.356 Y77.174
G1 F6300 X124.059 Y82.017 E303.2053
G0 F7200 X123.94 Y81.897
G0 X115.865 Y78.123
G0 X115.751 Y78.247
G1 F6300 X118.017 Y69.791 E303.99319
G0 F7200 X117.896 Y69.912
G0 X120.02 Y72.036
G0 X120.142 Y71.915
G1 F6300 X111.372 Y74.264 E304.81032
G0 F7200 X111.486 Y74.141
G0 X108.373 Y71.31
G0 X108.259 Y71.434
G1 F6300 X110.668 Y62.444 E305.64796
G0 F7200 X110.548 Y62.564
G0 X112.671 Y64.687
G0 X112.793 Y64.566
G1 F6300 X100.823 Y67.774 E306.76328
G0 F7200 X99.91 Y67.822
G1 F6300 X103.254 Y55.341 E307.92619
G0 F7200 X103.181 Y55.493
G0 X105.323 Y57.339
G0 X105.444 Y57.218
G1 F6300 X79.937 Y64.052 E310.30279
G0 F7200 X80.109 Y64.052
G0 X80.109 Y67.208
G0 X79.936 Y67.208
G1 F6300 X95.109 Y82.381 E312.23399
G0 F7200 X94.934 Y82.381
G0 X94.934 Y85.738
G0 X95.109 Y85.738
G1 F6300 X94.989 Y86.187 E312.27582
G0 F7200 X94.934 Y86.186
G0 X94.934 Y87.94
G0 X95.108 Y87.94
G1 F6300 X94.989 Y87.971 E312.28689
G0 F7200 X94.934 Y87.97
G0 X93.407 Y93.407
G1 F6300 X95.109 Y95.109 E312.50352
G0 F7200 X94.934 Y95.109
G0 X94.934 Y97.257
G0 X95.108 Y97.257
G1 F6300 X79.937 Y101.322 E313.91707
G0 F7200 X80.109 Y101.322
G0 X80.109 Y105.391
G0 X79.936 Y105.391
G1 F6300 X87.104 Y112.56 E314.82947
G0 F7200 X87.58 Y113.836
G1 F6300 X85.118 Y123.026 E315.68574
G0 F7200 X85.23 Y122.901
G0 X82.696 Y120.642
G0 X82.584 Y120.767
G1 F6300 X80.29 Y118.474 E315.97766
G0 F7200 X80.447 Y118.405
G0 X81.386 Y119.474
G0 X81.272 Y119.6
G1 F6300 X97.797 Y115.172 E317.51737
G0 F7200 X97.673 Y115.296
G0 X96.681 Y114.309
G0 X96.804 Y114.186
G1 F6300 X92.639 Y129.73 E318.96568
G0 F7200 X92.751 Y129.606
G0 X89.422 Y126.638
G0 X89.309 Y126.764
G1 F6300 X105.173 Y122.513 E320.44382
G0 F7200 X105.05 Y122.635
G0 X104.037 Y121.628
G0 X104.16 Y121.506
G1 F6300 X100.16 Y136.435 E321.83482
G0 F7200 X100.272 Y136.311
G0 X97.458 Y133.802
G0 X97.345 Y133.928
G1 F6300 X112.551 Y129.853 E323.25165
G0 F7200 X112.428 Y129.976
G0 X111.393 Y128.947
G0 X111.516 Y128.825
G1 F6300 X107.681 Y143.14 E324.58543
G0 F7200 X107.793 Y143.016
G0 X105.495 Y140.967
G0 X105.382 Y141.092
G1 F6300 X119.927 Y137.194 E325.94067
G0 F7200 X119.805 Y137.315
G0 X118.75 Y136.266
G0 X118.872 Y136.145
G1 F6300 X115.202 Y149.844 E327.21706
G0 F7200 X115.313 Y149.72
G0 X113.53 Y148.131
G0 X113.418 Y148.256
G1 F6300 X127.304 Y144.535 E328.51089
G0 F7200 X127.182 Y144.656
G0 X126.107 Y143.586
G0 X126.228 Y143.466
G1 F6300 X122.723 Y156.549 E329.72989
G0 F7200 X122.834 Y156.425
G0 X121.567 Y155.296
G0 X121.455 Y155.42
G1 F6300 X134.682 Y151.876 E330.96231
G0 F7200 X134.561 Y151.997
G0 X133.464 Y150.905
G0 X133.584 Y150.786
G1 F6300 X130.244 Y163.253 E332.12391
G0 F7200 X129.491 Y162.584
G1 F6300 X142.058 Y159.217 E333.29483
G0 F7200 X141.938 Y159.336
G0 X140.821 Y158.225
G0 X140.94 Y158.106
G1 F6300 X138.522 Y167.133 E334.1359
G0 F7200 X138.403 Y167.013
G0 X139.977 Y165.432
G0 X140.095 Y165.551
G1 F6300 X88.381 Y113.836 E340.71808
G0 F7200 X87.104 Y108.719
G1 F6300 X79.936 Y110.64 E341.38596
G0 F7200 X80.109 Y110.64
G0 X80.109 Y107.592
G0 X79.936 Y107.592
G1 F6300 X94.007 Y55.079 E346.27886
G10
G0 F7200 X94.007 Y55.252
G0 X94.934 Y78.622
G0 X95.11 Y78.622
G11
G1 F6300 X79.937 Y82.687 E347.69259
G0 F7200 X80.109 Y82.687
G0 X80.109 Y79.936
G0 X79.936 Y79.936
G1 F6300 X87.104 Y87.104 E348.60493
G0 F7200 X87.104 Y90.084
G1 F6300 X79.936 Y92.005 E349.27281
G0 F7200 X79.936 Y92.664
G1 F6300 X94.09 Y106.818 E351.07432
G1 X94.07 Y106.853
G1 X93.948 Y106.885 E351.08567
G0 F7200 X89.442 Y106.886
G1 F6300 X93.054 Y93.407 E352.34158
G0 F7200 X95.534 Y93.408
G0 X95.944 Y93.408
;TYPE:WALL-OUTER
G1 F2880 X95.945 Y72.626 E354.21196
G1 X96.393 Y71.266 E354.34083
G1 X97.07 Y70.34 E354.44407
G1 X97.658 Y69.724 E354.52071
G1 X98.406 Y69.179 E354.60401
G1 X99.233 Y68.818 E354.68522
G1 X100.233 Y68.613 E354.77709
G1 X102.52 Y68.611 E354.98292
G1 X103.572 Y68.822 E355.07949
G1 X104.376 Y69.182 E355.15877
G1 X105.117 Y69.713 E355.24082
G1 X119.905 Y83.16 E357.03971
G1 X120.905 Y83.591 E357.13771
G1 X121.713 Y83.743 E357.2117
G1 X122.432 Y83.724 E357.27644
G1 X123.222 Y83.535 E357.34954
G1 X124.207 Y83.056 E357.44812
G1 X126.112 Y81.151 E357.69059
G1 X126.691 Y79.955 E357.81018
G1 X126.806 Y78.925 E357.90345
G1 X126.713 Y78.1 E357.97817
G1 X126.443 Y77.327 E358.05187
G1 X125.943 Y76.529 E358.13662
G1 X104.755 Y55.341 E360.83341
G1 X104.083 Y54.804 E360.91083
G1 X103.341 Y54.45 E360.98482
G1 X102.395 Y54.24 E361.07203
G1 X82.513 Y54.24 E362.86141
G1 X81.567 Y54.45 E362.94862
G1 X80.829 Y54.804 E363.02229
G1 X80.178 Y55.322 E363.09717
G1 X79.531 Y56.135 E363.19068
G1 X79.096 Y57.389 E363.31014
G1 X79.096 Y117.42 E368.71293
G1 X79.279 Y118.27 E368.79118
G1 X79.679 Y119.165 E368.87941
G1 X80.336 Y119.89 E368.96746
G1 X134.315 Y168.009 E375.47563
G1 X135.193 Y168.495 E375.56595
G1 X136.024 Y168.717 E375.64336
G1 X136.873 Y168.743 E375.71981
G1 X137.724 Y168.565 E375.79806
G1 X138.762 Y168.081 E375.90113
G1 X143.012 Y163.807 E376.4436
G1 X143.54 Y162.98 E376.53191
G1 X143.805 Y162.213 E376.60494
G1 X143.898 Y161.385 E376.67993
G1 X143.801 Y160.561 E376.7546
G1 X143.528 Y159.792 E376.82804
G1 X143.032 Y159.001 E376.91207
G1 X97.192 Y113.391 E382.73193
G1 X96.644 Y112.717 E382.81011
G1 X96.327 Y112.128 E382.87031
G1 X95.944 Y110.989 E382.97846
G1 X95.944 Y93.408 E384.56075
G0 F7200 X95.944 Y93.108
G0 X95.347 Y93.408
;TYPE:WALL-INNER
G1 F4620 X95.349 Y72.534 E386.43941
G1 X95.85 Y70.99 E386.5855
G1 X96.574 Y69.999 E386.69596
G1 X97.283 Y69.254 E386.78852
G1 X98.105 Y68.654 E386.88011
G1 X99.051 Y68.246 E386.97283
G1 X100.173 Y68.016 E387.07591
G1 X102.609 Y68.011 E387.29515
G1 X103.756 Y68.25 E387.4006
G1 X104.704 Y68.671 E387.49396
G1 X105.47 Y69.227 E387.57914
G1 X120.235 Y82.649 E389.37499
G1 X121.081 Y83.014 E389.45791
G1 X121.761 Y83.142 E389.52019
G1 X122.354 Y83.126 E389.57358
G1 X123.018 Y82.967 E389.63503
G1 X123.854 Y82.56 E389.71871
G1 X125.616 Y80.798 E389.94297
G1 X126.106 Y79.787 E390.04409
G1 X126.202 Y78.925 E390.12215
G1 X126.124 Y78.234 E390.18473
G1 X125.899 Y77.589 E390.24621
G1 X125.471 Y76.905 E390.31883
G1 X104.355 Y55.789 E393.00646
G1 X103.763 Y55.316 E393.07466
G1 X103.144 Y55.021 E393.13637
G1 X102.329 Y54.84 E393.21151
G1 X82.579 Y54.84 E394.98901
G1 X81.764 Y55.021 E395.06415
G1 X81.149 Y55.316 E395.12553
G1 X80.605 Y55.749 E395.18811
G1 X80.064 Y56.429 E395.26632
G1 X79.696 Y57.489 E395.3673
G1 X79.696 Y117.356 E400.75533
G1 X79.853 Y118.082 E400.82218
G1 X80.188 Y118.833 E400.89619
G1 X80.759 Y119.464 E400.97278
G1 X134.664 Y167.517 E407.47203
G1 X135.419 Y167.934 E407.54965
G1 X136.112 Y168.119 E407.61421
G1 X136.82 Y168.141 E407.67796
G1 X137.533 Y167.992 E407.74351
G1 X138.413 Y167.582 E407.83089
G1 X142.541 Y163.43 E408.35783
G1 X142.996 Y162.717 E408.43395
G1 X143.216 Y162.08 E408.4946
G1 X143.294 Y161.387 E408.55737
G1 X143.213 Y160.698 E408.6198
G1 X142.985 Y160.055 E408.6812
G1 X142.56 Y159.378 E408.75314
G1 X96.728 Y113.772 E414.57224
G1 X96.157 Y113.077 E414.65319
G1 X95.787 Y112.393 E414.72318
G1 X95.346 Y111.087 E414.84724
G1 X95.347 Y93.408 E416.43835
G0 F7200 X94.868 Y93.408
;TYPE:SKIN
G1 F2340 X94.868 Y85.913 E417.07918
G1 X94.542 Y85.829 E417.10796
G1 X94.211 Y86.423 E417.1661
G1 X93.948 Y86.576 E417.19211
G1 X87.224 Y86.576 E417.76702
G1 X87.224 Y93.284 E418.34055
G1 X93.94 Y93.284 E418.91477
G1 X94.207 Y93.446 E418.94147
G1 X94.507 Y94.029 E418.99753
G1 X94.868 Y93.94 E419.02932
G1 X94.868 Y93.408 E419.0748
G0 F7200 X94.313 Y93.212
G1 F2340 X94.568 Y92.957 E419.10564
G0 F7200 X94.568 Y92.108
G1 F2340 X93.692 Y92.984 E419.21156
G0 F7200 X92.844 Y92.984
G1 F2340 X94.568 Y91.26 E419.42002
G0 F7200 X94.568 Y90.411
G1 F2340 X91.995 Y92.984 E419.73113
G0 F7200 X91.147 Y92.984
G1 F2340 X94.568 Y89.563 E420.14478
G0 F7200 X94.568 Y88.714
G1 F2340 X90.298 Y92.984 E420.66109
G0 F7200 X89.45 Y92.984
G1 F2340 X94.568 Y87.866 E421.27994
G0 F7200 X94.568 Y87.017
G1 F2340 X88.601 Y92.984 E422.00144
G0 F7200 X87.753 Y92.984
G1 F2340 X93.861 Y86.876 E422.73999
G0 F7200 X93.012 Y86.876
G1 F2340 X87.524 Y92.364 E423.40357
G0 F7200 X87.524 Y91.516
G1 F2340 X92.164 Y86.876 E423.96462
G0 F7200 X91.315 Y86.876
G1 F2340 X87.524 Y90.667 E424.42301
G0 F7200 X87.524 Y89.819
G1 F2340 X90.467 Y86.876 E424.77886
G0 F7200 X89.618 Y86.876
G1 F2340 X87.524 Y88.97 E425.03206
G0 F7200 X87.524 Y88.122
G1 F2340 X88.769 Y86.876 E425.18266
G0 F7200 X87.921 Y86.876
G1 F2340 X87.524 Y87.273 E425.23066
G10
G0 F7200 X87.524 Y107.004
G11
G1 F2340 X87.224 Y107.004 E425.25631
G1 X87.224 Y113.715 E425.8301
G1 X94.853 Y113.712 E426.48238
G1 X95.97 Y114.436 E426.59619
G1 X96.358 Y114.075 E426.6415
G1 X95.749 Y113.317 E426.72464
G1 X95.36 Y112.609 E426.79371
G1 X94.864 Y111.166 E426.92417
G1 X94.864 Y106.347 E427.33619
G1 X94.52 Y106.261 E427.36651
G1 X94.209 Y106.845 E427.42308
G1 X93.944 Y107.004 E427.4495
G1 X87.524 Y107.004 E427.99841
G0 F7200 X87.524 Y107.638
G1 F2340 X87.857 Y107.304 E428.03874
G0 F7200 X88.706 Y107.304
G1 F2340 X87.524 Y108.486 E428.18166
G0 F7200 X87.524 Y109.335
G1 F2340 X89.554 Y107.304 E428.42718
G0 F7200 X90.403 Y107.304
G1 F2340 X87.524 Y110.183 E428.7753
G0 F7200 X87.524 Y111.032
G1 F2340 X91.251 Y107.304 E429.22601
G0 F7200 X92.1 Y107.304
G1 F2340 X87.524 Y111.881 E429.77938
G0 F7200 X87.524 Y112.729
G1 F2340 X92.948 Y107.304 E430.43528
G0 F7200 X93.797 Y107.304
G1 F2340 X87.686 Y113.415 E431.17419
G0 F7200 X88.535 Y113.415
G1 F2340 X94.564 Y107.386 E431.90319
G0 F7200 X94.564 Y108.235
G1 F2340 X89.384 Y113.414 E432.52947
G0 F7200 X90.232 Y113.414
G1 F2340 X94.564 Y109.083 E433.05322
G0 F7200 X94.564 Y109.932
G1 F2340 X91.082 Y113.414 E433.47424
G0 F7200 X91.931 Y113.413
G1 F2340 X94.564 Y110.78 E433.79261
G0 F7200 X94.668 Y111.524
G1 F2340 X92.779 Y113.413 E434.02102
G0 F7200 X93.629 Y113.412
G1 F2340 X94.884 Y112.157 E434.17277
G0 F7200 X95.11 Y112.779
G1 F2340 X94.477 Y113.412 E434.24931
G0 F7200 X95.175 Y113.563
G1 F2340 X95.411 Y113.327 E434.27785
G0 F7200 X95.296 Y113.389
G10
;MESH:NONMESH
G0 F600 X95.296 Y113.389 Z7.9
G0 F7200 X81.216 Y55.788
G0 X81.11 Y55.654
;TIME_ELAPSED:2414.565427
;LAYER:50
;TYPE:FILL
;MESH:porte-manteau.stl
G11
G1 F6300 X95.93 Y70.475 E436.16419
G0 F7200 X95.794 Y70.374
G0 X96.816 Y69.25
G0 X97.694 Y68.451
G0 X97.79 Y68.586
G1 F6300 X79.936 Y73.37 E437.82773
G0 F7200 X79.936 Y72.817
G1 F6300 X84.689 Y55.079 E439.48047
G0 F7200 X84.689 Y55.252
G0 X93.264 Y55.252
G0 X93.264 Y55.08
G1 F6300 X120.825 Y82.641 E442.98841
G0 F7200 X120.892 Y82.487
G0 X119.398 Y81.336
G0 X119.282 Y81.462
G1 F6300 X125.875 Y79.696 E443.6027
G0 F7200 X125.711 Y79.677
G0 X125.212 Y77.264
G0 X125.356 Y77.174
G1 F6300 X124.059 Y82.016 E444.05385
G0 F7200 X123.94 Y81.897
G0 X115.866 Y78.124
G0 X115.751 Y78.248
G1 F6300 X118.017 Y69.791 E444.84182
G0 F7200 X117.896 Y69.912
G0 X120.02 Y72.036
G0 X120.142 Y71.915
G1 F6300 X111.371 Y74.265 E445.65906
G0 F7200 X111.486 Y74.14
G0 X108.374 Y71.31
G0 X108.26 Y71.433
G1 F6300 X110.668 Y62.444 E446.49659
G0 F7200 X110.548 Y62.564
G0 X112.671 Y64.687
G0 X112.793 Y64.566
G1 F6300 X100.823 Y67.774 E447.61191
G0 F7200 X99.91 Y67.822
G1 F6300 X103.254 Y55.341 E448.77482
G0 F7200 X103.181 Y55.493
G0 X105.323 Y57.339
G0 X105.444 Y57.218
G1 F6300 X79.937 Y64.052 E451.15142
G0 F7200 X80.109 Y64.052
G0 X80.109 Y67.208
G0 X79.936 Y67.208
G1 F6300 X95.109 Y82.381 E453.08262
G0 F7200 X94.934 Y82.381
G0 X94.934 Y85.738
G0 X95.109 Y85.738
G1 F6300 X94.861 Y86.664 E453.1689
G0 F7200 X94.934 Y87.94
G0 X95.108 Y87.94
G1 F6300 X94.989 Y87.971 E453.17997
G0 F7200 X94.934 Y87.97
G0 X93.387 Y92.165
G1 F6300 X89.118 Y108.099 E454.6646
G0 F7200 X89.427 Y108.097
G1 F6300 X95.106 Y106.575 E455.19375
G0 F7200 X94.334 Y107.062
G1 F6300 X79.936 Y92.664 E457.02632
G0 F7200 X79.936 Y92.005
G1 F6300 X87.104 Y90.084 E457.6942
G0 F7200 X87.672 Y87.672
G1 F6300 X79.936 Y79.936 E458.67884
G0 F7200 X80.109 Y79.936
G0 X80.109 Y82.687
G0 X79.937 Y82.687
G1 F6300 X95.109 Y78.622 E460.09248
G0 F7200 X94.934 Y78.622
G0 X92.166 Y92.166
G1 F6300 X95.109 Y95.109 E460.46706
G0 F7200 X94.934 Y95.109
G0 X94.934 Y97.258
G0 X95.107 Y97.258
G1 F6300 X79.937 Y101.322 E461.8805
G0 F7200 X80.109 Y101.322
G0 X80.109 Y105.391
G0 X79.936 Y105.391
G1 F6300 X87.104 Y112.56 E462.7929
G1 X87.14 Y112.596
G1 X140.095 Y165.551 E469.53298
G0 F7200 X139.977 Y165.432
G0 X138.403 Y167.013
G0 X138.522 Y167.133
G1 F6300 X140.94 Y158.106 E470.37405
G0 F7200 X140.821 Y158.225
G0 X141.938 Y159.336
G0 X142.058 Y159.217
G1 F6300 X129.491 Y162.584 E471.54497
G0 F7200 X130.244 Y163.253
G1 F6300 X133.584 Y150.788 E472.70639
G0 F7200 X133.465 Y150.906
G0 X134.56 Y151.996
G0 X134.68 Y151.876
G1 F6300 X121.455 Y155.42 E473.93864
G0 F7200 X121.567 Y155.296
G0 X122.834 Y156.425
G0 X122.723 Y156.549
G1 F6300 X126.228 Y143.469 E475.15737
G0 F7200 X126.109 Y143.587
G0 X127.181 Y144.655
G0 X127.301 Y144.536
G1 F6300 X113.418 Y148.256 E476.45092
G0 F7200 X113.53 Y148.131
G0 X115.313 Y149.72
G0 X115.202 Y149.844
G1 F6300 X118.871 Y136.15 E477.72685
G0 F7200 X118.752 Y136.268
G0 X119.803 Y137.314
G0 X119.923 Y137.195
G1 F6300 X105.382 Y141.092 E479.08172
G0 F7200 X105.495 Y140.967
G0 X107.793 Y143.016
G0 X107.681 Y143.14
G1 F6300 X111.515 Y128.831 E480.41496
G0 F7200 X111.396 Y128.949
G0 X112.426 Y129.974
G0 X112.546 Y129.855
G1 F6300 X97.345 Y133.928 E481.83131
G0 F7200 X97.458 Y133.802
G0 X100.272 Y136.311
G0 X100.16 Y136.435
G1 F6300 X104.158 Y121.513 E483.22166
G0 F7200 X104.04 Y121.63
G0 X105.048 Y122.633
G0 X105.168 Y122.514
G1 F6300 X89.309 Y126.764 E484.69933
G0 F7200 X89.422 Y126.638
G0 X92.751 Y129.606
G0 X92.639 Y129.73
G1 F6300 X96.802 Y114.193 E486.14698
G0 F7200 X96.683 Y114.311
G0 X97.67 Y115.292
G0 X97.789 Y115.174
G1 F6300 X81.272 Y119.6 E487.68596
G0 F7200 X81.386 Y119.474
G0 X80.447 Y118.405
G0 X80.29 Y118.474
G1 F6300 X82.584 Y120.767 E487.97787
G0 F7200 X82.696 Y120.642
G0 X85.23 Y122.901
G0 X85.118 Y123.026
G1 F6300 X87.913 Y112.595 E488.94978
G0 F7200 X87.104 Y108.719
G1 F6300 X79.936 Y110.64 E489.61767
G0 F7200 X80.109 Y110.64
G0 X80.109 Y107.592
G0 X79.936 Y107.592
G1 F6300 X94.007 Y55.079 E494.51056
G0 F7200 X94.007 Y54.24
;TYPE:WALL-OUTER
G1 F2880 X82.513 Y54.24 E495.54502
G1 X81.567 Y54.45 E495.63224
G1 X80.829 Y54.804 E495.7059
G1 X80.178 Y55.322 E495.78078
G1 X79.531 Y56.135 E495.87429
G1 X79.096 Y57.389 E495.99375
G1 X79.096 Y117.42 E501.39654
G1 X79.279 Y118.27 E501.47479
G1 X79.679 Y119.165 E501.56302
G1 X80.336 Y119.89 E501.65107
G1 X134.315 Y168.009 E508.15924
G1 X135.193 Y168.495 E508.24956
G1 X136.024 Y168.717 E508.32698
G1 X136.873 Y168.743 E508.40342
G1 X137.724 Y168.565 E508.48167
G1 X138.762 Y168.081 E508.58475
G1 X143.012 Y163.807 E509.12721
G1 X143.54 Y162.98 E509.21552
G1 X143.805 Y162.213 E509.28855
G1 X143.898 Y161.385 E509.36354
G1 X143.801 Y160.561 E509.43821
G1 X143.528 Y159.792 E509.51165
G1 X143.032 Y159.001 E509.59568
G1 X96.98 Y113.183 E515.44227
G1 X96.401 Y112.347 E515.5338
G1 X95.944 Y110.993 E515.66241
G1 X95.945 Y72.626 E519.11544
G1 X96.393 Y71.266 E519.24431
G1 X97.07 Y70.34 E519.34755
G1 X97.658 Y69.724 E519.42419
G1 X98.406 Y69.179 E519.50748
G1 X99.233 Y68.818 E519.5887
G1 X100.233 Y68.613 E519.68057
G1 X102.52 Y68.611 E519.8864
G1 X103.572 Y68.822 E519.98296
G1 X104.376 Y69.182 E520.06225
G1 X105.117 Y69.713 E520.14429
G1 X119.894 Y83.153 E521.94202
G1 X121.083 Y83.669 E522.05868
G1 X122.249 Y83.769 E522.164
G1 X123.229 Y83.535 E522.25468
G1 X124.207 Y83.056 E522.35269
G1 X126.112 Y81.151 E522.59516
G1 X126.691 Y79.955 E522.71475
G1 X126.806 Y78.925 E522.80803
G1 X126.713 Y78.1 E522.88275
G1 X126.443 Y77.327 E522.95644
G1 X125.943 Y76.529 E523.04119
G1 X104.755 Y55.341 E525.73798
G1 X104.083 Y54.804 E525.8154
G1 X103.341 Y54.45 E525.88939
G1 X102.395 Y54.24 E525.9766
G1 X94.007 Y54.24 E526.73152
G0 F7200 X93.707 Y54.24
G0 X94.007 Y54.84
;TYPE:WALL-INNER
G1 F4620 X82.579 Y54.84 E527.76004
G1 X81.764 Y55.021 E527.83518
G1 X81.149 Y55.316 E527.89657
G1 X80.605 Y55.749 E527.95915
G1 X80.064 Y56.429 E528.03735
G1 X79.696 Y57.489 E528.13834
G1 X79.696 Y117.356 E533.52637
G1 X79.853 Y118.082 E533.59322
G1 X80.188 Y118.833 E533.66723
G1 X80.759 Y119.464 E533.74382
G1 X134.664 Y167.517 E540.24306
G1 X135.419 Y167.934 E540.32069
G1 X136.112 Y168.119 E540.38524
G1 X136.82 Y168.141 E540.44899
G1 X137.533 Y167.992 E540.51455
G1 X138.413 Y167.582 E540.60192
G1 X142.541 Y163.43 E541.12886
G1 X142.996 Y162.717 E541.20499
G1 X143.216 Y162.08 E541.26564
G1 X143.294 Y161.387 E541.3284
G1 X143.213 Y160.698 E541.39084
G1 X142.985 Y160.055 E541.45224
G1 X142.56 Y159.378 E541.52418
G1 X96.527 Y113.576 E547.36854
G1 X95.871 Y112.646 E547.47097
G1 X95.346 Y111.092 E547.6186
G1 X95.349 Y72.534 E551.08882
G1 X95.85 Y70.99 E551.23491
G1 X96.574 Y69.999 E551.34537
G1 X97.283 Y69.254 E551.43793
G1 X98.105 Y68.654 E551.52952
G1 X99.051 Y68.246 E551.62224
G1 X100.173 Y68.016 E551.72532
G1 X102.609 Y68.011 E551.94456
G1 X103.756 Y68.25 E552.05001
G1 X104.704 Y68.671 E552.14336
G1 X105.47 Y69.227 E552.22855
G1 X120.223 Y82.642 E554.02317
G1 X121.232 Y83.079 E554.12213
G1 X122.204 Y83.163 E554.20994
G1 X123.025 Y82.967 E554.2859
G1 X123.853 Y82.561 E554.3689
G1 X125.616 Y80.798 E554.59329
G1 X126.106 Y79.787 E554.69441
G1 X126.202 Y78.925 E554.77247
G1 X126.124 Y78.234 E554.83505
G1 X125.899 Y77.589 E554.89653
G1 X125.471 Y76.905 E554.96915
G1 X104.355 Y55.789 E557.65678
G1 X103.763 Y55.316 E557.72498
G1 X103.144 Y55.021 E557.78669
G1 X102.329 Y54.84 E557.86183
G1 X94.007 Y54.84 E558.61081
G10
G0 F7200 X94.007 Y55.252
G0 X94.396 Y86.7
;TYPE:SKIN
G11
G1 F2340 X94.053 Y87.599 E558.69307
G1 X93.772 Y87.792 E558.72222
G1 X87.224 Y87.792 E559.28208
G1 X87.224 Y92.044 E559.64562
G1 X93.76 Y92.044 E560.20445
G1 X94.037 Y92.227 E560.23283
G1 X94.433 Y93.164 E560.31981
G1 X94.868 Y93.075 E560.35777
G1 X94.868 Y86.787 E560.8954
G1 X94.396 Y86.7 E560.93643
G0 F7200 X94.377 Y87.589
G1 F2340 X94.568 Y87.78 E560.95953
G0 F7200 X93.926 Y87.987
G1 F2340 X94.568 Y88.628 E561.03709
G0 F7200 X94.568 Y89.477
G1 F2340 X93.183 Y88.092 E561.20456
G0 F7200 X92.335 Y88.092
G1 F2340 X94.568 Y90.325 E561.47457
G0 F7200 X94.568 Y91.174
G1 F2340 X91.486 Y88.092 E561.84723
G0 F7200 X90.638 Y88.092
G1 F2340 X94.568 Y92.022 E562.32242
G0 F7200 X93.441 Y91.744
G1 F2340 X89.789 Y88.092 E562.76401
G0 F7200 X88.941 Y88.092
G1 F2340 X92.592 Y91.744 E563.20553
G0 F7200 X91.744 Y91.744
G1 F2340 X88.092 Y88.092 E563.64711
G0 F7200 X87.524 Y88.372
G1 F2340 X90.895 Y91.744 E564.05478
G0 F7200 X90.047 Y91.744
G1 F2340 X87.524 Y89.221 E564.35985
G0 F7200 X87.524 Y90.069
G1 F2340 X89.198 Y91.744 E564.56232
G0 F7200 X88.349 Y91.744
G1 F2340 X87.524 Y90.918 E564.66213
G10
G0 F7200 X87.636 Y108.228
G11
G1 F2340 X87.225 Y108.231 E564.69727
G1 X87.225 Y112.472 E565.05988
G1 X94.089 Y112.48 E565.64675
G1 X94.35 Y112.632 E565.67258
G1 X94.516 Y112.927 E565.70152
G1 X95.396 Y113.694 E565.80133
G1 X95.823 Y113.408 E565.84527
G1 X95.419 Y112.809 E565.90704
G1 X94.864 Y111.173 E566.05475
G1 X94.864 Y107.192 E566.39512
G1 X94.445 Y107.104 E566.43173
G1 X94.031 Y108.042 E566.51939
G1 X93.755 Y108.22 E566.54747
G1 X90.02 Y108.213 E566.86682
G1 X87.636 Y108.228 E567.07065
G0 F7200 X88.414 Y112.173
G1 F2340 X87.525 Y111.284 E567.17815
G0 F7200 X87.525 Y110.435
G1 F2340 X89.263 Y112.173 E567.3883
G0 F7200 X90.113 Y112.175
G1 F2340 X87.525 Y109.587 E567.70123
G0 F7200 X87.525 Y108.738
G1 F2340 X90.962 Y112.175 E568.11681
G0 F7200 X91.812 Y112.177
G1 F2340 X88.161 Y108.525 E568.55833
G0 F7200 X89.004 Y108.52
G1 F2340 X92.661 Y112.178 E569.00058
G0 F7200 X93.511 Y112.179
G1 F2340 X89.846 Y108.514 E569.44374
G0 F7200 X90.696 Y108.515
G1 F2340 X95.215 Y113.034 E569.99015
G1 X95.321 Y113.14
G0 F7200 X94.725 Y111.695
G1 F2340 X91.546 Y108.516 E570.37454
G0 F7200 X92.396 Y108.518
G1 F2340 X94.564 Y110.686 E570.63669
G0 F7200 X94.564 Y109.838
G1 F2340 X93.245 Y108.519 E570.79617
G0 F7200 X93.961 Y108.386
G1 F2340 X94.564 Y108.989 E570.86909
G0 F7200 X94.564 Y108.141
G1 F2340 X94.391 Y107.967 E570.89006
G10
;MESH:NONMESH
G0 F600 X94.391 Y107.967 Z8.05
G0 F7200 X81.216 Y55.788
G0 X81.11 Y55.654
;TIME_ELAPSED:2443.432965
;LAYER:51
;TYPE:FILL
;MESH:porte-manteau.stl
G11
G1 F6300 X95.93 Y70.475 E572.77641
G0 F7200 X95.794 Y70.374
G0 X96.816 Y69.25
G0 X97.694 Y68.451
G0 X97.79 Y68.586
G1 F6300 X79.936 Y73.37 E574.43995
G0 F7200 X79.936 Y72.817
G1 F6300 X84.689 Y55.079 E576.09269
G0 F7200 X84.689 Y55.252
G0 X93.264 Y55.252
G0 X93.264 Y55.08
G1 F6300 X120.832 Y82.648 E579.60152
G0 F7200 X120.9 Y82.494
G0 X119.397 Y81.338
G0 X119.282 Y81.462
G1 F6300 X125.875 Y79.696 E580.21581
G0 F7200 X125.711 Y79.677
G0 X125.212 Y77.264
G0 X125.356 Y77.174
G1 F6300 X124.059 Y82.016 E580.66695
G0 F7200 X123.94 Y81.897
G0 X115.865 Y78.125
G0 X115.751 Y78.248
G1 F6300 X118.017 Y69.791 E581.45493
G0 F7200 X117.896 Y69.912
G0 X120.02 Y72.036
G0 X120.142 Y71.915
G1 F6300 X111.371 Y74.265 E582.27216
G0 F7200 X111.485 Y74.141
G0 X108.373 Y71.311
G0 X108.259 Y71.434
G1 F6300 X110.668 Y62.444 E583.10981
G0 F7200 X110.548 Y62.564
G0 X112.671 Y64.687
G0 X112.793 Y64.566
G1 F6300 X100.823 Y67.774 E584.22513
G0 F7200 X99.91 Y67.822
G1 F6300 X103.254 Y55.341 E585.38804
G0 F7200 X103.181 Y55.493
G0 X105.323 Y57.339
G0 X105.444 Y57.218
G1 F6300 X79.937 Y64.052 E587.76463
G0 F7200 X80.109 Y64.052
G0 X80.109 Y67.208
G0 X79.936 Y67.208
G1 F6300 X95.109 Y82.381 E589.69584
G0 F7200 X94.934 Y82.381
G0 X94.934 Y85.738
G0 X95.109 Y85.738
G1 F6300 X85.118 Y123.026 E593.17014
G0 F7200 X85.23 Y122.901
G0 X82.696 Y120.642
G0 X82.584 Y120.767
G1 F6300 X80.29 Y118.474 E593.46205
G0 F7200 X80.447 Y118.405
G0 X81.386 Y119.474
G0 X81.272 Y119.6
G1 F6300 X97.791 Y115.173 E595.00123
G0 F7200 X97.67 Y115.293
G0 X96.683 Y114.311
G0 X96.803 Y114.191
G1 F6300 X92.639 Y129.73 E596.44908
G0 F7200 X92.751 Y129.606
G0 X89.422 Y126.638
G0 X89.309 Y126.764
G1 F6300 X105.168 Y122.514 E597.92675
G0 F7200 X105.048 Y122.633
G0 X104.039 Y121.63
G0 X104.159 Y121.511
G1 F6300 X100.16 Y136.435 E599.3173
G0 F7200 X100.272 Y136.311
G0 X97.458 Y133.802
G0 X97.345 Y133.928
G1 F6300 X112.547 Y129.854 E600.73376
G0 F7200 X112.426 Y129.974
G0 X111.395 Y128.949
G0 X111.515 Y128.83
G1 F6300 X107.681 Y143.14 E602.06708
G0 F7200 X107.793 Y143.016
G0 X105.495 Y140.967
G0 X105.382 Y141.092
G1 F6300 X119.924 Y137.195 E603.42204
G0 F7200 X119.804 Y137.314
G0 X118.752 Y136.268
G0 X118.872 Y136.148
G1 F6300 X115.202 Y149.844 E604.69817
G0 F7200 X115.313 Y149.72
G0 X113.53 Y148.131
G0 X113.418 Y148.256
G1 F6300 X127.302 Y144.536 E605.9918
G0 F7200 X127.182 Y144.655
G0 X126.108 Y143.587
G0 X126.228 Y143.468
G1 F6300 X122.723 Y156.549 E607.21062
G0 F7200 X122.834 Y156.425
G0 X121.567 Y155.296
G0 X121.455 Y155.42
G1 F6300 X134.681 Y151.876 E608.44295
G0 F7200 X134.56 Y151.996
G0 X133.464 Y150.906
G0 X133.584 Y150.787
G1 F6300 X130.244 Y163.253 E609.60447
G0 F7200 X129.491 Y162.584
G1 F6300 X142.058 Y159.217 E610.77539
G0 F7200 X141.938 Y159.336
G0 X140.821 Y158.225
G0 X140.94 Y158.106
G1 F6300 X138.522 Y167.133 E611.61646
G0 F7200 X138.403 Y167.013
G0 X139.977 Y165.432
G0 X140.095 Y165.551
G1 F6300 X79.936 Y105.391 E619.27351
G0 F7200 X80.109 Y105.391
G0 X80.109 Y107.592
G0 X79.936 Y107.592
G1 F6300 X94.007 Y55.079 E624.16641
G10
G0 F7200 X94.007 Y55.252
G0 X94.934 Y78.622
G0 X95.11 Y78.622
G11
G1 F6300 X79.937 Y82.687 E625.58014
G0 F7200 X80.109 Y82.687
G0 X80.109 Y79.936
G0 X79.936 Y79.936
G1 F6300 X95.109 Y95.109 E627.51134
G0 F7200 X94.934 Y95.109
G0 X94.934 Y97.257
G0 X95.108 Y97.257
G1 F6300 X79.937 Y101.322 E628.9249
G0 F7200 X80.109 Y101.322
G0 X80.109 Y92.664
G0 X79.936 Y92.664
G1 F6300 X95.108 Y107.836 E630.85598
G0 F7200 X94.934 Y107.836
G0 X94.934 Y106.575
G0 X95.107 Y106.575
G1 F6300 X79.936 Y110.64 E632.26953
G10
G0 F7200 X80.109 Y110.64
G0 X80.109 Y92.005
G0 X79.936 Y92.005
G11
G1 F6300 X95.108 Y87.94 E633.68317
G0 F7200 X95.944 Y87.941
;TYPE:WALL-OUTER
G1 F2880 X95.945 Y72.626 E635.06152
G1 X96.393 Y71.266 E635.19039
G1 X97.07 Y70.34 E635.29363
G1 X97.658 Y69.724 E635.37028
G1 X98.406 Y69.179 E635.45357
G1 X99.233 Y68.818 E635.53478
G1 X100.233 Y68.613 E635.62665
G1 X102.52 Y68.611 E635.83248
G1 X103.572 Y68.822 E635.92905
G1 X104.376 Y69.182 E636.00833
G1 X105.117 Y69.713 E636.09038
G1 X119.898 Y83.156 E637.88856
G1 X120.847 Y83.571 E637.98178
G1 X121.698 Y83.739 E638.05985
G1 X122.448 Y83.72 E638.12737
G1 X123.233 Y83.532 E638.20002
G1 X124.211 Y83.052 E638.29807
G1 X126.112 Y81.151 E638.54002
G1 X126.691 Y79.955 E638.65961
G1 X126.806 Y78.925 E638.75289
G1 X126.713 Y78.1 E638.82761
G1 X126.443 Y77.327 E638.9013
G1 X125.943 Y76.529 E638.98605
G1 X104.755 Y55.341 E641.68285
G1 X104.083 Y54.804 E641.76027
G1 X103.341 Y54.45 E641.83426
G1 X102.395 Y54.24 E641.92147
G1 X82.513 Y54.24 E643.71085
G1 X81.567 Y54.45 E643.79806
G1 X80.829 Y54.804 E643.87173
G1 X80.178 Y55.322 E643.9466
G1 X79.531 Y56.135 E644.04011
G1 X79.096 Y57.389 E644.15957
G1 X79.096 Y117.42 E649.56236
G1 X79.279 Y118.27 E649.64061
G1 X79.679 Y119.165 E649.72884
G1 X80.336 Y119.89 E649.8169
G1 X134.315 Y168.009 E656.32507
G1 X135.193 Y168.495 E656.41539
G1 X136.024 Y168.717 E656.4928
G1 X136.873 Y168.743 E656.56925
G1 X137.724 Y168.565 E656.64749
G1 X138.762 Y168.081 E656.75057
G1 X143.012 Y163.807 E657.29304
G1 X143.54 Y162.98 E657.38134
G1 X143.805 Y162.213 E657.45438
G1 X143.898 Y161.385 E657.52937
G1 X143.801 Y160.561 E657.60404
G1 X143.528 Y159.792 E657.67748
G1 X143.032 Y159.001 E657.76151
G1 X97.195 Y113.394 E663.58099
G1 X96.445 Y112.47 E663.68809
G1 X96.044 Y111.297 E663.79966
G1 X95.944 Y110.676 E663.85627
G1 X95.944 Y87.941 E665.90242
G0 F7200 X95.944 Y87.641
G0 X95.347 Y87.941
;TYPE:WALL-INNER
G1 F4620 X95.349 Y72.534 E667.28905
G1 X95.85 Y70.99 E667.43514
G1 X96.574 Y69.999 E667.5456
G1 X97.283 Y69.254 E667.63816
G1 X98.105 Y68.654 E667.72975
G1 X99.051 Y68.246 E667.82247
G1 X100.173 Y68.016 E667.92555
G1 X102.609 Y68.011 E668.14479
G1 X103.756 Y68.25 E668.25024
G1 X104.704 Y68.671 E668.3436
G1 X105.47 Y69.227 E668.42878
G1 X120.229 Y82.646 E670.22405
G1 X121.027 Y82.995 E670.30243
G1 X121.749 Y83.138 E670.36868
G1 X122.37 Y83.122 E670.42459
G1 X123.029 Y82.964 E670.48558
G1 X123.857 Y82.557 E670.56861
G1 X125.616 Y80.798 E670.7925
G1 X126.106 Y79.787 E670.89361
G1 X126.202 Y78.925 E670.97167
G1 X126.124 Y78.234 E671.03425
G1 X125.899 Y77.589 E671.09574
G1 X125.471 Y76.905 E671.16835
G1 X104.355 Y55.789 E673.85598
G1 X103.763 Y55.316 E673.92418
G1 X103.144 Y55.021 E673.98589
G1 X102.329 Y54.84 E674.06103
G1 X82.579 Y54.84 E675.83853
G1 X81.764 Y55.021 E675.91367
G1 X81.149 Y55.316 E675.97506
G1 X80.605 Y55.749 E676.03763
G1 X80.064 Y56.429 E676.11584
G1 X79.696 Y57.489 E676.21682
G1 X79.696 Y117.356 E681.60485
G1 X79.853 Y118.082 E681.6717
G1 X80.188 Y118.833 E681.74571
G1 X80.759 Y119.464 E681.8223
G1 X134.664 Y167.517 E688.32155
G1 X135.419 Y167.934 E688.39917
G1 X136.112 Y168.119 E688.46373
G1 X136.82 Y168.141 E688.52748
G1 X137.533 Y167.992 E688.59304
G1 X138.413 Y167.582 E688.68041
G1 X142.541 Y163.43 E689.20735
G1 X142.996 Y162.717 E689.28347
G1 X143.216 Y162.08 E689.34412
G1 X143.294 Y161.387 E689.40689
G1 X143.213 Y160.698 E689.46932
G1 X142.985 Y160.055 E689.53072
G1 X142.56 Y159.378 E689.60267
G1 X96.729 Y113.773 E695.42164
G1 X95.912 Y112.77 E695.53806
G1 X95.462 Y111.443 E695.66417
G1 X95.346 Y110.724 E695.72972
G1 X95.347 Y87.941 E697.78019
G0 F7200 X94.434 Y87.941
G10
;MESH:NONMESH
G0 F600 X94.434 Y87.941 Z8.2
G0 F7200 X81.216 Y55.788
G0 X81.11 Y55.654
;TIME_ELAPSED:2467.522510
;LAYER:52
;TYPE:FILL
;MESH:porte-manteau.stl
G11
G1 F6300 X95.93 Y70.475 E699.66653
G0 F7200 X95.794 Y70.374
G0 X96.816 Y69.25
G0 X97.694 Y68.451
G0 X97.79 Y68.586
G1 F6300 X79.939 Y73.369 E701.32979
G0 F7200 X79.939 Y72.809
G1 F6300 X84.689 Y55.079 E702.98176
G0 F7200 X84.688 Y55.252
G0 X93.263 Y55.252
G0 X93.264 Y55.08
G1 F6300 X120.825 Y82.641 E706.48971
G0 F7200 X120.893 Y82.488
G0 X119.399 Y81.337
G0 X119.284 Y81.462
G1 F6300 X125.875 Y79.696 E707.10382
G0 F7200 X125.711 Y79.677
G0 X125.212 Y77.264
G0 X125.356 Y77.174
G1 F6300 X124.059 Y82.015 E707.55488
G0 F7200 X123.941 Y81.896
G0 X115.865 Y78.124
G0 X115.751 Y78.248
G1 F6300 X118.017 Y69.791 E708.34286
G0 F7200 X117.896 Y69.912
G0 X120.02 Y72.036
G0 X120.142 Y71.915
G1 F6300 X111.371 Y74.265 E709.16009
G0 F7200 X111.486 Y74.141
G0 X108.373 Y71.31
G0 X108.259 Y71.434
G1 F6300 X110.668 Y62.444 E709.99773
G0 F7200 X110.548 Y62.564
G0 X112.671 Y64.687
G0 X112.793 Y64.566
G1 F6300 X100.822 Y67.774 E711.11314
G0 F7200 X99.91 Y67.821
G1 F6300 X103.254 Y55.34 E712.27605
G0 F7200 X103.18 Y55.492
G0 X105.323 Y57.339
G0 X105.444 Y57.218
G1 F6300 X79.941 Y64.051 E714.65227
G0 F7200 X80.109 Y64.052
G0 X80.109 Y67.212
G0 X79.939 Y67.211
G1 F6300 X95.11 Y82.382 E716.58323
G0 F7200 X94.934 Y82.382
G0 X94.934 Y85.737
G0 X95.11 Y85.737
G1 F6300 X85.118 Y123.026 E720.05764
G0 F7200 X85.23 Y122.901
G0 X82.696 Y120.642
G0 X82.584 Y120.767
G1 F6300 X80.29 Y118.474 E720.34955
G0 F7200 X80.447 Y118.405
G0 X81.386 Y119.474
G0 X81.272 Y119.6
G1 F6300 X97.791 Y115.173 E721.88872
G0 F7200 X97.67 Y115.293
G0 X96.682 Y114.31
G0 X96.803 Y114.19
G1 F6300 X92.639 Y129.73 E723.33666
G0 F7200 X92.751 Y129.606
G0 X89.422 Y126.638
G0 X89.309 Y126.764
G1 F6300 X105.168 Y122.514 E724.81434
G0 F7200 X105.048 Y122.633
G0 X104.039 Y121.629
G0 X104.159 Y121.51
G1 F6300 X100.16 Y136.435 E726.20497
G0 F7200 X100.272 Y136.311
G0 X97.458 Y133.802
G0 X97.345 Y133.928
G1 F6300 X112.547 Y129.854 E727.62143
G0 F7200 X112.426 Y129.974
G0 X111.395 Y128.948
G0 X111.515 Y128.829
G1 F6300 X107.681 Y143.14 E728.95484
G0 F7200 X107.793 Y143.016
G0 X105.495 Y140.967
G0 X105.382 Y141.092
G1 F6300 X119.925 Y137.195 E730.30988
G0 F7200 X119.804 Y137.315
G0 X118.752 Y136.268
G0 X118.872 Y136.148
G1 F6300 X115.202 Y149.844 E731.58601
G0 F7200 X115.313 Y149.72
G0 X113.53 Y148.131
G0 X113.418 Y148.256
G1 F6300 X127.302 Y144.536 E732.87965
G0 F7200 X127.182 Y144.655
G0 X126.108 Y143.587
G0 X126.228 Y143.468
G1 F6300 X122.723 Y156.549 E734.09846
G0 F7200 X122.834 Y156.425
G0 X121.567 Y155.296
G0 X121.455 Y155.42
G1 F6300 X134.681 Y151.876 E735.3308
G0 F7200 X134.56 Y151.996
G0 X133.464 Y150.906
G0 X133.584 Y150.787
G1 F6300 X130.244 Y163.253 E736.49231
G0 F7200 X129.491 Y162.584
G1 F6300 X142.058 Y159.217 E737.66323
G0 F7200 X141.938 Y159.336
G0 X140.821 Y158.225
G0 X140.94 Y158.106
G1 F6300 X138.522 Y167.133 E738.5043
G0 F7200 X138.403 Y167.013
G0 X139.977 Y165.432
G0 X140.095 Y165.551
G1 F6300 X79.936 Y105.392 E746.16129
G0 F7200 X80.109 Y105.393
G0 X80.109 Y107.591
G0 X79.936 Y107.59
G1 F6300 X94.007 Y55.079 E751.05401
G10
G0 F7200 X94.006 Y55.252
G0 X94.934 Y78.622
G0 X95.11 Y78.622
G11
G1 F6300 X79.939 Y82.687 E752.46757
G0 F7200 X80.109 Y82.688
G0 X80.109 Y79.939
G0 X79.938 Y79.938
G1 F6300 X95.109 Y95.109 E754.39852
G0 F7200 X94.934 Y95.109
G0 X94.934 Y97.257
G0 X95.108 Y97.257
G1 F6300 X79.938 Y101.322 E755.81199
G0 F7200 X80.109 Y101.323
G0 X80.109 Y92.666
G0 X79.937 Y92.665
G1 F6300 X95.109 Y107.837 E757.74307
G0 F7200 X94.934 Y107.837
G0 X94.934 Y106.575
G0 X95.107 Y106.575
G1 F6300 X79.936 Y110.64 E759.15662
G10
G0 F7200 X80.109 Y110.641
G0 X80.109 Y92.005
G0 X79.938 Y92.004
G11
G1 F6300 X95.109 Y87.939 E760.57018
G0 F7200 X95.945 Y87.939
;TYPE:WALL-OUTER
G1 F2880 X95.945 Y72.626 E761.94835
G1 X96.393 Y71.266 E762.07722
G1 X97.07 Y70.34 E762.18046
G1 X97.658 Y69.724 E762.2571
G1 X98.406 Y69.179 E762.34039
G1 X99.233 Y68.818 E762.42161
G1 X100.229 Y68.613 E762.51312
G1 X102.52 Y68.611 E762.71931
G1 X103.572 Y68.822 E762.81588
G1 X104.376 Y69.182 E762.89516
G1 X105.117 Y69.713 E762.97721
G1 X119.49 Y82.783 E764.72564
G1 X120.154 Y83.266 E764.79953
G1 X120.887 Y83.584 E764.87145
G1 X121.659 Y83.739 E764.94231
G1 X122.456 Y83.72 E765.01406
G1 X123.236 Y83.528 E765.08636
G1 X124.215 Y83.048 E765.18449
G1 X126.112 Y81.151 E765.42594
G1 X126.691 Y79.955 E765.54553
G1 X126.806 Y78.925 E765.6388
G1 X126.713 Y78.1 E765.71352
G1 X126.443 Y77.327 E765.78722
G1 X125.943 Y76.529 E765.87197
G1 X104.755 Y55.341 E768.56876
G1 X104.083 Y54.804 E768.64618
G1 X103.341 Y54.45 E768.72017
G1 X102.399 Y54.24 E768.80703
G1 X82.513 Y54.24 E770.59677
G1 X81.567 Y54.45 E770.68398
G1 X80.829 Y54.804 E770.75765
G1 X80.178 Y55.322 E770.83252
G1 X79.531 Y56.135 E770.92604
G1 X79.1 Y57.377 E771.04436
G1 X79.096 Y117.42 E776.44823
G1 X79.279 Y118.27 E776.52648
G1 X79.679 Y119.165 E776.61471
G1 X80.336 Y119.89 E776.70276
G1 X134.315 Y168.009 E783.21093
G1 X135.193 Y168.495 E783.30125
G1 X136.024 Y168.717 E783.37867
G1 X136.873 Y168.743 E783.45511
G1 X137.724 Y168.565 E783.53336
G1 X138.762 Y168.081 E783.63644
G1 X143.012 Y163.807 E784.1789
G1 X143.54 Y162.98 E784.26721
G1 X143.805 Y162.213 E784.34024
G1 X143.898 Y161.385 E784.41523
G1 X143.801 Y160.561 E784.4899
G1 X143.528 Y159.792 E784.56334
G1 X143.032 Y159.001 E784.64737
G1 X96.98 Y113.179 E790.49422
G1 X96.356 Y112.2 E790.5987
G1 X95.945 Y111.008 E790.71218
G1 X95.945 Y87.939 E792.78839
G0 F7200 X95.945 Y87.639
G0 X95.348 Y87.94
;TYPE:WALL-INNER
G1 F4620 X95.349 Y72.534 E794.17493
G1 X95.85 Y70.99 E794.32102
G1 X96.574 Y69.998 E794.43155
G1 X97.283 Y69.254 E794.52405
G1 X98.105 Y68.654 E794.61564
G1 X99.051 Y68.246 E794.70836
G1 X100.168 Y68.016 E794.811
G1 X102.609 Y68.011 E795.03069
G1 X103.756 Y68.25 E795.13614
G1 X104.704 Y68.671 E795.22949
G1 X105.47 Y69.227 E795.31468
G1 X119.87 Y82.317 E797.06612
G1 X120.454 Y82.742 E797.13112
G1 X121.067 Y83.008 E797.19126
G1 X121.712 Y83.137 E797.25046
G1 X122.376 Y83.122 E797.31024
G1 X123.03 Y82.961 E797.37085
G1 X123.861 Y82.553 E797.45417
G1 X125.616 Y80.798 E797.67755
G1 X126.106 Y79.787 E797.77866
G1 X126.202 Y78.925 E797.85672
G1 X126.124 Y78.234 E797.9193
G1 X125.899 Y77.589 E797.98079
G1 X125.471 Y76.905 E798.0534
G1 X104.355 Y55.789 E800.74103
G1 X103.763 Y55.316 E800.80923
G1 X103.144 Y55.021 E800.87094
G1 X102.333 Y54.84 E800.94573
G1 X82.579 Y54.84 E802.72359
G1 X81.764 Y55.021 E802.79873
G1 X81.149 Y55.316 E802.86011
G1 X80.605 Y55.749 E802.92269
G1 X80.064 Y56.429 E803.0009
G1 X79.7 Y57.478 E803.10083
G1 X79.696 Y117.356 E808.48985
G1 X79.853 Y118.082 E808.5567
G1 X80.188 Y118.833 E808.63071
G1 X80.759 Y119.464 E808.7073
G1 X134.664 Y167.517 E815.20654
G1 X135.419 Y167.934 E815.28417
G1 X136.112 Y168.119 E815.34872
G1 X136.82 Y168.141 E815.41247
G1 X137.533 Y167.992 E815.47803
G1 X138.413 Y167.582 E815.56541
G1 X142.541 Y163.43 E816.09234
G1 X142.996 Y162.717 E816.16847
G1 X143.216 Y162.08 E816.22912
G1 X143.294 Y161.387 E816.29188
G1 X143.213 Y160.698 E816.35432
G1 X142.985 Y160.055 E816.41572
G1 X142.56 Y159.378 E816.48766
G1 X96.51 Y113.551 E822.3347
G1 X95.812 Y112.466 E822.45081
G1 X95.347 Y111.107 E822.58008
G1 X95.348 Y87.94 E824.66511
G0 F7200 X94.434 Y87.94
G10
;MESH:NONMESH
G0 F600 X94.434 Y87.94 Z8.35
G0 F7200 X81.353 Y56.494
;TIME_ELAPSED:2491.602106
;LAYER:53
;TYPE:FILL
;MESH:porte-manteau.stl
G11
G1 F6300 X80.922 Y57.173 E824.73749
G1 X80.784 Y57.786 E824.79404
G1 X80.784 Y117.243 E830.14517
G1 X81.091 Y118.173 E830.23331
G1 X81.344 Y118.521 E830.27204
G1 X135.444 Y166.756 E836.79528
G1 X136.474 Y167.051 E836.89171
G1 X137.365 Y166.879 E836.97338
G1 X137.892 Y166.555 E837.02906
G1 X141.728 Y162.699 E837.51857
G1 X142.149 Y161.824 E837.60596
G1 X142.212 Y161.292 E837.65418
G1 X142.082 Y160.712 E837.70767
G1 X141.828 Y160.189 E837.76
G1 X95.439 Y114.032 E843.64961
G1 X94.78 Y112.815 E843.77417
G1 X94.391 Y111.637 E843.88582
G1 X94.259 Y110.833 E843.95915
G1 X94.261 Y72.784 E847.38356
G1 X94.575 Y71.288 E847.52113
G1 X95.102 Y70.17 E847.63237
G1 X95.784 Y69.235 E847.73653
G1 X96.763 Y68.22 E847.86345
G1 X98.208 Y67.388 E848.01351
G1 X99.727 Y66.931 E848.15628
G1 X102.755 Y66.934 E848.4288
G1 X104.202 Y67.241 E848.56193
G1 X105.283 Y67.743 E848.66919
G1 X106.253 Y68.464 E848.77797
G1 X120.738 Y81.632 E850.53979
G1 X121.271 Y81.939 E850.59515
G1 X121.828 Y82.047 E850.64621
G1 X122.694 Y81.921 E850.72497
G1 X123.191 Y81.68 E850.77468
G1 X124.632 Y80.235 E850.95835
G1 X124.97 Y79.703 E851.01507
G1 X125.099 Y79.133 E851.06767
G1 X124.984 Y78.234 E851.14924
G1 X124.739 Y77.716 E851.20081
G1 X103.617 Y56.595 E853.88914
G1 X102.796 Y56.057 E853.97748
G1 X102.234 Y55.929 E854.02936
G1 X82.638 Y55.928 E855.793
G1 X82.033 Y56.066 E855.84885
G1 X81.353 Y56.494 E855.92116
G0 F7200 X81.547 Y56.091
G1 F6300 X81.11 Y55.654 E855.97678
G0 F7200 X81.894 Y56.438
G1 F6300 X95.151 Y69.695 E857.66412
G0 F7200 X95.494 Y70.038
G1 F6300 X95.932 Y70.477 E857.71993
G0 F7200 X95.788 Y70.392
G0 X95.511 Y69.197
G1 F6300 X81.024 Y73.079 E859.06976
G0 F7200 X80.543 Y73.207
G1 F6300 X79.936 Y73.37 E859.12633
G0 F7200 X79.936 Y72.817
G1 F6300 X80.544 Y70.55 E859.33757
G0 F7200 X81.024 Y68.757
G1 F6300 X84.398 Y56.168 E860.51056
G0 F7200 X84.526 Y55.688
G1 F6300 X84.689 Y55.079 E860.5673
G0 F7200 X84.689 Y55.252
G0 X93.264 Y55.252
G0 X93.264 Y55.08
G1 F6300 X93.872 Y55.688 E860.64469
G1 X93.844 Y55.688
G1 X94.007 Y55.079 E860.70143
G0 F7200 X93.715 Y56.168
G1 F6300 X81.024 Y103.531 E865.11447
G0 F7200 X80.544 Y105.323
G1 F6300 X79.936 Y107.592 E865.32589
G0 F7200 X80.109 Y107.592
G0 X81.024 Y106.48
G1 F6300 X139.322 Y164.778 E872.74601
G0 F7200 X139.091 Y165.01
G1 F6300 X140.615 Y159.322 E873.27599
G0 F7200 X140.839 Y159.544
G1 F6300 X130.747 Y162.248 E874.2163
G1 X130.559 Y162.079
G1 X133.258 Y152.003 E875.15511
G1 X133.461 Y152.203
G1 X122.712 Y155.083 E876.15665
G0 F7200 X123.038 Y155.373
G1 F6300 X125.902 Y144.684 E877.15259
G1 X126.083 Y144.862
G1 X114.676 Y147.919 E878.21545
G0 F7200 X114.123 Y148.067
G1 F6300 X113.42 Y148.255 E878.28094
G0 F7200 X113.531 Y148.131
G0 X115.517 Y148.668
G1 F6300 X118.546 Y137.364 E879.33419
G1 X118.705 Y137.522
G1 X106.641 Y140.754 E880.45824
G0 F7200 X106.087 Y140.903
G1 F6300 X105.384 Y141.091 E880.52373
G0 F7200 X105.495 Y140.967
G0 X107.996 Y141.962
G1 F6300 X111.189 Y130.046 E881.63401
G1 X111.327 Y130.181
G1 X98.606 Y133.59 E882.8193
G0 F7200 X98.051 Y133.739
G1 F6300 X97.348 Y133.927 E882.88479
G0 F7200 X97.46 Y133.803
G0 X100.476 Y135.257
G1 F6300 X103.833 Y122.727 E884.05226
G1 X103.949 Y122.841
G1 X90.569 Y126.426 E885.29894
G0 F7200 X90.016 Y126.574
G1 F6300 X89.312 Y126.763 E885.36454
G0 F7200 X89.424 Y126.639
G0 X92.955 Y128.551
G1 F6300 X96.477 Y115.407 E886.58923
G1 X96.57 Y115.5
G1 X82.534 Y119.261 E887.89704
G0 F7200 X81.98 Y119.41
G1 F6300 X81.276 Y119.599 E887.96264
G0 F7200 X81.388 Y119.475
G0 X80.448 Y118.408
G0 X80.292 Y118.476
G1 F6300 X82.554 Y120.738 E888.25054
G0 F7200 X82.666 Y120.614
G0 X85.434 Y121.845
G1 F6300 X94.02 Y89.803 E891.23606
G0 F7200 X94.02 Y88.231
G1 F6300 X81.024 Y91.714 E892.44698
G0 F7200 X80.543 Y91.842
G1 F6300 X79.936 Y92.005 E892.50354
G0 F7200 X79.936 Y92.664
G1 F6300 X80.544 Y93.272 E892.58093
G0 F7200 X81.024 Y93.752
G1 F6300 X94.017 Y106.745 E894.23467
G1 X94.016 Y106.867
G1 X81.024 Y110.348 E895.44519
G0 F7200 X80.543 Y110.477
G1 F6300 X79.936 Y110.64 E895.50176
G0 F7200 X80.109 Y110.64
G0 X80.544 Y106
G1 F6300 X79.936 Y105.391 E895.57921
G0 F7200 X80.109 Y105.391
G0 X80.109 Y101.322
G0 X79.937 Y101.322
G1 F6300 X80.544 Y101.16 E895.63575
G0 F7200 X81.025 Y101.031
G1 F6300 X94.018 Y97.549 E896.84638
G0 F7200 X94.5 Y97.42
G1 F6300 X95.106 Y97.258 E896.90284
G0 F7200 X94.934 Y97.258
G0 X94.934 Y95.107
G0 X95.107 Y95.107
G1 F6300 X94.5 Y94.5 E896.9801
G0 F7200 X94.019 Y94.019
G1 F6300 X81.024 Y81.024 E898.63409
G0 F7200 X80.544 Y80.544
G1 F6300 X79.936 Y79.936 E898.71148
G0 F7200 X80.109 Y79.936
G0 X80.543 Y82.525
G1 F6300 X79.937 Y82.687 E898.76793
G0 F7200 X81.024 Y82.396
G1 F6300 X94.022 Y78.913 E899.97902
G0 F7200 X94.502 Y78.785
G1 F6300 X95.109 Y78.622 E900.03559
G0 F7200 X94.934 Y78.622
G0 X94.021 Y81.293
G1 F6300 X81.024 Y68.296 E901.68984
G0 F7200 X80.544 Y67.816
G1 F6300 X79.936 Y67.208 E901.76722
G0 F7200 X80.109 Y67.208
G0 X80.109 Y64.052
G0 X79.937 Y64.052
G1 F6300 X80.543 Y63.89 E901.82368
G0 F7200 X81.024 Y63.761
G1 F6300 X104.227 Y57.544 E903.98561
G0 F7200 X104.762 Y57.4
G1 F6300 X105.445 Y57.217 E904.04925
G0 F7200 X105.322 Y57.339
G0 X102.957 Y56.45
G1 F6300 X100.212 Y66.693 E905.00365
G0 F7200 X100.085 Y67.169
G1 F6300 X99.91 Y67.822 E905.06449
G0 F7200 X100.823 Y67.774
G1 F6300 X102.912 Y67.214 E905.25914
G0 F7200 X103.933 Y66.94
G1 F6300 X111.576 Y64.892 E905.97127
G0 F7200 X112.111 Y64.749
G1 F6300 X112.792 Y64.566 E906.03474
G0 F7200 X112.67 Y64.687
G0 X110.342 Y63.66
G1 F6300 X108.577 Y70.25 E906.64874
G0 F7200 X108.436 Y70.773
G1 F6300 X108.259 Y71.434 E906.71033
G0 F7200 X108.373 Y71.311
G0 X107.016 Y68.832
G1 F6300 X94.353 Y56.169 E908.32207
G0 F7200 X103.087 Y55.963
G1 F6300 X103.254 Y55.341 E908.38003
G0 F7200 X103.181 Y55.493
G0 X110.547 Y62.564
G0 X110.669 Y62.443
G1 F6300 X110.486 Y63.123 E908.44341
G0 F7200 X117.896 Y69.913
G0 X118.017 Y69.793
G1 F6300 X117.835 Y70.47 E908.5065
G0 F7200 X117.691 Y71.008
G1 F6300 X116.069 Y77.062 E909.07058
G0 F7200 X115.929 Y77.585
G1 F6300 X115.751 Y78.249 E909.13245
G0 F7200 X115.865 Y78.125
G0 X114.165 Y75.981
G1 F6300 X120.825 Y82.642 E909.98019
G0 F7200 X120.893 Y82.488
G0 X120.538 Y81.126
G1 F6300 X124.447 Y80.078 E910.34442
G0 F7200 X124.673 Y79.722
G1 F6300 X124.849 Y79.067 E910.40546
G0 F7200 X125.14 Y79.893
G1 F6300 X125.839 Y79.705 E910.47061
G0 F7200 X125.677 Y79.668
G0 X125.137 Y77.991
G1 F6300 X125.365 Y77.142 E910.54973
G0 F7200 X125.245 Y77.261
G0 X124.374 Y80.84
G1 F6300 X124.059 Y82.014 E910.65912
G0 F7200 X123.941 Y81.896
G0 X119.987 Y81.274
G1 F6300 X119.284 Y81.462 E910.72462
G0 F7200 X119.398 Y81.338
G0 X118.925 Y72.24
G1 F6300 X112.623 Y73.929 E911.31181
G0 F7200 X112.071 Y74.077
G1 F6300 X111.371 Y74.265 E911.37705
G0 F7200 X111.485 Y74.141
G0 X119.461 Y72.097
G1 F6300 X120.14 Y71.915 E911.44031
G10
G0 F7200 X120.019 Y72.035
G0 X103.871 Y67.914
G0 X102.649 Y67.663
G0 X100.142 Y67.663
G0 X99.057 Y67.884
G0 X97.553 Y68.497
G0 X97.662 Y68.62
G11
G1 F6300 X96.384 Y68.963 E911.5594
G0 F7200 X95.449 Y71.094
G0 X95.04 Y72.344
G0 X94.501 Y81.773
G1 F6300 X95.109 Y82.381 E911.63679
G0 F7200 X94.934 Y82.381
G0 X94.934 Y85.743
G0 X95.108 Y85.743
G1 F6300 X94.501 Y88.006 E911.84766
G1 X94.501 Y88.102
G1 X95.107 Y87.94 E911.90412
G10
G0 F7200 X94.934 Y87.94
G0 X94.934 Y106.576
G0 X95.104 Y106.576
G11
G1 F6300 X94.5 Y106.738 E911.9604
G0 F7200 X94.499 Y107.227
G1 F6300 X95.105 Y107.833 E912.03753
G0 F7200 X94.934 Y107.833
G0 X94.995 Y110.854
G0 X95.356 Y112.406
G0 X96.046 Y113.498
G0 X96.684 Y114.311
G0 X96.802 Y114.194
G1 F6300 X96.621 Y114.869 E912.10042
G0 F7200 X97.108 Y115.356
G1 F6300 X97.788 Y115.174 E912.16378
G0 F7200 X97.669 Y115.292
G0 X104.04 Y121.63
G0 X104.158 Y121.513
G1 F6300 X103.977 Y122.189 E912.22676
G0 F7200 X104.487 Y122.697
G1 F6300 X105.166 Y122.515 E912.29003
G0 F7200 X105.047 Y122.633
G0 X111.396 Y128.95
G0 X111.515 Y128.832
G1 F6300 X111.333 Y129.508 E912.35303
G0 F7200 X111.864 Y130.037
G1 F6300 X112.544 Y129.855 E912.41639
G0 F7200 X112.425 Y129.973
G0 X118.752 Y136.269
G0 X118.871 Y136.151
G1 F6300 X118.69 Y136.827 E912.47937
G0 F7200 X119.242 Y137.378
G1 F6300 X119.921 Y137.196 E912.54264
G0 F7200 X119.802 Y137.314
G0 X126.109 Y143.589
G0 X126.227 Y143.471
G1 F6300 X126.046 Y144.147 E912.60562
G0 F7200 X126.62 Y144.718
G1 F6300 X127.299 Y144.536 E912.66889
G0 F7200 X127.18 Y144.654
G0 X133.465 Y150.908
G0 X133.583 Y150.79
G1 F6300 X133.403 Y151.465 E912.73176
G0 F7200 X133.998 Y152.059
G1 F6300 X134.678 Y151.877 E912.79512
G0 F7200 X134.558 Y151.996
G0 X140.821 Y158.227
G0 X140.94 Y158.109
G1 F6300 X140.759 Y158.785 E912.8581
G0 F7200 X141.376 Y159.4
G1 F6300 X142.055 Y159.218 E912.92137
G0 F7200 X141.936 Y159.336
G0 X139.663 Y165.119
G1 F6300 X140.093 Y165.549 E912.9761
G0 F7200 X139.976 Y165.432
G0 X138.84 Y165.945
G1 F6300 X138.524 Y167.124 E913.08595
G0 F7200 X138.408 Y167.007
G0 X130.355 Y163.13
G0 X130.244 Y163.253
G1 F6300 X130.42 Y162.597 E913.14708
G0 F7200 X130.194 Y162.396
G1 F6300 X129.491 Y162.584 E913.21257
G0 F7200 X129.603 Y162.46
G0 X122.834 Y156.425
G0 X122.723 Y156.548
G1 F6300 X122.899 Y155.892 E913.2737
G0 F7200 X122.158 Y155.231
G1 F6300 X121.456 Y155.42 E913.33913
G0 F7200 X121.568 Y155.296
G0 X115.313 Y149.72
G0 X115.202 Y149.843
G1 F6300 X115.378 Y149.187 E913.40026
G0 F7200 X107.792 Y143.015
G0 X107.681 Y143.138
G1 F6300 X107.857 Y142.481 E913.46147
G0 F7200 X100.271 Y136.31
G0 X100.16 Y136.433
G1 F6300 X100.336 Y135.776 E913.52269
G0 F7200 X92.75 Y129.604
G0 X92.639 Y129.728
G1 F6300 X92.816 Y129.07 E913.58401
G0 F7200 X85.23 Y122.9
G0 X85.119 Y123.023
G1 F6300 X85.295 Y122.365 E913.64532
G0 F7200 X84.601 Y123.143
G0 X84.33 Y123.446
;TYPE:WALL-OUTER
G1 F2880 X134.315 Y168.009 E919.6722
G1 X135.193 Y168.495 E919.76252
G1 X136.024 Y168.717 E919.83993
G1 X136.873 Y168.743 E919.91638
G1 X137.724 Y168.565 E919.99462
G1 X138.757 Y168.083 E920.09722
G1 X143.012 Y163.807 E920.64013
G1 X143.54 Y162.98 E920.72843
G1 X143.805 Y162.213 E920.80147
G1 X143.897 Y161.385 E920.87645
G1 X143.776 Y160.354 E920.96987
G1 X143.198 Y159.17 E921.08845
G1 X96.948 Y113.151 E926.96043
G1 X96.24 Y112.033 E927.07953
G1 X95.945 Y110.746 E927.19837
G1 X95.945 Y72.626 E930.62917
G1 X96.327 Y71.466 E930.73908
G1 X96.774 Y70.703 E930.81867
G1 X97.379 Y70.004 E930.90187
G1 X98.199 Y69.27 E931.00092
G1 X99.232 Y68.818 E931.1024
G1 X100.233 Y68.613 E931.19436
G1 X102.55 Y68.613 E931.40289
G1 X103.572 Y68.822 E931.49677
G1 X104.681 Y69.32 E931.60618
G1 X119.894 Y83.152 E933.45668
G1 X120.875 Y83.58 E933.55301
G1 X121.671 Y83.739 E933.62607
G1 X122.464 Y83.72 E933.69746
G1 X123.244 Y83.528 E933.76975
G1 X124.214 Y83.048 E933.86716
G1 X126.119 Y81.143 E934.10962
G1 X126.602 Y80.14 E934.20981
G1 X126.784 Y79.338 E934.28383
G1 X126.784 Y78.514 E934.35799
G1 X126.602 Y77.712 E934.432
G1 X126.119 Y76.709 E934.5322
G1 X104.755 Y55.341 E937.25164
G1 X104.083 Y54.804 E937.32906
G1 X103.341 Y54.45 E937.40305
G1 X102.395 Y54.24 E937.49027
G1 X82.513 Y54.24 E939.27965
G1 X81.567 Y54.45 E939.36686
G1 X80.829 Y54.804 E939.44052
G1 X80.178 Y55.322 E939.5154
G1 X79.531 Y56.135 E939.60891
G1 X79.096 Y57.389 E939.72837
G1 X79.096 Y117.42 E945.13116
G1 X79.279 Y118.27 E945.20941
G1 X79.679 Y119.161 E945.29731
G1 X80.332 Y119.882 E945.38486
G1 X84.33 Y123.446 E945.86689
G0 F7200 X84.553 Y123.645
G0 X84.729 Y122.999
;TYPE:WALL-INNER
G1 F4620 X134.664 Y167.517 E951.88772
G1 X135.419 Y167.934 E951.96535
G1 X136.112 Y168.119 E952.0299
G1 X136.82 Y168.141 E952.09365
G1 X137.533 Y167.992 E952.15921
G1 X138.407 Y167.583 E952.24606
G1 X142.541 Y163.429 E952.7735
G1 X142.996 Y162.717 E952.84955
G1 X143.216 Y162.08 E952.9102
G1 X143.293 Y161.387 E952.97296
G1 X143.192 Y160.526 E953.05098
G1 X142.703 Y159.524 E953.15132
G1 X96.475 Y113.53 E959.02032
G1 X95.676 Y112.261 E959.15528
G1 X95.344 Y110.811 E959.28916
G1 X95.349 Y72.534 E962.73409
G1 X95.771 Y71.23 E962.85744
G1 X96.284 Y70.357 E962.94857
G1 X96.937 Y69.598 E963.03868
G1 X97.867 Y68.767 E963.15093
G1 X99.05 Y68.246 E963.26727
G1 X100.173 Y68.016 E963.37043
G1 X102.609 Y68.016 E963.58967
G1 X103.755 Y68.25 E963.69494
G1 X105.013 Y68.807 E963.81876
G1 X120.224 Y82.642 E965.66931
G1 X121.056 Y83.004 E965.75097
G1 X121.723 Y83.137 E965.81219
G1 X122.384 Y83.122 E965.87169
G1 X123.037 Y82.961 E965.93222
G1 X123.86 Y82.554 E966.01485
G1 X125.623 Y80.791 E966.23925
G1 X126.032 Y79.941 E966.32414
G1 X126.184 Y79.271 E966.38597
G1 X126.184 Y78.581 E966.44807
G1 X126.032 Y77.911 E966.50991
G1 X125.623 Y77.061 E966.5948
G1 X104.355 Y55.789 E969.30203
G1 X103.763 Y55.316 E969.37023
G1 X103.144 Y55.021 E969.43194
G1 X102.329 Y54.84 E969.50708
G1 X82.579 Y54.84 E971.28458
G1 X81.764 Y55.021 E971.35972
G1 X81.149 Y55.316 E971.4211
G1 X80.605 Y55.749 E971.48368
G1 X80.064 Y56.429 E971.56189
G1 X79.696 Y57.489 E971.66287
G1 X79.696 Y117.356 E977.0509
G1 X79.853 Y118.082 E977.11775
G1 X80.188 Y118.829 E977.19143
G1 X80.755 Y119.456 E977.26751
G1 X84.729 Y122.999 E977.74668
G0 F7200 X85.335 Y122.324
G10
;MESH:NONMESH
G0 F600 X85.335 Y122.324 Z8.5
G0 F7200 X81.45 Y56.594
;TIME_ELAPSED:2521.955477
;LAYER:54
;TYPE:FILL
;MESH:porte-manteau.stl
G11
G1 F6300 X81.049 Y57.229 E977.81427
G1 X80.92 Y57.791 E977.86617
G1 X80.92 Y117.257 E983.21811
G1 X81 Y117.643 E983.25358
G1 X81.464 Y118.444 E983.3369
G1 X135.234 Y166.387 E989.82049
G1 X135.699 Y166.706 E989.87124
G1 X136.491 Y166.912 E989.94489
G1 X137.306 Y166.759 E990.01952
G1 X137.804 Y166.454 E990.07208
G1 X141.627 Y162.616 E990.55962
G1 X141.934 Y162.125 E990.61174
G1 X142.096 Y161.386 E990.67983
G1 X141.927 Y160.658 E990.74709
G1 X141.62 Y160.174 E990.79867
G1 X95.56 Y114.343 E996.6466
G1 X94.798 Y113.169 E996.77256
G1 X94.315 Y112.019 E996.88482
G1 X94.123 Y110.84 E996.99233
G1 X94.126 Y72.455 E1000.44698
G1 X94.482 Y71.158 E1000.56803
G1 X94.99 Y70.094 E1000.67414
G1 X95.66 Y69.171 E1000.77679
G1 X96.473 Y68.338 E1000.88155
G1 X97.365 Y67.678 E1000.98142
G1 X98.233 Y67.24 E1001.06892
G1 X99.715 Y66.795 E1001.20818
G1 X102.725 Y66.789 E1001.47908
G1 X104.021 Y67.044 E1001.59796
G1 X105.187 Y67.498 E1001.71057
G1 X106.336 Y68.355 E1001.83958
G1 X120.822 Y81.527 E1003.60171
G1 X121.31 Y81.806 E1003.6523
G1 X121.855 Y81.911 E1003.70225
G1 X122.654 Y81.793 E1003.77494
G1 X123.111 Y81.572 E1003.82063
G1 X124.531 Y80.147 E1004.00168
G1 X124.842 Y79.655 E1004.05407
G1 X125.008 Y78.913 E1004.1225
G1 X124.846 Y78.197 E1004.18857
G1 X124.528 Y77.693 E1004.2422
G1 X103.521 Y56.686 E1006.91596
G1 X102.764 Y56.189 E1006.99746
G1 X102.225 Y56.064 E1007.04726
G1 X82.645 Y56.064 E1008.80946
G1 X82.093 Y56.186 E1008.86033
G1 X81.45 Y56.594 E1008.92887
G0 F7200 X81.645 Y56.189
G1 F6300 X81.165 Y55.709 E1008.98997
G0 F7200 X81.992 Y56.536
G1 F6300 X95.054 Y69.598 E1010.65249
G0 F7200 X95.305 Y69.252
G1 F6300 X81.16 Y73.042 E1011.97044
G0 F7200 X80.679 Y73.171
G1 F6300 X80.02 Y73.347 E1012.03183
G0 F7200 X80.02 Y72.503
G1 F6300 X80.68 Y70.041 E1012.26123
G0 F7200 X81.16 Y68.432
G1 F6300 X93.883 Y81.155 E1013.88061
G0 F7200 X94.365 Y81.637
G1 F6300 X95.022 Y82.295 E1013.96429
G0 F7200 X94.851 Y82.294
G0 X93.883 Y78.95
G1 F6300 X81.161 Y82.359 E1015.14967
G0 F7200 X80.68 Y82.488
G1 F6300 X80.02 Y82.665 E1015.21117
G0 F7200 X80.193 Y82.665
G0 X81.16 Y81.16
G1 F6300 X93.883 Y93.883 E1016.83054
G0 F7200 X94.363 Y94.363
G1 F6300 X95.025 Y95.025 E1016.9148
G0 F7200 X94.851 Y95.024
G0 X94.851 Y97.279
G0 X95.024 Y97.28
G1 F6300 X94.364 Y97.457 E1016.9763
G0 F7200 X93.881 Y97.586
G1 F6300 X81.161 Y100.994 E1018.16147
G0 F7200 X80.679 Y101.124
G1 F6300 X80.02 Y101.3 E1018.22286
G0 F7200 X80.193 Y101.3
G0 X81.16 Y103.024
G1 F6300 X93.678 Y56.304 E1022.57598
G0 F7200 X93.807 Y55.824
G1 F6300 X93.984 Y55.164 E1022.63748
G0 F7200 X93.348 Y55.164
G1 F6300 X94.008 Y55.824 E1022.72148
G0 F7200 X94.488 Y56.304
G1 F6300 X105.966 Y67.782 E1024.18239
G0 F7200 X104.219 Y66.864
G1 F6300 X111.428 Y64.932 E1024.8541
G0 F7200 X111.963 Y64.789
G1 F6300 X112.699 Y64.591 E1024.92269
G0 F7200 X112.578 Y64.712
G0 X110.303 Y63.807
G1 F6300 X108.616 Y70.103 E1025.50932
G0 F7200 X108.476 Y70.626
G1 F6300 X108.284 Y71.341 E1025.57595
G0 F7200 X108.397 Y71.219
G0 X111.582 Y74.115
G0 X111.468 Y74.239
G1 F6300 X112.225 Y74.036 E1025.64649
G1 X112.166 Y73.982
G1 X120.668 Y82.485 E1026.72868
G0 F7200 X120.737 Y82.33
G0 X120.139 Y81.233
G1 F6300 X119.378 Y81.437 E1026.79959
G0 F7200 X119.494 Y81.311
G0 X120.692 Y81.085
G1 F6300 X124.192 Y80.147 E1027.12571
G0 F7200 X124.444 Y80.577
G1 F6300 X124.102 Y81.855 E1027.24477
G0 F7200 X123.983 Y81.736
G0 X124.946 Y79.945
G1 F6300 X125.748 Y79.73 E1027.3195
G0 F7200 X125.587 Y79.693
G0 X125.087 Y78.178
G1 F6300 X125.34 Y77.234 E1027.40746
G0 F7200 X125.22 Y77.354
G0 X119.927 Y72.061
G0 X120.048 Y71.94
G1 F6300 X119.311 Y72.137 E1027.47612
G0 F7200 X118.777 Y72.28
G1 F6300 X112.777 Y73.888 E1028.03517
G0 F7200 X116.108 Y76.916
G1 F6300 X117.652 Y71.155 E1028.57196
G0 F7200 X117.795 Y70.62
G1 F6300 X117.992 Y69.886 E1028.64036
G0 F7200 X117.872 Y70.006
G0 X115.968 Y77.439
G1 F6300 X115.775 Y78.157 E1028.70728
G10
G0 F7200 X115.889 Y78.033
G0 X110.446 Y63.272
G11
G1 F6300 X110.643 Y62.537 E1028.77576
G0 F7200 X110.523 Y62.657
G0 X105.229 Y57.363
G0 X105.35 Y57.243
G1 F6300 X104.614 Y57.44 E1028.84433
G0 F7200 X104.08 Y57.583
G1 F6300 X81.161 Y63.724 E1030.9798
G0 F7200 X80.68 Y63.853
G1 F6300 X80.021 Y64.03 E1031.04122
G0 F7200 X80.193 Y64.03
G0 X80.193 Y67.292
G0 X80.02 Y67.292
G1 F6300 X80.68 Y67.952 E1031.12522
G0 F7200 X81.16 Y68.249
G1 F6300 X84.361 Y56.304 E1032.2382
G0 F7200 X84.49 Y55.824
G1 F6300 X84.667 Y55.163 E1032.29979
G10
G0 F7200 X84.667 Y55.336
G0 X96.136 Y69.029
G11
G1 F6300 X97.572 Y68.644 E1032.43359
G0 F7200 X97.475 Y68.507
G0 X96.792 Y69.177
G0 X95.734 Y70.314
G0 X95.872 Y70.416
G1 F6300 X95.399 Y69.943 E1032.49379
G0 F7200 X97.908 Y68.273
G0 X98.73 Y67.91
G0 X99.9 Y67.566
G0 X99.933 Y67.737
G1 F6300 X100.122 Y67.031 E1032.55957
G0 F7200 X100.249 Y66.556
G1 F6300 X102.922 Y56.58 E1033.48908
G0 F7200 X103.053 Y56.09
G1 F6300 X103.233 Y55.42 E1033.55152
G0 F7200 X103.159 Y55.573
G0 X103.217 Y67.132
G1 F6300 X101.124 Y67.693 E1033.74654
G10
G0 F7200 X101.125 Y67.519
G0 X100.148 Y67.579
G0 X98.922 Y67.825
G0 X97.908 Y68.273
G0 X97.022 Y68.905
G0 X96.269 Y69.688
G0 X95.636 Y70.549
G0 X95.176 Y71.568
G0 X94.938 Y72.656
G0 X94.851 Y78.645
G0 X95.021 Y78.646
G11
G1 F6300 X94.365 Y78.821 E1033.80765
G0 F7200 X94.851 Y86.064
G0 X95.022 Y86.065
G1 F6300 X94.364 Y88.518 E1034.03622
G0 F7200 X94.364 Y88.139
G1 F6300 X95.022 Y87.963 E1034.09752
G0 F7200 X93.881 Y88.268
G1 F6300 X81.16 Y91.677 E1035.28281
G0 F7200 X80.679 Y91.806
G1 F6300 X80.02 Y91.982 E1035.3442
G0 F7200 X80.02 Y92.748
G1 F6300 X80.68 Y93.408 E1035.4282
G0 F7200 X81.16 Y93.888
G1 F6300 X93.881 Y106.609 E1037.04732
G1 X93.88 Y106.904
G1 X81.16 Y110.312 E1038.2325
G0 F7200 X80.679 Y110.441
G1 F6300 X80.021 Y110.617 E1038.2938
G0 F7200 X80.193 Y110.617
G0 X80.193 Y107.277
G0 X80.02 Y107.277
G1 F6300 X80.68 Y104.816 E1038.52312
G0 F7200 X80.02 Y105.476
G1 F6300 X80.68 Y106.136 E1038.60712
G0 F7200 X81.16 Y106.615
G1 F6300 X139.228 Y164.684 E1045.99803
G1 X139.16 Y164.753
G1 X140.575 Y159.472 E1046.49009
G1 X140.688 Y159.584
G1 X130.905 Y162.205 E1047.40161
G0 F7200 X130.598 Y161.931
G1 F6300 X133.218 Y152.153 E1048.31267
G1 X133.311 Y152.243
G1 X122.869 Y155.041 E1049.28561
G1 X123.077 Y155.226
G1 X125.862 Y144.833 E1050.25398
G1 X125.935 Y144.902
G1 X114.834 Y147.877 E1051.28832
G0 F7200 X114.279 Y148.025
G1 F6300 X113.517 Y148.23 E1051.35934
G0 F7200 X113.629 Y148.105
G0 X115.557 Y148.52
G1 F6300 X118.506 Y137.512 E1052.385
G1 X118.557 Y137.561
G1 X106.799 Y140.712 E1053.48056
G0 F7200 X106.244 Y140.861
G1 F6300 X105.481 Y141.065 E1053.55164
G0 F7200 X105.593 Y140.941
G0 X108.036 Y141.814
G1 F6300 X111.15 Y130.192 E1054.63452
G1 X111.18 Y130.221
G1 X98.764 Y133.548 E1055.79138
G0 F7200 X98.208 Y133.697
G1 F6300 X97.445 Y133.901 E1055.86246
G0 F7200 X97.557 Y133.776
G0 X100.515 Y135.108
G1 F6300 X103.794 Y122.872 E1057.00256
G1 X103.803 Y122.88
G1 X90.729 Y126.383 E1058.22072
G0 F7200 X90.172 Y126.532
G1 F6300 X89.41 Y126.736 E1058.29172
G0 F7200 X89.521 Y126.612
G0 X92.995 Y128.402
G1 F6300 X96.438 Y115.552 E1059.48901
G1 X96.425 Y115.539
G1 X82.694 Y119.219 E1060.76841
G0 F7200 X82.136 Y119.368
G1 F6300 X81.374 Y119.572 E1060.83941
G1 X81.488 Y119.671
G1 X80.612 Y118.795 E1060.9509
G0 F7200 X80.747 Y118.696
G0 X85.474 Y121.697
G1 F6300 X93.882 Y90.318 E1063.87464
G10
G0 F7200 X94.851 Y106.596
G0 X95.025 Y106.597
G11
G1 F6300 X94.365 Y106.774 E1063.93614
G0 F7200 X94.363 Y107.091
G1 F6300 X95.027 Y107.755 E1064.02065
G0 F7200 X94.851 Y107.754
G0 X94.911 Y110.798
G0 X95.199 Y112.112
G0 X95.701 Y113.163
G0 X96.658 Y114.401
G0 X96.778 Y114.282
G1 F6300 X96.581 Y115.02 E1064.0894
G0 F7200 X96.958 Y115.397
G1 F6300 X97.7 Y115.198 E1064.15854
G0 F7200 X97.579 Y115.318
G0 X104.014 Y121.721
G0 X104.135 Y121.601
G1 F6300 X103.937 Y122.339 E1064.22731
G0 F7200 X104.336 Y122.737
G1 F6300 X105.078 Y122.538 E1064.29645
G0 F7200 X104.957 Y122.659
G0 X111.371 Y129.041
G0 X111.491 Y128.922
G1 F6300 X111.293 Y129.659 E1064.36513
G0 F7200 X111.713 Y130.078
G1 F6300 X112.455 Y129.879 E1064.43427
G0 F7200 X112.334 Y129.999
G0 X118.727 Y136.36
G0 X118.847 Y136.241
G1 F6300 X118.649 Y136.978 E1064.50295
G0 F7200 X119.09 Y137.419
G1 F6300 X119.831 Y137.22 E1064.572
G0 F7200 X119.711 Y137.339
G0 X126.084 Y143.68
G0 X126.203 Y143.561
G1 F6300 X126.006 Y144.297 E1064.64057
G0 F7200 X126.469 Y144.759
G1 F6300 X127.209 Y144.561 E1064.70952
G0 F7200 X127.089 Y144.68
G0 X133.44 Y150.999
G0 X133.559 Y150.881
G1 F6300 X133.362 Y151.617 E1064.77809
G0 F7200 X133.846 Y152.1
G1 F6300 X134.586 Y151.902 E1064.84703
G0 F7200 X134.466 Y152.021
G0 X140.796 Y158.319
G0 X140.915 Y158.201
G1 F6300 X140.718 Y158.936 E1064.91552
G0 F7200 X141.223 Y159.441
G1 F6300 X141.963 Y159.242 E1064.98448
G0 F7200 X141.843 Y159.361
G0 X139.568 Y165.024
G1 F6300 X140.035 Y165.491 E1065.04392
G0 F7200 X138.909 Y165.687
G1 F6300 X138.566 Y166.969 E1065.16336
G0 F7200 X138.448 Y166.85
G0 X130.38 Y163.04
G0 X130.268 Y163.164
G1 F6300 X130.458 Y162.453 E1065.2296
G1 X130.35 Y162.354
G1 X129.588 Y162.558 E1065.30059
G0 F7200 X129.7 Y162.434
G0 X122.858 Y156.334
G0 X122.747 Y156.458
G1 F6300 X122.938 Y155.747 E1065.36685
G0 F7200 X122.314 Y155.19
G1 F6300 X121.552 Y155.394 E1065.43784
G0 F7200 X121.664 Y155.269
G0 X115.337 Y149.628
G0 X115.226 Y149.752
G1 F6300 X115.417 Y149.042 E1065.50402
G0 F7200 X107.817 Y142.924
G0 X107.706 Y143.047
G1 F6300 X107.896 Y142.336 E1065.57025
G0 F7200 X100.296 Y136.218
G0 X100.185 Y136.341
G1 F6300 X100.375 Y135.631 E1065.6364
G0 F7200 X92.775 Y129.513
G0 X92.664 Y129.636
G1 F6300 X92.855 Y128.925 E1065.70266
G0 F7200 X85.254 Y122.807
G0 X85.143 Y122.93
G1 F6300 X85.334 Y122.22 E1065.76883
G10
G0 F7200 X80.68 Y80.68
G11
G1 F6300 X80.02 Y80.02 E1065.85284
G0 F7200 X79.18 Y80.02
;TYPE:WALL-OUTER
G1 F2880 X79.18 Y117.373 E1069.21461
G1 X79.36 Y118.247 E1069.29492
G1 X79.665 Y118.931 E1069.36232
G1 X80.199 Y119.648 E1069.44278
G1 X134.359 Y167.938 E1075.97335
G1 X135.218 Y168.415 E1076.06178
G1 X136.032 Y168.633 E1076.13762
G1 X136.869 Y168.659 E1076.21299
G1 X137.688 Y168.489 E1076.28827
G1 X138.711 Y168.013 E1076.38982
G1 X143.147 Y163.556 E1076.95577
G1 X143.615 Y162.576 E1077.05351
G1 X143.792 Y161.805 E1077.1247
G1 X143.792 Y160.99 E1077.19805
G1 X143.614 Y160.212 E1077.26988
G1 X143.143 Y159.233 E1077.36766
G1 X96.912 Y113.227 E1083.2376
G1 X96.517 Y112.669 E1083.29913
G1 X96.095 Y111.784 E1083.38737
G1 X95.861 Y110.692 E1083.48789
G1 X95.861 Y72.876 E1086.89133
G1 X96.077 Y71.867 E1086.98419
G1 X96.477 Y71.002 E1087.06996
G1 X96.981 Y70.314 E1087.14672
G1 X97.647 Y69.625 E1087.23296
G1 X98.379 Y69.099 E1087.31409
G1 X99.213 Y68.733 E1087.39606
G1 X100.238 Y68.529 E1087.49012
G1 X102.571 Y68.529 E1087.70009
G1 X103.721 Y68.769 E1087.80582
G1 X103.745 Y68.817 E1087.81065
G1 X104.453 Y69.125 E1087.88014
G1 X105.173 Y69.649 E1087.96028
G1 X119.942 Y83.084 E1089.75718
G1 X120.903 Y83.503 E1089.85153
G1 X121.67 Y83.655 E1089.92191
G1 X122.449 Y83.636 E1089.99204
G1 X123.206 Y83.455 E1090.06209
G1 X124.155 Y82.992 E1090.15712
G1 X126.048 Y81.095 E1090.39831
G1 X126.523 Y80.115 E1090.49633
G1 X126.7 Y79.341 E1090.56779
G1 X126.703 Y78.525 E1090.64123
G1 X126.53 Y77.751 E1090.71261
G1 X126.055 Y76.76 E1090.81151
G1 X104.656 Y55.361 E1093.53516
G1 X104.047 Y54.88 E1093.605
G1 X103.32 Y54.53 E1093.67762
G1 X102.402 Y54.324 E1093.7623
G1 X82.243 Y54.324 E1095.57661
G1 X81.223 Y54.681 E1095.67387
G1 X80.552 Y55.101 E1095.74511
G1 X79.968 Y55.681 E1095.81919
G1 X79.54 Y56.364 E1095.89173
G1 X79.18 Y57.384 E1095.98908
G1 X79.18 Y80.02 E1098.02632
G0 F7200 X79.18 Y80.32
G0 X79.78 Y80.02
;TYPE:WALL-INNER
G1 F4620 X79.78 Y117.312 E1101.3826
G1 X79.934 Y118.062 E1101.45151
G1 X80.186 Y118.626 E1101.5071
G1 X80.644 Y119.241 E1101.57612
G1 X134.709 Y167.446 E1108.09522
G1 X135.445 Y167.855 E1108.171
G1 X136.12 Y168.035 E1108.23387
G1 X136.817 Y168.057 E1108.29663
G1 X137.498 Y167.916 E1108.35922
G1 X138.362 Y167.513 E1108.44502
G1 X142.649 Y163.205 E1108.99201
G1 X143.045 Y162.377 E1109.07461
G1 X143.192 Y161.737 E1109.13371
G1 X143.192 Y161.058 E1109.19482
G1 X143.044 Y160.411 E1109.25456
G1 X142.647 Y159.586 E1109.33695
G1 X96.461 Y113.622 E1115.20136
G1 X96 Y112.973 E1115.27301
G1 X95.53 Y112.004 E1115.36993
G1 X95.26 Y110.756 E1115.48485
G1 X95.26 Y72.811 E1118.8999
G1 X95.509 Y71.68 E1119.00413
G1 X95.943 Y70.724 E1119.09862
G1 X96.51 Y69.943 E1119.18548
G1 X97.254 Y69.171 E1119.28198
G1 X98.081 Y68.578 E1119.37356
G1 X99.033 Y68.161 E1119.4671
G1 X100.179 Y67.932 E1119.57228
G1 X102.631 Y67.932 E1119.79296
G1 X103.853 Y68.18 E1119.90518
G1 X104.035 Y68.289 E1119.92428
G1 X104.756 Y68.602 E1119.99502
G1 X105.602 Y69.226 E1120.08963
G1 X120.272 Y82.574 E1121.87467
G1 X121.083 Y82.927 E1121.95427
G1 X121.722 Y83.053 E1122.01289
G1 X122.371 Y83.038 E1122.07131
G1 X123.002 Y82.887 E1122.12971
G1 X123.801 Y82.497 E1122.20973
G1 X125.552 Y80.743 E1122.43278
G1 X125.953 Y79.915 E1122.51558
G1 X126.1 Y79.272 E1122.57495
G1 X126.103 Y78.59 E1122.63633
G1 X125.96 Y77.949 E1122.69544
G1 X125.558 Y77.112 E1122.779
G1 X104.256 Y55.81 E1125.4903
G1 X103.727 Y55.392 E1125.55098
G1 X103.122 Y55.1 E1125.61144
G1 X102.336 Y54.924 E1125.68394
G1 X82.345 Y54.924 E1127.48313
G1 X81.485 Y55.225 E1127.56513
G1 X80.927 Y55.574 E1127.62436
G1 X80.44 Y56.058 E1127.68616
G1 X80.084 Y56.626 E1127.74649
G1 X79.78 Y57.487 E1127.82867
G1 X79.78 Y80.02 E1129.85664
G0 F7200 X80.693 Y80.02
G10
;MESH:NONMESH
G0 F600 X80.693 Y80.02 Z8.65
G0 F7200 X81.338 Y57.01
;TIME_ELAPSED:2553.059326
;LAYER:55
;TYPE:FILL
;MESH:porte-manteau.stl
G11
G1 F6300 X81.056 Y57.815 E1129.9334
G1 X81.056 Y117.249 E1135.28246
G1 X81.129 Y117.596 E1135.31438
G1 X81.561 Y118.352 E1135.39274
G1 X135.318 Y166.283 E1141.87474
G1 X135.911 Y166.69 E1141.93947
G1 X136.606 Y166.802 E1142.00283
G1 X137.095 Y166.692 E1142.04794
G1 X137.728 Y166.338 E1142.11321
G1 X141.528 Y162.515 E1142.59834
G1 X141.806 Y162.079 E1142.64488
G1 X141.919 Y161.558 E1142.69286
G1 X141.825 Y160.829 E1142.75901
G1 X141.483 Y160.224 E1142.82156
G1 X95.766 Y114.737 E1148.62576
G1 X95.009 Y113.789 E1148.73495
G1 X94.512 Y112.884 E1148.82787
G1 X94.126 Y111.706 E1148.93944
G1 X93.987 Y110.83 E1149.01926
G1 X93.99 Y72.443 E1152.47409
G1 X94.366 Y71.087 E1152.60074
G1 X94.867 Y70.028 E1152.70618
G1 X95.391 Y69.26 E1152.78985
G1 X96.565 Y68.04 E1152.94223
G1 X97.655 Y67.353 E1153.05819
G1 X98.743 Y66.913 E1153.16382
G1 X100.072 Y66.66 E1153.28558
G1 X103.041 Y66.652 E1153.55279
G1 X104.377 Y67.022 E1153.67755
G1 X105.829 Y67.714 E1153.82231
G1 X120.907 Y81.416 E1155.65595
G1 X121.356 Y81.679 E1155.70279
G1 X121.866 Y81.779 E1155.74956
G1 X122.555 Y81.672 E1155.81231
G1 X123.164 Y81.327 E1155.87531
G1 X124.424 Y80.063 E1156.03593
G1 X124.714 Y79.607 E1156.08457
G1 X124.822 Y79.12 E1156.12947
G1 X124.784 Y78.537 E1156.18205
G1 X124.423 Y77.776 E1156.25785
G1 X103.429 Y56.782 E1158.92995
G1 X102.727 Y56.32 E1159.00559
G1 X102.213 Y56.2 E1159.05309
G1 X82.675 Y56.2 E1160.81151
G1 X81.85 Y56.485 E1160.89007
G1 X81.338 Y57.01 E1160.95607
G0 F7200 X81.732 Y56.276
G1 F6300 X81.263 Y55.807 E1161.01576
G0 F7200 X82.106 Y56.651
G1 F6300 X94.943 Y69.487 E1162.64958
G1 X95.056 Y69.319
G1 X81.296 Y73.006 E1163.93167
G0 F7200 X80.815 Y73.134
G1 F6300 X80.157 Y73.311 E1163.99299
G0 F7200 X80.328 Y73.311
G0 X80.328 Y71.997
G0 X80.156 Y71.997
G1 F6300 X80.815 Y69.536 E1164.22228
G0 F7200 X81.296 Y68.568
G1 F6300 X93.748 Y81.02 E1165.80717
G0 F7200 X94.228 Y81.5
G1 F6300 X94.885 Y82.157 E1165.89079
G0 F7200 X94.716 Y82.156
G0 X94.228 Y78.858
G1 F6300 X94.885 Y78.682 E1165.952
G0 F7200 X93.747 Y78.987
G1 F6300 X81.297 Y82.323 E1167.11203
G0 F7200 X80.816 Y82.452
G1 F6300 X80.156 Y82.629 E1167.17353
G0 F7200 X80.328 Y82.629
G0 X81.296 Y81.296
G1 F6300 X93.746 Y93.746 E1168.75816
G0 F7200 X94.227 Y94.227
G1 F6300 X94.887 Y94.887 E1168.84216
G0 F7200 X94.716 Y94.886
G0 X94.716 Y97.315
G0 X94.888 Y97.316
G1 F6300 X94.228 Y97.493 E1168.90366
G0 F7200 X93.745 Y97.622
G1 F6300 X81.296 Y100.958 E1170.0636
G0 F7200 X80.816 Y101.087
G1 F6300 X80.156 Y101.264 E1170.1251
G0 F7200 X80.328 Y101.264
G0 X81.296 Y102.515
G1 F6300 X93.642 Y56.44 E1174.41814
G0 F7200 X93.771 Y55.96
G1 F6300 X93.947 Y55.301 E1174.47952
G0 F7200 X93.485 Y55.301
G1 F6300 X94.143 Y55.96 E1174.56334
G0 F7200 X94.624 Y56.44
G1 F6300 X105.442 Y67.259 E1175.94031
G0 F7200 X104.465 Y66.798
G1 F6300 X111.28 Y64.972 E1176.57529
G0 F7200 X111.812 Y64.829
G1 F6300 X112.548 Y64.632 E1176.64387
G0 F7200 X112.427 Y64.753
G0 X110.263 Y63.956
G1 F6300 X108.655 Y69.959 E1177.20318
G0 F7200 X108.515 Y70.48
G1 F6300 X108.323 Y71.195 E1177.26981
G0 F7200 X108.437 Y71.072
G0 X110.151 Y71.967
G1 F6300 X119.991 Y81.807 E1178.52224
G0 F7200 X119.535 Y81.394
G1 F6300 X120.296 Y81.191 E1178.59312
G0 F7200 X120.852 Y81.042
G1 F6300 X123.93 Y80.217 E1178.87992
G0 F7200 X124.514 Y80.317
G1 F6300 X124.171 Y81.596 E1178.9991
G0 F7200 X124.051 Y81.476
G0 X124.756 Y79.995
G1 F6300 X125.583 Y79.774 E1179.07614
G0 F7200 X125.427 Y79.718
G0 X125.013 Y78.454
G1 F6300 X125.292 Y77.416 E1179.17288
G0 F7200 X125.138 Y77.489
G0 X119.775 Y72.101
G0 X119.896 Y71.98
G1 F6300 X119.16 Y72.177 E1179.24145
G0 F7200 X118.628 Y72.32
G1 F6300 X112.933 Y73.846 E1179.77208
G0 F7200 X112.381 Y73.994
G1 F6300 X111.623 Y74.197 E1179.84271
G0 F7200 X111.737 Y74.073
G0 X116.148 Y76.767
G1 F6300 X117.611 Y71.305 E1180.35161
G0 F7200 X117.755 Y70.771
G1 F6300 X117.951 Y70.037 E1180.41999
G0 F7200 X117.831 Y70.157
G0 X116.007 Y77.293
G1 F6300 X115.815 Y78.009 E1180.4867
G10
G0 F7200 X115.929 Y77.886
G0 X110.406 Y63.422
G11
G1 F6300 X110.603 Y62.688 E1180.5551
G0 F7200 X110.482 Y62.808
G0 X105.078 Y57.404
G0 X105.199 Y57.283
G1 F6300 X104.464 Y57.48 E1180.62359
G0 F7200 X103.931 Y57.623
G1 F6300 X81.297 Y63.688 E1182.73251
G0 F7200 X80.816 Y63.817
G1 F6300 X80.156 Y63.994 E1182.79401
G0 F7200 X80.328 Y63.994
G0 X80.328 Y67.428
G0 X80.156 Y67.428
G1 F6300 X80.816 Y68.088 E1182.87802
G0 F7200 X81.296 Y67.742
G1 F6300 X84.325 Y56.44 E1183.93109
G0 F7200 X84.453 Y55.961
G1 F6300 X84.63 Y55.3 E1183.99268
G10
G0 F7200 X84.63 Y55.471
G0 X95.887 Y69.096
G11
G1 F6300 X97.218 Y68.739 E1184.1167
G0 F7200 X97.12 Y68.601
G0 X95.631 Y70.21
G0 X95.739 Y70.283
G1 F6300 X95.29 Y69.835 E1184.17379
G0 F7200 X97.868 Y68.14
G0 X98.707 Y67.776
G0 X99.938 Y67.422
G0 X99.971 Y67.592
G1 F6300 X100.158 Y66.896 E1184.23865
G0 F7200 X100.286 Y66.416
G1 F6300 X102.887 Y56.712 E1185.14284
G0 F7200 X103.017 Y56.224
G1 F6300 X103.199 Y55.548 E1185.20584
G0 F7200 X103.143 Y55.706
G0 X103.549 Y67.043
G1 F6300 X101.629 Y67.557 E1185.38473
G10
G0 F7200 X101.63 Y67.384
G0 X100.142 Y67.444
G0 X98.903 Y67.691
G0 X97.868 Y68.14
G0 X96.906 Y68.828
G0 X95.975 Y69.799
G0 X95.514 Y70.497
G0 X94.92 Y71.798
G0 X94.804 Y72.923
G0 X94.716 Y86.568
G0 X94.886 Y86.569
G11
G1 F6300 X94.227 Y89.028 E1185.61385
G0 F7200 X94.228 Y88.175
G1 F6300 X94.886 Y87.999 E1185.67515
G0 F7200 X93.745 Y88.305
G1 F6300 X81.296 Y91.641 E1186.83509
G0 F7200 X80.815 Y91.769
G1 F6300 X80.157 Y91.946 E1186.89642
G0 F7200 X80.156 Y92.884
G1 F6300 X80.816 Y93.544 E1186.98042
G0 F7200 X81.296 Y94.024
G1 F6300 X93.745 Y106.473 E1188.56492
G0 F7200 X93.744 Y106.94
G1 F6300 X81.297 Y110.275 E1189.72466
G0 F7200 X80.815 Y110.404
G1 F6300 X80.157 Y110.581 E1189.78599
G0 F7200 X80.328 Y110.581
G0 X80.328 Y106.769
G0 X80.156 Y106.769
G1 F6300 X80.816 Y104.308 E1190.01531
G0 F7200 X80.328 Y105.612
G0 X80.156 Y105.612
G1 F6300 X80.816 Y106.272 E1190.09931
G0 F7200 X81.296 Y106.752
G1 F6300 X139.13 Y164.586 E1197.46038
G1 X139.231 Y164.485
G1 X140.535 Y159.62 E1197.91368
G1 X140.54 Y159.624
G1 X131.06 Y162.164 E1198.79698
G0 F7200 X130.637 Y161.786
G1 F6300 X133.179 Y152.301 E1199.68075
G1 X133.162 Y152.283
G1 X123.024 Y155 E1200.62537
G1 X123.116 Y155.08
G1 X125.822 Y144.981 E1201.56634
G1 X125.785 Y144.942
G1 X114.989 Y147.835 E1202.57226
G0 F7200 X114.433 Y147.984
G1 F6300 X113.67 Y148.188 E1202.64335
G0 F7200 X113.783 Y148.063
G0 X115.456 Y148.898
G1 F6300 X115.265 Y149.609 E1202.7096
G0 F7200 X115.377 Y149.484
G0 X115.596 Y148.375
G1 F6300 X118.466 Y137.661 E1203.70786
G1 X118.408 Y137.602
G1 X106.953 Y140.671 E1204.77517
G0 F7200 X106.398 Y140.819
G1 F6300 X105.635 Y141.024 E1204.84628
G0 F7200 X105.747 Y140.899
G0 X108.075 Y141.669
G1 F6300 X111.11 Y130.342 E1205.90167
G1 X111.03 Y130.261
G1 X98.918 Y133.506 E1207.03019
G0 F7200 X98.362 Y133.655
G1 F6300 X97.599 Y133.86 E1207.1013
G0 F7200 X97.712 Y133.735
G0 X100.554 Y134.964
G1 F6300 X103.754 Y123.022 E1208.21399
G1 X103.653 Y122.92
G1 X90.882 Y126.342 E1209.40393
G0 F7200 X90.327 Y126.491
G1 F6300 X89.563 Y126.695 E1209.4751
G0 F7200 X89.675 Y126.57
G0 X93.033 Y128.258
G1 F6300 X96.398 Y115.703 E1210.64493
G1 X96.276 Y115.579
G1 X82.846 Y119.178 E1211.89628
G0 F7200 X82.291 Y119.326
G1 F6300 X81.527 Y119.531 E1211.96747
G0 F7200 X81.639 Y119.406
G0 X85.513 Y121.553
G1 F6300 X93.746 Y90.825 E1214.83054
G10
G0 F7200 X94.716 Y106.632
G0 X94.889 Y106.633
G11
G1 F6300 X94.227 Y106.811 E1214.89223
G1 X94.227 Y106.955
G1 X94.889 Y107.617 E1214.97649
G0 F7200 X94.716 Y107.616
G0 X94.776 Y110.801
G0 X95.057 Y112.104
G0 X95.355 Y112.816
G0 X95.936 Y113.714
G0 X96.619 Y114.552
G0 X96.738 Y114.433
G1 F6300 X96.54 Y115.17 E1215.04517
G0 F7200 X96.807 Y115.437
G1 F6300 X97.549 Y115.238 E1215.11431
G0 F7200 X97.429 Y115.358
G0 X103.975 Y121.871
G0 X104.094 Y121.753
G1 F6300 X103.897 Y122.489 E1215.18288
G0 F7200 X104.185 Y122.777
G1 F6300 X104.926 Y122.579 E1215.25191
G0 F7200 X104.806 Y122.698
G0 X111.331 Y129.191
G0 X111.45 Y129.072
G1 F6300 X111.253 Y129.808 E1215.32049
G0 F7200 X111.563 Y130.118
G1 F6300 X112.302 Y129.92 E1215.38934
G0 F7200 X112.183 Y130.038
G0 X118.688 Y136.511
G0 X118.806 Y136.393
G1 F6300 X118.609 Y137.127 E1215.45774
G0 F7200 X118.941 Y137.459
G1 F6300 X119.68 Y137.261 E1215.5266
G0 F7200 X119.561 Y137.38
G0 X126.043 Y143.83
G0 X126.162 Y143.712
G1 F6300 X125.966 Y144.446 E1215.59497
G0 F7200 X126.319 Y144.799
G1 F6300 X127.057 Y144.601 E1215.66374
G0 F7200 X126.938 Y144.72
G0 X133.4 Y151.15
G0 X133.518 Y151.032
G1 F6300 X133.322 Y151.766 E1215.73211
G0 F7200 X133.697 Y152.14
G1 F6300 X134.434 Y151.942 E1215.8008
G0 F7200 X134.315 Y152.06
G0 X140.756 Y158.47
G0 X140.875 Y158.352
G1 F6300 X140.678 Y159.085 E1215.86911
G0 F7200 X141.076 Y159.48
G1 F6300 X141.812 Y159.283 E1215.93768
G0 F7200 X141.693 Y159.401
G0 X139.471 Y164.927
G1 F6300 X139.939 Y165.395 E1215.99724
G0 F7200 X138.98 Y165.421
G1 F6300 X138.637 Y166.704 E1216.11677
G0 F7200 X138.52 Y166.586
G0 X130.419 Y162.894
G0 X130.307 Y163.019
G1 F6300 X130.497 Y162.309 E1216.18292
G1 X130.504 Y162.313
G1 X129.742 Y162.517 E1216.25391
G0 F7200 X129.855 Y162.391
G0 X122.898 Y156.189
G0 X122.786 Y156.314
G1 F6300 X122.976 Y155.603 E1216.32015
G0 F7200 X122.469 Y155.148
G1 F6300 X121.706 Y155.353 E1216.39125
G10
G0 F7200 X121.819 Y155.227
G0 X107.856 Y142.779
G0 X107.744 Y142.904
G11
G1 F6300 X107.935 Y142.192 E1216.4576
G0 F7200 X100.336 Y136.074
G0 X100.224 Y136.198
G1 F6300 X100.414 Y135.487 E1216.52384
G0 F7200 X92.815 Y129.369
G0 X92.703 Y129.493
G1 F6300 X92.893 Y128.781 E1216.59016
G0 F7200 X85.294 Y122.664
G0 X85.182 Y122.788
G1 F6300 X85.372 Y122.076 E1216.65648
G10
G0 F7200 X80.816 Y80.816
G11
G1 F6300 X80.156 Y80.156 E1216.74048
G0 F7200 X79.316 Y80.156
;TYPE:WALL-OUTER
G1 F2880 X79.316 Y117.604 E1220.1108
G1 X79.62 Y118.549 E1220.20015
G1 X80.104 Y119.388 E1220.28732
G1 X134.474 Y167.861 E1226.84296
G1 X135.25 Y168.284 E1226.9225
G1 X136.239 Y168.556 E1227.01482
G1 X137.278 Y168.46 E1227.10872
G1 X138.003 Y168.222 E1227.1774
G1 X138.819 Y167.711 E1227.26405
G1 X142.835 Y163.676 E1227.77642
G1 X143.137 Y163.261 E1227.82261
G1 X143.567 Y162.367 E1227.91189
G1 X143.678 Y161.411 E1227.99851
G1 X143.567 Y160.425 E1228.08781
G1 X143.031 Y159.313 E1228.19891
G1 X96.808 Y113.315 E1234.06784
G1 X96.198 Y112.373 E1234.16884
G1 X95.97 Y111.833 E1234.22159
G1 X95.725 Y110.696 E1234.32627
G1 X95.725 Y73.208 E1237.70019
G1 X95.85 Y72.048 E1237.8052
G1 X96.506 Y70.615 E1237.94704
G1 X97.531 Y69.545 E1238.08039
G1 X98.334 Y68.969 E1238.16933
G1 X99.194 Y68.597 E1238.25367
G1 X100.23 Y68.393 E1238.3487
G1 X102.555 Y68.393 E1238.55795
G1 X103.678 Y68.626 E1238.66117
G1 X104.558 Y69.034 E1238.74847
G1 X105.286 Y69.57 E1238.82983
G1 X120.01 Y82.961 E1240.62107
G1 X120.94 Y83.372 E1240.71258
G1 X121.66 Y83.515 E1240.77864
G1 X122.425 Y83.504 E1240.8475
G1 X123.177 Y83.32 E1240.91718
G1 X124.071 Y82.884 E1241.00669
G1 X125.756 Y81.199 E1241.22116
G1 X126.24 Y80.439 E1241.30225
G1 X126.501 Y79.699 E1241.37287
G1 X126.615 Y78.741 E1241.4597
G1 X126.395 Y77.772 E1241.54913
G1 X125.951 Y76.848 E1241.64139
G1 X104.56 Y55.457 E1244.36402
G1 X103.836 Y54.882 E1244.44723
G1 X102.655 Y54.461 E1244.56008
G1 X82.494 Y54.46 E1246.37457
G1 X81.656 Y54.65 E1246.4519
G1 X80.933 Y54.996 E1246.52404
G1 X80.187 Y55.588 E1246.60975
G1 X79.66 Y56.428 E1246.699
G1 X79.316 Y57.4 E1246.79179
G1 X79.316 Y80.156 E1248.83983
G0 F7200 X79.316 Y80.456
G0 X79.916 Y80.156
;TYPE:WALL-INNER
G1 F4620 X79.916 Y117.51 E1252.20169
G1 X80.172 Y118.305 E1252.27686
G1 X80.576 Y119.004 E1252.34952
G1 X134.822 Y167.367 E1258.89024
G1 X135.476 Y167.724 E1258.9573
G1 X136.293 Y167.948 E1259.03355
G1 X137.156 Y167.869 E1259.11154
G1 X137.747 Y167.675 E1259.16752
G1 X138.443 Y167.239 E1259.24144
G1 X142.536 Y163.126 E1259.76367
G1 X142.983 Y162.198 E1259.85637
G1 X143.074 Y161.41 E1259.92776
G1 X142.982 Y160.593 E1260.00176
G1 X142.535 Y159.666 E1260.09438
G1 X96.337 Y113.695 E1265.96
G1 X95.668 Y112.653 E1266.07144
G1 X95.388 Y111.995 E1266.1358
G1 X95.124 Y110.759 E1266.24955
G1 X95.128 Y73.146 E1269.63472
G1 X95.263 Y71.885 E1269.74886
G1 X96.008 Y70.269 E1269.90901
G1 X97.137 Y69.092 E1270.05579
G1 X98.036 Y68.444 E1270.15553
G1 X99.015 Y68.024 E1270.25141
G1 X100.172 Y67.796 E1270.35754
G1 X102.615 Y67.796 E1270.57741
G1 X103.864 Y68.056 E1270.69223
G1 X104.835 Y68.493 E1270.78806
G1 X105.69 Y69.126 E1270.88381
G1 X120.342 Y82.452 E1272.66631
G1 X121.122 Y82.796 E1272.74304
G1 X121.715 Y82.914 E1272.79745
G1 X122.348 Y82.905 E1272.85443
G1 X122.972 Y82.752 E1272.91225
G1 X123.718 Y82.389 E1272.98692
G1 X125.286 Y80.821 E1273.18649
G1 X125.697 Y80.175 E1273.2554
G1 X125.913 Y79.562 E1273.3139
G1 X126.007 Y78.773 E1273.38541
G1 X125.825 Y77.971 E1273.45943
G1 X125.455 Y77.2 E1273.53639
G1 X104.16 Y55.905 E1276.2468
G1 X103.541 Y55.414 E1276.31791
G1 X102.553 Y55.061 E1276.41234
G1 X82.561 Y55.06 E1278.21162
G1 X81.854 Y55.22 E1278.27686
G1 X81.253 Y55.508 E1278.33684
G1 X80.641 Y55.994 E1278.40717
G1 X80.204 Y56.69 E1278.48113
G1 X79.916 Y57.503 E1278.55876
G1 X79.916 Y80.156 E1280.59753
G0 F7200 X80.828 Y80.156
G10
;MESH:NONMESH
G0 F600 X80.828 Y80.156 Z8.8
G0 F7200 X81.353 Y56.494
;TIME_ELAPSED:2584.215919
;LAYER:56
;TYPE:FILL
;MESH:porte-manteau.stl
G11
G1 F6300 X80.922 Y57.173 E1280.66991
G1 X80.784 Y57.786 E1280.72646
G1 X80.784 Y117.243 E1286.07759
G1 X81.091 Y118.173 E1286.16573
G1 X81.344 Y118.521 E1286.20446
G1 X135.444 Y166.756 E1292.7277
G1 X136.474 Y167.051 E1292.82413
G1 X137.365 Y166.879 E1292.9058
G1 X137.892 Y166.555 E1292.96148
G1 X141.728 Y162.699 E1293.451
G1 X142.149 Y161.824 E1293.53839
G1 X142.212 Y161.292 E1293.5866
G1 X142.082 Y160.712 E1293.6401
G1 X141.828 Y160.189 E1293.69242
G1 X95.439 Y114.032 E1299.58203
G1 X94.78 Y112.815 E1299.70659
G1 X94.391 Y111.637 E1299.81824
G1 X94.259 Y110.833 E1299.89157
G1 X94.261 Y72.784 E1303.31598
G1 X94.575 Y71.288 E1303.45355
G1 X95.102 Y70.17 E1303.56479
G1 X95.784 Y69.235 E1303.66895
G1 X96.763 Y68.22 E1303.79587
G1 X98.208 Y67.388 E1303.94593
G1 X99.727 Y66.931 E1304.0887
G1 X102.755 Y66.934 E1304.36122
G1 X104.202 Y67.241 E1304.49435
G1 X105.283 Y67.743 E1304.60162
G1 X106.253 Y68.464 E1304.71039
G1 X120.738 Y81.632 E1306.47221
G1 X121.271 Y81.939 E1306.52757
G1 X121.828 Y82.047 E1306.57863
G1 X122.694 Y81.921 E1306.65739
G1 X123.191 Y81.68 E1306.70711
G1 X124.632 Y80.235 E1306.89077
G1 X124.97 Y79.703 E1306.9475
G1 X125.099 Y79.133 E1307.00009
G1 X124.984 Y78.234 E1307.08166
G1 X124.739 Y77.716 E1307.13323
G1 X103.617 Y56.595 E1309.82156
G1 X102.796 Y56.057 E1309.9099
G1 X102.234 Y55.929 E1309.96178
G1 X82.638 Y55.928 E1311.72542
G1 X82.033 Y56.066 E1311.78127
G1 X81.353 Y56.494 E1311.85358
G0 F7200 X81.547 Y56.091
G1 F6300 X81.362 Y55.906 E1311.87713
G0 F7200 X81.894 Y56.438
G1 F6300 X95.151 Y69.695 E1313.56447
G0 F7200 X95.494 Y70.038
G1 F6300 X95.679 Y70.223 E1313.58801
G0 F7200 X95.511 Y69.197
G1 F6300 X81.024 Y73.079 E1314.93784
G0 F7200 X80.543 Y73.207
G1 F6300 X80.292 Y73.275 E1314.96125
G0 F7200 X80.462 Y73.275
G0 X80.462 Y71.488
G0 X80.292 Y71.488
G1 F6300 X80.544 Y70.55 E1315.04866
G0 F7200 X81.024 Y68.757
G1 F6300 X84.398 Y56.168 E1316.22166
G0 F7200 X84.526 Y55.688
G1 F6300 X84.595 Y55.432 E1316.24552
G0 F7200 X84.595 Y55.605
G0 X93.616 Y55.605
G0 X93.616 Y55.432
G1 F6300 X93.872 Y55.688 E1316.2781
G1 X93.844 Y55.688
G1 X93.912 Y55.431 E1316.30203
G0 F7200 X93.715 Y56.168
G1 F6300 X81.024 Y103.531 E1320.71507
G0 F7200 X80.544 Y105.323
G1 F6300 X80.292 Y106.263 E1320.80266
G0 F7200 X80.544 Y106
G1 F6300 X80.292 Y105.748 E1320.83474
G0 F7200 X81.024 Y106.48
G1 F6300 X139.322 Y164.778 E1328.25486
G0 F7200 X139.091 Y165.01
G1 F6300 X140.615 Y159.322 E1328.78484
G0 F7200 X140.839 Y159.544
G1 F6300 X130.747 Y162.248 E1329.72515
G1 X130.559 Y162.079
G1 X133.258 Y152.003 E1330.66396
G1 X133.461 Y152.203
G1 X122.712 Y155.083 E1331.66549
G0 F7200 X123.038 Y155.373
G1 F6300 X125.902 Y144.684 E1332.66144
G1 X126.083 Y144.862
G1 X114.676 Y147.919 E1333.7243
G0 F7200 X114.123 Y148.067
G1 F6300 X113.829 Y148.146 E1333.75169
G0 F7200 X113.94 Y148.022
G0 X115.517 Y148.668
G1 F6300 X118.546 Y137.364 E1334.80495
G1 X118.705 Y137.522
G1 X106.641 Y140.754 E1335.92899
G0 F7200 X106.087 Y140.903
G1 F6300 X105.793 Y140.982 E1335.95639
G0 F7200 X105.905 Y140.858
G0 X107.996 Y141.962
G1 F6300 X111.189 Y130.046 E1337.06667
G1 X111.327 Y130.181
G1 X98.606 Y133.59 E1338.25195
G0 F7200 X98.051 Y133.739
G1 F6300 X97.756 Y133.817 E1338.27942
G0 F7200 X97.868 Y133.693
G0 X100.476 Y135.257
G1 F6300 X103.833 Y122.727 E1339.44689
G1 X103.949 Y122.841
G1 X90.569 Y126.426 E1340.69356
G0 F7200 X90.016 Y126.574
G1 F6300 X89.72 Y126.653 E1340.72114
G0 F7200 X89.832 Y126.529
G0 X92.955 Y128.551
G1 F6300 X96.477 Y115.407 E1341.94583
G1 X96.57 Y115.5
G1 X82.534 Y119.261 E1343.25363
G0 F7200 X81.98 Y119.41
G1 F6300 X81.684 Y119.489 E1343.2812
G0 F7200 X81.796 Y119.365
G0 X85.434 Y121.845
G1 F6300 X94.02 Y89.803 E1346.26672
G0 F7200 X94.02 Y88.231
G1 F6300 X81.024 Y91.714 E1347.47764
G0 F7200 X80.543 Y91.842
G1 F6300 X80.292 Y91.91 E1347.50104
G0 F7200 X80.292 Y93.02
G1 F6300 X80.544 Y93.272 E1347.53312
G0 F7200 X81.024 Y93.752
G1 F6300 X94.017 Y106.745 E1349.18686
G1 X94.016 Y106.867
G1 X81.024 Y110.348 E1350.39738
G0 F7200 X80.543 Y110.477
G1 F6300 X80.293 Y110.544 E1350.42067
G0 F7200 X80.462 Y110.544
G0 X80.462 Y101.227
G0 X80.292 Y101.227
G1 F6300 X80.544 Y101.16 E1350.44414
G0 F7200 X81.025 Y101.031
G1 F6300 X94.018 Y97.549 E1351.65478
G0 F7200 X94.5 Y97.42
G1 F6300 X94.751 Y97.353 E1351.67816
G0 F7200 X94.582 Y97.352
G0 X94.582 Y94.751
G0 X94.752 Y94.752
G1 F6300 X94.5 Y94.5 E1351.71023
G0 F7200 X94.019 Y94.019
G1 F6300 X81.024 Y81.024 E1353.36422
G0 F7200 X80.544 Y80.544
G1 F6300 X80.292 Y80.292 E1353.3963
G0 F7200 X80.462 Y80.292
G0 X81.024 Y82.396
G1 F6300 X94.022 Y78.913 E1354.60739
G0 F7200 X94.502 Y78.785
G1 F6300 X94.756 Y78.717 E1354.63106
G0 F7200 X94.582 Y78.716
G0 X94.021 Y81.293
G1 F6300 X81.024 Y68.296 E1356.2853
G0 F7200 X80.544 Y67.816
G1 F6300 X80.292 Y67.564 E1356.31738
G0 F7200 X80.462 Y67.564
G0 X80.462 Y63.957
G0 X80.292 Y63.957
G1 F6300 X80.543 Y63.89 E1356.34076
G0 F7200 X81.024 Y63.761
G1 F6300 X104.227 Y57.544 E1358.50269
G0 F7200 X104.762 Y57.4
G1 F6300 X105.047 Y57.324 E1358.52924
G0 F7200 X104.927 Y57.443
G0 X102.957 Y56.45
G1 F6300 X100.212 Y66.693 E1359.48364
G0 F7200 X100.085 Y67.169
G1 F6300 X100.017 Y67.423 E1359.5073
G0 F7200 X100.018 Y67.25
G0 X102.125 Y67.25
G0 X102.124 Y67.425
G1 F6300 X102.912 Y67.214 E1359.58072
G0 F7200 X103.933 Y66.94
G1 F6300 X111.576 Y64.892 E1360.29286
G0 F7200 X112.111 Y64.749
G1 F6300 X112.396 Y64.672 E1360.31943
G0 F7200 X112.276 Y64.792
G0 X110.342 Y63.66
G1 F6300 X108.577 Y70.25 E1360.93343
G0 F7200 X108.436 Y70.773
G1 F6300 X108.363 Y71.047 E1360.95895
G0 F7200 X108.476 Y70.925
G0 X107.016 Y68.832
G1 F6300 X94.353 Y56.169 E1362.57069
G0 F7200 X103.087 Y55.963
G1 F6300 X103.162 Y55.684 E1362.59669
G0 F7200 X103.089 Y55.835
G0 X110.443 Y62.959
G0 X110.562 Y62.84
G1 F6300 X110.486 Y63.123 E1362.62306
G0 F7200 X117.791 Y70.307
G0 X117.911 Y70.188
G1 F6300 X117.835 Y70.47 E1362.64935
G0 F7200 X117.691 Y71.008
G1 F6300 X116.069 Y77.062 E1363.21342
G0 F7200 X115.929 Y77.585
G1 F6300 X115.855 Y77.86 E1363.23905
G0 F7200 X115.968 Y77.738
G0 X114.165 Y75.981
G1 F6300 X117.934 Y79.75 E1363.71877
G0 F7200 X118.046 Y79.628
G0 X119.808 Y81.23
G0 X119.695 Y81.352
G1 F6300 X119.987 Y81.274 E1363.74597
G0 F7200 X120.538 Y81.126
G1 F6300 X124.447 Y80.078 E1364.1102
G0 F7200 X124.673 Y79.722
G1 F6300 X124.849 Y79.067 E1364.17124
G0 F7200 X125.14 Y79.893
G1 F6300 X125.454 Y79.809 E1364.2005
G0 F7200 X125.292 Y79.773
G0 X124.374 Y80.84
G1 F6300 X124.242 Y81.334 E1364.24652
G0 F7200 X124.123 Y81.214
G0 X125.137 Y77.991
G1 F6300 X125.238 Y77.615 E1364.28156
G0 F7200 X125.086 Y77.687
G0 X119.625 Y72.141
G0 X119.745 Y72.021
G1 F6300 X119.461 Y72.097 E1364.30802
G0 F7200 X118.925 Y72.24
G1 F6300 X112.623 Y73.929 E1364.89521
G0 F7200 X112.071 Y74.077
G1 F6300 X111.781 Y74.155 E1364.92224
G10
G0 F7200 X111.894 Y74.033
G0 X105.969 Y68.726
G0 X105.102 Y68.087
G0 X104.055 Y67.604
G0 X102.665 Y67.311
G0 X99.77 Y67.31
G0 X97.998 Y67.865
G0 X96.742 Y68.716
G0 X96.864 Y68.834
G11
G1 F6300 X96.384 Y68.963 E1364.96697
G0 F7200 X95.419 Y70.386
G0 X94.936 Y71.434
G0 X94.672 Y72.684
G0 X94.501 Y81.773
G1 F6300 X94.756 Y82.028 E1364.99943
G0 F7200 X94.582 Y82.027
G0 X94.582 Y87.062
G0 X94.754 Y87.063
G1 F6300 X94.501 Y88.006 E1365.0873
G1 X94.501 Y88.102
G1 X94.754 Y88.035 E1365.11086
G10
G0 F7200 X94.582 Y88.034
G0 X80.543 Y82.525
G11
G1 F6300 X80.292 Y82.592 E1365.13424
G10
G0 F7200 X80.462 Y82.592
G0 X94.5 Y106.738
G11
G1 F6300 X94.749 Y106.671 E1365.15745
G0 F7200 X94.499 Y107.227
G1 F6300 X94.749 Y107.477 E1365.18927
G0 F7200 X94.582 Y107.476
G0 X94.642 Y111.198
G0 X95.149 Y112.698
G0 X96.578 Y114.704
G0 X96.697 Y114.585
G1 F6300 X96.621 Y114.869 E1365.21572
G0 F7200 X97.108 Y115.356
G1 F6300 X97.396 Y115.279 E1365.24256
G0 F7200 X97.276 Y115.398
G0 X103.934 Y122.023
G0 X104.053 Y121.905
G1 F6300 X103.977 Y122.189 E1365.26901
G0 F7200 X104.487 Y122.697
G1 F6300 X104.773 Y122.62 E1365.29567
G0 F7200 X104.653 Y122.739
G0 X111.291 Y129.343
G0 X111.41 Y129.224
G1 F6300 X111.333 Y129.508 E1365.32215
G0 F7200 X111.864 Y130.037
G1 F6300 X112.152 Y129.96 E1365.34898
G0 F7200 X112.031 Y130.08
G0 X118.646 Y136.661
G0 X118.766 Y136.542
G1 F6300 X118.69 Y136.827 E1365.37553
G0 F7200 X119.242 Y137.378
G1 F6300 X119.529 Y137.301 E1365.40227
G0 F7200 X119.409 Y137.42
G0 X126.003 Y143.981
G0 X126.122 Y143.862
G1 F6300 X126.046 Y144.147 E1365.42882
G0 F7200 X126.62 Y144.718
G1 F6300 X126.907 Y144.642 E1365.45554
G0 F7200 X126.787 Y144.761
G0 X133.359 Y151.3
G0 X133.479 Y151.181
G1 F6300 X133.403 Y151.465 E1365.482
G0 F7200 X133.998 Y152.059
G1 F6300 X134.286 Y151.982 E1365.50883
G0 F7200 X134.165 Y152.102
G0 X140.716 Y158.62
G0 X140.835 Y158.501
G1 F6300 X140.759 Y158.785 E1365.53529
G0 F7200 X141.376 Y159.4
G1 F6300 X141.663 Y159.323 E1365.56203
G0 F7200 X141.543 Y159.443
G0 X139.663 Y165.119
G1 F6300 X139.842 Y165.298 E1365.58482
G0 F7200 X138.84 Y165.945
G1 F6300 X138.708 Y166.439 E1365.63084
G0 F7200 X138.591 Y166.321
G0 X130.458 Y162.748
G0 X130.346 Y162.872
G1 F6300 X130.42 Y162.597 E1365.65647
G0 F7200 X130.194 Y162.396
G1 F6300 X129.901 Y162.474 E1365.68376
G0 F7200 X130.012 Y162.35
G0 X122.937 Y156.043
G0 X122.825 Y156.167
G1 F6300 X122.899 Y155.892 E1365.70939
G0 F7200 X122.158 Y155.231
G1 F6300 X121.865 Y155.31 E1365.7367
G0 F7200 X121.976 Y155.186
G0 X115.416 Y149.338
G0 X115.304 Y149.462
G1 F6300 X115.378 Y149.187 E1365.76233
G0 F7200 X107.895 Y142.632
G0 X107.783 Y142.757
G1 F6300 X107.857 Y142.481 E1365.78804
G0 F7200 X100.375 Y135.928
G0 X100.263 Y136.052
G1 F6300 X100.336 Y135.776 E1365.81374
G0 F7200 X92.853 Y129.222
G0 X92.742 Y129.346
G1 F6300 X92.816 Y129.07 E1365.83946
G0 F7200 X85.332 Y122.517
G0 X85.221 Y122.641
G1 F6300 X85.295 Y122.365 E1365.86517
G0 F7200 X84.565 Y123.182
;TYPE:WALL-OUTER
G1 F2880 X134.559 Y167.753 E1371.89314
G1 X135.474 Y168.255 E1371.98707
G1 X136.453 Y168.401 E1372.07615
G1 X137.254 Y168.328 E1372.14854
G1 X137.932 Y168.106 E1372.21275
G1 X138.727 Y167.611 E1372.29704
G1 X142.776 Y163.539 E1372.81386
G1 X143.318 Y162.683 E1372.90504
G1 X143.527 Y161.739 E1372.99206
G1 X143.524 Y161.039 E1373.05506
G1 X143.35 Y160.28 E1373.12514
G1 X142.927 Y159.397 E1373.21326
G1 X96.946 Y113.645 E1379.05113
G1 X96.334 Y112.883 E1379.13909
G1 X96.011 Y112.289 E1379.19994
G1 X95.589 Y111.048 E1379.31791
G1 X95.593 Y72.916 E1382.74979
G1 X95.841 Y71.737 E1382.85823
G1 X96.241 Y70.871 E1382.94408
G1 X96.781 Y70.133 E1383.02638
G1 X97.434 Y69.45 E1383.11142
G1 X98.437 Y68.722 E1383.22297
G1 X99.907 Y68.257 E1383.36173
G1 X102.567 Y68.261 E1383.60113
G1 X103.751 Y68.511 E1383.71004
G1 X104.638 Y68.925 E1383.79813
G1 X105.354 Y69.449 E1383.87799
G1 X119.947 Y82.716 E1385.65299
G1 X120.803 Y83.21 E1385.74194
G1 X121.726 Y83.387 E1385.82653
G1 X122.396 Y83.372 E1385.88684
G1 X123.133 Y83.192 E1385.95512
G1 X123.987 Y82.776 E1386.04062
G1 X125.676 Y81.087 E1386.25559
G1 X126.222 Y80.219 E1386.34788
G1 X126.436 Y79.278 E1386.43473
G1 X126.436 Y78.574 E1386.49809
G1 X126.262 Y77.811 E1386.56853
G1 X125.843 Y76.932 E1386.65616
G1 X104.5 Y55.589 E1389.37268
G1 X103.879 Y55.096 E1389.44404
G1 X103.252 Y54.793 E1389.50672
G1 X102.374 Y54.592 E1389.58778
G1 X82.498 Y54.592 E1391.37662
G1 X81.51 Y54.817 E1391.46782
G1 X80.693 Y55.336 E1391.55493
G1 X80.192 Y55.833 E1391.61844
G1 X79.78 Y56.492 E1391.68839
G1 X79.452 Y57.42 E1391.77697
G1 X79.452 Y117.397 E1397.1749
G1 X79.607 Y118.142 E1397.24339
G1 X79.917 Y118.827 E1397.31106
G1 X80.364 Y119.437 E1397.37912
G1 X84.565 Y123.182 E1397.88563
G0 F7200 X84.788 Y123.381
G0 X84.964 Y122.735
;TYPE:WALL-INNER
G1 F4620 X134.907 Y167.26 E1403.90742
G1 X135.669 Y167.677 E1403.9856
G1 X136.47 Y167.797 E1404.05849
G1 X137.132 Y167.737 E1404.11832
G1 X137.676 Y167.558 E1404.16986
G1 X138.351 Y167.139 E1404.24136
G1 X142.304 Y163.163 E1404.74596
G1 X142.755 Y162.451 E1404.82182
G1 X142.927 Y161.675 E1404.89335
G1 X142.924 Y161.108 E1404.94438
G1 X142.78 Y160.479 E1405.00246
G1 X142.431 Y159.749 E1405.07528
G1 X96.545 Y114.095 E1410.90087
G1 X95.836 Y113.217 E1411.00243
G1 X95.472 Y112.555 E1411.07043
G1 X94.988 Y111.126 E1411.20621
G1 X94.996 Y72.854 E1414.65069
G1 X95.273 Y71.548 E1414.77085
G1 X95.719 Y70.567 E1414.86783
G1 X96.305 Y69.768 E1414.95701
G1 X97.038 Y68.999 E1415.05263
G1 X98.173 Y68.176 E1415.1788
G1 X99.822 Y67.66 E1415.33431
G1 X102.629 Y67.664 E1415.58694
G1 X103.939 Y67.941 E1415.70745
G1 X104.923 Y68.39 E1415.80479
G1 X105.782 Y69.026 E1415.90099
G1 X120.303 Y82.228 E1417.66726
G1 X121.015 Y82.64 E1417.7413
G1 X121.776 Y82.786 E1417.81104
G1 X122.317 Y82.774 E1417.85974
G1 X122.928 Y82.624 E1417.91636
G1 X123.634 Y82.28 E1417.98704
G1 X125.204 Y80.711 E1418.18681
G1 X125.66 Y79.986 E1418.26389
G1 X125.836 Y79.211 E1418.33542
G1 X125.836 Y78.641 E1418.38672
G1 X125.692 Y78.009 E1418.44505
G1 X125.346 Y77.284 E1418.51735
G1 X104.1 Y56.037 E1421.22159
G1 X103.558 Y55.608 E1421.2838
G1 X103.052 Y55.363 E1421.3344
G1 X102.306 Y55.192 E1421.40328
G1 X82.566 Y55.192 E1423.17988
G1 X81.744 Y55.379 E1423.25575
G1 X81.069 Y55.808 E1423.32773
G1 X80.664 Y56.21 E1423.37909
G1 X80.324 Y56.754 E1423.43683
G1 X80.052 Y57.523 E1423.51024
G1 X80.052 Y117.335 E1428.89332
G1 X80.181 Y117.955 E1428.95031
G1 X80.438 Y118.523 E1429.00642
G1 X80.81 Y119.031 E1429.06309
G1 X84.964 Y122.735 E1429.56399
G0 F7200 X85.57 Y122.059
G10
;MESH:NONMESH
G0 F600 X85.57 Y122.059 Z8.95
G0 F7200 X80.988 Y56.468
G0 X80.304 Y55.913
;TIME_ELAPSED:2614.351918
;LAYER:57
;TYPE:WALL-OUTER
;MESH:porte-manteau.stl
G11
G1 F2880 X79.801 Y56.706 E1429.64851
G1 X79.584 Y57.654 E1429.73603
G1 X79.584 Y117.388 E1435.11209
G1 X79.735 Y118.09 E1435.17672
G1 X80.037 Y118.768 E1435.24352
G1 X80.459 Y119.34 E1435.30749
G1 X134.805 Y167.793 E1441.86032
G1 X135.692 Y168.148 E1441.94631
G1 X136.454 Y168.265 E1442.01569
G1 X137.23 Y168.196 E1442.08581
G1 X137.86 Y167.986 E1442.14557
G1 X138.64 Y167.507 E1442.22795
G1 X142.671 Y163.456 E1442.74229
G1 X143.076 Y162.812 E1442.81076
G1 X143.329 Y162.095 E1442.87919
G1 X143.431 Y161.237 E1442.95695
G1 X143.222 Y160.316 E1443.04195
G1 X142.819 Y159.481 E1443.12539
G1 X96.416 Y113.311 E1449.01672
G1 X95.884 Y112.344 E1449.11605
G1 X95.564 Y111.38 E1449.20747
G1 X95.456 Y110.708 E1449.26873
G1 X95.457 Y72.912 E1452.67037
G1 X95.723 Y71.668 E1452.78486
G1 X96.115 Y70.817 E1452.86918
G1 X96.685 Y70.037 E1452.95613
G1 X97.524 Y69.164 E1453.0651
G1 X98.688 Y68.5 E1453.18571
G1 X99.917 Y68.125 E1453.30135
G1 X102.571 Y68.125 E1453.54021
G1 X103.817 Y68.389 E1453.65484
G1 X104.667 Y68.783 E1453.73916
G1 X105.47 Y69.373 E1453.82884
G1 X120.03 Y82.612 E1455.59995
G1 X120.847 Y83.082 E1455.68478
G1 X121.746 Y83.255 E1455.76718
G1 X122.368 Y83.24 E1455.82317
G1 X123.093 Y83.064 E1455.89032
G1 X123.903 Y82.672 E1455.97131
G1 X125.576 Y80.995 E1456.1845
G1 X126.098 Y80.175 E1456.27198
G1 X126.304 Y79.251 E1456.35719
G1 X126.304 Y78.598 E1456.41596
G1 X126.134 Y77.855 E1456.48455
G1 X125.738 Y77.016 E1456.56805
G1 X104.404 Y55.685 E1459.28324
G1 X103.799 Y55.208 E1459.35257
G1 X103.222 Y54.925 E1459.41041
G1 X102.369 Y54.728 E1459.48921
G1 X82.51 Y54.728 E1461.27652
G1 X81.569 Y54.942 E1461.36337
G1 X80.769 Y55.448 E1461.44856
G1 X80.304 Y55.913 E1461.50775
G0 F7200 X80.144 Y56.166
G0 X80.775 Y56.29
;TYPE:WALL-INNER
G1 F4620 X80.363 Y56.94 E1461.57701
G1 X80.184 Y57.722 E1461.64921
G1 X80.184 Y117.324 E1467.01339
G1 X80.309 Y117.903 E1467.0667
G1 X80.559 Y118.464 E1467.12197
G1 X80.905 Y118.934 E1467.1745
G1 X135.126 Y167.275 E1473.71222
G1 X135.852 Y167.566 E1473.78262
G1 X136.473 Y167.661 E1473.83916
G1 X137.106 Y167.605 E1473.89635
G1 X137.605 Y167.439 E1473.94368
G1 X138.265 Y167.033 E1474.01342
G1 X142.199 Y163.08 E1474.51535
G1 X142.532 Y162.549 E1474.57176
G1 X142.741 Y161.958 E1474.62817
G1 X142.823 Y161.269 E1474.69062
G1 X142.652 Y160.516 E1474.76012
G1 X142.323 Y159.834 E1474.82827
G1 X95.934 Y113.681 E1480.71762
G1 X95.334 Y112.583 E1480.83023
G1 X94.981 Y111.522 E1480.93087
G1 X94.858 Y110.756 E1481.00069
G1 X94.856 Y72.848 E1484.41241
G1 X95.154 Y71.478 E1484.5386
G1 X95.614 Y70.483 E1484.63725
G1 X96.208 Y69.673 E1484.72765
G1 X97.175 Y68.665 E1484.85337
G1 X98.446 Y67.946 E1484.98479
G1 X99.814 Y67.524 E1485.11364
G1 X102.633 Y67.528 E1485.36735
G1 X104.004 Y67.815 E1485.49341
G1 X105.004 Y68.278 E1485.59259
G1 X105.874 Y68.929 E1485.69039
G1 X120.386 Y82.124 E1487.45564
G1 X121.059 Y82.512 E1487.52556
G1 X121.796 Y82.654 E1487.59311
G1 X122.889 Y82.496 E1487.6925
G1 X123.55 Y82.176 E1487.75859
G1 X125.105 Y80.617 E1487.95677
G1 X125.535 Y79.942 E1488.0288
G1 X125.704 Y79.185 E1488.0986
G1 X125.704 Y78.666 E1488.14531
G1 X125.564 Y78.052 E1488.20199
G1 X125.24 Y77.366 E1488.27027
G1 X104.005 Y56.134 E1490.97285
G1 X103.477 Y55.718 E1491.03335
G1 X103.02 Y55.494 E1491.07916
G1 X102.301 Y55.328 E1491.14557
G1 X82.577 Y55.328 E1492.92073
G1 X81.803 Y55.504 E1492.99217
G1 X81.146 Y55.919 E1493.06211
G1 X80.775 Y56.29 E1493.10933
G0 F7200 X81.18 Y56.546
;TYPE:SKIN
G1 F2340 X80.813 Y57.126 E1493.16801
G1 X80.664 Y57.774 E1493.22486
G1 X80.664 Y117.264 E1498.31126
G1 X80.979 Y118.224 E1498.39764
G1 X81.259 Y118.604 E1498.438
G1 X135.38 Y166.86 E1504.63762
G1 X135.98 Y167.096 E1504.69274
G1 X136.478 Y167.175 E1504.73585
G1 X137.405 Y166.995 E1504.81659
G1 X137.968 Y166.65 E1504.87305
G1 X141.819 Y162.776 E1505.34009
G1 X142.27 Y161.851 E1505.42807
G1 X142.336 Y161.289 E1505.47645
G1 X142.195 Y160.672 E1505.53057
G1 X141.927 Y160.117 E1505.58326
G1 X95.54 Y113.963 E1511.17809
G1 X94.892 Y112.771 E1511.29409
G1 X94.507 Y111.605 E1511.39908
G1 X94.379 Y110.821 E1511.467
G1 X94.381 Y72.797 E1514.71805
G1 X94.687 Y71.328 E1514.84635
G1 X95.202 Y70.234 E1514.94973
G1 X95.884 Y69.303 E1515.0484
G1 X96.84 Y68.316 E1515.16589
G1 X98.252 Y67.5 E1515.30532
G1 X99.747 Y67.051 E1515.43879
G1 X102.715 Y67.047 E1515.69255
G1 X104.155 Y67.357 E1515.81849
G1 X105.277 Y67.879 E1515.9243
G1 X106.173 Y68.551 E1516.02006
G1 X120.671 Y81.729 E1517.69518
G1 X121.227 Y82.054 E1517.75025
G1 X121.827 Y82.167 E1517.80245
G1 X122.73 Y82.037 E1517.88045
G1 X123.267 Y81.776 E1517.9315
G1 X124.724 Y80.314 E1518.10798
G1 X125.086 Y79.751 E1518.1652
G1 X125.219 Y79.142 E1518.2185
G1 X125.1 Y78.201 E1518.2996
G1 X124.838 Y77.643 E1518.3523
G1 X103.689 Y56.498 E1520.9093
G1 X102.844 Y55.945 E1520.99564
G1 X102.246 Y55.808 E1521.0481
G1 X82.63 Y55.808 E1522.72526
G1 X81.989 Y55.954 E1522.78147
G1 X81.266 Y56.41 E1522.85456
G1 X81.18 Y56.546 E1522.86832
G0 F7200 X82.022 Y56.288
G1 F2340 X81.141 Y57.17 E1522.9749
G0 F7200 X80.964 Y58.195
G1 F2340 X83.05 Y56.108 E1523.22719
G0 F7200 X83.899 Y56.108
G1 F2340 X80.964 Y59.043 E1523.58208
G0 F7200 X80.964 Y59.892
G1 F2340 X84.747 Y56.108 E1524.03956
G0 F7200 X85.596 Y56.108
G1 F2340 X80.964 Y60.74 E1524.59964
G0 F7200 X80.964 Y61.589
G1 F2340 X86.445 Y56.108 E1525.26238
G0 F7200 X87.293 Y56.108
G1 F2340 X80.964 Y62.438 E1526.02771
G0 F7200 X80.964 Y63.286
G1 F2340 X88.142 Y56.108 E1526.89564
G0 F7200 X88.99 Y56.108
G1 F2340 X80.964 Y64.135 E1527.86617
G0 F7200 X80.964 Y64.983
G1 F2340 X89.839 Y56.108 E1528.93929
G0 F7200 X90.687 Y56.108
G1 F2340 X80.964 Y65.832 E1530.11501
G0 F7200 X80.964 Y66.68
G1 F2340 X91.536 Y56.108 E1531.39333
G0 F7200 X92.384 Y56.108
G1 F2340 X80.964 Y67.529 E1532.77424
G0 F7200 X80.964 Y68.377
G1 F2340 X93.233 Y56.108 E1534.25775
G0 F7200 X94.081 Y56.108
G1 F2340 X80.964 Y69.226 E1535.84385
G0 F7200 X80.964 Y70.074
G1 F2340 X94.93 Y56.108 E1537.53256
G0 F7200 X95.778 Y56.108
G1 F2340 X80.964 Y70.923 E1539.32385
G0 F7200 X80.964 Y71.771
G1 F2340 X96.627 Y56.108 E1541.21775
G0 F7200 X97.475 Y56.108
G1 F2340 X80.964 Y72.62 E1543.21424
G0 F7200 X80.964 Y73.468
G1 F2340 X98.324 Y56.108 E1545.31333
G0 F7200 X99.172 Y56.108
G1 F2340 X80.964 Y74.317 E1547.51502
G0 F7200 X80.964 Y75.165
G1 F2340 X100.021 Y56.108 E1549.8193
G0 F7200 X100.869 Y56.108
G1 F2340 X80.964 Y76.014 E1552.22618
G0 F7200 X80.964 Y76.863
G1 F2340 X101.718 Y56.108 E1554.73571
G0 F7200 X102.501 Y56.174
G1 F2340 X80.964 Y77.711 E1557.33987
G0 F7200 X80.964 Y78.56
G1 F2340 X103.071 Y56.452 E1560.013
G0 F7200 X103.57 Y56.802
G1 F2340 X80.964 Y79.408 E1562.74641
G0 F7200 X80.964 Y80.257
G1 F2340 X103.994 Y57.226 E1565.53115
G0 F7200 X104.418 Y57.65
G1 F2340 X80.964 Y81.105 E1568.36716
G0 F7200 X80.964 Y81.954
G1 F2340 X104.843 Y58.075 E1571.25449
G0 F7200 X105.267 Y58.499
G1 F2340 X80.964 Y82.802 E1574.19309
G0 F7200 X80.964 Y83.651
G1 F2340 X105.691 Y58.923 E1577.18303
G0 F7200 X106.116 Y59.347
G1 F2340 X98.288 Y67.175 E1578.12955
G1 X98.182 Y67.281
G0 F7200 X99.495 Y66.817
G1 F2340 X106.54 Y59.772 E1578.9814
G0 F7200 X106.964 Y60.196
G1 F2340 X100.407 Y66.753 E1579.77424
G0 F7200 X101.258 Y66.751
G1 F2340 X107.388 Y60.62 E1580.51551
G0 F7200 X107.813 Y61.045
G1 F2340 X102.108 Y66.749 E1581.20527
G0 F7200 X102.92 Y66.786
G1 F2340 X108.237 Y61.469 E1581.84818
G0 F7200 X108.661 Y61.893
G1 F2340 X103.619 Y66.935 E1582.45783
G0 F7200 X104.306 Y67.097
G1 F2340 X109.085 Y62.317 E1583.03575
G0 F7200 X109.51 Y62.742
G1 F2340 X104.887 Y67.364 E1583.59468
G0 F7200 X105.458 Y67.642
G1 F2340 X109.934 Y63.166 E1584.1359
G0 F7200 X110.358 Y63.59
G1 F2340 X105.942 Y68.006 E1584.66986
G0 F7200 X106.424 Y68.373
G1 F2340 X110.783 Y64.014 E1585.19693
G0 F7200 X111.207 Y64.438
G1 F2340 X106.869 Y68.777 E1585.72152
G0 F7200 X107.313 Y69.18
G1 F2340 X111.632 Y64.862 E1586.24369
G0 F7200 X112.056 Y65.286
G1 F2340 X107.757 Y69.585 E1586.76351
G0 F7200 X108.202 Y69.989
G1 F2340 X112.48 Y65.711 E1587.28078
G0 F7200 X112.904 Y66.135
G1 F2340 X108.646 Y70.393 E1587.79564
G0 F7200 X109.091 Y70.797
G1 F2340 X113.329 Y66.559 E1588.30808
G0 F7200 X113.753 Y66.984
G1 F2340 X109.536 Y71.201 E1588.81798
G0 F7200 X109.98 Y71.605
G1 F2340 X114.177 Y67.408 E1589.32546
G0 F7200 X114.602 Y67.832
G1 F2340 X110.425 Y72.009 E1589.83052
G0 F7200 X110.869 Y72.413
G1 F2340 X115.026 Y68.256 E1590.33317
G0 F7200 X115.45 Y68.681
G1 F2340 X111.313 Y72.817 E1590.83333
G0 F7200 X111.758 Y73.221
G1 F2340 X115.874 Y69.105 E1591.33102
G0 F7200 X116.299 Y69.529
G1 F2340 X112.202 Y73.625 E1591.82635
G0 F7200 X112.647 Y74.029
G1 F2340 X116.723 Y69.953 E1592.3192
G0 F7200 X117.147 Y70.378
G1 F2340 X113.091 Y74.434 E1592.80963
G0 F7200 X113.536 Y74.837
G1 F2340 X117.572 Y70.801 E1593.29765
G0 F7200 X117.996 Y71.225
G1 F2340 X113.98 Y75.242 E1593.7833
G0 F7200 X114.425 Y75.646
G1 F2340 X118.421 Y71.65 E1594.26648
G0 F7200 X118.845 Y72.074
G1 F2340 X114.869 Y76.049 E1594.74718
G0 F7200 X115.314 Y76.454
G1 F2340 X119.269 Y72.498 E1595.22546
G0 F7200 X119.693 Y72.923
G1 F2340 X115.758 Y76.858 E1595.70126
G0 F7200 X116.202 Y77.262
G1 F2340 X120.118 Y73.347 E1596.1747
G0 F7200 X120.542 Y73.771
G1 F2340 X116.647 Y77.666 E1596.64567
G0 F7200 X117.092 Y78.07
G1 F2340 X120.966 Y74.195 E1597.11415
G0 F7200 X121.39 Y74.62
G1 F2340 X117.536 Y78.474 E1597.58016
G0 F7200 X117.981 Y78.878
G1 F2340 X121.815 Y75.044 E1598.04375
G0 F7200 X122.239 Y75.468
G1 F2340 X118.425 Y79.282 E1598.50492
G0 F7200 X118.87 Y79.686
G1 F2340 X122.663 Y75.892 E1598.96361
G0 F7200 X123.087 Y76.317
G1 F2340 X119.314 Y80.09 E1599.41983
G0 F7200 X119.758 Y80.494
G1 F2340 X123.512 Y76.741 E1599.87368
G0 F7200 X123.936 Y77.165
G1 F2340 X120.203 Y80.898 E1600.32506
G0 F7200 X120.647 Y81.302
G1 F2340 X124.36 Y77.589 E1600.77402
G0 F7200 X124.714 Y78.084
G1 F2340 X121.142 Y81.656 E1601.20593
G0 F7200 X121.791 Y81.855
G1 F2340 X124.87 Y78.777 E1601.57816
G0 F7200 X124.703 Y79.793
G1 F2340 X122.85 Y81.645 E1601.80216
G1 X122.744 Y81.751
G10
G0 F7200 X105.185 Y67.979
G0 X104.124 Y67.485
G0 X102.672 Y67.176
G0 X99.764 Y67.175
G0 X98.309 Y67.624
G0 X96.945 Y68.399
G0 X95.969 Y69.414
G0 X95.311 Y70.304
G0 X94.817 Y71.365
G0 X94.539 Y72.672
G0 X94.078 Y81.567
G11
G1 F2340 X80.964 Y94.682 E1603.3879
G0 F7200 X80.964 Y95.53
G1 F2340 X94.078 Y82.415 E1604.97365
G0 F7200 X94.078 Y83.264
G1 F2340 X80.964 Y96.379 E1606.55939
G0 F7200 X80.964 Y97.227
G1 F2340 X94.078 Y84.112 E1608.14513
G0 F7200 X94.078 Y84.961
G1 F2340 X80.964 Y98.076 E1609.73088
G0 F7200 X80.964 Y98.924
G1 F2340 X94.078 Y85.81 E1611.31656
G0 F7200 X94.078 Y86.658
G1 F2340 X80.964 Y99.773 E1612.9023
G0 F7200 X80.964 Y100.621
G1 F2340 X94.078 Y87.507 E1614.48798
G0 F7200 X94.078 Y88.356
G1 F2340 X80.964 Y101.47 E1616.07367
G0 F7200 X80.964 Y102.318
G1 F2340 X94.078 Y89.204 E1617.65935
G0 F7200 X94.078 Y90.053
G1 F2340 X80.964 Y103.167 E1619.24503
G0 F7200 X80.964 Y104.015
G1 F2340 X94.078 Y90.901 E1620.83072
G0 F7200 X94.078 Y91.75
G1 F2340 X80.964 Y104.864 E1622.4164
G0 F7200 X80.964 Y105.712
G1 F2340 X94.078 Y92.598 E1624.00208
G0 F7200 X94.078 Y93.447
G1 F2340 X80.964 Y106.561 E1625.58776
G0 F7200 X80.964 Y107.41
G1 F2340 X94.078 Y94.296 E1627.17345
G0 F7200 X94.078 Y95.144
G1 F2340 X80.964 Y108.258 E1628.75913
G0 F7200 X80.964 Y109.107
G1 F2340 X94.077 Y95.993 E1630.34475
G0 F7200 X94.077 Y96.842
G1 F2340 X80.964 Y109.955 E1631.93031
G0 F7200 X80.964 Y110.804
G1 F2340 X94.077 Y97.69 E1633.51594
G0 F7200 X94.077 Y98.539
G1 F2340 X80.964 Y111.652 E1635.1015
G0 F7200 X80.964 Y112.501
G1 F2340 X94.077 Y99.387 E1636.68712
G0 F7200 X94.077 Y100.236
G1 F2340 X80.964 Y113.349 E1638.27268
G0 F7200 X80.964 Y114.198
G1 F2340 X94.077 Y101.084 E1639.8583
G0 F7200 X94.077 Y101.933
G1 F2340 X80.964 Y115.046 E1641.44387
G0 F7200 X80.964 Y115.895
G1 F2340 X94.077 Y102.782 E1643.02943
G0 F7200 X94.076 Y103.631
G1 F2340 X80.964 Y116.743 E1644.61487
G0 F7200 X81.057 Y117.499
G1 F2340 X94.076 Y104.479 E1646.18912
G0 F7200 X94.076 Y105.328
G1 F2340 X81.279 Y118.125 E1647.73648
G0 F7200 X81.676 Y118.576
G1 F2340 X94.076 Y106.176 E1649.23583
G0 F7200 X94.076 Y107.025
G1 F2340 X82.126 Y118.976 E1650.68082
G0 F7200 X82.574 Y119.376
G1 F2340 X94.076 Y107.873 E1652.07165
G0 F7200 X94.076 Y108.722
G1 F2340 X83.023 Y119.775 E1653.40813
G0 F7200 X83.471 Y120.176
G1 F2340 X94.076 Y109.57 E1654.69049
G0 F7200 X94.076 Y110.419
G1 F2340 X83.919 Y120.576 E1655.91863
G0 F7200 X84.368 Y120.975
G1 F2340 X94.138 Y111.206 E1657.09991
G0 F7200 X94.287 Y111.905
G1 F2340 X84.817 Y121.376 E1658.24504
G0 F7200 X85.265 Y121.776
G1 F2340 X94.498 Y112.542 E1659.36151
G0 F7200 X94.749 Y113.14
G1 F2340 X85.714 Y122.175 E1660.45398
G0 F7200 X86.162 Y122.576
G1 F2340 X95.047 Y113.691 E1661.52831
G0 F7200 X95.372 Y114.215
G1 F2340 X86.611 Y122.975 E1662.58759
G0 F7200 X87.06 Y123.375
G1 F2340 X95.797 Y114.638 E1663.64403
G0 F7200 X96.222 Y115.061
G1 F2340 X87.508 Y123.776 E1664.69774
G0 F7200 X87.957 Y124.175
G1 F2340 X96.647 Y115.485 E1665.7485
G0 F7200 X97.073 Y115.908
G1 F2340 X88.405 Y124.575 E1666.79653
G0 F7200 X88.854 Y124.975
G1 F2340 X97.498 Y116.331 E1667.84172
G0 F7200 X97.924 Y116.754
G1 F2340 X89.303 Y125.375 E1668.88413
G0 F7200 X89.751 Y125.775
G1 F2340 X98.349 Y117.177 E1669.92376
G0 F7200 X98.774 Y117.6
G1 F2340 X90.2 Y126.175 E1670.96055
G0 F7200 X90.648 Y126.575
G1 F2340 X99.199 Y118.024 E1671.9945
G0 F7200 X99.625 Y118.447
G1 F2340 X91.097 Y126.975 E1673.02566
G0 F7200 X91.546 Y127.375
G1 F2340 X100.05 Y118.87 E1674.05399
G0 F7200 X100.476 Y119.293
G1 F2340 X91.994 Y127.775 E1675.07959
G0 F7200 X92.443 Y128.174
G1 F2340 X100.901 Y119.717 E1676.10223
G0 F7200 X101.326 Y120.14
G1 F2340 X92.891 Y128.575 E1677.12215
G0 F7200 X93.34 Y128.975
G1 F2340 X101.751 Y120.563 E1678.13923
G0 F7200 X102.177 Y120.986
G1 F2340 X93.789 Y129.374 E1679.15347
G0 F7200 X94.237 Y129.775
G1 F2340 X102.602 Y121.41 E1680.16492
G0 F7200 X103.028 Y121.832
G1 F2340 X94.685 Y130.175 E1681.17372
G0 F7200 X95.134 Y130.574
G1 F2340 X103.453 Y122.256 E1682.17955
G0 F7200 X103.878 Y122.679
G1 F2340 X95.582 Y130.975 E1683.18266
G0 F7200 X96.031 Y131.374
G1 F2340 X104.303 Y123.102 E1684.18287
G0 F7200 X104.728 Y123.526
G1 F2340 X96.48 Y131.774 E1685.18018
G0 F7200 X96.928 Y132.175
G1 F2340 X105.154 Y123.949 E1686.17483
G0 F7200 X105.579 Y124.372
G1 F2340 X97.377 Y132.574 E1687.16658
G0 F7200 X97.825 Y132.974
G1 F2340 X106.004 Y124.795 E1688.15555
G0 F7200 X106.429 Y125.219
G1 F2340 X98.274 Y133.374 E1689.14161
G0 F7200 X98.723 Y133.774
G1 F2340 X106.855 Y125.642 E1690.12489
G0 F7200 X107.28 Y126.065
G1 F2340 X99.171 Y134.174 E1691.10539
G0 F7200 X99.62 Y134.574
G1 F2340 X107.706 Y126.488 E1692.08312
G0 F7200 X108.131 Y126.912
G1 F2340 X100.068 Y134.974 E1693.05799
G0 F7200 X100.517 Y135.374
G1 F2340 X108.556 Y127.334 E1694.03009
G0 F7200 X108.981 Y127.758
G1 F2340 X100.966 Y135.774 E1694.99929
G0 F7200 X101.414 Y136.174
G1 F2340 X109.407 Y128.181 E1695.96576
G0 F7200 X109.832 Y128.604
G1 F2340 X101.862 Y136.574 E1696.92946
G0 F7200 X102.311 Y136.974
G1 F2340 X110.258 Y129.027 E1697.89037
G0 F7200 X110.683 Y129.451
G1 F2340 X102.76 Y137.374 E1698.84838
G0 F7200 X103.209 Y137.773
G1 F2340 X111.108 Y129.874 E1699.80349
G0 F7200 X111.533 Y130.297
G1 F2340 X103.657 Y138.174 E1700.75588
G0 F7200 X104.105 Y138.574
G1 F2340 X111.959 Y130.72 E1701.70555
G0 F7200 X112.384 Y131.144
G1 F2340 X104.554 Y138.973 E1702.65226
G0 F7200 X105.003 Y139.374
G1 F2340 X112.81 Y131.566 E1703.5963
G0 F7200 X113.235 Y131.99
G1 F2340 X105.452 Y139.773 E1704.53739
G0 F7200 X105.9 Y140.173
G1 F2340 X113.66 Y132.413 E1705.47569
G0 F7200 X114.085 Y132.836
G1 F2340 X106.348 Y140.574 E1706.41127
G0 F7200 X106.797 Y140.973
G1 F2340 X114.511 Y133.259 E1707.34401
G0 F7200 X114.936 Y133.683
G1 F2340 X107.245 Y141.373 E1708.27391
G0 F7200 X107.694 Y141.773
G1 F2340 X115.362 Y134.106 E1709.20103
G0 F7200 X115.787 Y134.529
G1 F2340 X108.143 Y142.173 E1710.1253
G0 F7200 X108.591 Y142.573
G1 F2340 X116.212 Y134.952 E1711.0468
G0 F7200 X116.637 Y135.376
G1 F2340 X109.04 Y142.973 E1711.96539
G0 F7200 X109.488 Y143.373
G1 F2340 X117.063 Y135.798 E1712.88133
G0 F7200 X117.488 Y136.222
G1 F2340 X109.937 Y143.773 E1713.79436
G0 F7200 X110.386 Y144.173
G1 F2340 X117.914 Y136.645 E1714.70461
G0 F7200 X118.339 Y137.068
G1 F2340 X110.834 Y144.573 E1715.61208
G0 F7200 X111.282 Y144.973
G1 F2340 X118.764 Y137.492 E1716.5167
G0 F7200 X119.189 Y137.915
G1 F2340 X111.731 Y145.373 E1717.41849
G0 F7200 X112.18 Y145.773
G1 F2340 X119.614 Y138.338 E1718.31743
G0 F7200 X120.04 Y138.761
G1 F2340 X112.629 Y146.172 E1719.21354
G0 F7200 X113.077 Y146.573
G1 F2340 X120.465 Y139.185 E1720.10686
G0 F7200 X120.891 Y139.608
G1 F2340 X113.525 Y146.973 E1720.99746
G0 F7200 X113.974 Y147.372
G1 F2340 X121.315 Y140.031 E1721.8851
G0 F7200 X121.741 Y140.454
G1 F2340 X114.423 Y147.773 E1722.77002
G0 F7200 X114.871 Y148.173
G1 F2340 X122.166 Y140.878 E1723.65209
G0 F7200 X122.592 Y141.3
G1 F2340 X115.32 Y148.572 E1724.53139
G0 F7200 X115.768 Y148.973
G1 F2340 X123.017 Y141.724 E1725.4079
G0 F7200 X123.442 Y142.147
G1 F2340 X116.217 Y149.372 E1726.28152
G0 F7200 X116.666 Y149.772
G1 F2340 X123.867 Y142.57 E1727.15229
G0 F7200 X124.293 Y142.993
G1 F2340 X117.114 Y150.173 E1728.0204
G0 F7200 X117.563 Y150.572
G1 F2340 X124.718 Y143.417 E1728.88555
G0 F7200 X125.144 Y143.84
G1 F2340 X118.011 Y150.972 E1729.74798
G0 F7200 X118.459 Y151.372
G1 F2340 X125.569 Y144.263 E1730.60762
G0 F7200 X125.994 Y144.686
G1 F2340 X118.908 Y151.772 E1731.46443
G0 F7200 X119.357 Y152.172
G1 F2340 X126.419 Y145.11 E1732.31833
G0 F7200 X126.845 Y145.532
G1 F2340 X119.806 Y152.572 E1733.16952
G0 F7200 X120.254 Y152.972
G1 F2340 X127.27 Y145.956 E1734.01786
G0 F7200 X127.696 Y146.379
G1 F2340 X120.702 Y153.372 E1734.86348
G0 F7200 X121.151 Y153.772
G1 F2340 X128.121 Y146.802 E1735.70626
G0 F7200 X128.546 Y147.225
G1 F2340 X121.6 Y154.172 E1736.5462
G0 F7200 X122.049 Y154.571
G1 F2340 X128.971 Y147.649 E1737.38317
G0 F7200 X129.397 Y148.072
G1 F2340 X122.497 Y154.972 E1738.21749
G0 F7200 X122.945 Y155.372
G1 F2340 X129.822 Y148.495 E1739.04902
G0 F7200 X130.248 Y148.918
G1 F2340 X123.394 Y155.771 E1739.87771
G0 F7200 X123.843 Y156.172
G1 F2340 X130.673 Y149.342 E1740.70356
G0 F7200 X131.098 Y149.765
G1 F2340 X124.291 Y156.572 E1741.52663
G0 F7200 X124.74 Y156.971
G1 F2340 X131.523 Y150.188 E1742.3468
G0 F7200 X131.949 Y150.611
G1 F2340 X125.188 Y157.372 E1743.16431
G0 F7200 X125.637 Y157.771
G1 F2340 X132.374 Y151.034 E1743.97892
G0 F7200 X132.799 Y151.458
G1 F2340 X126.086 Y158.171 E1744.79062
G0 F7200 X126.534 Y158.572
G1 F2340 X133.225 Y151.881 E1745.59967
G0 F7200 X133.65 Y152.304
G1 F2340 X126.983 Y158.971 E1746.40581
G0 F7200 X127.431 Y159.371
G1 F2340 X134.075 Y152.727 E1747.20917
G0 F7200 X134.5 Y153.151
G1 F2340 X127.88 Y159.771 E1748.00963
G0 F7200 X128.329 Y160.171
G1 F2340 X134.926 Y153.574 E1748.80731
G0 F7200 X135.351 Y153.997
G1 F2340 X128.777 Y160.571 E1749.6022
G0 F7200 X129.226 Y160.971
G1 F2340 X135.777 Y154.42 E1750.39432
G0 F7200 X136.201 Y154.844
G1 F2340 X129.674 Y161.371 E1751.18353
G0 F7200 X130.122 Y161.771
G1 F2340 X136.627 Y155.267 E1751.97003
G0 F7200 X137.052 Y155.69
G1 F2340 X130.572 Y162.171 E1752.75362
G0 F7200 X131.02 Y162.571
G1 F2340 X137.478 Y156.113 E1753.53449
G0 F7200 X137.903 Y156.536
G1 F2340 X131.468 Y162.971 E1754.31258
G0 F7200 X131.917 Y163.371
G1 F2340 X138.328 Y156.959 E1755.08783
G0 F7200 X138.753 Y157.383
G1 F2340 X132.365 Y163.771 E1755.86023
G0 F7200 X132.814 Y164.17
G1 F2340 X139.179 Y157.806 E1756.6298
G0 F7200 X139.604 Y158.229
G1 F2340 X133.263 Y164.571 E1757.39658
G0 F7200 X133.711 Y164.971
G1 F2340 X140.03 Y158.652 E1758.16064
G0 F7200 X140.455 Y159.076
G1 F2340 X134.16 Y165.37 E1758.92175
G0 F7200 X134.608 Y165.771
G1 F2340 X140.88 Y159.499 E1759.68013
G0 F7200 X141.305 Y159.922
G1 F2340 X135.057 Y166.171 E1760.43567
G0 F7200 X135.506 Y166.57
G1 F2340 X141.705 Y160.371 E1761.18522
G0 F7200 X141.925 Y161
G1 F2340 X136.147 Y166.777 E1761.88381
G0 F7200 X137.005 Y166.768
G1 F2340 X141.961 Y161.812 E1762.48306
G1 X142.067 Y161.706
G10
G0 F7200 X95.646 Y113.882
G0 X80.964 Y93.833
G11
G1 F2340 X94.078 Y80.718 E1764.06881
G0 F7200 X94.079 Y79.869
G1 F2340 X80.964 Y92.985 E1765.65467
G0 F7200 X80.964 Y92.136
G1 F2340 X94.079 Y79.021 E1767.24047
G0 F7200 X94.079 Y78.172
G1 F2340 X80.964 Y91.287 E1768.82628
G0 F7200 X80.964 Y90.439
G1 F2340 X94.079 Y77.324 E1770.41208
G0 F7200 X94.079 Y76.475
G1 F2340 X80.964 Y89.59 E1771.99788
G0 F7200 X80.964 Y88.742
G1 F2340 X94.079 Y75.626 E1773.58375
G0 F7200 X94.079 Y74.778
G1 F2340 X80.964 Y87.893 E1775.16955
G0 F7200 X80.964 Y87.045
G1 F2340 X94.079 Y73.929 E1776.75542
G0 F7200 X94.079 Y73.081
G1 F2340 X80.964 Y86.196 E1778.34122
G0 F7200 X80.964 Y85.348
G1 F2340 X94.219 Y72.092 E1779.94401
G1 X94.325 Y71.986
G0 F7200 X94.549 Y70.914
G1 F2340 X80.964 Y84.499 E1781.58665
G1 X80.858 Y84.605
G0 F7200 X81.097 Y84.605
G10
;MESH:NONMESH
G0 F600 X81.097 Y84.605 Z9.1
G0 F7200 X81.097 Y56.546
G0 X80.416 Y55.989
;TIME_ELAPSED:2722.515961
;LAYER:58
;TYPE:WALL-OUTER
;MESH:porte-manteau.stl
G11
G1 F2880 X79.925 Y56.765 E1781.66929
G1 X79.72 Y57.658 E1781.75175
G1 X79.72 Y117.38 E1787.12673
G1 X79.859 Y118.038 E1787.18726
G1 X80.161 Y118.704 E1787.25307
G1 X80.556 Y119.245 E1787.31336
G1 X134.498 Y167.339 E1793.81755
G1 X135.143 Y167.785 E1793.88813
G1 X135.716 Y168.012 E1793.94359
G1 X136.454 Y168.129 E1794.01084
G1 X137.211 Y168.06 E1794.07926
G1 X137.797 Y167.869 E1794.13473
G1 X138.552 Y167.406 E1794.21444
G1 X142.572 Y163.367 E1794.72731
G1 X143.062 Y162.592 E1794.80983
G1 X143.26 Y161.691 E1794.89286
G1 X143.26 Y161.087 E1794.94722
G1 X143.051 Y160.189 E1795.0302
G1 X142.568 Y159.421 E1795.11185
G1 X96.484 Y113.567 E1800.96277
G1 X95.862 Y112.604 E1801.06594
G1 X95.476 Y111.685 E1801.15565
G1 X95.32 Y110.721 E1801.24354
G1 X95.324 Y72.609 E1804.67362
G1 X95.61 Y71.583 E1804.76948
G1 X96.022 Y70.713 E1804.85612
G1 X96.607 Y69.919 E1804.94488
G1 X97.245 Y69.258 E1805.02756
G1 X98.018 Y68.688 E1805.114
G1 X98.66 Y68.365 E1805.17868
G1 X99.88 Y67.993 E1805.29347
G1 X102.552 Y67.987 E1805.53395
G1 X103.697 Y68.208 E1805.6389
G1 X104.607 Y68.563 E1805.72681
G1 X105.531 Y69.246 E1805.83023
G1 X120.11 Y82.504 E1807.60376
G1 X120.887 Y82.95 E1807.68439
G1 X121.77 Y83.119 E1807.7653
G1 X122.345 Y83.108 E1807.81706
G1 X123.053 Y82.936 E1807.88263
G1 X123.819 Y82.564 E1807.95927
G1 X125.476 Y80.903 E1808.17043
G1 X125.97 Y80.123 E1808.25352
G1 X126.168 Y79.226 E1808.3362
G1 X126.171 Y78.621 E1808.39065
G1 X125.97 Y77.729 E1808.47294
G1 X125.479 Y76.949 E1808.55589
G1 X104.308 Y55.777 E1811.25058
G1 X103.723 Y55.316 E1811.31762
G1 X103.191 Y55.057 E1811.37087
G1 X102.361 Y54.864 E1811.44756
G1 X82.517 Y54.864 E1813.23352
G1 X81.629 Y55.062 E1813.3154
G1 X80.845 Y55.56 E1813.399
G1 X80.416 Y55.989 E1813.4536
G0 F7200 X80.256 Y56.242
G0 X80.888 Y56.366
;TYPE:WALL-INNER
G1 F4620 X80.487 Y56.999 E1813.52104
G1 X80.32 Y57.726 E1813.58817
G1 X80.32 Y117.318 E1818.95145
G1 X80.433 Y117.85 E1819.0004
G1 X81.003 Y118.839 E1819.10314
G1 X134.87 Y166.867 E1825.59833
G1 X135.428 Y167.253 E1825.6594
G1 X136.474 Y167.525 E1825.75667
G1 X137.544 Y167.321 E1825.8547
G1 X138.178 Y166.932 E1825.92165
G1 X142.1 Y162.991 E1826.42205
G1 X142.498 Y162.36 E1826.48919
G1 X142.66 Y161.626 E1826.55684
G1 X142.66 Y161.156 E1826.59914
G1 X142.489 Y160.423 E1826.66688
G1 X142.096 Y159.798 E1826.73333
G1 X96.031 Y113.965 E1832.5817
G1 X95.331 Y112.884 E1832.6976
G1 X94.896 Y111.853 E1832.79832
G1 X94.722 Y110.769 E1832.89712
G1 X94.723 Y72.541 E1836.33764
G1 X95.048 Y71.373 E1836.44676
G1 X95.507 Y70.405 E1836.54318
G1 X96.107 Y69.582 E1836.63484
G1 X96.847 Y68.804 E1836.73148
G1 X97.704 Y68.177 E1836.82704
G1 X98.436 Y67.808 E1836.90082
G1 X99.804 Y67.392 E1837.02951
G1 X102.634 Y67.387 E1837.28421
G1 X103.839 Y67.62 E1837.39467
G1 X104.902 Y68.034 E1837.49734
G1 X105.958 Y68.822 E1837.61592
G1 X120.466 Y82.016 E1839.38085
G1 X121.099 Y82.38 E1839.44657
G1 X121.821 Y82.518 E1839.51272
G1 X122.849 Y82.368 E1839.60622
G1 X123.466 Y82.068 E1839.66797
G1 X125.004 Y80.526 E1839.86398
G1 X125.407 Y79.891 E1839.93167
G1 X125.622 Y78.912 E1840.02188
G1 X125.407 Y77.961 E1840.10963
G1 X125.007 Y77.325 E1840.17725
G1 X103.909 Y56.226 E1842.86265
G1 X103.215 Y55.678 E1842.94223
G1 X102.292 Y55.464 E1843.0275
G1 X82.583 Y55.464 E1844.80131
G1 X81.862 Y55.625 E1844.8678
G1 X81.223 Y56.031 E1844.93594
G1 X80.888 Y56.366 E1844.97858
G0 F7200 X81.294 Y56.621
;TYPE:SKIN
G1 F2340 X80.937 Y57.186 E1845.03572
G1 X80.8 Y57.779 E1845.08776
G1 X80.8 Y117.268 E1850.17407
G1 X80.888 Y117.687 E1850.21067
G1 X81.368 Y118.52 E1850.29287
G1 X135.17 Y166.491 E1856.45592
G1 X135.643 Y166.818 E1856.50508
G1 X136.487 Y167.036 E1856.57961
G1 X137.349 Y166.875 E1856.65459
G1 X137.88 Y166.547 E1856.70795
G1 X141.723 Y162.688 E1857.1736
G1 X142.046 Y162.172 E1857.22565
G1 X142.22 Y161.386 E1857.29448
G1 X142.039 Y160.61 E1857.3626
G1 X141.72 Y160.101 E1857.41396
G1 X95.652 Y114.263 E1862.9704
G1 X94.906 Y113.113 E1863.0876
G1 X94.431 Y111.988 E1863.19201
G1 X94.243 Y110.832 E1863.29215
G1 X94.246 Y72.471 E1866.57201
G1 X94.598 Y71.194 E1866.68527
G1 X95.09 Y70.162 E1866.78302
G1 X95.78 Y69.219 E1866.88292
G1 X96.549 Y68.43 E1866.97713
G1 X97.477 Y67.751 E1867.07544
G1 X98.229 Y67.375 E1867.14733
G1 X99.735 Y66.915 E1867.28196
G1 X102.709 Y66.909 E1867.53624
G1 X103.985 Y67.16 E1867.64743
G1 X105.131 Y67.606 E1867.75257
G1 X106.256 Y68.447 E1867.87266
G1 X120.75 Y81.624 E1869.54748
G1 X121.27 Y81.922 E1869.59872
G1 X121.855 Y82.032 E1869.64962
G1 X122.691 Y81.909 E1869.72186
G1 X123.183 Y81.672 E1869.76856
G1 X124.624 Y80.223 E1869.94328
G1 X124.954 Y79.703 E1869.99594
G1 X125.128 Y78.915 E1870.06493
G1 X124.958 Y78.145 E1870.13235
G1 X124.624 Y77.622 E1870.18541
G1 X103.597 Y56.59 E1872.7282
G1 X102.816 Y56.077 E1872.80809
G1 X102.238 Y55.944 E1872.8588
G1 X82.633 Y55.944 E1874.53503
G1 X82.049 Y56.074 E1874.58618
G1 X81.366 Y56.506 E1874.65528
G1 X81.294 Y56.621 E1874.66688
G10
G0 F7200 X105.063 Y67.72
G0 X124.806 Y78.985
G11
G1 F2340 X102.064 Y56.244 E1877.41668
G0 F7200 X101.216 Y56.244
G1 F2340 X124.628 Y79.656 E1880.24754
G0 F7200 X124.274 Y80.151
G1 F2340 X100.367 Y56.244 E1883.13826
G0 F7200 X99.519 Y56.244
G1 F2340 X123.85 Y80.576 E1886.08031
G0 F7200 X123.428 Y81.001
G1 F2340 X98.67 Y56.244 E1889.07387
G0 F7200 X97.822 Y56.244
G1 F2340 X123.003 Y81.425 E1892.11864
G0 F7200 X122.38 Y81.651
G1 F2340 X96.973 Y56.244 E1895.19074
G0 F7200 X96.125 Y56.244
G1 F2340 X121.55 Y81.669 E1898.26501
G1 X121.656 Y81.775
G0 F7200 X115.258 Y76.226
G1 F2340 X95.276 Y56.244 E1900.68113
G0 F7200 X94.428 Y56.244
G1 F2340 X106.256 Y68.072 E1902.11132
G1 X106.362 Y68.178
G0 F7200 X104.293 Y66.957
G1 F2340 X93.579 Y56.244 E1903.40675
G0 F7200 X92.731 Y56.244
G1 F2340 X103.18 Y66.694 E1904.67025
G0 F7200 X102.243 Y66.605
G1 F2340 X91.882 Y56.244 E1905.92305
G0 F7200 X91.034 Y56.244
G1 F2340 X101.397 Y66.607 E1907.1761
G0 F7200 X100.551 Y66.609
G1 F2340 X90.185 Y56.244 E1908.42944
G0 F7200 X89.337 Y56.244
G1 F2340 X99.704 Y66.612 E1909.68303
G0 F7200 X99.053 Y66.809
G1 F2340 X88.488 Y56.244 E1910.9605
G0 F7200 X87.64 Y56.244
G1 F2340 X98.401 Y67.005 E1912.26167
G0 F7200 X97.801 Y67.254
G1 F2340 X86.791 Y56.244 E1913.59295
G0 F7200 X85.942 Y56.244
G1 F2340 X97.243 Y67.545 E1914.95941
G0 F7200 X96.756 Y67.906
G1 F2340 X85.094 Y56.244 E1916.36953
G0 F7200 X84.245 Y56.244
G1 F2340 X96.278 Y68.277 E1917.8245
G0 F7200 X95.86 Y68.707
G1 F2340 X83.397 Y56.244 E1919.33147
G0 F7200 X82.57 Y56.266
G1 F2340 X95.459 Y69.154 E1920.88988
G0 F7200 X95.099 Y69.644
G1 F2340 X81.949 Y56.493 E1922.47998
G0 F7200 X81.486 Y56.878
G1 F2340 X94.762 Y70.155 E1924.08531
G0 F7200 X94.489 Y70.73
G1 F2340 X81.188 Y57.429 E1925.6936
G0 F7200 X81.099 Y58.189
G1 F2340 X94.248 Y71.338 E1927.28352
G0 F7200 X94.064 Y72.003
G1 F2340 X81.099 Y59.038 E1928.85119
G0 F7200 X81.099 Y59.886
G1 F2340 X93.944 Y72.731 E1930.40434
G0 F7200 X93.944 Y73.579
G1 F2340 X81.099 Y60.735 E1931.95744
G0 F7200 X81.099 Y61.583
G1 F2340 X93.944 Y74.428 E1933.51059
G0 F7200 X93.944 Y75.276
G1 F2340 X81.099 Y62.432 E1935.06369
G0 F7200 X81.099 Y63.28
G1 F2340 X93.944 Y76.125 E1936.61685
G0 F7200 X93.944 Y76.974
G1 F2340 X81.099 Y64.129 E1938.17
G0 F7200 X81.099 Y64.977
G1 F2340 X93.944 Y77.822 E1939.72316
G0 F7200 X93.944 Y78.671
G1 F2340 X81.099 Y65.826 E1941.27632
G0 F7200 X81.099 Y66.675
G1 F2340 X93.943 Y79.518 E1942.82929
G0 F7200 X93.943 Y80.367
G1 F2340 X81.099 Y67.523 E1944.38233
G0 F7200 X81.099 Y68.372
G1 F2340 X93.943 Y81.215 E1945.9353
G0 F7200 X93.943 Y82.064
G1 F2340 X81.099 Y69.22 E1947.48834
G0 F7200 X81.099 Y70.069
G1 F2340 X93.943 Y82.913 E1949.04137
G0 F7200 X93.943 Y83.761
G1 F2340 X81.099 Y70.917 E1950.59441
G0 F7200 X81.099 Y71.766
G1 F2340 X93.943 Y84.61 E1952.14744
G0 F7200 X93.943 Y85.457
G1 F2340 X81.099 Y72.614 E1953.70042
G0 F7200 X81.099 Y73.463
G1 F2340 X93.943 Y86.306 E1955.2534
G0 F7200 X93.943 Y87.154
G1 F2340 X81.099 Y74.311 E1956.80637
G0 F7200 X81.099 Y75.16
G1 F2340 X93.943 Y88.003 E1958.35935
G0 F7200 X93.943 Y88.852
G1 F2340 X81.099 Y76.008 E1959.91238
G0 F7200 X81.099 Y76.857
G1 F2340 X93.943 Y89.7 E1961.46536
G0 F7200 X93.943 Y90.549
G1 F2340 X81.099 Y77.705 E1963.01839
G0 F7200 X81.099 Y78.554
G1 F2340 X93.943 Y91.397 E1964.57137
G0 F7200 X93.942 Y92.245
G1 F2340 X81.099 Y79.402 E1966.12428
G0 F7200 X81.099 Y80.251
G1 F2340 X93.942 Y93.093 E1967.67714
G0 F7200 X93.942 Y93.942
G1 F2340 X81.099 Y81.099 E1969.23005
G0 F7200 X81.099 Y81.948
G1 F2340 X93.942 Y94.79 E1970.7829
G0 F7200 X93.942 Y95.639
G1 F2340 X81.099 Y82.797 E1972.33576
G0 F7200 X81.099 Y83.645
G1 F2340 X93.942 Y96.488 E1973.88867
G0 F7200 X93.942 Y97.336
G1 F2340 X81.099 Y84.494 E1975.44153
G0 F7200 X81.099 Y85.342
G1 F2340 X93.941 Y98.184 E1976.99432
G0 F7200 X93.941 Y99.032
G1 F2340 X81.099 Y86.191 E1978.54705
G0 F7200 X81.099 Y87.039
G1 F2340 X93.941 Y99.881 E1980.09985
G0 F7200 X93.941 Y100.729
G1 F2340 X81.099 Y87.888 E1981.65258
G0 F7200 X81.099 Y88.736
G1 F2340 X93.941 Y101.578 E1983.20538
G0 F7200 X93.941 Y102.427
G1 F2340 X81.099 Y89.585 E1984.75817
G0 F7200 X81.099 Y90.433
G1 F2340 X93.941 Y103.275 E1986.31096
G0 F7200 X93.941 Y104.124
G1 F2340 X81.099 Y91.282 E1987.86376
G0 F7200 X81.099 Y92.13
G1 F2340 X93.941 Y104.971 E1989.41649
G0 F7200 X93.941 Y105.82
G1 F2340 X81.099 Y92.979 E1990.96922
G0 F7200 X81.099 Y93.827
G1 F2340 X93.941 Y106.668 E1992.52196
G0 F7200 X93.941 Y107.517
G1 F2340 X81.099 Y94.676 E1994.07469
G0 F7200 X81.099 Y95.524
G1 F2340 X93.941 Y108.366 E1995.62748
G0 F7200 X93.941 Y109.214
G1 F2340 X81.099 Y96.373 E1997.18022
G0 F7200 X81.099 Y97.222
G1 F2340 X93.941 Y110.063 E1998.73295
G0 F7200 X93.955 Y110.925
G1 F2340 X81.099 Y98.07 E2000.28738
G0 F7200 X81.099 Y98.919
G1 F2340 X94.122 Y111.941 E2001.862
G1 X94.228 Y112.047
G0 F7200 X94.744 Y113.411
G1 F2340 X81.099 Y99.767 E2003.51182
G0 F7200 X81.099 Y100.616
G1 F2340 X141.904 Y161.42 E2010.86402
G0 F7200 X141.737 Y162.101
G1 F2340 X81.099 Y101.464 E2018.19601
G0 F7200 X81.099 Y102.313
G1 F2340 X141.387 Y162.601 E2025.48575
G0 F7200 X140.964 Y163.026
G1 F2340 X81.099 Y103.161 E2032.72435
G0 F7200 X81.099 Y104.01
G1 F2340 X140.54 Y163.451 E2039.91167
G0 F7200 X140.117 Y163.876
G1 F2340 X81.099 Y104.858 E2047.04785
G0 F7200 X81.099 Y105.707
G1 F2340 X139.694 Y164.301 E2054.13282
G0 F7200 X139.27 Y164.726
G1 F2340 X81.099 Y106.555 E2061.16658
G0 F7200 X81.099 Y107.404
G1 F2340 X138.847 Y165.151 E2068.14913
G0 F7200 X138.423 Y165.576
G1 F2340 X81.099 Y108.252 E2075.08048
G0 F7200 X81.099 Y109.101
G1 F2340 X138 Y166.002 E2081.96068
G0 F7200 X137.549 Y166.398
G1 F2340 X81.099 Y109.949 E2088.78628
G0 F7200 X81.099 Y110.798
G1 F2340 X136.946 Y166.645 E2095.53904
G0 F7200 X136.071 Y166.618
G1 F2340 X81.099 Y111.647 E2102.18593
G0 F7200 X81.099 Y112.495
G1 F2340 X130.775 Y162.171 E2108.19252
G1 X130.881 Y162.277
G0 F7200 X122.945 Y155.189
G1 F2340 X81.099 Y113.344 E2113.25228
G0 F7200 X81.099 Y114.192
G1 F2340 X115.115 Y148.207 E2117.36527
G1 X115.221 Y148.313
G0 F7200 X107.285 Y141.226
G1 F2340 X81.099 Y115.041 E2120.5315
G0 F7200 X81.099 Y115.889
G1 F2340 X99.455 Y134.245 E2122.75102
G1 X99.561 Y134.351
G0 F7200 X91.625 Y127.264
G1 F2340 X81.099 Y116.738 E2124.02377
G0 F7200 X81.279 Y117.766
G1 F2340 X83.796 Y120.282 E2124.32805
G1 X83.902 Y120.388
G0 F7200 X83.992 Y120.291
G10
;MESH:NONMESH
G0 F600 X83.992 Y120.291 Z9.25
G0 F7200 X81.069 Y56.847
G0 X80.312 Y56.366
;TIME_ELAPSED:2823.573453
;LAYER:59
;TYPE:WALL-OUTER
;MESH:porte-manteau.stl
G11
G1 F2880 X80.002 Y57.023 E2124.39344
G1 X79.856 Y57.666 E2124.45278
G1 X79.856 Y117.372 E2129.82632
G1 X79.987 Y117.99 E2129.88317
G1 X80.281 Y118.644 E2129.94771
G1 X80.652 Y119.153 E2130.0044
G1 X134.586 Y167.239 E2136.50757
G1 X135.219 Y167.673 E2136.57664
G1 X135.741 Y167.88 E2136.62718
G1 X136.642 Y168.026 E2136.70933
G1 X137.531 Y167.828 E2136.7913
G1 X138.464 Y167.303 E2136.88765
G1 X142.468 Y163.275 E2137.39881
G1 X142.934 Y162.547 E2137.4766
G1 X143.127 Y161.668 E2137.55759
G1 X143.124 Y161.111 E2137.60772
G1 X142.965 Y160.406 E2137.67277
G1 X142.447 Y159.492 E2137.76732
G1 X96.663 Y113.934 E2143.58031
G1 X96.018 Y113.139 E2143.67244
G1 X95.62 Y112.407 E2143.74743
G1 X95.291 Y111.388 E2143.8438
G1 X95.184 Y110.712 E2143.9054
G1 X95.188 Y72.593 E2147.33611
G1 X95.491 Y71.51 E2147.43732
G1 X95.903 Y70.643 E2147.52372
G1 X96.327 Y70.016 E2147.59184
G1 X97.316 Y68.987 E2147.72029
G1 X98.168 Y68.449 E2147.81098
G1 X99.085 Y68.068 E2147.90035
G1 X100.207 Y67.853 E2148.00316
G1 X102.876 Y67.854 E2148.24337
G1 X103.998 Y68.169 E2148.34826
G1 X105.157 Y68.726 E2148.46399
G1 X120.195 Y82.396 E2150.29303
G1 X120.931 Y82.822 E2150.36956
G1 X121.789 Y82.987 E2150.4482
G1 X122.316 Y82.972 E2150.49565
G1 X122.999 Y82.806 E2150.55891
G1 X123.892 Y82.295 E2150.6515
G1 X125.372 Y80.814 E2150.83994
G1 X125.842 Y80.079 E2150.91846
G1 X126.033 Y79.212 E2150.99836
G1 X125.975 Y78.281 E2151.08231
G1 X125.732 Y77.597 E2151.14764
G1 X125.38 Y77.041 E2151.20687
G1 X104.212 Y55.873 E2153.90111
G1 X103.643 Y55.428 E2153.96613
G1 X103.154 Y55.189 E2154.01511
G1 X102.353 Y55 E2154.08918
G1 X82.526 Y55 E2155.87361
G1 X81.874 Y55.146 E2155.93374
G1 X81.211 Y55.458 E2155.99969
G1 X80.783 Y55.792 E2156.04855
G1 X80.312 Y56.366 E2156.11538
G0 F7200 X80.184 Y56.637
G0 X80.823 Y56.69
;TYPE:WALL-INNER
G1 F4620 X80.456 Y57.733 E2156.21489
G1 X80.456 Y117.309 E2161.57673
G1 X80.561 Y117.803 E2161.62218
G1 X81.099 Y118.748 E2161.72005
G1 X134.957 Y166.766 E2168.21404
G1 X135.682 Y167.263 E2168.29315
G1 X136.624 Y167.415 E2168.37903
G1 X137.314 Y167.262 E2168.44264
G1 X138.097 Y166.821 E2168.52351
G1 X141.997 Y162.897 E2169.02143
G1 X142.371 Y162.314 E2169.08377
G1 X142.527 Y161.605 E2169.14911
G1 X142.399 Y160.624 E2169.23815
G1 X141.965 Y159.86 E2169.31723
G1 X96.261 Y114.383 E2175.11997
G1 X95.52 Y113.473 E2175.22559
G1 X95.068 Y112.643 E2175.31064
G1 X94.713 Y111.551 E2175.41399
G1 X94.586 Y110.76 E2175.48609
G1 X94.587 Y72.524 E2178.92733
G1 X94.929 Y71.299 E2179.04179
G1 X95.381 Y70.346 E2179.13672
G1 X95.842 Y69.66 E2179.21111
G1 X96.955 Y68.5 E2179.35579
G1 X97.915 Y67.904 E2179.45749
G1 X98.913 Y67.493 E2179.55463
G1 X100.147 Y67.252 E2179.66779
G1 X102.96 Y67.252 E2179.92096
G1 X104.189 Y67.595 E2180.03579
G1 X105.49 Y68.215 E2180.1655
G1 X120.551 Y81.909 E2181.99752
G1 X121.143 Y82.252 E2182.0591
G1 X121.838 Y82.385 E2182.12278
G1 X122.775 Y82.243 E2182.20808
G1 X123.524 Y81.814 E2182.28576
G1 X124.902 Y80.436 E2182.46115
G1 X125.279 Y79.845 E2182.52424
G1 X125.429 Y79.165 E2182.58691
G1 X125.381 Y78.403 E2182.65563
G1 X125.189 Y77.861 E2182.70738
G1 X124.909 Y77.418 E2182.75455
G1 X103.814 Y56.323 E2185.4395
G1 X102.951 Y55.757 E2185.53239
G1 X102.283 Y55.6 E2185.59414
G1 X82.592 Y55.6 E2187.36633
G1 X82.07 Y55.717 E2187.41448
G1 X81.527 Y55.972 E2187.46847
G1 X80.823 Y56.69 E2187.55897
G0 F7200 X81.234 Y56.947
;TYPE:SKIN
G1 F2340 X80.936 Y57.796 E2187.6359
G1 X80.936 Y117.26 E2192.72007
G1 X81.016 Y117.64 E2192.75328
G1 X81.465 Y118.428 E2192.83082
G1 X135.246 Y166.379 E2198.99139
G1 X135.867 Y166.806 E2199.05582
G1 X136.61 Y166.926 E2199.12017
G1 X137.135 Y166.808 E2199.16618
G1 X137.8 Y166.434 E2199.23141
G1 X141.616 Y162.595 E2199.69422
G1 X141.918 Y162.122 E2199.7422
G1 X142.043 Y161.562 E2199.79126
G1 X141.942 Y160.793 E2199.85757
G1 X141.579 Y160.152 E2199.92056
G1 X95.854 Y114.653 E2205.43576
G1 X95.109 Y113.722 E2205.53771
G1 X94.62 Y112.835 E2205.62431
G1 X94.235 Y111.635 E2205.73206
G1 X94.107 Y110.819 E2205.80268
G1 X94.11 Y72.459 E2209.08246
G1 X94.478 Y71.131 E2209.20028
G1 X94.975 Y70.079 E2209.29976
G1 X95.451 Y69.379 E2209.37214
G1 X96.641 Y68.136 E2209.51927
G1 X97.714 Y67.462 E2209.62761
G1 X98.832 Y67.013 E2209.73062
G1 X100.08 Y66.78 E2209.83916
G1 X103.02 Y66.774 E2210.09053
G1 X104.385 Y67.156 E2210.21172
G1 X105.761 Y67.814 E2210.34213
G1 X120.835 Y81.516 E2212.08384
G1 X121.315 Y81.794 E2212.13126
G1 X121.866 Y81.899 E2212.17922
G1 X122.599 Y81.787 E2212.24262
G1 X123.236 Y81.423 E2212.30535
G1 X124.52 Y80.138 E2212.46066
G1 X124.83 Y79.655 E2212.50974
G1 X124.945 Y79.129 E2212.55577
G1 X124.904 Y78.506 E2212.60915
G1 X124.523 Y77.708 E2212.68476
G1 X103.501 Y56.69 E2215.2264
G1 X102.775 Y56.208 E2215.30091
G1 X102.225 Y56.08 E2215.34919
G1 X82.655 Y56.08 E2217.02242
G1 X81.786 Y56.385 E2217.10117
G1 X81.234 Y56.947 E2217.16852
G0 F7200 X82.778 Y56.38
G1 F2340 X81.237 Y57.922 E2217.35491
G0 F7200 X81.237 Y58.77
G1 F2340 X83.627 Y56.38 E2217.6439
G0 F7200 X84.475 Y56.38
G1 F2340 X81.237 Y59.619 E2218.03548
G0 F7200 X81.237 Y60.468
G1 F2340 X85.324 Y56.38 E2218.52972
G0 F7200 X86.172 Y56.38
G1 F2340 X81.237 Y61.316 E2219.1265
G0 F7200 X81.237 Y62.165
G1 F2340 X87.021 Y56.38 E2219.82593
G0 F7200 X87.869 Y56.38
G1 F2340 X81.237 Y63.013 E2220.6279
G0 F7200 X81.237 Y63.862
G1 F2340 X88.718 Y56.38 E2221.53253
G0 F7200 X89.566 Y56.38
G1 F2340 X81.237 Y64.71 E2222.53969
G0 F7200 X81.237 Y65.559
G1 F2340 X90.415 Y56.38 E2223.64952
G0 F7200 X91.263 Y56.38
G1 F2340 X81.237 Y66.407 E2224.86187
G0 F7200 X81.237 Y67.256
G1 F2340 X92.112 Y56.38 E2226.17689
G0 F7200 X92.961 Y56.38
G1 F2340 X81.237 Y68.104 E2227.5945
G0 F7200 X81.237 Y68.953
G1 F2340 X93.809 Y56.38 E2229.1147
G0 F7200 X94.658 Y56.38
G1 F2340 X81.237 Y69.801 E2230.73751
G0 F7200 X81.237 Y70.65
G1 F2340 X95.506 Y56.38 E2232.46291
G0 F7200 X96.355 Y56.38
G1 F2340 X81.237 Y71.498 E2234.2909
G0 F7200 X81.237 Y72.347
G1 F2340 X97.203 Y56.38 E2236.2215
G0 F7200 X98.052 Y56.38
G1 F2340 X81.237 Y73.195 E2238.25469
G0 F7200 X81.237 Y74.044
G1 F2340 X98.9 Y56.38 E2240.39047
G0 F7200 X99.749 Y56.38
G1 F2340 X81.237 Y74.893 E2242.62892
G0 F7200 X81.237 Y75.741
G1 F2340 X100.597 Y56.38 E2244.9699
G0 F7200 X101.446 Y56.38
G1 F2340 X81.237 Y76.59 E2247.41354
G0 F7200 X81.237 Y77.438
G1 F2340 X102.275 Y56.4 E2249.95735
G0 F7200 X102.883 Y56.64
G1 F2340 X81.237 Y78.287 E2252.57474
G0 F7200 X81.237 Y79.135
G1 F2340 X103.38 Y56.991 E2255.25223
G0 F7200 X103.805 Y57.416
G1 F2340 X81.237 Y79.984 E2257.98105
G0 F7200 X81.237 Y80.832
G1 F2340 X104.229 Y57.84 E2260.76113
G0 F7200 X104.653 Y58.264
G1 F2340 X81.237 Y81.681 E2263.59254
G0 F7200 X81.237 Y82.529
G1 F2340 X105.077 Y58.688 E2266.47522
G0 F7200 X105.502 Y59.113
G1 F2340 X97.163 Y67.452 E2267.48353
G1 X97.057 Y67.558
G0 F7200 X98.738 Y66.725
G1 F2340 X105.926 Y59.537 E2268.35267
G0 F7200 X106.35 Y59.961
G1 F2340 X99.781 Y66.531 E2269.14703
G0 F7200 X100.684 Y66.477
G1 F2340 X106.775 Y60.386 E2269.88352
G0 F7200 X107.199 Y60.81
G1 F2340 X101.532 Y66.477 E2270.56875
G0 F7200 X102.38 Y66.477
G1 F2340 X107.623 Y61.234 E2271.20271
G0 F7200 X108.047 Y61.658
G1 F2340 X103.192 Y66.514 E2271.78981
G0 F7200 X103.857 Y66.697
G1 F2340 X108.472 Y62.083 E2272.34777
G0 F7200 X108.896 Y62.507
G1 F2340 X104.515 Y66.887 E2272.87744
G0 F7200 X105.092 Y67.16
G1 F2340 X109.32 Y62.931 E2273.38873
G0 F7200 X109.744 Y63.355
G1 F2340 X105.667 Y67.433 E2273.88176
G0 F7200 X106.167 Y67.781
G1 F2340 X110.169 Y63.78 E2274.36561
G0 F7200 X110.593 Y64.204
G1 F2340 X106.612 Y68.185 E2274.84697
G0 F7200 X107.056 Y68.589
G1 F2340 X111.017 Y64.628 E2275.32592
G0 F7200 X111.441 Y65.052
G1 F2340 X107.501 Y68.993 E2275.80238
G0 F7200 X107.946 Y69.397
G1 F2340 X111.866 Y65.477 E2276.27637
G0 F7200 X112.29 Y65.901
G1 F2340 X108.39 Y69.801 E2276.74794
G0 F7200 X108.834 Y70.205
G1 F2340 X112.714 Y66.325 E2277.21709
G0 F7200 X113.138 Y66.749
G1 F2340 X109.278 Y70.61 E2277.68388
G0 F7200 X109.723 Y71.013
G1 F2340 X113.563 Y67.174 E2278.14814
G0 F7200 X113.988 Y67.597
G1 F2340 X110.168 Y71.417 E2278.61003
G0 F7200 X110.612 Y71.822
G1 F2340 X114.412 Y68.022 E2279.06951
G0 F7200 X114.836 Y68.446
G1 F2340 X111.057 Y72.225 E2279.52645
G0 F7200 X111.502 Y72.629
G1 F2340 X115.261 Y68.87 E2279.98097
G0 F7200 X115.685 Y69.294
G1 F2340 X111.946 Y73.034 E2280.43313
G0 F7200 X112.39 Y73.437
G1 F2340 X116.109 Y69.719 E2280.88276
G0 F7200 X116.533 Y70.143
G1 F2340 X112.835 Y73.841 E2281.3299
G0 F7200 X113.279 Y74.246
G1 F2340 X116.958 Y70.567 E2281.77475
G0 F7200 X117.382 Y70.991
G1 F2340 X113.724 Y74.649 E2282.21706
G0 F7200 X114.169 Y75.053
G1 F2340 X117.806 Y71.416 E2282.65683
G0 F7200 X118.23 Y71.84
G1 F2340 X114.613 Y75.457 E2283.09418
G0 F7200 X115.058 Y75.861
G1 F2340 X118.655 Y72.264 E2283.52911
G0 F7200 X119.079 Y72.688
G1 F2340 X115.502 Y76.266 E2283.96168
G0 F7200 X115.946 Y76.669
G1 F2340 X119.503 Y73.113 E2284.39172
G0 F7200 X119.927 Y73.537
G1 F2340 X116.391 Y77.073 E2284.81928
G0 F7200 X116.835 Y77.478
G1 F2340 X120.352 Y73.961 E2285.24453
G0 F7200 X120.776 Y74.386
G1 F2340 X117.28 Y77.881 E2285.66719
G0 F7200 X117.725 Y78.285
G1 F2340 X121.2 Y74.81 E2286.08737
G0 F7200 X121.624 Y75.234
G1 F2340 X118.169 Y78.69 E2286.5052
G0 F7200 X118.614 Y79.093
G1 F2340 X122.049 Y75.658 E2286.92054
G0 F7200 X122.473 Y76.083
G1 F2340 X119.058 Y79.497 E2287.33341
G0 F7200 X119.502 Y79.902
G1 F2340 X122.897 Y76.507 E2287.74391
G0 F7200 X123.322 Y76.931
G1 F2340 X119.947 Y80.305 E2288.15194
G0 F7200 X120.391 Y80.71
G1 F2340 X123.746 Y77.355 E2288.55761
G0 F7200 X124.17 Y77.78
G1 F2340 X120.836 Y81.114 E2288.96074
G0 F7200 X121.337 Y81.461
G1 F2340 X124.481 Y78.317 E2289.3409
G0 F7200 X124.637 Y79.01
G1 F2340 X122.084 Y81.563 E2289.6496
G1 X121.978 Y81.669
G10
G0 F7200 X105.688 Y67.924
G0 X104.297 Y67.264
G0 X103.007 Y66.906
G0 X100.119 Y66.905
G0 X98.818 Y67.153
G0 X97.744 Y67.596
G0 X96.718 Y68.245
G0 X95.566 Y69.446
G0 X95.082 Y70.169
G0 X94.596 Y71.19
G0 X94.274 Y72.352
G0 X93.806 Y81.839
G11
G1 F2340 X81.237 Y94.409 E2291.16944
G0 F7200 X81.237 Y95.257
G1 F2340 X93.806 Y82.688 E2292.68923
G0 F7200 X93.806 Y83.536
G1 F2340 X81.237 Y96.106 E2294.20907
G0 F7200 X81.237 Y96.954
G1 F2340 X93.806 Y84.385 E2295.72885
G0 F7200 X93.806 Y85.233
G1 F2340 X81.237 Y97.803 E2297.2487
G0 F7200 X81.237 Y98.651
G1 F2340 X93.806 Y86.082 E2298.76848
G0 F7200 X93.806 Y86.93
G1 F2340 X81.237 Y99.5 E2300.28833
G0 F7200 X81.237 Y100.348
G1 F2340 X93.806 Y87.779 E2301.80811
G0 F7200 X93.805 Y88.628
G1 F2340 X81.237 Y101.197 E2303.32783
G0 F7200 X81.237 Y102.045
G1 F2340 X93.805 Y89.477 E2304.8475
G0 F7200 X93.805 Y90.325
G1 F2340 X81.237 Y102.894 E2306.36722
G0 F7200 X81.237 Y103.742
G1 F2340 X93.805 Y91.174 E2307.88688
G0 F7200 X93.805 Y92.022
G1 F2340 X81.237 Y104.591 E2309.40661
G0 F7200 X81.237 Y105.44
G1 F2340 X93.805 Y92.871 E2310.92633
G0 F7200 X93.805 Y93.719
G1 F2340 X81.237 Y106.288 E2312.44605
G0 F7200 X81.237 Y107.137
G1 F2340 X93.805 Y94.568 E2313.96578
G0 F7200 X93.805 Y95.416
G1 F2340 X81.237 Y107.985 E2315.4855
G0 F7200 X81.237 Y108.834
G1 F2340 X93.805 Y96.266 E2317.00516
G0 F7200 X93.805 Y97.114
G1 F2340 X81.237 Y109.682 E2318.52483
G0 F7200 X81.237 Y110.531
G1 F2340 X93.805 Y97.963 E2320.04449
G0 F7200 X93.805 Y98.811
G1 F2340 X81.237 Y111.379 E2321.56415
G0 F7200 X81.237 Y112.228
G1 F2340 X93.805 Y99.66 E2323.08382
G0 F7200 X93.805 Y100.508
G1 F2340 X81.237 Y113.076 E2324.60348
G0 F7200 X81.237 Y113.925
G1 F2340 X93.805 Y101.357 E2326.12314
G0 F7200 X93.805 Y102.205
G1 F2340 X81.237 Y114.773 E2327.64281
G0 F7200 X81.237 Y115.622
G1 F2340 X93.805 Y103.054 E2329.16247
G0 F7200 X93.804 Y103.903
G1 F2340 X81.237 Y116.47 E2330.68201
G0 F7200 X81.252 Y117.303
G1 F2340 X93.804 Y104.752 E2332.19968
G0 F7200 X93.804 Y105.6
G1 F2340 X81.507 Y117.897 E2333.68657
G0 F7200 X81.867 Y118.386
G1 F2340 X93.804 Y106.449 E2335.12994
G0 F7200 X93.804 Y107.297
G1 F2340 X82.316 Y118.785 E2336.51901
G0 F7200 X82.764 Y119.186
G1 F2340 X93.804 Y108.146 E2337.85392
G0 F7200 X93.804 Y108.994
G1 F2340 X83.212 Y119.586 E2339.13465
G0 F7200 X83.661 Y119.985
G1 F2340 X93.804 Y109.843 E2340.36103
G0 F7200 X93.804 Y110.691
G1 F2340 X84.11 Y120.386 E2341.53325
G0 F7200 X84.559 Y120.785
G1 F2340 X93.9 Y111.444 E2342.66272
G0 F7200 X94.076 Y112.117
G1 F2340 X85.007 Y121.185 E2343.75924
G0 F7200 X85.455 Y121.586
G1 F2340 X94.282 Y112.759 E2344.82656
G0 F7200 X94.554 Y113.336
G1 F2340 X85.904 Y121.985 E2345.87241
G0 F7200 X86.353 Y122.385
G1 F2340 X94.855 Y113.883 E2346.90043
G0 F7200 X95.229 Y114.358
G1 F2340 X86.801 Y122.786 E2347.91951
G0 F7200 X87.25 Y123.185
G1 F2340 X95.608 Y114.827 E2348.93012
G0 F7200 X96.033 Y115.251
G1 F2340 X87.698 Y123.585 E2349.93789
G0 F7200 X88.147 Y123.985
G1 F2340 X96.458 Y115.674 E2350.94281
G0 F7200 X96.884 Y116.097
G1 F2340 X88.596 Y124.385 E2351.94496
G0 F7200 X89.044 Y124.785
G1 F2340 X97.308 Y116.521 E2352.9442
G0 F7200 X97.734 Y116.943
G1 F2340 X89.493 Y125.185 E2353.94073
G0 F7200 X89.941 Y125.585
G1 F2340 X98.159 Y117.367 E2354.93441
G0 F7200 X98.585 Y117.79
G1 F2340 X90.389 Y125.985 E2355.92537
G0 F7200 X90.838 Y126.385
G1 F2340 X99.01 Y118.213 E2356.91349
G0 F7200 X99.435 Y118.636
G1 F2340 X91.287 Y126.785 E2357.89877
G0 F7200 X91.736 Y127.184
G1 F2340 X99.86 Y119.06 E2358.88108
G0 F7200 X100.286 Y119.483
G1 F2340 X92.184 Y127.585 E2359.86074
G0 F7200 X92.632 Y127.985
G1 F2340 X100.711 Y119.906 E2360.83761
G0 F7200 X101.136 Y120.33
G1 F2340 X93.081 Y128.384 E2361.81152
G0 F7200 X93.53 Y128.785
G1 F2340 X101.562 Y120.753 E2362.78271
G0 F7200 X101.987 Y121.176
G1 F2340 X93.978 Y129.185 E2363.75112
G0 F7200 X94.427 Y129.584
G1 F2340 X102.412 Y121.599 E2364.71663
G0 F7200 X102.837 Y122.023
G1 F2340 X94.875 Y129.985 E2365.67936
G0 F7200 X95.324 Y130.384
G1 F2340 X103.263 Y122.445 E2366.63931
G0 F7200 X103.688 Y122.869
G1 F2340 X95.773 Y130.784 E2367.59635
G0 F7200 X96.221 Y131.185
G1 F2340 X104.114 Y123.292 E2368.55073
G0 F7200 X104.539 Y123.715
G1 F2340 X96.67 Y131.584 E2369.50222
G0 F7200 X97.118 Y131.984
G1 F2340 X104.964 Y124.138 E2370.45092
G0 F7200 X105.389 Y124.562
G1 F2340 X97.567 Y132.384 E2371.39672
G0 F7200 X98.016 Y132.784
G1 F2340 X105.815 Y124.985 E2372.33974
G0 F7200 X106.24 Y125.408
G1 F2340 X98.464 Y133.184 E2373.27997
G0 F7200 X98.913 Y133.584
G1 F2340 X106.665 Y125.832 E2374.21731
G0 F7200 X107.091 Y126.255
G1 F2340 X99.361 Y133.984 E2375.15192
G0 F7200 X99.81 Y134.384
G1 F2340 X107.516 Y126.678 E2376.0837
G0 F7200 X107.941 Y127.101
G1 F2340 X100.259 Y134.784 E2377.01263
G0 F7200 X100.707 Y135.184
G1 F2340 X108.366 Y127.525 E2377.93872
G0 F7200 X108.792 Y127.947
G1 F2340 X101.156 Y135.583 E2378.86203
G0 F7200 X101.604 Y135.984
G1 F2340 X109.217 Y128.371 E2379.78255
G0 F7200 X109.643 Y128.794
G1 F2340 X102.052 Y136.384 E2380.70036
G0 F7200 X102.501 Y136.783
G1 F2340 X110.068 Y129.217 E2381.61527
G0 F7200 X110.493 Y129.64
G1 F2340 X102.95 Y137.184 E2382.52739
G0 F7200 X103.398 Y137.584
G1 F2340 X110.918 Y130.064 E2383.43667
G0 F7200 X111.343 Y130.487
G1 F2340 X103.847 Y137.983 E2384.34305
G0 F7200 X104.295 Y138.384
G1 F2340 X111.769 Y130.91 E2385.24677
G0 F7200 X112.194 Y131.334
G1 F2340 X104.744 Y138.783 E2386.14753
G0 F7200 X105.193 Y139.183
G1 F2340 X112.619 Y131.757 E2387.04545
G0 F7200 X113.044 Y132.18
G1 F2340 X105.641 Y139.584 E2387.94065
G0 F7200 X106.09 Y139.983
G1 F2340 X113.47 Y132.603 E2388.833
G0 F7200 X113.895 Y133.027
G1 F2340 X106.538 Y140.383 E2389.72251
G0 F7200 X106.987 Y140.783
G1 F2340 X114.321 Y133.449 E2390.60931
G0 F7200 X114.746 Y133.873
G1 F2340 X107.436 Y141.183 E2391.4932
G0 F7200 X107.884 Y141.583
G1 F2340 X115.171 Y134.296 E2392.37431
G0 F7200 X115.596 Y134.719
G1 F2340 X108.333 Y141.983 E2393.25257
G0 F7200 X108.781 Y142.383
G1 F2340 X116.022 Y135.142 E2394.12812
G0 F7200 X116.447 Y135.566
G1 F2340 X109.23 Y142.783 E2395.00077
G0 F7200 X109.679 Y143.183
G1 F2340 X116.872 Y135.989 E2395.87057
G0 F7200 X117.298 Y136.412
G1 F2340 X110.127 Y143.583 E2396.73765
G0 F7200 X110.576 Y143.982
G1 F2340 X117.723 Y136.836 E2397.60177
G0 F7200 X118.148 Y137.259
G1 F2340 X111.024 Y144.383 E2398.46317
G0 F7200 X111.473 Y144.783
G1 F2340 X118.573 Y137.682 E2399.32173
G0 F7200 X118.999 Y138.105
G1 F2340 X111.922 Y145.182 E2400.17745
G0 F7200 X112.37 Y145.583
G1 F2340 X119.424 Y138.529 E2401.03039
G0 F7200 X119.85 Y138.951
G1 F2340 X112.818 Y145.983 E2401.88066
G0 F7200 X113.267 Y146.382
G1 F2340 X120.275 Y139.375 E2402.72798
G0 F7200 X120.7 Y139.798
G1 F2340 X113.715 Y146.783 E2403.57257
G0 F7200 X114.165 Y147.182
G1 F2340 X121.125 Y140.221 E2404.4142
G0 F7200 X121.551 Y140.644
G1 F2340 X114.613 Y147.582 E2405.25311
G0 F7200 X115.061 Y147.983
G1 F2340 X121.976 Y141.068 E2406.08924
G0 F7200 X122.401 Y141.491
G1 F2340 X115.51 Y148.382 E2406.92247
G0 F7200 X115.958 Y148.782
G1 F2340 X122.827 Y141.914 E2407.75297
G0 F7200 X123.252 Y142.338
G1 F2340 X116.407 Y149.183 E2408.58064
G0 F7200 X116.856 Y149.582
G1 F2340 X123.677 Y142.761 E2409.4054
G0 F7200 X124.102 Y143.184
G1 F2340 X117.304 Y149.982 E2410.22738
G0 F7200 X117.753 Y150.382
G1 F2340 X124.528 Y143.607 E2411.04658
G0 F7200 X124.953 Y144.031
G1 F2340 X118.201 Y150.782 E2411.86294
G0 F7200 X118.65 Y151.182
G1 F2340 X125.379 Y144.453 E2412.67658
G0 F7200 X125.803 Y144.877
G1 F2340 X119.099 Y151.582 E2413.48726
G0 F7200 X119.547 Y151.982
G1 F2340 X126.229 Y145.3 E2414.29521
G0 F7200 X126.654 Y145.723
G1 F2340 X119.996 Y152.382 E2415.10033
G0 F7200 X120.444 Y152.782
G1 F2340 X127.08 Y146.146 E2415.90272
G0 F7200 X127.505 Y146.57
G1 F2340 X120.893 Y153.182 E2416.70221
G0 F7200 X121.342 Y153.581
G1 F2340 X127.93 Y146.993 E2417.4988
G0 F7200 X128.355 Y147.416
G1 F2340 X121.79 Y153.982 E2418.29267
G0 F7200 X122.238 Y154.382
G1 F2340 X128.78 Y147.84 E2419.0837
G0 F7200 X129.206 Y148.263
G1 F2340 X122.687 Y154.781 E2419.87189
G0 F7200 X123.136 Y155.182
G1 F2340 X129.631 Y148.686 E2420.65729
G0 F7200 X130.057 Y149.109
G1 F2340 X123.585 Y155.581 E2421.43986
G0 F7200 X124.033 Y155.981
G1 F2340 X130.482 Y149.533 E2422.21958
G0 F7200 X130.907 Y149.955
G1 F2340 X124.481 Y156.382 E2422.99664
G0 F7200 X124.93 Y156.781
G1 F2340 X131.332 Y150.379 E2423.77074
G0 F7200 X131.758 Y150.802
G1 F2340 X125.379 Y157.181 E2424.54206
G0 F7200 X125.827 Y157.582
G1 F2340 X132.183 Y151.225 E2425.31066
G0 F7200 X132.609 Y151.648
G1 F2340 X126.276 Y157.981 E2426.07641
G0 F7200 X126.724 Y158.381
G1 F2340 X133.034 Y152.072 E2426.83933
G0 F7200 X133.459 Y152.495
G1 F2340 X127.173 Y158.781 E2427.5994
G0 F7200 X127.621 Y159.181
G1 F2340 X133.884 Y152.918 E2428.35669
G0 F7200 X134.309 Y153.342
G1 F2340 X128.07 Y159.581 E2429.11108
G0 F7200 X128.519 Y159.981
G1 F2340 X134.735 Y153.765 E2429.86269
G0 F7200 X135.16 Y154.188
G1 F2340 X128.967 Y160.381 E2430.61152
G0 F7200 X129.416 Y160.781
G1 F2340 X135.586 Y154.611 E2431.35757
G0 F7200 X136.011 Y155.035
G1 F2340 X129.864 Y161.181 E2432.10077
G0 F7200 X130.313 Y161.581
G1 F2340 X136.436 Y155.457 E2432.8412
G0 F7200 X136.861 Y155.881
G1 F2340 X130.762 Y161.98 E2433.57866
G0 F7200 X131.21 Y162.381
G1 F2340 X137.287 Y156.304 E2434.31346
G0 F7200 X137.712 Y156.727
G1 F2340 X131.658 Y162.781 E2435.04548
G0 F7200 X132.107 Y163.18
G1 F2340 X138.138 Y157.15 E2435.77466
G0 F7200 X138.563 Y157.574
G1 F2340 X132.556 Y163.581 E2436.501
G0 F7200 X133.005 Y163.98
G1 F2340 X138.987 Y157.997 E2437.22438
G0 F7200 X139.413 Y158.42
G1 F2340 X133.453 Y164.38 E2437.94503
G0 F7200 X133.901 Y164.781
G1 F2340 X139.838 Y158.844 E2438.6629
G0 F7200 X140.264 Y159.267
G1 F2340 X134.35 Y165.18 E2439.37794
G0 F7200 X134.799 Y165.58
G1 F2340 X140.689 Y159.69 E2440.09013
G0 F7200 X141.114 Y160.113
G1 F2340 X135.247 Y165.981 E2440.7996
G0 F7200 X135.728 Y166.348
G1 F2340 X141.483 Y160.593 E2441.49546
G0 F7200 X141.696 Y161.228
G1 F2340 X136.344 Y166.58 E2442.1426
G1 X136.238 Y166.686
G0 F7200 X137.533 Y166.24
G1 F2340 X141.406 Y162.367 E2442.61091
G1 X141.512 Y162.261
G10
G0 F7200 X95.965 Y114.58
G0 X81.237 Y93.56
G11
G1 F2340 X93.806 Y80.991 E2444.13069
G0 F7200 X93.806 Y80.142
G1 F2340 X81.237 Y92.712 E2445.65054
G0 F7200 X81.237 Y91.863
G1 F2340 X93.807 Y79.293 E2447.17044
G0 F7200 X93.807 Y78.444
G1 F2340 X81.237 Y91.015 E2448.69041
G0 F7200 X81.237 Y90.166
G1 F2340 X93.807 Y77.596 E2450.21031
G0 F7200 X93.807 Y76.747
G1 F2340 X81.237 Y89.317 E2451.73022
G0 F7200 X81.237 Y88.469
G1 F2340 X93.807 Y75.899 E2453.25012
G0 F7200 X93.807 Y75.05
G1 F2340 X81.237 Y87.62 E2454.77003
G0 F7200 X81.237 Y86.772
G1 F2340 X93.807 Y74.202 E2456.28993
G0 F7200 X93.807 Y73.353
G1 F2340 X81.237 Y85.923 E2457.80984
G0 F7200 X81.237 Y85.075
G1 F2340 X93.807 Y72.505 E2459.32974
G0 F7200 X94.104 Y71.359
G1 F2340 X81.237 Y84.226 E2460.88556
G0 F7200 X81.237 Y83.378
G1 F2340 X94.781 Y69.833 E2462.52329
G1 X94.887 Y69.727
G0 F7200 X94.761 Y69.641
G10
;MESH:NONMESH
G0 F600 X94.761 Y69.641 Z9.4
G0 F7200 X81.331 Y56.717
G0 X80.636 Y56.145
;TIME_ELAPSED:2927.529264
;LAYER:60
;TYPE:WALL-OUTER
;MESH:porte-manteau.stl
G11
G1 F2880 X80.262 Y56.736 E2462.58624
G1 X79.992 Y57.698 E2462.67616
G1 X79.992 Y117.369 E2468.04655
G1 X80.112 Y117.942 E2468.09924
G1 X80.401 Y118.584 E2468.16261
G1 X80.744 Y119.053 E2468.2149
G1 X134.865 Y167.304 E2474.74052
G1 X135.776 Y167.751 E2474.83185
G1 X136.458 Y167.861 E2474.89402
G1 X137.171 Y167.792 E2474.95849
G1 X137.659 Y167.636 E2475.0046
G1 X138.369 Y167.21 E2475.07912
G1 X142.364 Y163.191 E2475.58913
G1 X142.806 Y162.496 E2475.66326
G1 X142.992 Y161.643 E2475.74183
G1 X142.992 Y161.134 E2475.78764
G1 X142.837 Y160.45 E2475.85076
G1 X142.339 Y159.572 E2475.94161
G1 X96.296 Y113.759 E2481.7873
G1 X95.634 Y112.753 E2481.89569
G1 X95.211 Y111.735 E2481.9949
G1 X95.048 Y110.72 E2482.08742
G1 X95.053 Y72.895 E2485.49167
G1 X95.267 Y71.765 E2485.59518
G1 X95.672 Y70.722 E2485.69588
G1 X96.388 Y69.766 E2485.80338
G1 X97.237 Y68.88 E2485.91382
G1 X98.366 Y68.164 E2486.03414
G1 X99.872 Y67.719 E2486.17547
G1 X102.892 Y67.722 E2486.44727
G1 X104.013 Y68.03 E2486.5519
G1 X104.956 Y68.483 E2486.64605
G1 X105.72 Y69.051 E2486.73174
G1 X120.275 Y82.288 E2488.50239
G1 X120.975 Y82.694 E2488.57522
G1 X122.053 Y82.897 E2488.67395
G1 X122.956 Y82.678 E2488.75758
G1 X123.804 Y82.195 E2488.84541
G1 X125.272 Y80.727 E2489.03225
G1 X125.714 Y80.027 E2489.10676
G1 X125.904 Y79.178 E2489.18506
G1 X125.904 Y78.67 E2489.23078
G1 X125.748 Y77.985 E2489.29401
G1 X125.258 Y77.111 E2489.38419
G1 X104.121 Y55.97 E2492.07474
G1 X103.363 Y55.38 E2492.16119
G1 X102.344 Y55.133 E2492.25556
G1 X82.533 Y55.132 E2494.03855
G1 X81.738 Y55.31 E2494.11187
G1 X80.998 Y55.784 E2494.19096
G1 X80.636 Y56.145 E2494.23697
G0 F7200 X80.476 Y56.398
G0 X81.376 Y56.254
;TYPE:WALL-INNER
G1 F4620 X80.816 Y56.983 E2494.31971
G1 X80.592 Y57.78 E2494.39422
G1 X80.592 Y117.307 E2499.75165
G1 X80.686 Y117.756 E2499.79293
G1 X81.191 Y118.647 E2499.88511
G1 X135.203 Y166.802 E2506.39765
G1 X135.96 Y167.173 E2506.47352
G1 X136.478 Y167.257 E2506.52075
G1 X137.41 Y167.086 E2506.60603
G1 X137.996 Y166.734 E2506.66756
G1 X141.892 Y162.814 E2507.16496
G1 X142.242 Y162.264 E2507.22364
G1 X142.392 Y161.578 E2507.28684
G1 X142.271 Y160.669 E2507.36937
G1 X141.858 Y159.94 E2507.44478
G1 X95.834 Y114.142 E2513.28831
G1 X95.104 Y113.034 E2513.40773
G1 X94.623 Y111.873 E2513.52083
G1 X94.45 Y110.767 E2513.62158
G1 X94.456 Y72.839 E2517.0351
G1 X94.69 Y71.601 E2517.14849
G1 X95.127 Y70.453 E2517.25905
G1 X95.977 Y69.325 E2517.38616
G1 X96.833 Y68.431 E2517.49756
G1 X98.116 Y67.612 E2517.63455
G1 X99.784 Y67.116 E2517.79116
G1 X102.974 Y67.119 E2518.07826
G1 X104.247 Y67.473 E2518.19718
G1 X105.247 Y67.951 E2518.29694
G1 X106.078 Y68.569 E2518.39014
G1 X120.631 Y81.801 E2520.16036
G1 X121.187 Y82.123 E2520.21819
G1 X121.858 Y82.25 E2520.27965
G1 X122.732 Y82.115 E2520.35925
G1 X123.437 Y81.713 E2520.43229
G1 X124.8 Y80.35 E2520.60577
G1 X125.151 Y79.795 E2520.66487
G1 X125.304 Y79.112 E2520.72786
G1 X125.182 Y78.203 E2520.81041
G1 X124.775 Y77.477 E2520.88531
G1 X103.723 Y56.42 E2523.56511
G1 X102.917 Y55.889 E2523.65198
G1 X102.272 Y55.733 E2523.7117
G1 X82.599 Y55.732 E2525.48227
G1 X81.972 Y55.872 E2525.54009
G1 X81.376 Y56.254 E2525.60381
G0 F7200 X81.687 Y56.624
;TYPE:SKIN
G1 F2340 X81.254 Y57.189 E2525.66467
G1 X81.072 Y57.841 E2525.72254
G1 X81.072 Y117.253 E2530.80227
G1 X81.145 Y117.601 E2530.83267
G1 X81.554 Y118.329 E2530.90407
G1 X135.47 Y166.396 E2537.07985
G1 X136.109 Y166.711 E2537.14076
G1 X136.48 Y166.771 E2537.17289
G1 X137.22 Y166.634 E2537.23724
G1 X137.697 Y166.349 E2537.28475
G1 X141.512 Y162.511 E2537.74743
G1 X141.79 Y162.072 E2537.79186
G1 X141.907 Y161.535 E2537.83885
G1 X141.814 Y160.839 E2537.89889
G1 X141.467 Y160.233 E2537.95859
G1 X95.468 Y114.459 E2543.50699
G1 X94.693 Y113.286 E2543.62719
G1 X94.163 Y112.027 E2543.74399
G1 X93.971 Y110.827 E2543.84789
G1 X93.977 Y72.791 E2547.09997
G1 X94.227 Y71.465 E2547.21534
G1 X94.707 Y70.218 E2547.32958
G1 X95.559 Y69.068 E2547.45195
G1 X96.549 Y68.032 E2547.57447
G1 X97.914 Y67.168 E2547.71259
G1 X99.708 Y66.639 E2547.87251
G1 X103.041 Y66.636 E2548.15748
G1 X104.397 Y67.014 E2548.27784
G1 X105.509 Y67.546 E2548.38324
G1 X106.374 Y68.19 E2548.47544
G1 X120.915 Y81.408 E2550.15559
G1 X121.355 Y81.662 E2550.19903
G1 X121.886 Y81.763 E2550.24524
G1 X122.555 Y81.659 E2550.30313
G1 X123.144 Y81.323 E2550.36111
G1 X124.42 Y80.047 E2550.51539
G1 X124.702 Y79.603 E2550.56037
G1 X124.819 Y79.071 E2550.60694
G1 X124.726 Y78.369 E2550.66748
G1 X124.39 Y77.771 E2550.72613
G1 X103.404 Y56.786 E2553.2636
G1 X102.737 Y56.339 E2553.33225
G1 X102.215 Y56.212 E2553.37818
G1 X82.649 Y56.212 E2555.05108
G1 X82.161 Y56.318 E2555.09377
G1 X81.687 Y56.624 E2555.14201
G10
G0 F7200 X105.429 Y67.653
G0 X124.459 Y78.639
G11
G1 F2340 X102.383 Y56.562 E2557.8114
G0 F7200 X101.484 Y56.512
G1 F2340 X124.428 Y79.456 E2560.58568
G0 F7200 X124.082 Y79.959
G1 F2340 X100.635 Y56.512 E2563.42078
G0 F7200 X99.787 Y56.512
G1 F2340 X123.658 Y80.383 E2566.30714
G0 F7200 X123.234 Y80.807
G1 F2340 X98.938 Y56.512 E2569.24484
G0 F7200 X98.09 Y56.512
G1 F2340 X122.769 Y81.191 E2572.22891
G0 F7200 X122.148 Y81.418
G1 F2340 X97.241 Y56.512 E2575.24048
G0 F7200 X96.393 Y56.512
G1 F2340 X120.564 Y80.683 E2578.16313
G1 X120.67 Y80.789
G0 F7200 X111.239 Y72.206
G1 F2340 X95.544 Y56.512 E2580.06083
G0 F7200 X94.696 Y56.512
G1 F2340 X105.285 Y67.102 E2581.34126
G1 X105.391 Y67.208
G0 F7200 X103.899 Y66.563
G1 F2340 X93.847 Y56.512 E2582.55664
G0 F7200 X92.999 Y56.512
G1 F2340 X102.823 Y66.336 E2583.74452
G0 F7200 X101.974 Y66.336
G1 F2340 X92.15 Y56.512 E2584.93239
G0 F7200 X91.302 Y56.512
G1 F2340 X101.125 Y66.336 E2586.1202
G0 F7200 X100.277 Y66.336
G1 F2340 X90.453 Y56.512 E2587.30807
G0 F7200 X89.605 Y56.512
G1 F2340 X99.485 Y66.392 E2588.50271
G0 F7200 X98.829 Y66.585
G1 F2340 X88.756 Y56.512 E2589.72069
G0 F7200 X87.908 Y56.512
G1 F2340 X98.174 Y66.778 E2590.96201
G0 F7200 X97.574 Y67.027
G1 F2340 X87.059 Y56.512 E2592.23343
G0 F7200 X86.21 Y56.512
G1 F2340 X97.055 Y67.357 E2593.54476
G0 F7200 X96.536 Y67.686
G1 F2340 X85.362 Y56.512 E2594.89586
G0 F7200 X84.513 Y56.512
G1 F2340 X96.085 Y68.084 E2596.2951
G0 F7200 X95.67 Y68.517
G1 F2340 X83.665 Y56.512 E2597.74668
G0 F7200 X82.816 Y56.512
G1 F2340 X95.267 Y68.963 E2599.2522
G0 F7200 X94.904 Y69.448
G1 F2340 X82.144 Y56.688 E2600.79508
G0 F7200 X81.703 Y57.095
G1 F2340 X94.539 Y69.932 E2602.34721
G0 F7200 X94.273 Y70.514
G1 F2340 X81.43 Y57.671 E2603.90012
G0 F7200 X81.372 Y58.461
G1 F2340 X94.037 Y71.127 E2605.43157
G0 F7200 X93.861 Y71.799
G1 F2340 X81.372 Y59.31 E2606.94168
G0 F7200 X81.372 Y60.159
G1 F2340 X93.726 Y72.513 E2608.43547
G0 F7200 X93.678 Y73.314
G1 F2340 X81.372 Y61.007 E2609.92352
G0 F7200 X81.372 Y61.856
G1 F2340 X93.678 Y74.162 E2611.4115
G0 F7200 X93.678 Y75.011
G1 F2340 X81.372 Y62.704 E2612.89954
G0 F7200 X81.372 Y63.553
G1 F2340 X93.678 Y75.858 E2614.38746
G0 F7200 X93.678 Y76.707
G1 F2340 X81.372 Y64.401 E2615.87545
G0 F7200 X81.372 Y65.25
G1 F2340 X93.678 Y77.555 E2617.36337
G0 F7200 X93.677 Y78.403
G1 F2340 X81.372 Y66.098 E2618.85123
G0 F7200 X81.372 Y66.947
G1 F2340 X93.677 Y79.252 E2620.3391
G0 F7200 X93.677 Y80.1
G1 F2340 X81.372 Y67.795 E2621.82696
G0 F7200 X81.372 Y68.644
G1 F2340 X93.676 Y80.948 E2623.3147
G0 F7200 X93.676 Y81.797
G1 F2340 X81.372 Y69.492 E2624.8025
G0 F7200 X81.372 Y70.341
G1 F2340 X93.676 Y82.645 E2626.29024
G0 F7200 X93.676 Y83.494
G1 F2340 X81.372 Y71.189 E2627.77804
G0 F7200 X81.372 Y72.038
G1 F2340 X93.675 Y84.342 E2629.26572
G0 F7200 X93.675 Y85.19
G1 F2340 X81.372 Y72.886 E2630.75341
G0 F7200 X81.372 Y73.735
G1 F2340 X93.675 Y86.039 E2632.24109
G0 F7200 X93.675 Y86.886
G1 F2340 X81.372 Y74.584 E2633.72865
G0 F7200 X81.372 Y75.432
G1 F2340 X93.675 Y87.735 E2635.21627
G0 F7200 X93.675 Y88.584
G1 F2340 X81.372 Y76.281 E2636.70389
G0 F7200 X81.372 Y77.129
G1 F2340 X93.674 Y89.431 E2638.19139
G0 F7200 X93.674 Y90.28
G1 F2340 X81.372 Y77.978 E2639.67889
G0 F7200 X81.372 Y78.826
G1 F2340 X93.674 Y91.128 E2641.16639
G0 F7200 X93.673 Y91.976
G1 F2340 X81.372 Y79.675 E2642.65376
G0 F7200 X81.372 Y80.523
G1 F2340 X93.673 Y92.825 E2644.1412
G0 F7200 X93.673 Y93.673
G1 F2340 X81.372 Y81.372 E2645.62858
G0 F7200 X81.372 Y82.22
G1 F2340 X93.673 Y94.521 E2647.11596
G0 F7200 X93.673 Y95.37
G1 F2340 X81.372 Y83.069 E2648.60334
G0 F7200 X81.372 Y83.917
G1 F2340 X93.673 Y96.218 E2650.09072
G0 F7200 X93.673 Y97.067
G1 F2340 X81.372 Y84.766 E2651.5781
G0 F7200 X81.372 Y85.614
G1 F2340 X93.672 Y97.914 E2653.06535
G0 F7200 X93.672 Y98.763
G1 F2340 X81.372 Y86.463 E2654.55261
G0 F7200 X81.372 Y87.311
G1 F2340 X93.672 Y99.612 E2656.03993
G0 F7200 X93.671 Y100.459
G1 F2340 X81.372 Y88.16 E2657.52707
G0 F7200 X81.372 Y89.008
G1 F2340 X93.671 Y101.308 E2659.01426
G0 F7200 X93.671 Y102.156
G1 F2340 X81.372 Y89.857 E2660.5014
G0 F7200 X81.372 Y90.706
G1 F2340 X93.67 Y103.004 E2661.98842
G0 F7200 X93.67 Y103.853
G1 F2340 X81.372 Y91.554 E2663.47549
G0 F7200 X81.372 Y92.403
G1 F2340 X93.67 Y104.701 E2664.96251
G0 F7200 X93.67 Y105.549
G1 F2340 X81.372 Y93.251 E2666.44952
G0 F7200 X81.372 Y94.1
G1 F2340 X93.67 Y106.398 E2667.93654
G0 F7200 X93.67 Y107.246
G1 F2340 X81.372 Y94.948 E2669.42356
G0 F7200 X81.372 Y95.797
G1 F2340 X93.67 Y108.095 E2670.91057
G0 F7200 X93.669 Y108.943
G1 F2340 X81.372 Y96.645 E2672.39753
G0 F7200 X81.372 Y97.494
G1 F2340 X93.669 Y109.791 E2673.88442
G0 F7200 X93.669 Y110.64
G1 F2340 X81.372 Y98.342 E2675.37138
G0 F7200 X81.372 Y99.191
G1 F2340 X93.794 Y111.613 E2676.87339
G1 X93.9 Y111.719
G0 F7200 X94.185 Y112.853
G1 F2340 X81.372 Y100.039 E2678.42274
G0 F7200 X81.372 Y100.888
G1 F2340 X141.54 Y161.056 E2685.69796
G0 F7200 X141.523 Y161.888
G1 F2340 X81.372 Y101.736 E2692.9712
G0 F7200 X81.372 Y102.585
G1 F2340 X141.193 Y162.406 E2700.20447
G0 F7200 X140.77 Y162.832
G1 F2340 X81.372 Y103.433 E2707.38666
G0 F7200 X81.372 Y104.282
G1 F2340 X140.347 Y163.257 E2714.51763
G0 F7200 X139.924 Y163.682
G1 F2340 X81.372 Y105.131 E2721.5974
G0 F7200 X81.372 Y105.979
G1 F2340 X139.501 Y164.108 E2728.62609
G0 F7200 X139.077 Y164.533
G1 F2340 X81.372 Y106.828 E2735.6035
G0 F7200 X81.372 Y107.676
G1 F2340 X138.654 Y164.959 E2742.52983
G0 F7200 X138.232 Y165.384
G1 F2340 X81.372 Y108.525 E2749.40501
G0 F7200 X81.372 Y109.373
G1 F2340 X137.808 Y165.809 E2756.22898
G0 F7200 X137.354 Y166.204
G1 F2340 X81.372 Y110.222 E2762.99806
G0 F7200 X81.372 Y111.07
G1 F2340 X136.723 Y166.421 E2769.69084
G1 X136.829 Y166.527
G0 F7200 X135.261 Y165.808
G1 F2340 X81.372 Y111.919 E2776.20685
G0 F7200 X81.372 Y112.767
G1 F2340 X127.438 Y158.833 E2781.77693
G1 X127.544 Y158.939
G0 F7200 X119.615 Y151.859
G1 F2340 X81.372 Y113.616 E2786.40109
G0 F7200 X81.372 Y114.464
G1 F2340 X111.792 Y144.885 E2790.07939
G1 X111.898 Y144.991
G0 F7200 X103.969 Y137.91
G1 F2340 X81.372 Y115.313 E2792.81171
G0 F7200 X81.372 Y116.161
G1 F2340 X96.146 Y130.936 E2794.59818
G1 X96.252 Y131.042
G0 F7200 X88.323 Y123.961
G1 F2340 X81.372 Y117.01 E2795.43866
G1 X81.266 Y116.904
G0 F7200 X81.502 Y116.904
G10
;MESH:NONMESH
G0 F600 X81.502 Y116.904 Z9.55
G0 F7200 X81.432 Y56.777
G0 X80.752 Y56.217
;TIME_ELAPSED:3025.649712
;LAYER:61
;TYPE:WALL-OUTER
;MESH:porte-manteau.stl
G11
G1 F2880 X80.381 Y56.804 E2795.50116
G1 X80.124 Y57.702 E2795.58522
G1 X80.124 Y117.359 E2800.95435
G1 X80.239 Y117.89 E2801.00325
G1 X80.521 Y118.524 E2801.0657
G1 X80.84 Y118.956 E2801.11403
G1 X134.777 Y167.046 E2807.61764
G1 X135.351 Y167.436 E2807.6801
G1 X136.126 Y167.693 E2807.75358
G1 X136.803 Y167.714 E2807.81454
G1 X137.466 Y167.565 E2807.8757
G1 X138.28 Y167.103 E2807.95994
G1 X142.26 Y163.103 E2808.46778
G1 X142.678 Y162.447 E2808.53779
G1 X142.86 Y161.619 E2808.61409
G1 X142.86 Y161.159 E2808.65549
G1 X142.705 Y160.49 E2808.71729
G1 X142.246 Y159.672 E2808.80171
G1 X96.467 Y114.118 E2814.61413
G1 X95.802 Y113.303 E2814.7088
G1 X95.351 Y112.47 E2814.79405
G1 X95.023 Y111.441 E2814.89125
G1 X94.919 Y110.749 E2814.95423
G1 X94.92 Y72.565 E2818.39079
G1 X95.251 Y71.381 E2818.50144
G1 X95.695 Y70.467 E2818.59289
G1 X96.307 Y69.648 E2818.6849
G1 X97.146 Y68.775 E2818.79388
G1 X98.328 Y68.038 E2818.91924
G1 X99.86 Y67.587 E2819.06297
G1 X102.908 Y67.586 E2819.33729
G1 X104.132 Y67.93 E2819.45172
G1 X105.017 Y68.363 E2819.54039
G1 X105.569 Y68.738 E2819.60045
G1 X120.361 Y82.183 E2821.39949
G1 X121.163 Y82.593 E2821.48055
G1 X122.046 Y82.76 E2821.56143
G1 X122.912 Y82.554 E2821.64155
G1 X123.712 Y82.095 E2821.72455
G1 X125.168 Y80.638 E2821.90994
G1 X125.59 Y79.979 E2821.98037
G1 X125.772 Y79.155 E2822.05631
G1 X125.772 Y78.694 E2822.0978
G1 X125.62 Y78.025 E2822.15955
G1 X125.162 Y77.207 E2822.24392
G1 X104.025 Y56.066 E2824.93448
G1 X103.296 Y55.503 E2825.01738
G1 X102.332 Y55.268 E2825.10668
G1 X82.545 Y55.268 E2826.88751
G1 X81.797 Y55.434 E2826.95646
G1 X81.077 Y55.892 E2827.03326
G1 X80.752 Y56.217 E2827.07463
G0 F7200 X80.592 Y56.47
G0 X81.455 Y56.363
;TYPE:WALL-INNER
G1 F4620 X80.934 Y57.052 E2827.15237
G1 X80.724 Y57.786 E2827.22108
G1 X80.724 Y117.295 E2832.57689
G1 X81.043 Y118.221 E2832.66504
G1 X81.286 Y118.55 E2832.70185
G1 X135.147 Y166.572 E2839.19628
G1 X135.619 Y166.893 E2839.24766
G1 X136.232 Y167.096 E2839.30577
G1 X136.745 Y167.112 E2839.35196
G1 X137.247 Y166.999 E2839.39828
G1 X137.912 Y166.622 E2839.46707
G1 X141.789 Y162.726 E2839.96175
G1 X142.114 Y162.215 E2840.01625
G1 X142.26 Y161.554 E2840.07717
G1 X142.14 Y160.708 E2840.15408
G1 X141.764 Y160.038 E2840.22322
G1 X96.065 Y114.567 E2846.02526
G1 X95.3 Y113.639 E2846.1335
G1 X94.799 Y112.705 E2846.22889
G1 X94.439 Y111.577 E2846.33546
G1 X94.316 Y110.78 E2846.40804
G1 X94.319 Y72.495 E2849.85369
G1 X94.69 Y71.168 E2849.9777
G1 X95.183 Y70.155 E2850.07909
G1 X95.805 Y69.313 E2850.17331
G1 X96.76 Y68.306 E2850.29821
G1 X98.079 Y67.483 E2850.43813
G1 X99.771 Y66.984 E2850.5969
G1 X102.992 Y66.984 E2850.88679
G1 X104.322 Y67.355 E2851.01106
G1 X105.299 Y67.83 E2851.10883
G1 X105.956 Y68.276 E2851.1803
G1 X120.705 Y81.685 E2852.97429
G1 X121.359 Y82.02 E2853.04042
G1 X121.878 Y82.118 E2853.08796
G1 X122.688 Y81.99 E2853.16176
G1 X123.344 Y81.614 E2853.22981
G1 X124.698 Y80.26 E2853.40215
G1 X125.027 Y79.746 E2853.45707
G1 X125.172 Y79.089 E2853.51763
G1 X125.054 Y78.242 E2853.59459
G1 X124.679 Y77.573 E2853.66362
G1 X103.628 Y56.518 E2856.34322
G1 X102.882 Y56.019 E2856.424
G1 X102.26 Y55.868 E2856.48161
G1 X82.611 Y55.868 E2858.25002
G1 X82.03 Y55.997 E2858.30358
G1 X81.455 Y56.363 E2858.36492
G0 F7200 X81.768 Y56.732
;TYPE:SKIN
G1 F2340 X81.374 Y57.256 E2858.42098
G1 X81.204 Y57.85 E2858.4738
G1 X81.204 Y117.233 E2863.55105
G1 X81.506 Y118.098 E2863.62939
G1 X135.445 Y166.194 E2869.80829
G1 X135.835 Y166.456 E2869.84846
G1 X136.299 Y166.614 E2869.89037
G1 X137.083 Y166.535 E2869.95774
G1 X137.616 Y166.235 E2870.01003
G1 X141.408 Y162.423 E2870.46975
G1 X141.662 Y162.023 E2870.51027
G1 X141.775 Y161.512 E2870.55501
G1 X141.683 Y160.875 E2870.61004
G1 X141.378 Y160.332 E2870.66329
G1 X95.707 Y114.886 E2876.17202
G1 X94.906 Y113.903 E2876.28044
G1 X94.346 Y112.861 E2876.38158
G1 X93.974 Y111.713 E2876.48476
G1 X93.836 Y110.783 E2876.56515
G1 X93.842 Y72.431 E2879.84424
G1 X94.239 Y70.993 E2879.97179
G1 X94.771 Y69.904 E2880.07542
G1 X95.475 Y68.952 E2880.17665
G1 X96.462 Y67.927 E2880.29831
G1 X97.884 Y67.038 E2880.4417
G1 X99.697 Y66.507 E2880.60322
G1 X103.054 Y66.504 E2880.89025
G1 X104.524 Y66.918 E2881.02082
G1 X105.557 Y67.423 E2881.11913
G1 X106.233 Y67.882 E2881.18899
G1 X120.981 Y81.287 E2882.89299
G1 X121.505 Y81.556 E2882.94335
G1 X122.136 Y81.627 E2882.99764
G1 X122.504 Y81.538 E2883.03002
G1 X123.056 Y81.223 E2883.08435
G1 X124.316 Y79.963 E2883.23671
G1 X124.574 Y79.555 E2883.27798
G1 X124.687 Y79.047 E2883.32248
G1 X124.598 Y78.41 E2883.37747
G1 X124.294 Y77.867 E2883.43068
G1 X103.312 Y56.881 E2885.96796
G1 X102.704 Y56.471 E2886.03066
G1 X102.2 Y56.348 E2886.07502
G1 X82.661 Y56.348 E2887.7456
G1 X82.217 Y56.446 E2887.78448
G1 X81.768 Y56.732 E2887.82999
G0 F7200 X82.459 Y56.7
G1 F2340 X81.599 Y57.559 E2887.93392
G0 F7200 X81.504 Y58.503
G1 F2340 X83.359 Y56.648 E2888.15822
G0 F7200 X84.208 Y56.648
G1 F2340 X81.504 Y59.352 E2888.48517
G0 F7200 X81.504 Y60.2
G1 F2340 X85.056 Y56.648 E2888.91467
G0 F7200 X85.905 Y56.648
G1 F2340 X81.504 Y61.049 E2889.44681
G0 F7200 X81.504 Y61.897
G1 F2340 X86.754 Y56.648 E2890.08156
G0 F7200 X87.602 Y56.648
G1 F2340 X81.504 Y62.746 E2890.8189
G0 F7200 X81.504 Y63.594
G1 F2340 X88.451 Y56.648 E2891.65884
G0 F7200 X89.299 Y56.648
G1 F2340 X81.504 Y64.443 E2892.60137
G0 F7200 X81.504 Y65.291
G1 F2340 X90.148 Y56.648 E2893.6465
G0 F7200 X90.996 Y56.648
G1 F2340 X81.504 Y66.14 E2894.79423
G0 F7200 X81.504 Y66.988
G1 F2340 X91.845 Y56.648 E2896.04455
G0 F7200 X92.693 Y56.648
G1 F2340 X81.504 Y67.837 E2897.39748
G0 F7200 X81.504 Y68.686
G1 F2340 X93.542 Y56.648 E2898.85305
G0 F7200 X94.39 Y56.648
G1 F2340 X81.504 Y69.534 E2900.41117
G0 F7200 X81.504 Y70.383
G1 F2340 X95.239 Y56.648 E2902.07194
G0 F7200 X96.087 Y56.648
G1 F2340 X81.504 Y71.231 E2903.83525
G0 F7200 X81.504 Y72.08
G1 F2340 X96.936 Y56.648 E2905.70121
G0 F7200 X97.784 Y56.648
G1 F2340 X81.504 Y72.928 E2907.66971
G0 F7200 X81.504 Y73.777
G1 F2340 X98.633 Y56.648 E2909.74087
G0 F7200 X99.481 Y56.648
G1 F2340 X81.504 Y74.625 E2911.91456
G0 F7200 X81.504 Y75.474
G1 F2340 X100.33 Y56.648 E2914.19091
G0 F7200 X101.178 Y56.648
G1 F2340 X81.504 Y76.322 E2916.5698
G0 F7200 X81.504 Y77.171
G1 F2340 X102.027 Y56.648 E2919.05134
G0 F7200 X102.696 Y56.827
G1 F2340 X81.504 Y78.019 E2921.61378
G0 F7200 X81.504 Y78.868
G1 F2340 X103.188 Y57.184 E2924.23571
G0 F7200 X103.612 Y57.608
G1 F2340 X81.504 Y79.716 E2926.9089
G0 F7200 X81.504 Y80.565
G1 F2340 X104.037 Y58.032 E2929.63348
G0 F7200 X104.461 Y58.457
G1 F2340 X81.504 Y81.413 E2932.40927
G0 F7200 X81.504 Y82.262
G1 F2340 X104.885 Y58.881 E2935.23639
G0 F7200 X105.309 Y59.305
G1 F2340 X97.886 Y66.728 E2936.13395
G1 X97.78 Y66.834
G0 F7200 X99.09 Y66.373
G1 F2340 X105.734 Y59.729 E2936.93731
G0 F7200 X106.158 Y60.154
G1 F2340 X100.107 Y66.204 E2937.66891
G0 F7200 X100.956 Y66.204
G1 F2340 X106.582 Y60.578 E2938.34918
G0 F7200 X107.006 Y61.002
G1 F2340 X101.804 Y66.204 E2938.97818
G0 F7200 X102.653 Y66.204
G1 F2340 X107.431 Y61.426 E2939.55591
G0 F7200 X107.855 Y61.851
G1 F2340 X103.412 Y66.293 E2940.09308
G0 F7200 X104.076 Y66.478
G1 F2340 X108.279 Y62.275 E2940.60128
G0 F7200 X108.704 Y62.699
G1 F2340 X104.722 Y66.681 E2941.08277
G0 F7200 X105.29 Y66.961
G1 F2340 X109.128 Y63.123 E2941.54684
G0 F7200 X109.552 Y63.548
G1 F2340 X105.844 Y67.256 E2941.99519
G0 F7200 X106.35 Y67.599
G1 F2340 X109.976 Y63.972 E2942.43369
G0 F7200 X110.401 Y64.396
G1 F2340 X106.801 Y67.996 E2942.86899
G0 F7200 X107.245 Y68.4
G1 F2340 X110.825 Y64.82 E2943.30187
G0 F7200 X111.249 Y65.245
G1 F2340 X107.69 Y68.804 E2943.7322
G0 F7200 X108.134 Y69.208
G1 F2340 X111.673 Y65.669 E2944.16012
G0 F7200 X112.098 Y66.093
G1 F2340 X108.579 Y69.612 E2944.58562
G0 F7200 X109.024 Y70.016
G1 F2340 X112.522 Y66.518 E2945.00858
G0 F7200 X112.946 Y66.942
G1 F2340 X109.468 Y70.42 E2945.42913
G0 F7200 X109.913 Y70.824
G1 F2340 X113.37 Y67.366 E2945.84719
G0 F7200 X113.794 Y67.791
G1 F2340 X110.357 Y71.228 E2946.26278
G0 F7200 X110.802 Y71.632
G1 F2340 X114.218 Y68.215 E2946.67588
G0 F7200 X114.643 Y68.64
G1 F2340 X111.246 Y72.036 E2947.08657
G0 F7200 X111.691 Y72.44
G1 F2340 X115.067 Y69.064 E2947.49478
G0 F7200 X115.491 Y69.488
G1 F2340 X112.135 Y72.844 E2947.90057
G0 F7200 X112.58 Y73.248
G1 F2340 X115.915 Y69.912 E2948.30389
G0 F7200 X116.34 Y70.337
G1 F2340 X113.025 Y73.652 E2948.70472
G0 F7200 X113.469 Y74.056
G1 F2340 X116.764 Y70.761 E2949.10314
G0 F7200 X117.188 Y71.185
G1 F2340 X113.913 Y74.46 E2949.49914
G0 F7200 X114.358 Y74.864
G1 F2340 X117.612 Y71.609 E2949.89265
G0 F7200 X118.037 Y72.034
G1 F2340 X114.803 Y75.267 E2950.28363
G0 F7200 X115.247 Y75.672
G1 F2340 X118.461 Y72.458 E2950.67225
G0 F7200 X118.885 Y72.882
G1 F2340 X115.692 Y76.075 E2951.05834
G0 F7200 X116.137 Y76.479
G1 F2340 X119.309 Y73.306 E2951.44194
G0 F7200 X119.734 Y73.731
G1 F2340 X116.581 Y76.884 E2951.82319
G0 F7200 X117.025 Y77.287
G1 F2340 X120.158 Y74.155 E2952.20195
G0 F7200 X120.582 Y74.579
G1 F2340 X117.47 Y77.691 E2952.57824
G0 F7200 X117.914 Y78.096
G1 F2340 X121.006 Y75.004 E2952.95211
G0 F7200 X121.431 Y75.428
G1 F2340 X118.359 Y78.499 E2953.3235
G0 F7200 X118.804 Y78.903
G1 F2340 X121.855 Y75.852 E2953.69242
G0 F7200 X122.279 Y76.276
G1 F2340 X119.249 Y79.307 E2954.05885
G0 F7200 X119.693 Y79.711
G1 F2340 X122.704 Y76.701 E2954.42286
G0 F7200 X123.128 Y77.125
G1 F2340 X120.137 Y80.115 E2954.78446
G0 F7200 X120.582 Y80.519
G1 F2340 X123.552 Y77.549 E2955.14358
G0 F7200 X123.976 Y77.973
G1 F2340 X121.026 Y80.923 E2955.50028
G0 F7200 X121.554 Y81.244
G1 F2340 X124.302 Y78.496 E2955.83256
G0 F7200 X124.317 Y79.33
G1 F2340 X122.494 Y81.153 E2956.05298
G1 X122.388 Y81.259
G10
G0 F7200 X106.168 Y67.998
G0 X105.487 Y67.534
G0 X104.439 Y67.027
G0 X103.038 Y66.636
G0 X99.729 Y66.635
G0 X97.936 Y67.162
G0 X96.541 Y68.038
G0 X95.572 Y69.049
G0 X94.878 Y69.978
G0 X94.359 Y71.051
G0 X94.007 Y72.31
G0 X93.54 Y81.256
G11
G1 F2340 X81.504 Y93.293 E2957.50838
G0 F7200 X81.504 Y94.141
G1 F2340 X93.54 Y82.105 E2958.96372
G0 F7200 X93.54 Y82.954
G1 F2340 X81.504 Y94.99 E2960.41905
G0 F7200 X81.504 Y95.838
G1 F2340 X93.54 Y83.802 E2961.87439
G0 F7200 X93.54 Y84.651
G1 F2340 X81.504 Y96.687 E2963.32972
G0 F7200 X81.504 Y97.535
G1 F2340 X93.54 Y85.499 E2964.78506
G0 F7200 X93.54 Y86.348
G1 F2340 X81.504 Y98.384 E2966.2404
G0 F7200 X81.504 Y99.233
G1 F2340 X93.54 Y87.196 E2967.69579
G0 F7200 X93.54 Y88.045
G1 F2340 X81.504 Y100.081 E2969.15113
G0 F7200 X81.504 Y100.93
G1 F2340 X93.54 Y88.893 E2970.60653
G0 F7200 X93.54 Y89.742
G1 F2340 X81.504 Y101.778 E2972.06186
G0 F7200 X81.504 Y102.627
G1 F2340 X93.54 Y90.59 E2973.51726
G0 F7200 X93.54 Y91.439
G1 F2340 X81.504 Y103.475 E2974.97259
G0 F7200 X81.504 Y104.324
G1 F2340 X93.541 Y92.287 E2976.42805
G0 F7200 X93.541 Y93.135
G1 F2340 X81.504 Y105.172 E2977.88351
G0 F7200 X81.504 Y106.021
G1 F2340 X93.541 Y93.984 E2979.33897
G0 F7200 X93.541 Y94.832
G1 F2340 X81.504 Y106.869 E2980.79442
G0 F7200 X81.504 Y107.718
G1 F2340 X93.541 Y95.681 E2982.24988
G0 F7200 X93.541 Y96.529
G1 F2340 X81.504 Y108.566 E2983.70534
G0 F7200 X81.504 Y109.415
G1 F2340 X93.541 Y97.378 E2985.16079
G0 F7200 X93.541 Y98.226
G1 F2340 X81.504 Y110.263 E2986.61625
G0 F7200 X81.504 Y111.112
G1 F2340 X93.541 Y99.075 E2988.07171
G0 F7200 X93.541 Y99.923
G1 F2340 X81.504 Y111.96 E2989.52716
G0 F7200 X81.504 Y112.809
G1 F2340 X93.541 Y100.772 E2990.98262
G0 F7200 X93.541 Y101.62
G1 F2340 X81.504 Y113.658 E2992.43814
G0 F7200 X81.504 Y114.506
G1 F2340 X93.541 Y102.469 E2993.8936
G0 F7200 X93.541 Y103.317
G1 F2340 X81.504 Y115.355 E2995.34911
G0 F7200 X81.504 Y116.203
G1 F2340 X93.541 Y104.166 E2996.80457
G0 F7200 X93.541 Y105.015
G1 F2340 X81.504 Y117.052 E2998.26003
G0 F7200 X81.69 Y117.714
G1 F2340 X93.541 Y105.863 E2999.69299
G0 F7200 X93.541 Y106.712
G1 F2340 X82.061 Y118.191 E3001.08104
G0 F7200 X82.51 Y118.591
G1 F2340 X93.541 Y107.56 E3002.41486
G0 F7200 X93.541 Y108.409
G1 F2340 X82.958 Y118.991 E3003.69444
G0 F7200 X83.407 Y119.391
G1 F2340 X93.541 Y109.257 E3004.9198
G0 F7200 X93.541 Y110.106
G1 F2340 X83.856 Y119.791 E3006.09086
G0 F7200 X84.304 Y120.191
G1 F2340 X93.552 Y110.944 E3007.20903
G0 F7200 X93.661 Y111.683
G1 F2340 X84.752 Y120.591 E3008.2862
G0 F7200 X85.201 Y120.991
G1 F2340 X93.861 Y112.332 E3009.33327
G0 F7200 X94.069 Y112.972
G1 F2340 X85.65 Y121.391 E3010.35125
G0 F7200 X86.099 Y121.791
G1 F2340 X94.363 Y113.527 E3011.35049
G0 F7200 X94.662 Y114.076
G1 F2340 X86.547 Y122.191 E3012.33172
G0 F7200 X86.995 Y122.591
G1 F2340 X95.043 Y114.544 E3013.30479
G0 F7200 X95.424 Y115.011
G1 F2340 X87.444 Y122.991 E3014.26969
G0 F7200 X87.893 Y123.391
G1 F2340 X95.84 Y115.444 E3015.2306
G0 F7200 X96.265 Y115.867
G1 F2340 X88.341 Y123.791 E3016.18874
G0 F7200 X88.79 Y124.191
G1 F2340 X96.69 Y116.29 E3017.14403
G0 F7200 X97.115 Y116.714
G1 F2340 X89.238 Y124.591 E3018.09648
G0 F7200 X89.687 Y124.991
G1 F2340 X97.541 Y117.136 E3019.04621
G0 F7200 X97.966 Y117.56
G1 F2340 X90.136 Y125.391 E3019.99303
G0 F7200 X90.584 Y125.791
G1 F2340 X98.392 Y117.983 E3020.93714
G0 F7200 X98.817 Y118.406
G1 F2340 X91.033 Y126.19 E3021.87834
G0 F7200 X91.481 Y126.59
G1 F2340 X99.242 Y118.829 E3022.81677
G0 F7200 X99.667 Y119.253
G1 F2340 X91.93 Y126.991 E3023.75235
G0 F7200 X92.379 Y127.39
G1 F2340 X100.093 Y119.676 E3024.68509
G0 F7200 X100.518 Y120.099
G1 F2340 X92.827 Y127.79 E3025.61505
G0 F7200 X93.275 Y128.191
G1 F2340 X100.944 Y120.522 E3026.54235
G0 F7200 X101.369 Y120.946
G1 F2340 X93.724 Y128.59 E3027.46668
G0 F7200 X94.172 Y128.99
G1 F2340 X101.794 Y121.369 E3028.38824
G0 F7200 X102.219 Y121.792
G1 F2340 X94.621 Y129.391 E3029.30702
G0 F7200 X95.07 Y129.79
G1 F2340 X102.645 Y122.215 E3030.22295
G0 F7200 X103.07 Y122.638
G1 F2340 X95.518 Y130.19 E3031.1361
G0 F7200 X95.966 Y130.591
G1 F2340 X103.496 Y123.061 E3032.04659
G0 F7200 X103.921 Y123.485
G1 F2340 X96.415 Y130.99 E3032.95412
G0 F7200 X96.864 Y131.39
G1 F2340 X104.346 Y123.908 E3033.85881
G0 F7200 X104.771 Y124.331
G1 F2340 X97.313 Y131.79 E3034.76066
G0 F7200 X97.761 Y132.19
G1 F2340 X105.197 Y124.754 E3035.65978
G0 F7200 X105.622 Y125.178
G1 F2340 X98.209 Y132.59 E3036.55607
G0 F7200 X98.658 Y132.99
G1 F2340 X106.048 Y125.601 E3037.44957
G0 F7200 X106.473 Y126.024
G1 F2340 X99.107 Y133.39 E3038.34023
G0 F7200 X99.555 Y133.79
G1 F2340 X106.898 Y126.447 E3039.22811
G0 F7200 X107.323 Y126.871
G1 F2340 X100.004 Y134.19 E3040.11309
G0 F7200 X100.452 Y134.59
G1 F2340 X107.749 Y127.293 E3040.99541
G0 F7200 X108.174 Y127.717
G1 F2340 X100.901 Y134.99 E3041.87483
G0 F7200 X101.35 Y135.39
G1 F2340 X108.6 Y128.14 E3042.75146
G0 F7200 X109.025 Y128.563
G1 F2340 X101.798 Y135.79 E3043.62532
G0 F7200 X102.246 Y136.19
G1 F2340 X109.45 Y128.986 E3044.49639
G0 F7200 X109.875 Y129.41
G1 F2340 X102.695 Y136.59 E3045.36456
G0 F7200 X103.144 Y136.99
G1 F2340 X110.301 Y129.833 E3046.22995
G0 F7200 X110.727 Y130.255
G1 F2340 X103.593 Y137.389 E3047.09256
G0 F7200 X104.041 Y137.79
G1 F2340 X111.152 Y130.679 E3047.95239
G0 F7200 X111.577 Y131.102
G1 F2340 X104.489 Y138.19 E3048.80944
G0 F7200 X104.938 Y138.589
G1 F2340 X112.002 Y131.525 E3049.66358
G0 F7200 X112.428 Y131.948
G1 F2340 X105.386 Y138.99 E3050.51507
G0 F7200 X105.835 Y139.39
G1 F2340 X112.853 Y132.372 E3051.36365
G0 F7200 X113.279 Y132.795
G1 F2340 X106.284 Y139.789 E3052.20939
G0 F7200 X106.732 Y140.19
G1 F2340 X113.703 Y133.218 E3053.05235
G0 F7200 X114.129 Y133.641
G1 F2340 X107.18 Y140.59 E3053.89259
G0 F7200 X107.629 Y140.989
G1 F2340 X114.554 Y134.065 E3054.72987
G0 F7200 X114.98 Y134.487
G1 F2340 X108.078 Y141.39 E3055.56449
G0 F7200 X108.527 Y141.789
G1 F2340 X115.405 Y134.911 E3056.39614
G0 F7200 X115.83 Y135.334
G1 F2340 X108.975 Y142.189 E3057.22502
G0 F7200 X109.423 Y142.589
G1 F2340 X116.255 Y135.757 E3058.05111
G0 F7200 X116.681 Y136.18
G1 F2340 X109.872 Y142.989 E3058.87442
G0 F7200 X110.321 Y143.389
G1 F2340 X117.106 Y136.604 E3059.69483
G0 F7200 X117.532 Y137.027
G1 F2340 X110.769 Y143.789 E3060.51252
G0 F7200 X111.218 Y144.189
G1 F2340 X117.957 Y137.45 E3061.32737
G0 F7200 X118.382 Y137.873
G1 F2340 X111.666 Y144.589 E3062.13944
G0 F7200 X112.115 Y144.989
G1 F2340 X118.807 Y138.297 E3062.9486
G0 F7200 X119.233 Y138.72
G1 F2340 X112.564 Y145.389 E3063.75499
G0 F7200 X113.012 Y145.789
G1 F2340 X119.658 Y139.143 E3064.55859
G0 F7200 X120.084 Y139.566
G1 F2340 X113.46 Y146.189 E3065.35947
G0 F7200 X113.909 Y146.589
G1 F2340 X120.509 Y139.989 E3066.15751
G0 F7200 X120.934 Y140.412
G1 F2340 X114.358 Y146.989 E3066.95271
G0 F7200 X114.807 Y147.389
G1 F2340 X121.359 Y140.836 E3067.74501
G0 F7200 X121.785 Y141.259
G1 F2340 X115.255 Y147.789 E3068.53459
G0 F7200 X115.703 Y148.189
G1 F2340 X122.21 Y141.682 E3069.32138
G0 F7200 X122.636 Y142.105
G1 F2340 X116.152 Y148.589 E3070.1054
G0 F7200 X116.6 Y148.989
G1 F2340 X123.061 Y142.529 E3070.88657
G0 F7200 X123.486 Y142.952
G1 F2340 X117.049 Y149.389 E3071.6649
G0 F7200 X117.498 Y149.789
G1 F2340 X123.911 Y143.375 E3072.44039
G0 F7200 X124.337 Y143.798
G1 F2340 X117.946 Y150.189 E3073.21316
G0 F7200 X118.394 Y150.589
G1 F2340 X124.762 Y144.221 E3073.98315
G0 F7200 X125.188 Y144.644
G1 F2340 X118.843 Y150.989 E3074.75036
G0 F7200 X119.292 Y151.389
G1 F2340 X125.613 Y145.068 E3075.51466
G0 F7200 X126.038 Y145.491
G1 F2340 X119.74 Y151.789 E3076.27619
G0 F7200 X120.189 Y152.188
G1 F2340 X126.463 Y145.914 E3077.03481
G0 F7200 X126.889 Y146.337
G1 F2340 X120.637 Y152.589 E3077.79077
G0 F7200 X121.086 Y152.988
G1 F2340 X127.314 Y146.761 E3078.54377
G0 F7200 X127.74 Y147.184
G1 F2340 X121.535 Y153.388 E3079.29399
G0 F7200 X121.983 Y153.789
G1 F2340 X128.165 Y147.607 E3080.04149
G0 F7200 X128.59 Y148.03
G1 F2340 X122.432 Y154.188 E3080.78608
G0 F7200 X122.88 Y154.588
G1 F2340 X129.015 Y148.454 E3081.52784
G0 F7200 X129.441 Y148.876
G1 F2340 X123.329 Y154.989 E3082.26693
G0 F7200 X123.778 Y155.388
G1 F2340 X129.866 Y149.3 E3083.00306
G0 F7200 X130.291 Y149.723
G1 F2340 X124.226 Y155.788 E3083.73641
G0 F7200 X124.674 Y156.189
G1 F2340 X130.716 Y150.146 E3084.46705
G0 F7200 X131.142 Y150.569
G1 F2340 X125.123 Y156.588 E3085.19483
G0 F7200 X125.572 Y156.988
G1 F2340 X131.568 Y150.992 E3085.91984
G0 F7200 X131.993 Y151.416
G1 F2340 X126.02 Y157.389 E3086.64207
G0 F7200 X126.469 Y157.788
G1 F2340 X132.418 Y151.838 E3087.36145
G0 F7200 X132.843 Y152.262
G1 F2340 X126.917 Y158.188 E3088.078
G0 F7200 X127.366 Y158.588
G1 F2340 X133.269 Y152.685 E3088.79176
G0 F7200 X133.694 Y153.108
G1 F2340 X127.815 Y158.988 E3089.50268
G0 F7200 X128.263 Y159.388
G1 F2340 X134.12 Y153.531 E3090.21088
G0 F7200 X134.545 Y153.955
G1 F2340 X128.712 Y159.788 E3090.91618
G0 F7200 X129.16 Y160.188
G1 F2340 X134.97 Y154.378 E3091.6187
G0 F7200 X135.395 Y154.801
G1 F2340 X129.608 Y160.588 E3092.31844
G0 F7200 X130.057 Y160.988
G1 F2340 X135.821 Y155.224 E3093.01539
G0 F7200 X136.246 Y155.648
G1 F2340 X130.506 Y161.388 E3093.70944
G0 F7200 X130.954 Y161.788
G1 F2340 X136.672 Y156.07 E3094.40084
G0 F7200 X137.097 Y156.494
G1 F2340 X131.403 Y162.188 E3095.08933
G0 F7200 X131.851 Y162.588
G1 F2340 X137.522 Y156.917 E3095.77504
G0 F7200 X137.947 Y157.34
G1 F2340 X132.3 Y162.987 E3096.45785
G0 F7200 X132.749 Y163.388
G1 F2340 X138.373 Y157.763 E3097.13794
G0 F7200 X138.798 Y158.187
G1 F2340 X133.197 Y163.788 E3097.81518
G0 F7200 X133.646 Y164.187
G1 F2340 X139.224 Y158.61 E3098.48959
G0 F7200 X139.649 Y159.033
G1 F2340 X134.094 Y164.588 E3099.16127
G0 F7200 X134.543 Y164.988
G1 F2340 X140.074 Y159.456 E3099.83011
G0 F7200 X140.499 Y159.88
G1 F2340 X134.992 Y165.387 E3100.496
G0 F7200 X135.44 Y165.788
G1 F2340 X140.925 Y160.303 E3101.15922
G0 F7200 X141.289 Y160.787
G1 F2340 X135.956 Y166.12 E3101.80406
G0 F7200 X136.646 Y166.278
G1 F2340 X141.464 Y161.461 E3102.38657
G1 X141.57 Y161.355
G10
G0 F7200 X95.775 Y114.772
G0 X95.156 Y114.014
G0 X81.504 Y92.444
G11
G1 F2340 X93.54 Y80.408 E3103.8419
G0 F7200 X93.54 Y79.559
G1 F2340 X81.504 Y91.596 E3105.2973
G0 F7200 X81.504 Y90.747
G1 F2340 X93.54 Y78.711 E3106.75263
G0 F7200 X93.54 Y77.862
G1 F2340 X81.504 Y89.899 E3108.20803
G0 F7200 X81.504 Y89.05
G1 F2340 X93.54 Y77.014 E3109.66337
G0 F7200 X93.54 Y76.165
G1 F2340 X81.504 Y88.202 E3111.11876
G0 F7200 X81.504 Y87.353
G1 F2340 X93.54 Y75.317 E3112.5741
G0 F7200 X93.54 Y74.468
G1 F2340 X81.504 Y86.505 E3114.0295
G0 F7200 X81.504 Y85.656
G1 F2340 X93.54 Y73.62 E3115.48483
G0 F7200 X93.54 Y72.771
G1 F2340 X81.504 Y84.808 E3116.94023
G0 F7200 X81.504 Y83.959
G1 F2340 X93.721 Y71.742 E3118.41745
G1 X93.827 Y71.636
G0 F7200 X94.173 Y70.441
G1 F2340 X81.504 Y83.111 E3119.94939
G1 X81.398 Y83.217
G0 F7200 X81.637 Y83.217
G10
;MESH:NONMESH
G0 F600 X81.637 Y83.217 Z9.7
G0 F7200 X81.625 Y56.773
G0 X80.973 Y56.12
;TIME_ELAPSED:3125.573161
;LAYER:62
;TYPE:WALL-OUTER
;MESH:porte-manteau.stl
G11
G1 F2880 X80.501 Y56.868 E3120.02899
G1 X80.26 Y57.711 E3120.1079
G1 X80.26 Y117.34 E3125.47451
G1 X80.367 Y117.85 E3125.52141
G1 X80.747 Y118.697 E3125.60496
G1 X135.041 Y167.1 E3132.1513
G1 X135.821 Y167.483 E3132.22951
G1 X136.463 Y167.589 E3132.28807
G1 X137.339 Y167.509 E3132.36724
G1 X138.19 Y167.005 E3132.45625
G1 X142.158 Y163.013 E3132.96282
G1 X142.584 Y162.248 E3133.04163
G1 X142.771 Y161.394 E3133.12031
G1 X142.577 Y160.529 E3133.20009
G1 X142.146 Y159.764 E3133.27912
G1 X96.104 Y113.947 E3139.12501
G1 X95.308 Y112.776 E3139.25244
G1 X94.897 Y111.478 E3139.37498
G1 X94.783 Y110.758 E3139.44058
G1 X94.781 Y72.857 E3142.85167
G1 X94.97 Y71.811 E3142.94734
G1 X95.422 Y70.611 E3143.06275
G1 X96.203 Y69.568 E3143.18002
G1 X97.066 Y68.671 E3143.29204
G1 X98.036 Y68.061 E3143.39517
G1 X99.2 Y67.592 E3143.50811
G1 X100.172 Y67.451 E3143.59651
G1 X102.92 Y67.447 E3143.84383
G1 X104.197 Y67.81 E3143.96331
G1 X105.105 Y68.259 E3144.05448
G1 X105.657 Y68.634 E3144.11454
G1 X120.445 Y82.079 E3145.91331
G1 X121.198 Y82.464 E3145.98942
G1 X122.047 Y82.621 E3146.06713
G1 X122.872 Y82.422 E3146.14351
G1 X123.624 Y81.995 E3146.22134
G1 X125.062 Y80.557 E3146.40436
G1 X125.492 Y79.784 E3146.48397
G1 X125.682 Y78.924 E3146.56324
G1 X125.492 Y78.064 E3146.64251
G1 X125.062 Y77.295 E3146.7218
G1 X103.765 Y55.998 E3149.43247
G1 X103.34 Y55.716 E3149.47837
G1 X102.547 Y55.404 E3149.55507
G1 X82.558 Y55.404 E3151.35408
G1 X81.725 Y55.641 E3151.43202
G1 X80.973 Y56.12 E3151.51227
G0 F7200 X80.813 Y56.373
G0 X81.336 Y56.67
;TYPE:WALL-INNER
G1 F4620 X81.054 Y57.116 E3151.55976
G1 X80.86 Y57.795 E3151.62331
G1 X80.86 Y117.278 E3156.97678
G1 X80.941 Y117.664 E3157.01228
G1 X81.383 Y118.46 E3157.09422
G1 X135.379 Y166.598 E3163.60467
G1 X136.006 Y166.905 E3163.6675
G1 X136.485 Y166.985 E3163.71121
G1 X137.268 Y166.854 E3163.78266
G1 X137.818 Y166.527 E3163.84025
G1 X141.674 Y162.649 E3164.33244
G1 X142.017 Y162.033 E3164.39589
G1 X142.127 Y161.534 E3164.44188
G1 X142.011 Y160.747 E3164.51348
G1 X141.664 Y160.13 E3164.57719
G1 X95.647 Y114.335 E3170.42008
G1 X94.755 Y113.024 E3170.5628
G1 X94.305 Y111.596 E3170.69755
G1 X94.18 Y110.784 E3170.77149
G1 X94.183 Y72.803 E3174.18978
G1 X94.392 Y71.651 E3174.29515
G1 X94.899 Y70.305 E3174.4246
G1 X95.701 Y69.233 E3174.54509
G1 X96.684 Y68.199 E3174.67349
G1 X97.788 Y67.513 E3174.79047
G1 X99.04 Y67.009 E3174.91194
G1 X100.148 Y66.848 E3175.01271
G1 X103.003 Y66.847 E3175.26966
G1 X104.386 Y67.235 E3175.39893
G1 X105.392 Y67.729 E3175.4998
G1 X106.044 Y68.172 E3175.57074
G1 X120.789 Y81.581 E3177.36447
G1 X121.394 Y81.89 E3177.42561
G1 X122.03 Y82.008 E3177.48383
G1 X122.649 Y81.858 E3177.54115
G1 X123.257 Y81.513 E3177.60406
G1 X124.578 Y80.192 E3177.7722
G1 X124.925 Y79.569 E3177.83638
G1 X125.036 Y78.782 E3177.90791
G1 X124.925 Y78.28 E3177.95418
G1 X124.579 Y77.661 E3178.018
G1 X103.238 Y56.32 E3180.73427
G1 X102.433 Y56.004 E3180.8121
G1 X82.642 Y56.004 E3182.59329
G1 X81.973 Y56.194 E3182.65588
G1 X81.336 Y56.67 E3182.72745
G0 F7200 X81.703 Y56.985
;TYPE:SKIN
G1 F2340 X81.493 Y57.313 E3182.76075
G1 X81.34 Y57.858 E3182.80915
G1 X81.34 Y117.404 E3187.90033
G1 X81.747 Y118.142 E3187.97239
G1 X135.645 Y166.192 E3194.14606
G1 X136.157 Y166.443 E3194.19481
G1 X136.497 Y166.499 E3194.22427
G1 X137.078 Y166.405 E3194.27459
G1 X137.517 Y166.142 E3194.31835
G1 X141.285 Y162.354 E3194.77517
G1 X141.56 Y161.856 E3194.82381
G1 X141.642 Y161.493 E3194.85563
G1 X141.555 Y160.916 E3194.90552
G1 X141.275 Y160.425 E3194.95385
G1 X95.263 Y114.629 E3200.50435
G1 X94.31 Y113.22 E3200.64979
G1 X93.827 Y111.669 E3200.78868
G1 X93.7 Y110.799 E3200.86386
G1 X93.708 Y72.735 E3204.11833
G1 X93.926 Y71.516 E3204.22421
G1 X94.454 Y70.108 E3204.35278
G1 X95.351 Y68.896 E3204.4817
G1 X96.378 Y67.823 E3204.60869
G1 X97.592 Y67.073 E3204.7307
G1 X98.909 Y66.546 E3204.85198
G1 X100.092 Y66.371 E3204.95423
G1 X103.066 Y66.364 E3205.20851
G1 X104.585 Y66.794 E3205.34348
G1 X105.617 Y67.302 E3205.44183
G1 X106.321 Y67.782 E3205.51468
G1 X121.065 Y81.182 E3207.21814
G1 X121.545 Y81.428 E3207.26426
G1 X122.016 Y81.513 E3207.30518
G1 X122.465 Y81.409 E3207.34458
G1 X122.964 Y81.123 E3207.39376
G1 X124.19 Y79.897 E3207.542
G1 X124.466 Y79.402 E3207.59046
G1 X124.551 Y78.82 E3207.64075
G1 X124.468 Y78.452 E3207.673
G1 X124.189 Y77.947 E3207.72233
G1 X103.088 Y56.845 E3210.27382
G1 X102.335 Y56.484 E3210.34522
G1 X82.702 Y56.484 E3212.02384
G1 X82.179 Y56.634 E3212.07036
G1 X81.703 Y56.985 E3212.12093
G10
G0 F7200 X104.506 Y66.908
G0 X105.366 Y67.326
G0 X124.19 Y79.218
G11
G1 F2340 X101.756 Y56.784 E3214.83354
G0 F7200 X100.908 Y56.784
G1 F2340 X123.893 Y79.769 E3217.61278
G0 F7200 X123.469 Y80.194
G1 F2340 X100.059 Y56.784 E3220.4434
G0 F7200 X99.211 Y56.784
G1 F2340 X123.044 Y80.618 E3223.32524
G0 F7200 X122.554 Y80.976
G1 F2340 X98.362 Y56.784 E3226.25042
G0 F7200 X97.514 Y56.784
G1 F2340 X121.896 Y81.167 E3229.19864
G1 X122.002 Y81.273
G0 F7200 X116.601 Y76.72
G1 F2340 X96.665 Y56.784 E3231.6092
G0 F7200 X95.817 Y56.784
G1 F2340 X107.312 Y68.28 E3232.99918
G1 X107.418 Y68.386
G0 F7200 X104.699 Y66.515
G1 F2340 X94.968 Y56.784 E3234.17581
G0 F7200 X94.119 Y56.784
G1 F2340 X103.513 Y66.178 E3235.31169
G0 F7200 X102.552 Y66.066
G1 F2340 X93.271 Y56.784 E3236.43396
G0 F7200 X92.422 Y56.784
G1 F2340 X101.707 Y66.069 E3237.55666
G0 F7200 X100.861 Y66.071
G1 F2340 X91.574 Y56.784 E3238.6796
G0 F7200 X90.725 Y56.784
G1 F2340 X100.02 Y66.078 E3239.80345
G0 F7200 X99.281 Y66.188
G1 F2340 X89.877 Y56.784 E3240.94054
G0 F7200 X89.028 Y56.784
G1 F2340 X98.594 Y66.35 E3242.09721
G0 F7200 X97.987 Y66.592
G1 F2340 X88.18 Y56.784 E3243.28309
G0 F7200 X87.331 Y56.784
G1 F2340 X97.388 Y66.841 E3244.49913
G0 F7200 X96.865 Y67.167
G1 F2340 X86.483 Y56.784 E3245.75454
G0 F7200 X85.634 Y56.784
G1 F2340 X96.343 Y67.493 E3247.04942
G0 F7200 X95.897 Y67.896
G1 F2340 X84.786 Y56.784 E3248.39297
G0 F7200 X83.937 Y56.784
G1 F2340 X95.482 Y68.329 E3249.78893
G0 F7200 X95.073 Y68.768
G1 F2340 X83.089 Y56.784 E3251.23798
G0 F7200 X82.352 Y56.897
G1 F2340 X94.71 Y69.254 E3252.73219
G0 F7200 X94.348 Y69.741
G1 F2340 X81.89 Y57.283 E3254.23855
G0 F7200 X81.645 Y57.886
G1 F2340 X94.062 Y70.303 E3255.73996
G0 F7200 X93.831 Y70.921
G1 F2340 X81.64 Y58.729 E3257.2141
G0 F7200 X81.64 Y59.578
G1 F2340 X93.616 Y71.554 E3258.66218
G0 F7200 X93.486 Y72.273
G1 F2340 X81.64 Y60.427 E3260.09454
G0 F7200 X81.64 Y61.275
G1 F2340 X93.404 Y73.039 E3261.51699
G0 F7200 X93.404 Y73.888
G1 F2340 X81.64 Y62.124 E3262.93943
G0 F7200 X81.64 Y62.972
G1 F2340 X93.404 Y74.736 E3264.36188
G0 F7200 X93.404 Y75.585
G1 F2340 X81.64 Y63.821 E3265.78433
G0 F7200 X81.64 Y64.669
G1 F2340 X93.404 Y76.433 E3267.20678
G0 F7200 X93.404 Y77.282
G1 F2340 X81.64 Y65.518 E3268.62922
G0 F7200 X81.64 Y66.366
G1 F2340 X93.404 Y78.13 E3270.05167
G0 F7200 X93.404 Y78.979
G1 F2340 X81.64 Y67.215 E3271.47412
G0 F7200 X81.64 Y68.063
G1 F2340 X93.404 Y79.827 E3272.89656
G0 F7200 X93.404 Y80.676
G1 F2340 X81.64 Y68.912 E3274.31901
G0 F7200 X81.64 Y69.76
G1 F2340 X93.404 Y81.524 E3275.74146
G0 F7200 X93.404 Y82.373
G1 F2340 X81.64 Y70.609 E3277.16391
G0 F7200 X81.64 Y71.457
G1 F2340 X93.404 Y83.222 E3278.58641
G0 F7200 X93.404 Y84.07
G1 F2340 X81.64 Y72.306 E3280.00886
G0 F7200 X81.64 Y73.154
G1 F2340 X93.404 Y84.919 E3281.43137
G0 F7200 X93.405 Y85.768
G1 F2340 X81.64 Y74.003 E3282.85394
G0 F7200 X81.64 Y74.851
G1 F2340 X93.405 Y86.616 E3284.2765
G0 F7200 X93.405 Y87.465
G1 F2340 X81.64 Y75.7 E3285.69907
G0 F7200 X81.64 Y76.549
G1 F2340 X93.405 Y88.313 E3287.12158
G0 F7200 X93.405 Y89.162
G1 F2340 X81.64 Y77.397 E3288.54415
G0 F7200 X81.64 Y78.246
G1 F2340 X93.405 Y90.01 E3289.96666
G0 F7200 X93.405 Y90.859
G1 F2340 X81.64 Y79.094 E3291.38922
G0 F7200 X81.64 Y79.943
G1 F2340 X93.405 Y91.708 E3292.81179
G0 F7200 X93.405 Y92.556
G1 F2340 X81.64 Y80.791 E3294.23436
G0 F7200 X81.64 Y81.64
G1 F2340 X93.405 Y93.405 E3295.65693
G0 F7200 X93.405 Y94.253
G1 F2340 X81.64 Y82.488 E3297.0795
G0 F7200 X81.64 Y83.337
G1 F2340 X93.405 Y95.102 E3298.50206
G0 F7200 X93.405 Y95.95
G1 F2340 X81.64 Y84.185 E3299.92463
G0 F7200 X81.64 Y85.034
G1 F2340 X93.405 Y96.799 E3301.3472
G0 F7200 X93.405 Y97.647
G1 F2340 X81.64 Y85.882 E3302.76977
G0 F7200 X81.64 Y86.731
G1 F2340 X93.405 Y98.496 E3304.19234
G0 F7200 X93.405 Y99.345
G1 F2340 X81.64 Y87.579 E3305.61496
G0 F7200 X81.64 Y88.428
G1 F2340 X93.405 Y100.193 E3307.03753
G0 F7200 X93.405 Y101.042
G1 F2340 X81.64 Y89.276 E3308.46016
G0 F7200 X81.64 Y90.125
G1 F2340 X93.405 Y101.891 E3309.88279
G0 F7200 X93.405 Y102.739
G1 F2340 X81.64 Y90.974 E3311.30536
G0 F7200 X81.64 Y91.822
G1 F2340 X93.405 Y103.588 E3312.72799
G0 F7200 X93.405 Y104.436
G1 F2340 X81.64 Y92.671 E3314.15055
G0 F7200 X81.64 Y93.519
G1 F2340 X93.405 Y105.285 E3315.57318
G0 F7200 X93.405 Y106.133
G1 F2340 X81.64 Y94.368 E3316.99575
G0 F7200 X81.64 Y95.216
G1 F2340 X93.405 Y106.982 E3318.41838
G0 F7200 X93.405 Y107.83
G1 F2340 X81.64 Y96.065 E3319.84095
G0 F7200 X81.64 Y96.913
G1 F2340 X93.405 Y108.679 E3321.26358
G0 F7200 X93.405 Y109.527
G1 F2340 X81.64 Y97.762 E3322.68614
G0 F7200 X81.64 Y98.61
G1 F2340 X93.405 Y110.376 E3324.10877
G0 F7200 X93.465 Y111.284
G1 F2340 X81.64 Y99.459 E3325.53859
G0 F7200 X81.64 Y100.307
G1 F2340 X93.742 Y112.409 E3327.00191
G1 X93.848 Y112.515
G0 F7200 X94.462 Y113.978
G1 F2340 X81.64 Y101.156 E3328.55229
G0 F7200 X81.64 Y102.004
G1 F2340 X141.271 Y161.636 E3335.76265
G0 F7200 X141.001 Y162.215
G1 F2340 X81.64 Y102.853 E3342.94036
G0 F7200 X81.64 Y103.701
G1 F2340 X140.578 Y162.64 E3350.06692
G0 F7200 X140.155 Y163.065
G1 F2340 X81.64 Y104.55 E3357.14228
G0 F7200 X81.64 Y105.399
G1 F2340 X139.732 Y163.491 E3364.16649
G0 F7200 X139.309 Y163.917
G1 F2340 X81.64 Y106.247 E3371.13961
G0 F7200 X81.64 Y107.096
G1 F2340 X138.886 Y164.342 E3378.06152
G0 F7200 X138.463 Y164.767
G1 F2340 X81.64 Y107.944 E3384.93229
G0 F7200 X81.64 Y108.793
G1 F2340 X138.04 Y165.193 E3391.75191
G0 F7200 X137.616 Y165.618
G1 F2340 X81.64 Y109.641 E3398.52033
G0 F7200 X81.64 Y110.49
G1 F2340 X137.158 Y166.007 E3405.23324
G0 F7200 X136.495 Y166.193
G1 F2340 X81.64 Y111.338 E3411.86604
G0 F7200 X81.64 Y112.187
G1 F2340 X131.943 Y162.49 E3417.94844
G1 X132.049 Y162.596
G0 F7200 X124.123 Y155.518
G1 F2340 X81.64 Y113.035 E3423.08529
G0 F7200 X81.64 Y113.884
G1 F2340 X116.302 Y148.546 E3427.27645
G1 X116.408 Y148.652
G0 F7200 X108.482 Y141.575
G1 F2340 X81.64 Y114.732 E3430.52212
G0 F7200 X81.64 Y115.581
G1 F2340 X100.662 Y134.603 E3432.82217
G1 X100.768 Y134.709
G0 F7200 X92.842 Y127.631
G1 F2340 X81.64 Y116.429 E3434.17666
G0 F7200 X81.64 Y117.278
G1 F2340 X85.021 Y120.659 E3434.58548
G1 X85.127 Y120.765
G0 F7200 X85.221 Y120.662
G10
;MESH:NONMESH
G0 F600 X85.221 Y120.662 Z9.85
G0 F7200 X81.653 Y56.932
G0 X80.97 Y56.378
;TIME_ELAPSED:3218.194227
;LAYER:63
;TYPE:WALL-OUTER
;MESH:porte-manteau.stl
G11
G1 F2880 X80.617 Y56.929 E3434.64437
G1 X80.396 Y57.714 E3434.71777
G1 X80.396 Y117.337 E3440.08384
G1 X80.491 Y117.797 E3440.12611
G1 X80.875 Y118.625 E3440.20826
G1 X135.128 Y166.994 E3446.74981
G1 X135.537 Y167.227 E3446.79217
G1 X136.308 Y167.471 E3446.86495
G1 X137.3 Y167.372 E3446.95468
G1 X138.098 Y166.904 E3447.03794
G1 X142.234 Y162.744 E3447.56589
G1 X142.543 Y161.901 E3447.6467
G1 X142.589 Y161.196 E3447.71028
G1 X142.448 Y160.569 E3447.76812
G1 X142.046 Y159.852 E3447.8421
G1 X96 Y114.035 E3453.68825
G1 X95.328 Y113.044 E3453.79601
G1 X94.807 Y111.806 E3453.91689
G1 X94.647 Y110.761 E3454.01204
G1 X94.645 Y72.852 E3457.42385
G1 X94.895 Y71.498 E3457.54777
G1 X95.483 Y70.299 E3457.66796
G1 X95.901 Y69.684 E3457.73488
G1 X96.957 Y68.579 E3457.87244
G1 X98.024 Y67.912 E3457.98569
G1 X99.172 Y67.46 E3458.09673
G1 X100.168 Y67.315 E3458.18732
G1 X102.908 Y67.314 E3458.43392
G1 X104.261 Y67.69 E3458.5603
G1 X105.2 Y68.159 E3458.65477
G1 X105.992 Y68.751 E3458.74376
G1 X120.537 Y81.975 E3460.51296
G1 X121.233 Y82.332 E3460.58336
G1 X122.066 Y82.477 E3460.65946
G1 X122.829 Y82.297 E3460.73002
G1 X123.516 Y81.907 E3460.80111
G1 X125.142 Y80.281 E3461.00807
G1 X125.451 Y79.436 E3461.08905
G1 X125.501 Y78.73 E3461.15275
G1 X125.364 Y78.104 E3461.21042
G1 X124.962 Y77.387 E3461.2844
G1 X103.5 Y55.929 E3464.01581
G1 X102.53 Y55.54 E3464.10987
G1 X82.325 Y55.54 E3465.92832
G1 X81.497 Y55.919 E3466.01028
G1 X80.97 Y56.378 E3466.07317
G0 F7200 X80.809 Y56.63
G0 X81.429 Y56.774
;TYPE:WALL-INNER
G1 F4620 X81.171 Y57.177 E3466.11624
G1 X80.996 Y57.797 E3466.17422
G1 X80.996 Y117.276 E3471.52733
G1 X81.065 Y117.608 E3471.55785
G1 X81.478 Y118.359 E3471.63498
G1 X135.48 Y166.504 E3478.14626
G1 X136.371 Y166.862 E3478.23268
G1 X137.11 Y166.788 E3478.29952
G1 X137.728 Y166.426 E3478.36398
G1 X141.593 Y162.538 E3478.85738
G1 X141.95 Y161.776 E3478.93311
G1 X141.985 Y161.243 E3478.98119
G1 X141.882 Y160.786 E3479.02335
G1 X141.564 Y160.218 E3479.08193
G1 X95.549 Y114.436 E3484.92388
G1 X94.801 Y113.33 E3485.04405
G1 X94.223 Y111.973 E3485.17679
G1 X94.044 Y110.785 E3485.28492
G1 X94.047 Y72.797 E3488.70384
G1 X94.327 Y71.282 E3488.8425
G1 X94.95 Y70.017 E3488.96941
G1 X95.433 Y69.309 E3489.04654
G1 X96.597 Y68.094 E3489.19798
G1 X97.754 Y67.376 E3489.32053
G1 X99.018 Y66.876 E3489.44286
G1 X100.144 Y66.712 E3489.54527
G1 X102.992 Y66.712 E3489.80159
G1 X104.453 Y67.115 E3489.93799
G1 X105.488 Y67.626 E3490.04188
G1 X106.418 Y68.326 E3490.14664
G1 X120.882 Y81.477 E3491.90603
G1 X121.426 Y81.756 E3491.96106
G1 X122.048 Y81.865 E3492.01789
G1 X122.607 Y81.733 E3492.06958
G1 X123.148 Y81.426 E3492.12557
G1 X124.501 Y80.073 E3492.29777
G1 X124.859 Y79.309 E3492.37371
G1 X124.896 Y78.774 E3492.42197
G1 X124.797 Y78.32 E3492.46379
G1 X124.479 Y77.753 E3492.5223
G1 X103.162 Y56.44 E3495.23526
G1 X102.414 Y56.14 E3495.30779
G1 X82.627 Y56.14 E3497.08862
G1 X81.826 Y56.428 E3497.16523
G1 X81.429 Y56.774 E3497.21263
G0 F7200 X81.834 Y57.129
;TYPE:SKIN
G1 F2340 X81.607 Y57.387 E3497.24201
G1 X81.476 Y57.857 E3497.28372
G1 X81.476 Y117.363 E3502.37149
G1 X81.843 Y118.038 E3502.43718
G1 X135.752 Y166.104 E3508.61246
G1 X136.427 Y166.37 E3508.67449
G1 X136.961 Y166.316 E3508.72038
G1 X137.426 Y166.044 E3508.76644
G1 X141.206 Y162.241 E3509.22489
G1 X141.467 Y161.678 E3509.27795
G1 X141.42 Y160.944 E3509.34083
G1 X141.178 Y160.512 E3509.38317
G1 X95.159 Y114.716 E3514.9341
G1 X94.368 Y113.535 E3515.05564
G1 X93.759 Y112.107 E3515.18837
G1 X93.564 Y110.799 E3515.30144
G1 X93.572 Y72.726 E3518.55668
G1 X93.858 Y71.162 E3518.69262
G1 X94.544 Y69.75 E3518.82684
G1 X95.053 Y69.008 E3518.90377
G1 X96.27 Y67.731 E3519.0546
G1 X97.557 Y66.936 E3519.18394
G1 X98.882 Y66.413 E3519.30573
G1 X100.088 Y66.235 E3519.40996
G1 X103.055 Y66.232 E3519.66364
G1 X104.596 Y66.654 E3519.80025
G1 X105.722 Y67.207 E3519.9075
G1 X106.717 Y67.952 E3520.01378
G1 X121.157 Y81.079 E3521.6823
G1 X121.577 Y81.296 E3521.72272
G1 X122.03 Y81.374 E3521.76203
G1 X122.425 Y81.282 E3521.7967
G1 X122.856 Y81.035 E3521.83918
G1 X124.118 Y79.773 E3521.99177
G1 X124.379 Y79.214 E3522.04452
G1 X124.332 Y78.479 E3522.10749
G1 X124.093 Y78.047 E3522.1497
G1 X102.98 Y56.937 E3524.7024
G1 X102.316 Y56.62 E3524.76531
G1 X82.693 Y56.62 E3526.44308
G1 X82.091 Y56.837 E3526.49779
G1 X81.834 Y57.129 E3526.53105
G0 F7200 X83.087 Y56.92
G1 F2340 X81.776 Y58.231 E3526.68957
G0 F7200 X81.776 Y59.079
G1 F2340 X83.936 Y56.92 E3526.95069
G0 F7200 X84.784 Y56.92
G1 F2340 X81.776 Y59.928 E3527.3144
G0 F7200 X81.776 Y60.777
G1 F2340 X85.633 Y56.92 E3527.78077
G0 F7200 X86.481 Y56.92
G1 F2340 X81.776 Y61.625 E3528.34968
G0 F7200 X81.776 Y62.474
G1 F2340 X87.33 Y56.92 E3529.02124
G0 F7200 X88.178 Y56.92
G1 F2340 X81.776 Y63.322 E3529.79534
G0 F7200 X81.776 Y64.171
G1 F2340 X89.027 Y56.92 E3530.6721
G0 F7200 X89.875 Y56.92
G1 F2340 X81.776 Y65.019 E3531.65139
G0 F7200 X81.776 Y65.868
G1 F2340 X90.724 Y56.92 E3532.73334
G0 F7200 X91.572 Y56.92
G1 F2340 X81.776 Y66.716 E3533.91782
G0 F7200 X81.776 Y67.565
G1 F2340 X92.421 Y56.92 E3535.20497
G0 F7200 X93.27 Y56.92
G1 F2340 X81.776 Y68.413 E3536.59471
G0 F7200 X81.776 Y69.262
G1 F2340 X94.118 Y56.92 E3538.08704
G0 F7200 X94.967 Y56.92
G1 F2340 X81.776 Y70.11 E3539.68198
G0 F7200 X81.776 Y70.959
G1 F2340 X95.815 Y56.92 E3541.3795
G0 F7200 X96.664 Y56.92
G1 F2340 X81.776 Y71.807 E3543.17963
G0 F7200 X81.776 Y72.656
G1 F2340 X97.512 Y56.92 E3545.08235
G0 F7200 X98.361 Y56.92
G1 F2340 X81.776 Y73.504 E3547.08767
G0 F7200 X81.776 Y74.353
G1 F2340 X99.209 Y56.92 E3549.19559
G0 F7200 X100.058 Y56.92
G1 F2340 X81.776 Y75.202 E3551.40616
G0 F7200 X81.776 Y76.05
G1 F2340 X100.906 Y56.92 E3553.71927
G0 F7200 X101.755 Y56.92
G1 F2340 X81.776 Y76.899 E3556.13504
G0 F7200 X81.776 Y77.747
G1 F2340 X102.489 Y57.035 E3558.63949
G0 F7200 X102.996 Y57.376
G1 F2340 X81.776 Y78.596 E3561.20532
G0 F7200 X81.776 Y79.444
G1 F2340 X103.42 Y57.8 E3563.8224
G0 F7200 X103.844 Y58.225
G1 F2340 X81.776 Y80.293 E3566.49076
G0 F7200 X81.776 Y81.141
G1 F2340 X104.269 Y58.649 E3569.21045
G0 F7200 X104.693 Y59.073
G1 F2340 X96.577 Y67.189 E3570.1918
G1 X96.471 Y67.295
G0 F7200 X98.291 Y66.324
G1 F2340 X105.117 Y59.497 E3571.01723
G0 F7200 X105.541 Y59.922
G1 F2340 X99.435 Y66.028 E3571.75553
G0 F7200 X100.374 Y65.938
G1 F2340 X105.966 Y60.346 E3572.43169
G0 F7200 X106.39 Y60.77
G1 F2340 X101.224 Y65.936 E3573.05634
G0 F7200 X102.074 Y65.934
G1 F2340 X106.814 Y61.194 E3573.62948
G0 F7200 X107.238 Y61.619
G1 F2340 X102.924 Y65.933 E3574.15111
G0 F7200 X103.626 Y66.079
G1 F2340 X107.663 Y62.043 E3574.63918
G0 F7200 X108.087 Y62.467
G1 F2340 X104.293 Y66.262 E3575.09799
G0 F7200 X104.925 Y66.477
G1 F2340 X108.511 Y62.891 E3575.5316
G0 F7200 X108.935 Y63.316
G1 F2340 X105.493 Y66.759 E3575.94785
G0 F7200 X106.036 Y67.063
G1 F2340 X109.36 Y63.74 E3576.34971
G0 F7200 X109.784 Y64.164
G1 F2340 X106.519 Y67.429 E3576.7445
G0 F7200 X106.997 Y67.8
G1 F2340 X110.209 Y64.588 E3577.13288
G0 F7200 X110.633 Y65.012
G1 F2340 X107.441 Y68.204 E3577.51884
G0 F7200 X107.885 Y68.608
G1 F2340 X111.057 Y65.436 E3577.90238
G0 F7200 X111.482 Y65.861
G1 F2340 X108.33 Y69.012 E3578.28345
G0 F7200 X108.774 Y69.417
G1 F2340 X111.906 Y66.285 E3578.66215
G0 F7200 X112.33 Y66.709
G1 F2340 X109.219 Y69.82 E3579.03832
G0 F7200 X109.664 Y70.224
G1 F2340 X112.755 Y67.133 E3579.41207
G0 F7200 X113.179 Y67.558
G1 F2340 X110.108 Y70.629 E3579.7834
G0 F7200 X110.553 Y71.032
G1 F2340 X113.603 Y67.982 E3580.15219
G0 F7200 X114.027 Y68.406
G1 F2340 X110.997 Y71.437 E3580.51863
G0 F7200 X111.441 Y71.841
G1 F2340 X114.452 Y68.83 E3580.8827
G0 F7200 X114.876 Y69.255
G1 F2340 X111.886 Y72.245 E3581.24424
G0 F7200 X112.33 Y72.649
G1 F2340 X115.3 Y69.679 E3581.60336
G0 F7200 X115.724 Y70.103
G1 F2340 X112.775 Y73.053 E3581.96
G0 F7200 X113.219 Y73.457
G1 F2340 X116.149 Y70.528 E3582.31422
G0 F7200 X116.573 Y70.952
G1 F2340 X113.664 Y73.861 E3582.66596
G0 F7200 X114.108 Y74.265
G1 F2340 X116.998 Y71.375 E3583.01541
G0 F7200 X117.422 Y71.8
G1 F2340 X114.553 Y74.669 E3583.36231
G0 F7200 X114.997 Y75.074
G1 F2340 X117.846 Y72.224 E3583.70686
G0 F7200 X118.271 Y72.648
G1 F2340 X115.442 Y75.477 E3584.04893
G0 F7200 X115.886 Y75.881
G1 F2340 X118.695 Y73.072 E3584.38858
G0 F7200 X119.119 Y73.497
G1 F2340 X116.33 Y76.286 E3584.72581
G0 F7200 X116.775 Y76.689
G1 F2340 X119.543 Y73.921 E3585.06051
G0 F7200 X119.968 Y74.345
G1 F2340 X117.219 Y77.094 E3585.3929
G0 F7200 X117.664 Y77.497
G1 F2340 X120.392 Y74.769 E3585.72276
G0 F7200 X120.816 Y75.194
G1 F2340 X118.108 Y77.902 E3586.0502
G0 F7200 X118.553 Y78.306
G1 F2340 X121.241 Y75.618 E3586.37522
G0 F7200 X121.665 Y76.042
G1 F2340 X118.998 Y78.709 E3586.6977
G0 F7200 X119.442 Y79.114
G1 F2340 X122.089 Y76.467 E3587.01776
G0 F7200 X122.513 Y76.891
G1 F2340 X119.886 Y79.518 E3587.3354
G0 F7200 X120.33 Y79.922
G1 F2340 X122.938 Y77.315 E3587.65069
G0 F7200 X123.362 Y77.739
G1 F2340 X120.775 Y80.326 E3587.9635
G0 F7200 X121.219 Y80.73
G1 F2340 X123.786 Y78.164 E3588.27383
G0 F7200 X124.048 Y78.75
G1 F2340 X121.804 Y80.994 E3588.54516
G1 X121.698 Y81.1
G10
G0 F7200 X106.609 Y68.031
G0 X105.673 Y67.329
G0 X104.571 Y66.788
G0 X103.039 Y66.366
G0 X100.12 Y66.365
G0 X98.932 Y66.537
G0 X97.587 Y67.067
G0 X96.351 Y67.84
G0 X95.157 Y69.092
G0 X94.649 Y69.841
G0 X93.987 Y71.188
G0 X93.753 Y72.47
G0 X93.268 Y80.68
G11
G1 F2340 X81.776 Y92.172 E3589.93472
G0 F7200 X81.776 Y91.324
G1 F2340 X93.268 Y79.832 E3591.32428
G0 F7200 X93.268 Y78.983
G1 F2340 X81.776 Y90.475 E3592.71384
G0 F7200 X81.776 Y89.626
G1 F2340 X93.268 Y78.135 E3594.10333
G0 F7200 X93.268 Y77.286
G1 F2340 X81.776 Y88.778 E3595.49289
G0 F7200 X81.776 Y87.929
G1 F2340 X93.268 Y76.438 E3596.88239
G0 F7200 X93.268 Y75.589
G1 F2340 X81.776 Y87.081 E3598.27195
G0 F7200 X81.776 Y86.232
G1 F2340 X93.268 Y74.74 E3599.66151
G0 F7200 X93.268 Y73.892
G1 F2340 X81.776 Y85.384 E3601.05106
G0 F7200 X81.776 Y84.535
G1 F2340 X93.268 Y73.043 E3602.44062
G0 F7200 X93.387 Y72.076
G1 F2340 X81.776 Y83.687 E3603.84457
G0 F7200 X81.776 Y82.838
G1 F2340 X93.599 Y71.015 E3605.27415
G1 X93.705 Y70.909
G0 F7200 X94.537 Y69.229
G1 F2340 X81.776 Y81.99 E3606.81715
G1 X81.67 Y82.096
G0 F7200 X81.776 Y93.021
G1 F2340 X93.268 Y81.529 E3608.20671
G0 F7200 X93.268 Y82.377
G1 F2340 X81.776 Y93.869 E3609.59627
G0 F7200 X81.776 Y94.718
G1 F2340 X93.268 Y83.226 E3610.98583
G0 F7200 X93.268 Y84.074
G1 F2340 X81.776 Y95.566 E3612.37538
G0 F7200 X81.776 Y96.415
G1 F2340 X93.268 Y84.923 E3613.76494
G0 F7200 X93.269 Y85.771
G1 F2340 X81.776 Y97.263 E3615.15456
G0 F7200 X81.776 Y98.112
G1 F2340 X93.269 Y86.619 E3616.54424
G0 F7200 X93.269 Y87.468
G1 F2340 X81.776 Y98.96 E3617.93386
G0 F7200 X81.776 Y99.809
G1 F2340 X93.269 Y88.316 E3619.32354
G0 F7200 X93.269 Y89.165
G1 F2340 X81.776 Y100.657 E3620.71316
G0 F7200 X81.776 Y101.506
G1 F2340 X93.269 Y90.013 E3622.10283
G0 F7200 X93.269 Y90.862
G1 F2340 X81.776 Y102.354 E3623.49245
G0 F7200 X81.776 Y103.203
G1 F2340 X93.269 Y91.71 E3624.88213
G0 F7200 X93.269 Y92.559
G1 F2340 X81.776 Y104.051 E3626.27175
G0 F7200 X81.776 Y104.9
G1 F2340 X93.269 Y93.407 E3627.66143
G0 F7200 X93.269 Y94.256
G1 F2340 X81.776 Y105.749 E3629.05111
G0 F7200 X81.776 Y106.597
G1 F2340 X93.269 Y95.104 E3630.44079
G0 F7200 X93.269 Y95.953
G1 F2340 X81.776 Y107.446 E3631.83047
G0 F7200 X81.776 Y108.294
G1 F2340 X93.269 Y96.802 E3633.22009
G0 F7200 X93.269 Y97.65
G1 F2340 X81.776 Y109.143 E3634.60976
G0 F7200 X81.776 Y109.991
G1 F2340 X93.27 Y98.498 E3635.9995
G0 F7200 X93.27 Y99.346
G1 F2340 X81.776 Y110.84 E3637.3893
G0 F7200 X81.776 Y111.688
G1 F2340 X93.27 Y100.195 E3638.77904
G0 F7200 X93.27 Y101.043
G1 F2340 X81.776 Y112.537 E3640.16884
G0 F7200 X81.776 Y113.385
G1 F2340 X93.27 Y101.892 E3641.55858
G0 F7200 X93.27 Y102.74
G1 F2340 X81.776 Y114.234 E3642.94838
G0 F7200 X81.776 Y115.082
G1 F2340 X93.27 Y103.589 E3644.33812
G0 F7200 X93.27 Y104.438
G1 F2340 X81.776 Y115.931 E3645.72786
G0 F7200 X81.776 Y116.779
G1 F2340 X93.27 Y105.286 E3647.1176
G0 F7200 X93.27 Y106.135
G1 F2340 X81.896 Y117.508 E3648.49283
G0 F7200 X82.252 Y118.001
G1 F2340 X93.27 Y106.983 E3649.82508
G0 F7200 X93.27 Y107.832
G1 F2340 X82.7 Y118.401 E3651.10309
G0 F7200 X83.149 Y118.801
G1 F2340 X93.27 Y108.68 E3652.32687
G0 F7200 X93.27 Y109.529
G1 F2340 X83.598 Y119.201 E3653.49637
G0 F7200 X84.046 Y119.601
G1 F2340 X93.27 Y110.377 E3654.61169
G0 F7200 X93.313 Y111.182
G1 F2340 X84.494 Y120.001 E3655.67804
G0 F7200 X84.943 Y120.4
G1 F2340 X93.424 Y111.92 E3656.70346
G0 F7200 X93.626 Y112.566
G1 F2340 X85.392 Y120.801 E3657.69914
G0 F7200 X85.841 Y121.2
G1 F2340 X93.88 Y113.16 E3658.67124
G0 F7200 X94.141 Y113.748
G1 F2340 X86.289 Y121.6 E3659.62066
G0 F7200 X86.737 Y122.001
G1 F2340 X94.484 Y114.254 E3660.55739
G0 F7200 X94.826 Y114.761
G1 F2340 X87.186 Y122.4 E3661.48113
G0 F7200 X87.635 Y122.8
G1 F2340 X95.223 Y115.212 E3662.39863
G0 F7200 X95.649 Y115.635
G1 F2340 X88.083 Y123.201 E3663.31348
G0 F7200 X88.532 Y123.6
G1 F2340 X96.075 Y116.057 E3664.22554
G0 F7200 X96.5 Y116.481
G1 F2340 X88.98 Y124 E3665.13476
G0 F7200 X89.429 Y124.4
G1 F2340 X96.925 Y116.904 E3666.04114
G0 F7200 X97.35 Y117.327
G1 F2340 X89.878 Y124.8 E3666.94468
G0 F7200 X90.326 Y125.2
G1 F2340 X97.776 Y117.75 E3667.8455
G0 F7200 X98.201 Y118.174
G1 F2340 X90.775 Y125.6 E3668.74342
G0 F7200 X91.223 Y126
G1 F2340 X98.627 Y118.597 E3669.63861
G0 F7200 X99.052 Y119.02
G1 F2340 X91.672 Y126.4 E3670.53097
G0 F7200 X92.12 Y126.8
G1 F2340 X99.477 Y119.443 E3671.42054
G0 F7200 X99.902 Y119.867
G1 F2340 X92.569 Y127.2 E3672.30721
G0 F7200 X93.018 Y127.6
G1 F2340 X100.328 Y120.289 E3673.19116
G0 F7200 X100.753 Y120.713
G1 F2340 X93.466 Y128 E3674.07227
G0 F7200 X93.914 Y128.4
G1 F2340 X101.178 Y121.136 E3674.9506
G0 F7200 X101.603 Y121.559
G1 F2340 X94.363 Y128.8 E3675.82609
G0 F7200 X94.812 Y129.2
G1 F2340 X102.029 Y121.982 E3676.69879
G0 F7200 X102.454 Y122.406
G1 F2340 X95.261 Y129.599 E3677.56854
G0 F7200 X95.709 Y129.999
G1 F2340 X102.88 Y122.829 E3678.43556
G0 F7200 X103.305 Y123.252
G1 F2340 X96.157 Y130.4 E3679.29986
G0 F7200 X96.606 Y130.799
G1 F2340 X103.73 Y123.675 E3680.16126
G0 F7200 X104.155 Y124.099
G1 F2340 X97.055 Y131.199 E3681.01976
G0 F7200 X97.504 Y131.599
G1 F2340 X104.581 Y124.522 E3681.87548
G0 F7200 X105.006 Y124.945
G1 F2340 X97.952 Y131.999 E3682.72842
G0 F7200 X98.4 Y132.399
G1 F2340 X105.432 Y125.368 E3683.57863
G0 F7200 X105.857 Y125.791
G1 F2340 X98.849 Y132.799 E3684.42601
G0 F7200 X99.298 Y133.199
G1 F2340 X106.282 Y126.214 E3685.27054
G0 F7200 X106.707 Y126.638
G1 F2340 X99.746 Y133.599 E3686.11223
G0 F7200 X100.195 Y133.999
G1 F2340 X107.133 Y127.061 E3686.95114
G0 F7200 X107.558 Y127.484
G1 F2340 X100.643 Y134.399 E3687.78727
G0 F7200 X101.092 Y134.799
G1 F2340 X107.984 Y127.907 E3688.62062
G0 F7200 X108.409 Y128.33
G1 F2340 X101.541 Y135.199 E3689.45112
G0 F7200 X101.989 Y135.599
G1 F2340 X108.834 Y128.754 E3690.27879
G0 F7200 X109.26 Y129.176
G1 F2340 X102.438 Y135.999 E3691.10373
G0 F7200 X102.886 Y136.399
G1 F2340 X109.685 Y129.6 E3691.92583
G0 F7200 X110.111 Y130.023
G1 F2340 X103.335 Y136.798 E3692.7451
G0 F7200 X103.783 Y137.199
G1 F2340 X110.536 Y130.446 E3693.56164
G0 F7200 X110.961 Y130.869
G1 F2340 X104.232 Y137.599 E3694.37534
G0 F7200 X104.681 Y137.998
G1 F2340 X111.386 Y131.293 E3695.18607
G0 F7200 X111.812 Y131.716
G1 F2340 X105.129 Y138.398 E3695.99409
G0 F7200 X105.577 Y138.799
G1 F2340 X112.237 Y132.139 E3696.79938
G0 F7200 X112.663 Y132.562
G1 F2340 X106.026 Y139.198 E3697.60184
G0 F7200 X106.475 Y139.598
G1 F2340 X113.088 Y132.986 E3698.40139
G0 F7200 X113.513 Y133.408
G1 F2340 X106.924 Y139.998 E3699.19816
G0 F7200 X107.372 Y140.398
G1 F2340 X113.938 Y133.832 E3699.99209
G0 F7200 X114.364 Y134.255
G1 F2340 X107.82 Y140.798 E3700.7833
G0 F7200 X108.269 Y141.198
G1 F2340 X114.789 Y134.678 E3701.57167
G0 F7200 X115.215 Y135.101
G1 F2340 X108.718 Y141.598 E3702.35725
G0 F7200 X109.166 Y141.998
G1 F2340 X115.64 Y135.525 E3703.14
G0 F7200 X116.065 Y135.948
G1 F2340 X109.615 Y142.398 E3703.9199
G0 F7200 X110.063 Y142.798
G1 F2340 X116.49 Y136.371 E3704.69703
G0 F7200 X116.916 Y136.794
G1 F2340 X110.512 Y143.198 E3705.47137
G0 F7200 X110.961 Y143.598
G1 F2340 X117.341 Y137.218 E3706.24281
G0 F7200 X117.767 Y137.64
G1 F2340 X111.409 Y143.998 E3707.01159
G0 F7200 X111.858 Y144.398
G1 F2340 X118.191 Y138.064 E3707.7774
G0 F7200 X118.617 Y138.487
G1 F2340 X112.306 Y144.798 E3708.5405
G0 F7200 X112.755 Y145.197
G1 F2340 X119.042 Y138.91 E3709.30069
G0 F7200 X119.468 Y139.333
G1 F2340 X113.204 Y145.598 E3710.05817
G0 F7200 X113.652 Y145.998
G1 F2340 X119.893 Y139.757 E3710.8128
G0 F7200 X120.318 Y140.18
G1 F2340 X114.101 Y146.397 E3711.56453
G0 F7200 X114.549 Y146.797
G1 F2340 X120.743 Y140.603 E3712.31348
G0 F7200 X121.169 Y141.026
G1 F2340 X114.997 Y147.198 E3713.05977
G0 F7200 X115.446 Y147.597
G1 F2340 X121.595 Y141.449 E3713.80321
G0 F7200 X122.02 Y141.872
G1 F2340 X115.895 Y147.997 E3714.54382
G0 F7200 X116.344 Y148.397
G1 F2340 X122.445 Y142.295 E3715.28158
G0 F7200 X122.87 Y142.719
G1 F2340 X116.792 Y148.797 E3716.01651
G0 F7200 X117.24 Y149.197
G1 F2340 X123.296 Y143.142 E3716.74871
G0 F7200 X123.721 Y143.565
G1 F2340 X117.689 Y149.597 E3717.47807
G0 F7200 X118.138 Y149.997
G1 F2340 X124.147 Y143.988 E3718.20465
G0 F7200 X124.572 Y144.412
G1 F2340 X118.587 Y150.397 E3718.92833
G0 F7200 X119.035 Y150.797
G1 F2340 X124.997 Y144.835 E3719.64923
G0 F7200 X125.422 Y145.258
G1 F2340 X119.483 Y151.197 E3720.36734
G0 F7200 X119.932 Y151.597
G1 F2340 X125.848 Y145.681 E3721.08268
G0 F7200 X126.273 Y146.105
G1 F2340 X120.381 Y151.997 E3721.79511
G0 F7200 X120.829 Y152.397
G1 F2340 X126.699 Y146.527 E3722.50488
G0 F7200 X127.124 Y146.951
G1 F2340 X121.278 Y152.797 E3723.21175
G0 F7200 X121.726 Y153.197
G1 F2340 X127.549 Y147.374 E3723.91584
G0 F7200 X127.974 Y147.797
G1 F2340 X122.175 Y153.596 E3724.61703
G0 F7200 X122.624 Y153.997
G1 F2340 X128.4 Y148.22 E3725.3155
G0 F7200 X128.825 Y148.644
G1 F2340 X123.072 Y154.397 E3726.01112
G0 F7200 X123.521 Y154.796
G1 F2340 X129.251 Y149.067 E3726.70391
G0 F7200 X129.676 Y149.49
G1 F2340 X123.969 Y155.197 E3727.39397
G0 F7200 X124.418 Y155.597
G1 F2340 X130.101 Y149.913 E3728.08119
G0 F7200 X130.526 Y150.337
G1 F2340 X124.867 Y155.996 E3728.76545
G0 F7200 X125.315 Y156.396
G1 F2340 X130.952 Y150.759 E3729.44705
G0 F7200 X131.377 Y151.183
G1 F2340 X125.764 Y156.796 E3730.12575
G0 F7200 X126.212 Y157.196
G1 F2340 X131.803 Y151.606 E3730.80172
G0 F7200 X132.228 Y152.029
G1 F2340 X126.661 Y157.596 E3731.47486
G0 F7200 X127.11 Y157.996
G1 F2340 X132.653 Y152.452 E3732.14515
G0 F7200 X133.078 Y152.876
G1 F2340 X127.558 Y158.396 E3732.8126
G0 F7200 X128.007 Y158.796
G1 F2340 X133.504 Y153.299 E3733.47728
G0 F7200 X133.93 Y153.721
G1 F2340 X128.455 Y159.196 E3734.13929
G0 F7200 X128.903 Y159.596
G1 F2340 X134.355 Y154.145 E3734.79846
G0 F7200 X134.78 Y154.568
G1 F2340 X129.352 Y159.996 E3735.45478
G0 F7200 X129.801 Y160.396
G1 F2340 X135.205 Y154.991 E3736.10827
G0 F7200 X135.631 Y155.414
G1 F2340 X130.249 Y160.796 E3736.75904
G0 F7200 X130.698 Y161.196
G1 F2340 X136.056 Y155.838 E3737.4069
G0 F7200 X136.482 Y156.261
G1 F2340 X131.146 Y161.596 E3738.05204
G0 F7200 X131.595 Y161.995
G1 F2340 X136.906 Y156.684 E3738.69423
G0 F7200 X137.332 Y157.107
G1 F2340 X132.044 Y162.396 E3739.33369
G0 F7200 X132.492 Y162.796
G1 F2340 X137.757 Y157.531 E3739.9703
G0 F7200 X138.183 Y157.954
G1 F2340 X132.941 Y163.195 E3740.60408
G0 F7200 X133.389 Y163.596
G1 F2340 X138.608 Y158.377 E3741.23514
G0 F7200 X139.033 Y158.8
G1 F2340 X133.838 Y163.995 E3741.86329
G0 F7200 X134.287 Y164.395
G1 F2340 X139.458 Y159.223 E3742.48861
G0 F7200 X139.884 Y159.646
G1 F2340 X134.735 Y164.795 E3743.1112
G0 F7200 X135.184 Y165.195
G1 F2340 X140.309 Y160.07 E3743.73089
G0 F7200 X140.735 Y160.493
G1 F2340 X135.632 Y165.595 E3744.34786
G0 F7200 X136.141 Y165.935
G1 F2340 X141.096 Y160.98 E3744.94699
G0 F7200 X141.042 Y161.883
G1 F2340 X136.947 Y165.977 E3745.44208
G1 X136.841 Y166.083
G0 F7200 X136.824 Y165.904
G10
;MESH:NONMESH
G0 F600 X136.824 Y165.904 Z10
G0 F7200 X95.265 Y114.644
G0 X94.492 Y113.501
G0 X93.948 Y112.214
G0 X81.73 Y57.065
G0 X80.951 Y56.567
;TIME_ELAPSED:3313.923909
;LAYER:64
;TYPE:WALL-OUTER
;MESH:porte-manteau.stl
G11
G1 F2880 X80.532 Y57.504 E3745.53446
G1 X80.532 Y117.138 E3750.90152
G1 X80.619 Y117.755 E3750.9576
G1 X80.975 Y118.538 E3751.03501
G1 X135.056 Y166.753 E3757.55578
G1 X135.579 Y167.098 E3757.61217
G1 X136.316 Y167.335 E3757.68185
G1 X137.1 Y167.253 E3757.75279
G1 X137.863 Y166.951 E3757.82665
G1 X141.984 Y162.811 E3758.35237
G1 X142.404 Y162.023 E3758.43274
G1 X142.457 Y161.22 E3758.50517
G1 X142.32 Y160.609 E3758.56152
G1 X141.946 Y159.944 E3758.63019
G1 X95.919 Y114.144 E3764.47404
G1 X95.281 Y113.286 E3764.57027
G1 X94.675 Y111.838 E3764.71154
G1 X94.508 Y110.715 E3764.81372
G1 X94.514 Y72.879 E3768.21896
G1 X94.602 Y72.231 E3768.27782
G1 X94.895 Y71.176 E3768.37636
G1 X95.368 Y70.226 E3768.47187
G1 X95.797 Y69.6 E3768.54017
G1 X96.667 Y68.688 E3768.65361
G1 X97.508 Y68.049 E3768.74867
G1 X98.462 Y67.568 E3768.84483
G1 X99.51 Y67.27 E3768.94289
G1 X100.17 Y67.178 E3769.00286
G1 X102.609 Y67.182 E3769.22237
G1 X103.292 Y67.278 E3769.28444
G1 X104.33 Y67.571 E3769.38151
G1 X105.262 Y68.036 E3769.47525
G1 X105.829 Y68.426 E3769.53719
G1 X120.643 Y81.89 E3771.33884
G1 X121.417 Y82.274 E3771.4166
G1 X122.357 Y82.313 E3771.50128
G1 X123.279 Y81.956 E3771.59026
G1 X125.028 Y80.205 E3771.813
G1 X125.327 Y79.385 E3771.89155
G1 X125.38 Y78.59 E3771.96326
G1 X125.017 Y77.634 E3772.05529
G1 X103.726 Y56.34 E3774.76539
G1 X103.242 Y55.975 E3774.81994
G1 X102.512 Y55.676 E3774.89094
G1 X82.358 Y55.673 E3776.7048
G1 X81.549 Y56.047 E3776.78502
G1 X80.951 Y56.567 E3776.85634
G0 F7200 X80.829 Y56.84
G0 X81.445 Y56.933
;TYPE:WALL-INNER
G1 F4620 X81.132 Y57.771 E3776.93685
G1 X81.132 Y117.096 E3782.2761
G1 X81.201 Y117.585 E3782.32054
G1 X81.469 Y118.174 E3782.37878
G1 X135.423 Y166.276 E3788.88426
G1 X135.841 Y166.552 E3788.92934
G1 X136.379 Y166.725 E3788.9802
G1 X136.956 Y166.665 E3789.03241
G1 X137.526 Y166.439 E3789.08759
G1 X141.496 Y162.451 E3789.59404
G1 X141.814 Y161.855 E3789.65484
G1 X141.853 Y161.267 E3789.70787
G1 X141.754 Y160.827 E3789.74846
G1 X141.464 Y160.31 E3789.80181
G1 X95.475 Y114.554 E3795.64045
G1 X94.772 Y113.608 E3795.74652
G1 X94.089 Y112 E3795.90376
G1 X93.908 Y110.783 E3796.01449
G1 X93.912 Y72.857 E3799.42783
G1 X94.017 Y72.087 E3799.49777
G1 X94.335 Y70.961 E3799.60308
G1 X94.837 Y69.94 E3799.70547
G1 X95.329 Y69.225 E3799.78359
G1 X96.267 Y68.241 E3799.90594
G1 X97.19 Y67.541 E3800.01019
G1 X98.243 Y67.009 E3800.11637
G1 X99.396 Y66.681 E3800.22426
G1 X100.145 Y66.576 E3800.29233
G1 X102.632 Y66.58 E3800.51616
G1 X103.396 Y66.684 E3800.58555
G1 X104.52 Y66.995 E3800.69051
G1 X105.548 Y67.505 E3800.79379
G1 X106.218 Y67.966 E3800.86699
G1 X120.985 Y81.39 E3802.66309
G1 X121.569 Y81.68 E3802.72177
G1 X122.257 Y81.709 E3802.78375
G1 X123.051 Y81.335 E3802.86274
G1 X124.402 Y79.984 E3803.03469
G1 X124.734 Y79.26 E3803.10638
G1 X124.772 Y78.68 E3803.15869
G1 X124.396 Y77.861 E3803.23979
G1 X103.332 Y56.794 E3805.92099
G1 X102.943 Y56.501 E3805.96482
G1 X102.394 Y56.276 E3806.01822
G1 X82.641 Y56.273 E3807.79599
G1 X81.878 Y56.556 E3807.86923
G1 X81.445 Y56.933 E3807.92091
G0 F7200 X81.843 Y57.22
;TYPE:SKIN
G1 F2340 X81.613 Y57.831 E3807.97966
G1 X81.612 Y117.327 E3813.3343
G1 X81.864 Y117.882 E3813.38916
G1 X135.708 Y165.887 E3819.88143
G1 X136.438 Y166.233 E3819.95414
G1 X137.255 Y166.028 E3820.02995
G1 X141.104 Y162.163 E3820.52087
G1 X141.335 Y161.729 E3820.56512
G1 X141.292 Y160.987 E3820.63201
G1 X141.078 Y160.604 E3820.67149
G1 X95.099 Y114.852 E3826.50924
G1 X94.335 Y113.825 E3826.62444
G1 X93.627 Y112.134 E3826.78943
G1 X93.428 Y110.795 E3826.91126
G1 X93.434 Y72.8 E3830.33081
G1 X93.547 Y71.969 E3830.40629
G1 X93.894 Y70.768 E3830.5188
G1 X94.433 Y69.673 E3830.62864
G1 X94.953 Y68.92 E3830.711
G1 X95.922 Y67.897 E3830.83782
G1 X96.957 Y67.119 E3830.95435
G1 X98.092 Y66.555 E3831.06842
G1 X99.323 Y66.202 E3831.18367
G1 X100.095 Y66.098 E3831.25378
G1 X102.681 Y66.102 E3831.48652
G1 X103.512 Y66.218 E3831.56204
G1 X104.718 Y66.555 E3831.67473
G1 X105.806 Y67.1 E3831.78425
G1 X106.493 Y67.57 E3831.85917
G1 X121.26 Y80.986 E3833.65478
G1 X121.693 Y81.202 E3833.69833
G1 X122.167 Y81.221 E3833.74103
G1 X122.753 Y80.95 E3833.79913
G1 X124.012 Y79.69 E3833.95944
G1 X124.256 Y79.149 E3834.01285
G1 X124.283 Y78.759 E3834.04804
G1 X124.009 Y78.154 E3834.10781
G1 X102.834 Y56.975 E3836.8032
G1 X102.297 Y56.756 E3836.8554
G1 X82.707 Y56.753 E3838.6185
G1 X82.133 Y56.966 E3838.6736
G1 X81.843 Y57.22 E3838.7083
G10
G0 F7200 X80.399 Y55.564
G0 X81.795 Y54.699
G0 X102.028 Y54.554
G0 X102.028 Y57.056
G11
G1 F2340 X123.933 Y78.961 E3841.49635
G0 F7200 X123.701 Y79.578
G1 F2340 X101.18 Y57.056 E3844.36287
G0 F7200 X100.331 Y57.056
G1 F2340 X123.277 Y80.002 E3847.28342
G0 F7200 X122.853 Y80.426
G1 F2340 X99.483 Y57.056 E3850.25793
G0 F7200 X98.634 Y57.056
G1 F2340 X122.373 Y80.795 E3853.27941
G0 F7200 X121.499 Y80.77
G1 F2340 X97.785 Y57.056 E3856.29771
G0 F7200 X96.937 Y57.056
G1 F2340 X112.553 Y72.672 E3858.2853
G1 X112.659 Y72.778
G10
G0 F7200 X110.982 Y74.623
G0 X104.68 Y68.998
G0 X105.792 Y66.76
G11
G1 F2340 X96.088 Y57.056 E3859.52042
G0 F7200 X95.24 Y57.056
G1 F2340 X104.31 Y66.127 E3860.67491
G0 F7200 X103.21 Y65.875
G1 F2340 X94.39 Y57.055 E3861.79751
G0 F7200 X93.542 Y57.055
G1 F2340 X102.291 Y65.805 E3862.91114
G0 F7200 X101.442 Y65.803
G1 F2340 X92.693 Y57.055 E3864.02464
G0 F7200 X91.845 Y57.055
G1 F2340 X100.592 Y65.802 E3865.13795
G0 F7200 X99.781 Y65.839
G1 F2340 X90.996 Y57.055 E3866.25604
G0 F7200 X90.147 Y57.054
G1 F2340 X99.056 Y65.963 E3867.38997
G0 F7200 X98.398 Y66.154
G1 F2340 X89.298 Y57.054 E3868.54821
G0 F7200 X88.45 Y57.054
G1 F2340 X97.77 Y66.375 E3869.73452
G0 F7200 X97.205 Y66.658
G1 F2340 X87.601 Y57.054 E3870.9569
G0 F7200 X86.753 Y57.054
G1 F2340 X96.659 Y66.961 E3872.2178
G0 F7200 X96.175 Y67.325
G1 F2340 X85.904 Y57.054 E3873.52508
G0 F7200 X85.055 Y57.054
G1 F2340 X95.698 Y67.697 E3874.87971
G0 F7200 X95.286 Y68.133
G1 F2340 X84.207 Y57.054 E3876.28984
G0 F7200 X83.358 Y57.054
G1 F2340 X94.874 Y68.57 E3877.75559
G0 F7200 X94.504 Y69.048
G1 F2340 X82.577 Y57.121 E3879.27365
G0 F7200 X82.071 Y57.464
G1 F2340 X94.16 Y69.552 E3880.81226
G0 F7200 X93.878 Y70.119
G1 F2340 X81.913 Y58.154 E3882.33516
G0 F7200 X81.913 Y59.002
G1 F2340 X93.599 Y70.689 E3883.82261
G0 F7200 X93.411 Y71.349
G1 F2340 X81.913 Y59.851 E3885.28606
G0 F7200 X81.913 Y60.699
G1 F2340 X93.239 Y72.026 E3886.72769
G0 F7200 X93.137 Y72.773
G1 F2340 X81.913 Y61.548 E3888.15634
G0 F7200 X81.913 Y62.397
G1 F2340 X93.137 Y73.621 E3889.58492
G0 F7200 X93.137 Y74.47
G1 F2340 X81.913 Y63.245 E3891.01356
G0 F7200 X81.913 Y64.094
G1 F2340 X93.137 Y75.318 E3892.44215
G0 F7200 X93.137 Y76.166
G1 F2340 X81.913 Y64.942 E3893.87073
G0 F7200 X81.913 Y65.791
G1 F2340 X93.137 Y77.015 E3895.29931
G0 F7200 X93.137 Y77.863
G1 F2340 X81.913 Y66.639 E3896.72789
G0 F7200 X81.913 Y67.488
G1 F2340 X93.136 Y78.711 E3898.15635
G0 F7200 X93.136 Y79.559
G1 F2340 X81.913 Y68.336 E3899.5848
G0 F7200 X81.913 Y69.185
G1 F2340 X93.136 Y80.408 E3901.01326
G0 F7200 X93.136 Y81.256
G1 F2340 X81.913 Y70.033 E3902.44171
G0 F7200 X81.913 Y70.882
G1 F2340 X93.135 Y82.104 E3903.87004
G0 F7200 X93.135 Y82.953
G1 F2340 X81.913 Y71.73 E3905.29843
G0 F7200 X81.913 Y72.579
G1 F2340 X93.135 Y83.801 E3906.72676
G0 F7200 X93.134 Y84.649
G1 F2340 X81.913 Y73.427 E3908.15502
G0 F7200 X81.913 Y74.276
G1 F2340 X93.134 Y85.498 E3909.58328
G0 F7200 X93.134 Y86.346
G1 F2340 X81.913 Y75.124 E3911.01155
G0 F7200 X81.913 Y75.973
G1 F2340 X93.134 Y87.195 E3912.43981
G0 F7200 X93.134 Y88.043
G1 F2340 X81.913 Y76.821 E3913.86808
G0 F7200 X81.913 Y77.67
G1 F2340 X93.134 Y88.891 E3915.29628
G0 F7200 X93.134 Y89.74
G1 F2340 X81.913 Y78.519 E3916.72448
G0 F7200 X81.913 Y79.367
G1 F2340 X93.133 Y90.587 E3918.15255
G0 F7200 X93.133 Y91.436
G1 F2340 X81.913 Y80.216 E3919.58062
G0 F7200 X81.913 Y81.064
G1 F2340 X93.133 Y92.285 E3921.00876
G0 F7200 X93.133 Y93.133
G1 F2340 X81.913 Y81.913 E3922.43683
G0 F7200 X81.913 Y82.761
G1 F2340 X93.132 Y93.981 E3923.86484
G0 F7200 X93.132 Y94.829
G1 F2340 X81.913 Y83.61 E3925.29279
G0 F7200 X81.913 Y84.458
G1 F2340 X93.132 Y95.678 E3926.7208
G0 F7200 X93.132 Y96.526
G1 F2340 X81.913 Y85.307 E3928.14874
G0 F7200 X81.913 Y86.155
G1 F2340 X93.132 Y97.374 E3929.57669
G0 F7200 X93.132 Y98.223
G1 F2340 X81.913 Y87.004 E3931.00463
G0 F7200 X81.912 Y87.852
G1 F2340 X93.132 Y99.071 E3932.43264
G0 F7200 X93.131 Y99.919
G1 F2340 X81.912 Y88.7 E3933.86059
G0 F7200 X81.912 Y89.549
G1 F2340 X93.131 Y100.768 E3935.28853
G0 F7200 X93.131 Y101.616
G1 F2340 X81.912 Y90.397 E3936.71648
G0 F7200 X81.912 Y91.246
G1 F2340 X93.13 Y102.464 E3938.1443
G0 F7200 X93.13 Y103.313
G1 F2340 X81.912 Y92.094 E3939.57218
G0 F7200 X81.912 Y92.943
G1 F2340 X93.13 Y104.161 E3941
G0 F7200 X93.129 Y105.009
G1 F2340 X81.912 Y93.791 E3942.42775
G0 F7200 X81.912 Y94.64
G1 F2340 X93.129 Y105.857 E3943.85544
G0 F7200 X93.129 Y106.706
G1 F2340 X81.912 Y95.488 E3945.2832
G0 F7200 X81.912 Y96.337
G1 F2340 X93.129 Y107.554 E3946.71089
G0 F7200 X93.129 Y108.402
G1 F2340 X81.912 Y97.185 E3948.13858
G0 F7200 X81.912 Y98.034
G1 F2340 X93.129 Y109.251 E3949.56627
G0 F7200 X93.129 Y110.099
G1 F2340 X81.912 Y98.883 E3950.9939
G0 F7200 X81.912 Y99.731
G1 F2340 X93.146 Y110.966 E3952.42382
G0 F7200 X93.295 Y111.963
G1 F2340 X81.912 Y100.58 E3953.87263
G0 F7200 X81.912 Y101.428
G1 F2340 X93.795 Y113.311 E3955.38509
G1 X93.901 Y113.417
G10
G0 F7200 X96.156 Y112.474
G0 X142.849 Y159.262
G0 X143.379 Y160.205
G0 X143.587 Y161.14
G0 X143.507 Y162.342
G0 X142.894 Y163.486
G0 X138.492 Y167.909
G0 X137.367 Y168.356
G0 X136.196 Y168.477
G0 X135.095 Y168.122
G0 X134.371 Y167.643
G0 X80.053 Y119.215
G0 X79.538 Y118.079
G0 X79.411 Y102.277
G0 X81.912 Y102.277
G11
G1 F2340 X141.014 Y161.379 E3962.90755
G0 F7200 X140.815 Y162.029
G1 F2340 X81.912 Y103.125 E3970.40474
G0 F7200 X81.912 Y103.974
G1 F2340 X140.392 Y162.454 E3977.84803
G0 F7200 X139.968 Y162.879
G1 F2340 X81.912 Y104.822 E3985.23742
G0 F7200 X81.912 Y105.671
G1 F2340 X139.545 Y163.303 E3992.57284
G0 F7200 X139.122 Y163.729
G1 F2340 X81.912 Y106.519 E3999.85448
G0 F7200 X81.912 Y107.368
G1 F2340 X138.698 Y164.154 E4007.08216
G0 F7200 X138.275 Y164.579
G1 F2340 X81.912 Y108.216 E4014.256
G0 F7200 X81.912 Y109.065
G1 F2340 X137.851 Y165.004 E4021.37587
G0 F7200 X137.428 Y165.43
G1 F2340 X81.912 Y109.913 E4028.44197
G0 F7200 X81.912 Y110.762
G1 F2340 X136.955 Y165.805 E4035.4478
G0 F7200 X135.99 Y165.689
G1 F2340 X81.912 Y111.61 E4042.33087
G0 F7200 X81.912 Y112.459
G1 F2340 X128.609 Y159.156 E4048.27442
G1 X128.715 Y159.262
G10
G0 F7200 X127.057 Y161.122
G0 X119.12 Y154.046
G0 X120.784 Y152.179
G11
G1 F2340 X81.912 Y113.307 E4053.22202
G0 F7200 X81.912 Y114.156
G1 F2340 X112.957 Y145.202 E4057.17347
G1 X113.063 Y145.308
G10
G0 F7200 X111.406 Y147.168
G0 X103.468 Y140.092
G0 X105.132 Y138.225
G11
G1 F2340 X81.912 Y115.005 E4060.12889
G0 F7200 X81.912 Y115.853
G1 F2340 X97.306 Y131.248 E4062.08829
G1 X97.412 Y131.354
G10
G0 F7200 X95.754 Y133.214
G0 X87.816 Y126.137
G0 X89.48 Y124.27
G11
G1 F2340 X81.912 Y116.702 E4063.05154
G1 X81.806 Y116.596
;TIME_ELAPSED:3406.408375
G10
M107
;Version _2.6 of the firmware can abort the print too early if the file ends
;too soon. However if the file hasn't ended yet because there are comments at
;the end of the file, it won't abort yet. Therefore we have to put at least 512
;bytes at the end of the g-code so that the file is not yet finished by the
;time that the motion planner gets flushed. With firmware version _3.3 this
;should be fixed, so this comment wouldn't be necessary any more. Now we have
;to pad this text to make precisely 512 bytes.
M82 ;absolute extrusion mode
;End of Gcode
;SETTING_3 {"global_quality": "[general]\\nversion = 4\\nname = Normal #2\\ndefi
;SETTING_3 nition = ultimaker2_plus\\n\\n[metadata]\\ntype = quality_changes\\nq
;SETTING_3 uality_type = fast\\nsetting_version = 25\\n\\n[values]\\nadhesion_ty
;SETTING_3 pe = brim\\n\\n", "extruder_quality": ["[general]\\nversion = 4\\nnam
;SETTING_3 e = Normal #2\\ndefinition = ultimaker2_plus\\n\\n[metadata]\\ntype =
;SETTING_3  quality_changes\\nquality_type = fast\\nsetting_version = 25\\nposit
;SETTING_3 ion = 0\\n\\n[values]\\ninfill_pattern = trihexagon\\ninfill_sparse_d
;SETTING_3 ensity = 20\\nspeed_layer_0 = 29\\nspeed_print = 105.0\\nz_seam_type 
;SETTING_3 = shortest\\n\\n"]}
