;FLAVOR:UltiGCode
;TIME:523
;MATERIAL:3256
;MATERIAL2:0
;NOZZLE_DIAMETER:0.6
;MINX:0
;MINY:44.326
;MINZ:0.4
;MAXX:205.571
;MAXY:177.528
;MAXZ:0.55
;TARGET_MACHINE.NAME:Ultimaker 2+
;Generated with Cura_SteamEngine 5.10.0
G0 F3000 Y50 ;avoid prime blob
M104 S230 ; Régler la température de l'extrudeur à 230°C
M140 S58 ; Régle la température du plateau à 58°C
M221 S100 ; Augmente le material flow de +x%
M82 ;absolute extrusion mode
G92 E0
G92 E0
G10
;LAYER_COUNT:2
;LAYER:0
M107
G0 F7200 X0.00 Y147.513 Z0.4
;TYPE:SKIRT
G11
G1 F2400 X0.156 Y146.898 E0.15227
G1 X0.402 Y146.083 E0.35659
G1 X0.679 Y145.256 E0.56591
G1 X1.133 Y144.103 E0.86331
G1 X1.469 Y143.339 E1.06362
G1 X1.834 Y142.576 E1.26661
G1 X2.224 Y141.831 E1.46843
G1 X2.601 Y141.168 E1.65147
G1 X3.082 Y140.393 E1.87039
G1 X3.533 Y139.713 E2.06622
G1 X4.297 Y138.669 E2.3767
G1 X4.819 Y138.02 E2.57659
G1 X5.382 Y137.362 E2.78443
G1 X5.946 Y136.754 E2.98347
G1 X6.534 Y136.161 E3.18389
G1 X7.16 Y135.57 E3.39051
G1 X7.777 Y135.029 E3.58745
G1 X8.43 Y134.491 E3.79051
G1 X9.069 Y134.003 E3.98348
G1 X10.113 Y133.277 E4.28866
G1 X10.843 Y132.816 E4.49587
G1 X11.58 Y132.387 E4.70054
G1 X12.36 Y131.968 E4.91304
G1 X13.456 Y131.438 E5.20522
G1 X14.315 Y131.066 E5.42988
G1 X15.804 Y130.526 E5.81002
G1 X16.611 Y130.274 E6.01292
G1 X17.43 Y130.048 E6.21683
G1 X18.243 Y129.858 E6.4172
G1 X19.07 Y129.692 E6.61964
G1 X19.893 Y129.557 E6.8198
G1 X20.76 Y129.443 E7.02967
G1 X21.988 Y129.348 E7.32527
G1 X22.841 Y129.311 E7.53019
G1 X24.09 Y129.309 E7.82995
G1 X25.375 Y129.388 E8.13893
G1 X26.372 Y129.49 E8.37946
G1 X27.443 Y129.649 E8.63932
G1 X28.543 Y129.857 E8.90799
G1 X29.886 Y130.198 E9.24054
G1 X31.039 Y130.554 E9.53015
G1 X31.899 Y130.862 E9.74939
G1 X32.699 Y131.181 E9.95609
G1 X34.08 Y131.79 E10.31833
G1 X34.846 Y132.115 E10.51803
G1 X35.52 Y132.386 E10.69237
G1 X37.108 Y132.982 E11.09945
G1 X38.551 Y133.462 E11.46443
G1 X39.313 Y133.696 E11.65574
G1 X40.102 Y133.923 E11.85278
G1 X40.831 Y134.119 E12.03395
G1 X41.651 Y134.325 E12.23687
G1 X42.335 Y134.484 E12.40541
G1 X43.924 Y134.81 E12.79471
G1 X44.686 Y134.945 E12.98044
G1 X45.521 Y135.078 E13.18336
G1 X46.321 Y135.193 E13.37734
G1 X47.014 Y135.28 E13.54496
G1 X48.706 Y135.446 E13.95299
G1 X49.412 Y135.496 E14.12286
G1 X51.035 Y135.567 E14.51275
G1 X51.862 Y135.584 E14.71127
G1 X52.58 Y135.586 E14.88359
G1 X53.371 Y135.572 E15.07346
G1 X54.237 Y135.544 E15.28141
G1 X54.953 Y135.509 E15.45346
G1 X55.81 Y135.45 E15.65962
G1 X56.598 Y135.383 E15.84942
G1 X58.17 Y135.208 E16.22904
G1 X58.898 Y135.107 E16.40543
G1 X59.748 Y134.975 E16.61187
G1 X60.492 Y134.847 E16.79306
G1 X61.994 Y134.547 E17.16066
G1 X62.79 Y134.364 E17.35668
G1 X63.632 Y134.157 E17.56478
G1 X65.155 Y133.741 E17.94369
G1 X65.841 Y133.533 E18.11573
G1 X66.622 Y133.281 E18.31269
G1 X67.36 Y133.029 E18.49985
G1 X68.174 Y132.737 E18.7074
G1 X68.898 Y132.463 E18.89318
G1 X70.336 Y131.874 E19.26613
G1 X71.092 Y131.54 E19.46449
G1 X71.823 Y131.203 E19.65768
G1 X72.538 Y130.858 E19.84821
G1 X73.237 Y130.504 E20.03626
G1 X73.951 Y130.128 E20.22992
G1 X134.134 Y97.772 E36.62897
G1 X134.896 Y97.354 E36.83756
G1 X136.234 Y96.573 E37.20939
G1 X136.924 Y96.147 E37.404
G1 X137.541 Y95.748 E37.58035
G1 X138.912 Y94.818 E37.97795
G1 X140.202 Y93.87 E38.36216
G1 X141.428 Y92.9 E38.73736
G1 X142.026 Y92.403 E38.92397
G1 X142.619 Y91.892 E39.11184
G1 X143.239 Y91.341 E39.31091
G1 X144.409 Y90.246 E39.69551
G1 X145.496 Y89.144 E40.067
G1 X146.027 Y88.58 E40.25291
G1 X146.589 Y87.963 E40.45322
G1 X147.108 Y87.373 E40.6418
G1 X147.61 Y86.78 E40.82827
G1 X148.116 Y86.163 E41.01978
G1 X148.618 Y85.528 E41.21405
G1 X149.098 Y84.899 E41.40395
G1 X149.572 Y84.255 E41.59586
G1 X149.989 Y83.667 E41.76886
G1 X150.478 Y82.952 E41.97676
G1 X150.913 Y82.29 E42.16687
G1 X151.75 Y80.94 E42.54809
G1 X152.131 Y80.291 E42.72871
G1 X152.914 Y78.868 E43.11851
G1 X153.638 Y77.441 E43.50255
G1 X153.952 Y76.776 E43.67905
G1 X154.6 Y75.304 E44.06504
G1 X154.91 Y74.554 E44.25981
G1 X155.208 Y73.792 E44.45618
G1 X155.469 Y73.087 E44.6366
G1 X155.738 Y72.324 E44.83077
G1 X155.984 Y71.589 E45.01679
G1 X156.223 Y70.831 E45.20754
G1 X156.442 Y70.086 E45.3939
G1 X156.647 Y69.338 E45.58004
G1 X157.041 Y67.739 E45.97528
G1 X157.216 Y66.951 E46.16901
G1 X157.369 Y66.199 E46.35319
G1 X157.502 Y65.466 E46.53198
G1 X157.776 Y63.844 E46.92677
G1 X158.073 Y62.534 E47.24915
G1 X158.268 Y61.807 E47.4298
G1 X158.539 Y60.933 E47.64941
G1 X158.825 Y60.117 E47.85693
G1 X159.287 Y58.947 E48.15883
G1 X159.628 Y58.189 E48.35831
G1 X160.001 Y57.425 E48.56236
G1 X160.378 Y56.721 E48.75402
G1 X160.823 Y55.958 E48.96601
G1 X161.268 Y55.25 E49.16671
G1 X161.742 Y54.548 E49.37
G1 X162.229 Y53.881 E49.5682
G1 X163.039 Y52.869 E49.8793
G1 X163.859 Y51.951 E50.17472
G1 X164.476 Y51.31 E50.38825
G1 X165.234 Y50.592 E50.63883
G1 X166.359 Y49.63 E50.99408
G1 X167.179 Y49 E51.24226
G1 X168.023 Y48.412 E51.48913
G1 X168.74 Y47.949 E51.69397
G1 X169.452 Y47.526 E51.89273
G1 X170.215 Y47.103 E52.10211
G1 X171.21 Y46.607 E52.36893
G1 X172.495 Y46.05 E52.70506
G1 X173.665 Y45.615 E53.00464
G1 X174.483 Y45.351 E53.21093
G1 X175.738 Y45.006 E53.5233
G1 X176.909 Y44.755 E53.81073
G1 X177.794 Y44.598 E54.02644
G1 X179.42 Y44.407 E54.41937
G1 X180.267 Y44.351 E54.62309
G1 X181.142 Y44.326 E54.83318
G1 X182.384 Y44.341 E55.13128
G1 X183.465 Y44.406 E55.39119
G1 X184.459 Y44.512 E55.6311
G1 X185.328 Y44.637 E55.84181
G1 X186.518 Y44.86 E56.13238
G1 X187.326 Y45.046 E56.33137
G1 X188.199 Y45.287 E56.54873
G1 X189.356 Y45.655 E56.84011
G1 X190.36 Y46.021 E57.09658
G1 X191.232 Y46.391 E57.32393
G1 X192.455 Y46.979 E57.64961
G1 X193.191 Y47.37 E57.84963
G1 X194.277 Y48.012 E58.1524
G1 X195.013 Y48.489 E58.3629
G1 X196.346 Y49.469 E58.75997
G1 X197.006 Y50.004 E58.96388
G1 X197.585 Y50.508 E59.14811
G1 X198.511 Y51.386 E59.45436
G1 X199.195 Y52.094 E59.69063
G1 X199.962 Y52.977 E59.97133
G1 X200.494 Y53.637 E60.17479
G1 X201.002 Y54.315 E60.37811
G1 X201.476 Y54.996 E60.57725
G1 X201.931 Y55.697 E60.77782
G1 X202.355 Y56.411 E60.97712
G1 X202.773 Y57.167 E61.18444
G1 X203.138 Y57.884 E61.37754
G1 X203.506 Y58.68 E61.58801
G1 X203.85 Y59.49 E61.79921
G1 X204.214 Y60.46 E62.04786
G1 X204.639 Y61.803 E62.38594
G1 X204.966 Y63.074 E62.70091
G1 X205.138 Y63.895 E62.90223
G1 X205.28 Y64.719 E63.1029
G1 X205.401 Y65.601 E63.31657
G1 X205.514 Y66.807 E63.60727
G1 X205.558 Y67.652 E63.81035
G1 X205.571 Y68.533 E64.02181
G1 X205.544 Y69.573 E64.2715
G1 X205.419 Y71.159 E64.65332
G1 X205.231 Y72.494 E64.97688
G1 X204.857 Y74.291 E65.4174
G1 X204.467 Y75.673 E65.76203
G1 X204.13 Y76.655 E66.01121
G1 X203.811 Y77.484 E66.22439
G1 X203.478 Y78.263 E66.42771
G1 X202.903 Y79.461 E66.74664
G1 X202.353 Y80.475 E67.02349
G1 X201.801 Y81.39 E67.27996
G1 X201.181 Y82.311 E67.54641
G1 X200.696 Y82.979 E67.74453
G1 X200.174 Y83.646 E67.94781
G1 X199.709 Y84.203 E68.12195
G1 X199.059 Y84.921 E68.35439
G1 X198.52 Y85.479 E68.54059
G1 X197.596 Y86.354 E68.846
G1 X196.582 Y87.218 E69.16572
G1 X195.926 Y87.726 E69.36485
G1 X195.21 Y88.244 E69.57695
G1 X194.187 Y88.919 E69.8711
G1 X193.118 Y89.546 E70.16853
G1 X192.352 Y89.952 E70.3766
G1 X190.494 Y90.855 E70.87239
G1 X189.356 Y91.444 E71.17993
G1 X37.645 Y173.006 E112.5189
G1 X36.462 Y173.685 E112.84626
G1 X35.523 Y174.25 E113.10927
G1 X34.77 Y174.672 E113.31644
G1 X33.626 Y175.246 E113.62362
G1 X32.533 Y175.728 E113.91031
G1 X31.731 Y176.041 E114.11693
G1 X30.948 Y176.313 E114.31587
G1 X30.14 Y176.565 E114.519
G1 X29.347 Y176.783 E114.71638
G1 X28.455 Y176.989 E114.9361
G1 X26.981 Y177.269 E115.29618
G1 X25.774 Y177.416 E115.588
G1 X24.744 Y177.491 E115.83586
G1 X23.853 Y177.528 E116.04988
G1 X22.638 Y177.52 E116.34149
G1 X21.794 Y177.481 E116.54426
G1 X20.947 Y177.409 E116.74828
G1 X19.732 Y177.257 E117.04215
G1 X18.878 Y177.112 E117.25004
G1 X18.161 Y176.964 E117.42575
G1 X17.227 Y176.739 E117.65632
G1 X16.391 Y176.503 E117.86481
G1 X15.402 Y176.181 E118.11443
G1 X14.439 Y175.816 E118.36159
G1 X13.669 Y175.494 E118.5619
G1 X12.935 Y175.158 E118.75564
G1 X12.115 Y174.743 E118.97621
G1 X11.059 Y174.151 E119.26676
G1 X10.348 Y173.71 E119.46756
G1 X9.597 Y173.212 E119.68382
G1 X8.696 Y172.554 E119.95159
G1 X7.971 Y171.974 E120.17442
G1 X7.318 Y171.41 E120.3815
G1 X6.7 Y170.839 E120.58344
G1 X6.099 Y170.245 E120.78624
G1 X5.443 Y169.549 E121.01578
G1 X4.702 Y168.678 E121.29024
G1 X4.191 Y168.031 E121.48811
G1 X3.685 Y167.34 E121.69366
G1 X3.217 Y166.655 E121.89276
G1 X2.795 Y165.991 E122.08158
G1 X2.159 Y164.881 E122.38861
G1 X1.546 Y163.673 E122.71373
G1 X1.097 Y162.656 E122.98054
G1 X0.763 Y161.804 E123.20017
G1 X0.34 Y160.551 E123.51756
G1 X0.00 Y159.348 E123.81759
G0 F7200 X0.00 Y155.958
G1 F2400 X0.106 Y156.805 E124.02246
G1 X0.237 Y157.611 E124.21843
G1 X0.4 Y158.425 E124.41767
G1 X0.585 Y159.215 E124.6124
G1 X0.917 Y160.387 E124.90475
G1 X1.322 Y161.585 E125.20826
G1 X1.656 Y162.437 E125.42789
G1 X2.095 Y163.43 E125.68846
G1 X2.68 Y164.583 E125.99876
G1 X3.316 Y165.693 E126.30579
G1 X3.723 Y166.333 E126.48782
G1 X4.18 Y167.001 E126.68206
G1 X4.675 Y167.676 E126.88296
G1 X5.173 Y168.306 E127.07569
G1 X5.88 Y169.137 E127.33754
G1 X6.536 Y169.833 E127.56709
G1 X7.122 Y170.412 E127.7648
G1 X7.725 Y170.969 E127.96181
G1 X8.346 Y171.505 E128.15869
G1 X9.071 Y172.085 E128.38152
G1 X9.951 Y172.728 E128.64309
G1 X10.679 Y173.21 E128.85263
G1 X11.375 Y173.641 E129.04911
G1 X12.408 Y174.219 E129.3332
G1 X13.185 Y174.612 E129.54218
G1 X13.919 Y174.948 E129.73592
G1 X14.671 Y175.263 E129.93159
G1 X15.588 Y175.61 E130.1669
G1 X16.577 Y175.932 E130.41652
G1 X17.39 Y176.161 E130.61924
G1 X18.302 Y176.381 E130.84439
G1 X18.999 Y176.524 E131.01516
G1 X19.833 Y176.666 E131.2182
G1 X20.998 Y176.811 E131.49996
G1 X21.845 Y176.883 E131.70397
G1 X22.666 Y176.921 E131.90122
G1 X23.857 Y176.928 E132.18707
G1 X24.719 Y176.892 E132.39413
G1 X25.701 Y176.82 E132.63044
G1 X26.908 Y176.673 E132.92226
G1 X28.343 Y176.4 E133.27284
G1 X29.188 Y176.204 E133.48102
G1 X29.981 Y175.986 E133.6784
G1 X30.769 Y175.74 E133.87652
G1 X31.534 Y175.474 E134.0709
G1 X32.315 Y175.169 E134.27213
G1 X33.384 Y174.697 E134.55259
G1 X34.501 Y174.136 E134.85258
G1 X35.229 Y173.727 E135.05298
G1 X36.163 Y173.165 E135.31459
G1 X37.346 Y172.486 E135.64196
G1 X189.08 Y90.912 E176.98716
G1 X190.232 Y90.315 E177.29856
G1 X192.09 Y89.412 E177.79435
G1 X192.814 Y89.028 E177.99104
G1 X193.883 Y88.401 E178.28847
G1 X194.879 Y87.743 E178.57497
G1 X195.575 Y87.24 E178.78106
G1 X196.214 Y86.744 E178.9752
G1 X197.183 Y85.918 E179.28079
G1 X198.107 Y85.043 E179.5862
G1 X198.628 Y84.504 E179.76612
G1 X199.248 Y83.818 E179.98803
G1 X199.713 Y83.261 E180.16218
G1 X200.21 Y82.626 E180.3557
G1 X200.695 Y81.958 E180.55382
G1 X201.287 Y81.08 E180.80797
G1 X201.839 Y80.165 E181.06444
G1 X202.376 Y79.175 E181.33474
G1 X202.926 Y78.027 E181.64025
G1 X203.259 Y77.248 E181.84357
G1 X203.562 Y76.46 E182.04619
G1 X203.899 Y75.478 E182.29536
G1 X204.28 Y74.128 E182.63202
G1 X204.637 Y72.41 E183.05315
G1 X204.825 Y71.075 E183.37671
G1 X204.944 Y69.557 E183.74215
G1 X204.971 Y68.517 E183.99183
G1 X204.958 Y67.661 E184.19729
G1 X204.915 Y66.838 E184.39508
G1 X204.804 Y65.657 E184.67977
G1 X204.686 Y64.801 E184.88716
G1 X204.547 Y63.997 E185.08298
G1 X204.379 Y63.197 E185.27917
G1 X204.067 Y61.984 E185.57976
G1 X203.652 Y60.671 E185.91025
G1 X203.288 Y59.701 E186.1589
G1 X202.954 Y58.914 E186.36409
G1 X202.603 Y58.156 E186.56456
G1 X202.238 Y57.439 E186.75766
G1 X201.83 Y56.702 E186.95983
G1 X201.415 Y56.004 E187.15472
G1 X200.973 Y55.323 E187.34957
G1 X200.51 Y54.658 E187.54405
G1 X200.014 Y53.997 E187.74238
G1 X199.495 Y53.354 E187.9407
G1 X198.763 Y52.511 E188.20865
G1 X198.079 Y51.803 E188.44491
G1 X197.191 Y50.961 E188.73861
G1 X196.612 Y50.457 E188.92284
G1 X195.968 Y49.935 E189.1218
G1 X194.687 Y48.993 E189.50341
G1 X193.951 Y48.516 E189.71391
G1 X192.886 Y47.887 E190.01076
G1 X192.174 Y47.509 E190.20423
G1 X190.972 Y46.932 E190.52422
G1 X190.126 Y46.574 E190.74469
G1 X189.151 Y46.219 E190.99372
G1 X188.017 Y45.859 E191.27927
G1 X187.191 Y45.631 E191.48492
G1 X186.383 Y45.445 E191.68391
G1 X185.218 Y45.227 E191.96836
G1 X184.374 Y45.106 E192.173
G1 X183.402 Y45.003 E192.40758
G1 X182.348 Y44.94 E192.66099
G1 X181.135 Y44.926 E192.95213
G1 X180.285 Y44.951 E193.15622
G1 X179.46 Y45.006 E193.35466
G1 X177.899 Y45.189 E193.73187
G1 X177.014 Y45.346 E193.94758
G1 X175.897 Y45.585 E194.22173
G1 X174.642 Y45.93 E194.5341
G1 X173.849 Y46.186 E194.7341
G1 X172.734 Y46.601 E195.01963
G1 X171.449 Y47.158 E195.35576
G1 X170.483 Y47.64 E195.61485
G1 X169.743 Y48.051 E195.81801
G1 X169.046 Y48.465 E196.01257
G1 X168.349 Y48.916 E196.21182
G1 X167.545 Y49.476 E196.44697
G1 X166.725 Y50.106 E196.69515
G1 X165.647 Y51.028 E197.03559
G1 X164.889 Y51.746 E197.28617
G1 X164.292 Y52.367 E197.49291
G1 X163.487 Y53.269 E197.78306
G1 X162.698 Y54.256 E198.08633
G1 X162.226 Y54.902 E198.27834
G1 X161.766 Y55.585 E198.47597
G1 X161.331 Y56.277 E198.67214
G1 X160.897 Y57.023 E198.87927
G1 X160.53 Y57.708 E199.06578
G1 X160.167 Y58.452 E199.26446
G1 X159.834 Y59.193 E199.45944
G1 X159.383 Y60.337 E199.75456
G1 X159.105 Y61.131 E199.95646
G1 X158.848 Y61.962 E200.16522
G1 X158.653 Y62.689 E200.34587
G1 X158.368 Y63.944 E200.65474
G1 X158.094 Y65.566 E201.04954
G1 X157.957 Y66.319 E201.23322
G1 X157.802 Y67.081 E201.41985
G1 X157.624 Y67.883 E201.61701
G1 X157.226 Y69.497 E202.01597
G1 X157.021 Y70.245 E202.20211
G1 X156.795 Y71.011 E202.39379
G1 X156.553 Y71.78 E202.58727
G1 X156.304 Y72.523 E202.77534
G1 X156.032 Y73.295 E202.97178
G1 X155.767 Y74.011 E203.15501
G1 X155.465 Y74.783 E203.35397
G1 X155.155 Y75.533 E203.54874
G1 X154.501 Y77.018 E203.93817
G1 X154.173 Y77.712 E204.12239
G1 X153.44 Y79.157 E204.51126
G1 X152.657 Y80.58 E204.90107
G1 X152.26 Y81.256 E205.08922
G1 X151.414 Y82.62 E205.47443
G1 X150.973 Y83.291 E205.66714
G1 X150.484 Y84.006 E205.87503
G1 X150.055 Y84.611 E206.05303
G1 X149.575 Y85.263 E206.24735
G1 X149.089 Y85.9 E206.43964
G1 X148.587 Y86.535 E206.63391
G1 X148.068 Y87.168 E206.83037
G1 X147.559 Y87.769 E207.01939
G1 X147.033 Y88.367 E207.21053
G1 X146.471 Y88.984 E207.41083
G1 X145.933 Y89.555 E207.59911
G1 X144.819 Y90.684 E207.97977
G1 X143.638 Y91.789 E208.36793
G1 X143.011 Y92.347 E208.56937
G1 X142.418 Y92.858 E208.75725
G1 X141.804 Y93.368 E208.94881
G1 X141.136 Y93.904 E209.15436
G1 X140.557 Y94.354 E209.33035
G1 X139.249 Y95.315 E209.71989
G1 X137.878 Y96.245 E210.11749
G1 X137.239 Y96.658 E210.3001
G1 X136.549 Y97.084 E210.49471
G1 X135.185 Y97.88 E210.87374
G1 X134.423 Y98.298 E211.08233
G1 X74.23 Y130.659 E227.48406
G1 X73.508 Y131.039 E227.67988
G1 X72.799 Y131.398 E227.87061
G1 X72.074 Y131.748 E228.06382
G1 X71.334 Y132.089 E228.25937
G1 X70.578 Y132.423 E228.45773
G1 X69.111 Y133.024 E228.83821
G1 X68.377 Y133.302 E229.02658
G1 X67.563 Y133.594 E229.23413
G1 X66.816 Y133.849 E229.42357
G1 X66.025 Y134.104 E229.62303
G1 X65.313 Y134.32 E229.8016
G1 X63.775 Y134.74 E230.18424
G1 X62.933 Y134.947 E230.39233
G1 X62.128 Y135.132 E230.59057
G1 X60.601 Y135.437 E230.96429
G1 X59.84 Y135.568 E231.14962
G1 X58.99 Y135.7 E231.35606
G1 X58.249 Y135.803 E231.53561
G1 X56.649 Y135.981 E231.92198
G1 X55.851 Y136.049 E232.11419
G1 X54.994 Y136.108 E232.32036
G1 X54.256 Y136.144 E232.49769
G1 X53.39 Y136.172 E232.70564
G1 X52.588 Y136.186 E232.89815
G1 X51.85 Y136.184 E233.07527
G1 X51.023 Y136.167 E233.27379
G1 X49.381 Y136.095 E233.66825
G1 X48.647 Y136.043 E233.84485
G1 X46.955 Y135.877 E234.25288
G1 X46.236 Y135.787 E234.42679
G1 X45.427 Y135.671 E234.62293
G1 X44.592 Y135.538 E234.82586
G1 X43.809 Y135.399 E235.01672
G1 X42.214 Y135.072 E235.40748
G1 X41.505 Y134.907 E235.58219
G1 X40.676 Y134.699 E235.78731
G1 X39.938 Y134.501 E235.9707
G1 X39.147 Y134.273 E236.16827
G1 X38.375 Y134.036 E236.36208
G1 X36.897 Y133.544 E236.73594
G1 X35.3 Y132.945 E237.14529
G1 X34.622 Y132.672 E237.32071
G1 X33.845 Y132.342 E237.52331
G1 X32.457 Y131.73 E237.88737
G1 X31.677 Y131.419 E238.08891
G1 X30.837 Y131.119 E238.30298
G1 X29.738 Y130.78 E238.579
G1 X28.395 Y130.439 E238.91155
G1 X27.332 Y130.239 E239.17114
G1 X26.311 Y130.087 E239.41888
G1 X25.314 Y129.985 E239.65941
G1 X24.053 Y129.908 E239.96262
G1 X22.842 Y129.911 E240.25326
G1 X22.014 Y129.947 E240.45217
G1 X20.838 Y130.038 E240.73525
G1 X19.971 Y130.152 E240.94512
G1 X19.167 Y130.284 E241.14066
G1 X18.361 Y130.446 E241.33797
G1 X17.567 Y130.632 E241.53369
G1 X16.771 Y130.852 E241.73189
G1 X15.983 Y131.099 E241.93009
G1 X14.553 Y131.617 E242.29511
G1 X13.694 Y131.989 E242.51977
G1 X12.621 Y132.508 E242.80583
G1 X11.864 Y132.915 E243.01211
G1 X11.145 Y133.334 E243.21183
G1 X10.456 Y133.77 E243.40752
G1 X9.412 Y134.496 E243.71271
G1 X8.795 Y134.968 E243.89915
G1 X8.159 Y135.492 E244.09692
G1 X7.556 Y136.021 E244.28944
G1 X6.946 Y136.597 E244.49079
G1 X6.372 Y137.176 E244.68646
G1 X5.822 Y137.77 E244.88075
G1 X5.275 Y138.41 E245.08281
G1 X4.764 Y139.045 E245.27843
G1 X4.033 Y140.045 E245.57571
G1 X3.582 Y140.725 E245.77154
G1 X3.123 Y141.465 E245.98053
G1 X2.746 Y142.128 E246.16358
G1 X2.366 Y142.854 E246.36025
G1 X2.01 Y143.598 E246.55819
G1 X1.682 Y144.344 E246.75378
G1 X1.248 Y145.447 E247.03825
G1 X0.971 Y146.274 E247.24757
G1 X0.738 Y147.046 E247.4411
G1 X0.396 Y148.394 E247.77487
G1 X0.118 Y149.9 E248.14242
G1 X0.00 Y150.866 E248.37598
G0 F7200 X0.573 Y151.127
G1 F2400 X0.714 Y149.973 E248.655
G1 X0.986 Y148.503 E249.01379
G1 X1.313 Y147.219 E249.33179
G1 X1.54 Y146.465 E249.52077
G1 X1.817 Y145.638 E249.73009
G1 X2.231 Y144.585 E250.00164
G1 X2.551 Y143.857 E250.19249
G1 X2.898 Y143.132 E250.3854
G1 X3.268 Y142.425 E250.57691
G1 X3.645 Y141.762 E250.75995
G1 X4.082 Y141.057 E250.95902
G1 X4.533 Y140.377 E251.15485
G1 X5.232 Y139.421 E251.43908
G1 X5.731 Y138.8 E251.63028
G1 X6.262 Y138.178 E251.82656
G1 X6.799 Y137.598 E252.01626
G1 X7.358 Y137.033 E252.20701
G1 X7.951 Y136.472 E252.40293
G1 X8.541 Y135.955 E252.5912
G1 X9.16 Y135.445 E252.78369
G1 X9.777 Y134.973 E252.97013
G1 X10.777 Y134.277 E253.26254
G1 X11.447 Y133.852 E253.45296
G1 X12.148 Y133.443 E253.64774
G1 X12.882 Y133.048 E253.84779
G1 X13.932 Y132.54 E254.12773
G1 X14.791 Y132.168 E254.35239
G1 X16.163 Y131.671 E254.70261
G1 X16.931 Y131.43 E254.89579
G1 X17.704 Y131.216 E255.08829
G1 X18.479 Y131.034 E255.27935
G1 X19.264 Y130.876 E255.47153
G1 X20.049 Y130.747 E255.66246
G1 X20.916 Y130.633 E255.87233
G1 X22.04 Y130.546 E256.1429
G1 X22.844 Y130.511 E256.33604
G1 X24.017 Y130.507 E256.61756
G1 X25.253 Y130.582 E256.91475
G1 X26.223 Y130.681 E257.14875
G1 X27.222 Y130.829 E257.39113
G1 X28.247 Y131.021 E257.64141
G1 X29.59 Y131.362 E257.97396
G1 X30.635 Y131.684 E258.23639
G1 X31.455 Y131.977 E258.44538
G1 X32.215 Y132.279 E258.64165
G1 X33.61 Y132.894 E259.00754
G1 X34.387 Y133.224 E259.21015
G1 X35.089 Y133.507 E259.3918
G1 X36.686 Y134.106 E259.80116
G1 X38.199 Y134.61 E260.18389
G1 X38.981 Y134.85 E260.38021
G1 X39.775 Y135.079 E260.57854
G1 X40.521 Y135.279 E260.7639
G1 X41.359 Y135.489 E260.97124
G1 X42.094 Y135.66 E261.15235
G1 X43.704 Y135.99 E261.54679
G1 X44.498 Y136.131 E261.74033
G1 X45.333 Y136.264 E261.94325
G1 X46.151 Y136.381 E262.14157
G1 X46.896 Y136.474 E262.32176
G1 X48.588 Y136.64 E262.72979
G1 X49.347 Y136.694 E262.91241
G1 X51.011 Y136.767 E263.31215
G1 X51.838 Y136.784 E263.51068
G1 X52.596 Y136.786 E263.6926
G1 X53.409 Y136.772 E263.88774
G1 X54.275 Y136.744 E264.09569
G1 X55.035 Y136.707 E264.27831
G1 X55.892 Y136.648 E264.48448
G1 X56.7 Y136.579 E264.6791
G1 X58.328 Y136.398 E265.07223
G1 X59.082 Y136.293 E265.25494
G1 X59.932 Y136.161 E265.46138
G1 X60.71 Y136.027 E265.65085
G1 X62.262 Y135.717 E266.03069
G1 X63.076 Y135.53 E266.23114
G1 X63.918 Y135.323 E266.43923
G1 X65.471 Y134.899 E266.8256
G1 X66.209 Y134.675 E267.01069
G1 X67.01 Y134.417 E267.21266
G1 X67.766 Y134.159 E267.40438
G1 X68.58 Y133.867 E267.61192
G1 X69.324 Y133.585 E267.80288
G1 X70.82 Y132.972 E268.19089
G1 X71.576 Y132.638 E268.38925
G1 X72.325 Y132.293 E268.58717
G1 X73.06 Y131.938 E268.78306
G1 X73.779 Y131.574 E268.97648
G1 X74.509 Y131.19 E269.17444
G1 X134.712 Y98.824 E285.57885
G1 X135.474 Y98.406 E285.78744
G1 X136.864 Y97.595 E286.17367
G1 X137.554 Y97.169 E286.36829
G1 X138.215 Y96.742 E286.55715
G1 X139.586 Y95.812 E286.95475
G1 X140.912 Y94.838 E287.34962
G1 X141.512 Y94.372 E287.53195
G1 X142.18 Y93.836 E287.7375
G1 X142.81 Y93.313 E287.93401
G1 X143.403 Y92.802 E288.12188
G1 X144.037 Y92.236 E288.32585
G1 X144.63 Y91.69 E288.51931
G1 X145.232 Y91.119 E288.71845
G1 X145.768 Y90.585 E288.90003
G1 X146.363 Y89.974 E289.10472
G1 X146.915 Y89.388 E289.29793
G1 X147.477 Y88.771 E289.49823
G1 X148.01 Y88.165 E289.69192
G1 X148.526 Y87.556 E289.88349
G1 X149.051 Y86.916 E290.08216
G1 X149.56 Y86.272 E290.27916
G1 X150.052 Y85.627 E290.47386
G1 X150.538 Y84.967 E290.67057
G1 X150.979 Y84.345 E290.85356
G1 X151.468 Y83.63 E291.06146
G1 X151.915 Y82.95 E291.25676
G1 X152.77 Y81.572 E291.64597
G1 X153.181 Y80.873 E291.84058
G1 X153.573 Y80.173 E292.03313
G1 X153.968 Y79.442 E292.23254
G1 X154.708 Y77.983 E292.62517
G1 X155.043 Y77.275 E292.81315
G1 X155.71 Y75.762 E293.20999
G1 X156.02 Y75.012 E293.40476
G1 X156.326 Y74.23 E293.6063
G1 X156.595 Y73.503 E293.79234
G1 X156.87 Y72.723 E293.99083
G1 X157.122 Y71.97 E294.1814
G1 X157.367 Y71.191 E294.37739
G1 X157.6 Y70.404 E294.57437
G1 X157.805 Y69.656 E294.76051
G1 X158.207 Y68.027 E295.1632
G1 X158.388 Y67.211 E295.3638
G1 X158.545 Y66.439 E295.55288
G1 X158.686 Y65.666 E295.74146
G1 X158.96 Y64.044 E296.13625
G1 X159.233 Y62.844 E296.43161
G1 X159.428 Y62.117 E296.61226
G1 X159.671 Y61.329 E296.81017
G1 X159.941 Y60.557 E297.00645
G1 X160.382 Y59.438 E297.29511
G1 X160.706 Y58.715 E297.48526
G1 X161.059 Y57.991 E297.67857
G1 X161.416 Y57.324 E297.86014
G1 X161.839 Y56.596 E298.06221
G1 X162.264 Y55.92 E298.25385
G1 X162.711 Y55.256 E298.44596
G1 X163.167 Y54.631 E298.63164
G1 X163.956 Y53.644 E298.93491
G1 X164.724 Y52.783 E299.21181
G1 X165.302 Y52.182 E299.41193
G1 X166.06 Y51.464 E299.6625
G1 X167.091 Y50.582 E299.98813
G1 X167.911 Y49.952 E300.23631
G1 X168.675 Y49.42 E300.45975
G1 X169.353 Y48.981 E300.6536
G1 X170.035 Y48.575 E300.84409
G1 X170.751 Y48.177 E301.04069
G1 X171.717 Y47.695 E301.29979
G1 X172.943 Y47.163 E301.62054
G1 X174.033 Y46.757 E301.89969
G1 X174.801 Y46.509 E302.09338
G1 X176.056 Y46.164 E302.40576
G1 X177.119 Y45.937 E302.66663
G1 X178.004 Y45.78 E302.88235
G1 X179.5 Y45.605 E303.24384
G1 X180.303 Y45.551 E303.43699
G1 X181.128 Y45.526 E303.63508
G1 X182.312 Y45.539 E303.91926
G1 X183.339 Y45.6 E304.16617
G1 X184.289 Y45.7 E304.39543
G1 X185.108 Y45.817 E304.59399
G1 X186.249 Y46.03 E304.87256
G1 X187.031 Y46.209 E305.06509
G1 X187.836 Y46.431 E305.2655
G1 X188.946 Y46.783 E305.54498
G1 X189.892 Y47.127 E305.78656
G1 X190.738 Y47.485 E306.00704
G1 X191.893 Y48.039 E306.31447
G1 X192.605 Y48.417 E306.50794
G1 X193.625 Y49.02 E306.79232
G1 X194.361 Y49.497 E307.00281
G1 X195.59 Y50.401 E307.36897
G1 X196.218 Y50.91 E307.56298
G1 X196.797 Y51.414 E307.74721
G1 X197.647 Y52.22 E308.02835
G1 X198.331 Y52.928 E308.26461
G1 X199.028 Y53.731 E308.5198
G1 X199.534 Y54.357 E308.71299
G1 X200.018 Y55.001 E308.90633
G1 X200.47 Y55.65 E309.09614
G1 X200.899 Y56.311 E309.28527
G1 X201.305 Y56.993 E309.47576
G1 X201.703 Y57.711 E309.67278
G1 X202.068 Y58.428 E309.86587
G1 X202.402 Y59.149 E310.05658
G1 X202.726 Y59.912 E310.25552
G1 X203.09 Y60.882 E310.50418
G1 X203.495 Y62.165 E310.82707
G1 X203.792 Y63.321 E311.11352
G1 X203.956 Y64.1 E311.30458
G1 X204.092 Y64.883 E311.49531
G1 X204.207 Y65.713 E311.69642
G1 X204.316 Y66.869 E311.97509
G1 X204.358 Y67.67 E312.16759
G1 X204.371 Y68.501 E312.36706
G1 X204.344 Y69.541 E312.61674
G1 X204.231 Y70.991 E312.9658
G1 X204.043 Y72.326 E313.28936
G1 X203.702 Y73.965 E313.69114
G1 X203.331 Y75.283 E314.01975
G1 X202.994 Y76.265 E314.26893
G1 X202.707 Y77.012 E314.46098
G1 X202.374 Y77.791 E314.66431
G1 X201.849 Y78.889 E314.9564
G1 X201.325 Y79.855 E315.22015
G1 X200.773 Y80.77 E315.47662
G1 X200.21 Y81.605 E315.71832
G1 X199.737 Y82.256 E315.91144
G1 X199.252 Y82.876 E316.10036
G1 X198.787 Y83.433 E316.2745
G1 X198.196 Y84.087 E316.48606
G1 X197.694 Y84.607 E316.65952
G1 X196.77 Y85.482 E316.96494
G1 X195.846 Y86.27 E317.25639
G1 X195.223 Y86.754 E317.44573
G1 X194.548 Y87.242 E317.64563
G1 X193.552 Y87.9 E317.93212
G1 X192.533 Y88.498 E318.21569
G1 X191.828 Y88.872 E318.40722
G1 X189.956 Y89.782 E318.90677
G1 X188.804 Y90.38 E319.21828
G1 X37.047 Y171.966 E360.56971
G1 X35.864 Y172.645 E360.89707
G1 X34.935 Y173.204 E361.15728
G1 X34.231 Y173.6 E361.35114
G1 X33.142 Y174.148 E361.64372
G1 X32.096 Y174.61 E361.91816
G1 X31.337 Y174.907 E362.11377
G1 X30.59 Y175.167 E362.3036
G1 X29.822 Y175.407 E362.49671
G1 X29.029 Y175.625 E362.69409
G1 X28.231 Y175.811 E362.89074
G1 X26.835 Y176.077 E363.23181
G1 X25.628 Y176.224 E363.52363
G1 X24.694 Y176.293 E363.7484
G1 X23.86 Y176.328 E363.94874
G1 X22.694 Y176.322 E364.22858
G1 X21.895 Y176.285 E364.42055
G1 X21.072 Y176.216 E364.61876
G1 X19.933 Y176.074 E364.89424
G1 X19.12 Y175.936 E365.09215
G1 X18.423 Y175.793 E365.26291
G1 X17.553 Y175.584 E365.47765
G1 X16.763 Y175.361 E365.67466
G1 X15.774 Y175.039 E365.92429
G1 X14.903 Y174.71 E366.14774
G1 X14.169 Y174.402 E366.33878
G1 X13.435 Y174.066 E366.53252
G1 X12.701 Y173.695 E366.72991
G1 X11.691 Y173.131 E367.00754
G1 X11.01 Y172.709 E367.19982
G1 X10.305 Y172.243 E367.40264
G1 X9.446 Y171.616 E367.65788
G1 X8.738 Y171.05 E367.87542
G1 X8.132 Y170.528 E368.06738
G1 X7.544 Y169.986 E368.2593
G1 X6.973 Y169.421 E368.45209
G1 X6.317 Y168.725 E368.68163
G1 X5.644 Y167.934 E368.93089
G1 X5.159 Y167.321 E369.11849
G1 X4.675 Y166.662 E369.31472
G1 X4.229 Y166.011 E369.50411
G1 X3.837 Y165.395 E369.67935
G1 X3.201 Y164.285 E369.98638
G1 X2.644 Y163.187 E370.28187
G1 X2.215 Y162.218 E370.5362
G1 X1.881 Y161.366 E370.75583
G1 X1.494 Y160.223 E371.04545
G1 X1.169 Y159.078 E371.3311
G1 X0.988 Y158.307 E371.52117
G1 X0.829 Y157.515 E371.71504
G1 X0.701 Y156.729 E371.90617
G1 X0.6 Y155.934 E372.0985
G1 X0.526 Y155.149 E372.28774
G1 X0.478 Y154.341 E372.482
G1 X0.453 Y153.182 E372.76023
G1 X0.49 Y152.214 E372.99271
G1 X0.573 Y151.127 E373.25435
G0 F7200 X1.169 Y151.2
G1 F2400 X1.31 Y150.046 E373.53337
G1 X1.568 Y148.651 E373.87385
G1 X1.888 Y147.392 E374.18562
G1 X2.109 Y146.656 E374.37005
G1 X2.386 Y145.829 E374.57937
G1 X2.78 Y144.826 E374.83799
G1 X3.092 Y144.116 E375.02412
G1 X3.43 Y143.41 E375.21198
G1 X3.79 Y142.722 E375.39834
G1 X4.167 Y142.059 E375.58138
G1 X4.582 Y141.389 E375.77053
G1 X5.033 Y140.709 E375.96636
G1 X5.7 Y139.797 E376.23753
G1 X6.188 Y139.189 E376.42464
G1 X6.702 Y138.586 E376.61481
G1 X7.226 Y138.02 E376.79992
G1 X7.771 Y137.468 E376.98609
G1 X8.346 Y136.923 E377.17623
G1 X8.923 Y136.418 E377.36026
G1 X9.525 Y135.922 E377.54746
G1 X10.142 Y135.45 E377.7339
G1 X11.099 Y134.783 E378.01386
G1 X11.749 Y134.37 E378.19869
G1 X12.433 Y133.971 E378.38874
G1 X13.144 Y133.588 E378.58256
G1 X14.17 Y133.091 E378.85617
G1 X15.029 Y132.719 E379.08083
G1 X16.343 Y132.243 E379.41625
G1 X17.091 Y132.008 E379.60442
G1 X17.842 Y131.8 E379.79144
G1 X18.598 Y131.622 E379.97784
G1 X19.361 Y131.468 E380.16466
G1 X20.127 Y131.342 E380.35097
G1 X20.994 Y131.228 E380.56084
G1 X22.066 Y131.145 E380.81889
G1 X22.847 Y131.111 E381.00651
G1 X23.981 Y131.106 E381.27867
G1 X25.192 Y131.179 E381.56984
G1 X26.162 Y131.278 E381.80385
G1 X27.112 Y131.419 E382.03434
G1 X28.137 Y131.611 E382.28462
G1 X29.414 Y131.936 E382.60087
G1 X30.433 Y132.249 E382.85671
G1 X31.234 Y132.535 E383.06084
G1 X31.973 Y132.828 E383.25163
G1 X33.375 Y133.446 E383.61935
G1 X34.152 Y133.776 E383.82195
G1 X34.878 Y134.069 E384.00984
G1 X36.475 Y134.668 E384.4192
G1 X38.023 Y135.184 E384.81081
G1 X38.815 Y135.427 E385.00964
G1 X39.609 Y135.655 E385.2079
G1 X40.375 Y135.861 E385.39827
G1 X41.213 Y136.071 E385.60561
G1 X41.974 Y136.248 E385.79313
G1 X43.599 Y136.581 E386.19123
G1 X44.404 Y136.724 E386.38746
G1 X45.239 Y136.857 E386.59038
G1 X46.066 Y136.975 E386.79087
G1 X46.833 Y137.071 E386.97639
G1 X48.53 Y137.237 E387.38561
G1 X49.313 Y137.293 E387.57401
G1 X50.999 Y137.367 E387.97904
G1 X51.826 Y137.384 E388.17756
G1 X52.604 Y137.386 E388.36428
G1 X53.428 Y137.372 E388.56207
G1 X54.294 Y137.344 E388.77002
G1 X55.076 Y137.306 E388.95792
G1 X55.933 Y137.247 E389.16409
G1 X56.751 Y137.177 E389.36113
G1 X58.402 Y136.993 E389.75982
G1 X59.174 Y136.886 E389.94687
G1 X60.024 Y136.754 E390.15332
G1 X60.819 Y136.617 E390.34693
G1 X62.396 Y136.302 E390.73289
G1 X63.219 Y136.113 E390.93555
G1 X64.061 Y135.906 E391.14364
G1 X65.629 Y135.478 E391.53373
G1 X66.393 Y135.246 E391.72536
G1 X67.204 Y134.985 E391.92983
G1 X67.969 Y134.724 E392.12382
G1 X68.783 Y134.431 E392.33145
G1 X69.536 Y134.146 E392.52468
G1 X71.062 Y133.521 E392.92045
G1 X71.818 Y133.187 E393.11881
G1 X72.576 Y132.838 E393.31909
G1 X73.321 Y132.478 E393.51767
G1 X74.05 Y132.109 E393.71376
G1 X74.788 Y131.721 E393.91387
G1 X135.001 Y99.35 E410.32097
G1 X135.763 Y98.932 E410.52956
G1 X137.179 Y98.106 E410.92299
G1 X137.869 Y97.68 E411.11761
G1 X138.541 Y97.246 E411.3096
G1 X139.941 Y96.296 E411.71565
G1 X141.267 Y95.322 E412.11052
G1 X141.888 Y94.84 E412.29919
G1 X142.556 Y94.304 E412.50474
G1 X143.202 Y93.768 E412.7062
G1 X143.795 Y93.257 E412.89407
G1 X144.437 Y92.684 E413.10059
G1 X145.037 Y92.131 E413.29643
G1 X145.645 Y91.554 E413.49759
G1 X146.198 Y91.004 E413.68478
G1 X146.793 Y90.393 E413.88946
G1 X147.359 Y89.792 E414.0876
G1 X147.921 Y89.175 E414.2879
G1 X148.461 Y88.561 E414.48414
G1 X148.984 Y87.944 E414.67826
G1 X149.522 Y87.288 E414.88188
G1 X150.031 Y86.644 E415.07889
G1 X150.529 Y85.991 E415.27598
G1 X151.021 Y85.322 E415.47529
G1 X151.474 Y84.684 E415.66308
G1 X151.963 Y83.969 E415.87097
G1 X152.416 Y83.28 E416.06887
G1 X152.849 Y82.594 E416.26356
G1 X153.282 Y81.885 E416.46295
G1 X153.705 Y81.166 E416.66316
G1 X154.097 Y80.466 E416.8557
G1 X154.496 Y79.727 E417.05726
G1 X155.243 Y78.255 E417.45343
G1 X155.585 Y77.532 E417.64539
G1 X155.917 Y76.795 E417.83938
G1 X156.261 Y76.001 E418.04706
G1 X156.575 Y75.241 E418.24441
G1 X156.885 Y74.448 E418.44876
G1 X157.158 Y73.711 E418.63739
G1 X157.436 Y72.922 E418.83816
G1 X157.691 Y72.161 E419.03078
G1 X157.939 Y71.371 E419.2295
G1 X158.175 Y70.574 E419.42899
G1 X158.388 Y69.8 E419.62165
G1 X158.79 Y68.171 E420.02434
G1 X158.974 Y67.341 E420.22838
G1 X159.133 Y66.558 E420.42013
G1 X159.278 Y65.766 E420.61337
G1 X159.552 Y64.144 E421.00817
G1 X159.813 Y62.999 E421.29002
G1 X160.008 Y62.272 E421.47067
G1 X160.238 Y61.526 E421.65802
G1 X160.499 Y60.777 E421.84838
G1 X160.93 Y59.683 E422.13058
G1 X161.245 Y58.978 E422.31591
G1 X161.588 Y58.274 E422.50385
G1 X161.935 Y57.625 E422.68048
G1 X162.347 Y56.915 E422.87749
G1 X162.761 Y56.255 E423.06447
G1 X163.196 Y55.61 E423.25119
G1 X163.652 Y54.985 E423.43687
G1 X164.404 Y54.043 E423.72615
G1 X165.156 Y53.199 E423.99745
G1 X165.715 Y52.618 E424.19095
G1 X166.473 Y51.9 E424.44153
G1 X167.457 Y51.058 E424.75235
G1 X168.277 Y50.428 E425.00053
G1 X169.002 Y49.923 E425.21258
G1 X169.66 Y49.496 E425.40083
G1 X170.326 Y49.099 E425.58692
G1 X171.019 Y48.714 E425.77718
G1 X171.985 Y48.232 E426.03628
G1 X173.153 Y47.725 E426.34187
G1 X174.218 Y47.328 E426.61465
G1 X174.96 Y47.088 E426.80181
G1 X176.215 Y46.743 E427.11419
G1 X177.224 Y46.528 E427.36178
G1 X178.109 Y46.371 E427.5775
G1 X179.541 Y46.204 E427.92351
G1 X180.322 Y46.151 E428.11138
G1 X181.122 Y46.126 E428.30347
G1 X182.277 Y46.138 E428.58069
G1 X183.277 Y46.197 E428.82111
G1 X184.204 Y46.294 E429.0448
G1 X184.998 Y46.407 E429.23728
G1 X186.115 Y46.615 E429.50997
G1 X186.897 Y46.794 E429.7025
G1 X187.655 Y47.003 E429.89121
G1 X188.741 Y47.347 E430.16461
G1 X189.658 Y47.68 E430.39876
G1 X190.504 Y48.038 E430.61923
G1 X191.612 Y48.569 E430.91411
G1 X192.3 Y48.934 E431.10103
G1 X193.299 Y49.524 E431.37948
G1 X194.035 Y50.001 E431.58997
G1 X195.212 Y50.867 E431.94067
G1 X195.824 Y51.363 E432.12974
G1 X196.403 Y51.867 E432.31397
G1 X197.215 Y52.637 E432.58254
G1 X197.899 Y53.345 E432.8188
G1 X198.562 Y54.109 E433.06158
G1 X199.055 Y54.718 E433.24963
G1 X199.526 Y55.344 E433.43764
G1 X199.967 Y55.977 E433.6228
G1 X200.383 Y56.618 E433.80619
G1 X200.789 Y57.3 E433.99668
G1 X201.169 Y57.984 E434.18447
G1 X201.524 Y58.68 E434.37199
G1 X201.85 Y59.384 E434.55818
G1 X202.164 Y60.123 E434.75089
G1 X202.528 Y61.093 E434.99954
G1 X202.914 Y62.315 E435.3071
G1 X203.205 Y63.445 E435.58715
G1 X203.365 Y64.203 E435.77308
G1 X203.498 Y64.966 E435.95896
G1 X203.61 Y65.77 E436.15379
G1 X203.717 Y66.901 E436.42644
G1 X203.758 Y67.68 E436.61366
G1 X203.771 Y68.485 E436.80688
G1 X203.744 Y69.525 E437.05657
G1 X203.637 Y70.907 E437.38924
G1 X203.449 Y72.242 E437.7128
G1 X203.124 Y73.803 E438.09547
G1 X202.763 Y75.088 E438.41581
G1 X202.426 Y76.07 E438.66498
G1 X202.155 Y76.776 E438.84648
G1 X201.822 Y77.555 E439.0498
G1 X201.321 Y78.603 E439.32859
G1 X200.811 Y79.545 E439.58567
G1 X200.275 Y80.435 E439.83502
G1 X199.725 Y81.252 E440.07139
G1 X199.264 Y81.886 E440.25952
G1 X198.791 Y82.491 E440.44383
G1 X198.326 Y83.048 E440.61797
G1 X197.764 Y83.67 E440.81916
G1 X197.262 Y84.19 E440.99263
G1 X196.38 Y85.026 E441.28429
G1 X195.478 Y85.796 E441.56892
G1 X194.871 Y86.268 E441.75346
G1 X194.217 Y86.742 E441.94731
G1 X193.248 Y87.383 E442.22615
G1 X192.252 Y87.968 E442.50337
G1 X191.566 Y88.332 E442.68975
G1 X189.694 Y89.242 E443.1893
G1 X188.527 Y89.848 E443.50489
G1 X36.748 Y171.446 E484.86233
G1 X35.554 Y172.131 E485.1927
G1 X34.641 Y172.681 E485.44851
G1 X33.961 Y173.064 E485.63581
G1 X32.9 Y173.599 E485.92099
G1 X31.877 Y174.051 E486.18941
G1 X31.139 Y174.34 E486.37963
G1 X30.411 Y174.594 E486.56468
G1 X29.643 Y174.834 E486.75779
G1 X28.892 Y175.041 E486.94475
G1 X28.118 Y175.222 E487.13552
G1 X26.762 Y175.481 E487.46684
G1 X25.555 Y175.628 E487.75866
G1 X24.669 Y175.694 E487.97189
G1 X23.863 Y175.728 E488.16551
G1 X22.722 Y175.723 E488.43935
G1 X21.944 Y175.687 E488.62627
G1 X21.146 Y175.621 E488.81844
G1 X20.034 Y175.483 E489.08737
G1 X19.241 Y175.348 E489.28043
G1 X18.544 Y175.205 E489.45119
G1 X17.716 Y175.006 E489.65557
G1 X16.949 Y174.79 E489.84681
G1 X15.96 Y174.468 E490.09643
G1 X15.135 Y174.156 E490.30812
G1 X14.418 Y173.856 E490.49466
G1 X13.705 Y173.53 E490.68281
G1 X12.993 Y173.171 E490.87419
G1 X12.007 Y172.621 E491.14515
G1 X11.341 Y172.209 E491.33311
G1 X10.659 Y171.758 E491.52934
G1 X9.8 Y171.131 E491.78458
G1 X9.129 Y170.595 E491.99069
G1 X8.539 Y170.087 E492.17754
G1 X7.966 Y169.559 E492.36454
G1 X7.41 Y169.009 E492.55224
G1 X6.754 Y168.313 E492.78178
G1 X6.115 Y167.562 E493.01844
G1 X5.63 Y166.949 E493.20604
G1 X5.17 Y166.323 E493.39248
G1 X4.735 Y165.688 E493.57721
G1 X4.358 Y165.097 E493.74545
G1 X3.722 Y163.987 E494.05248
G1 X3.193 Y162.944 E494.33316
G1 X2.774 Y161.999 E494.58125
G1 X2.44 Y161.147 E494.80088
G1 X2.071 Y160.059 E495.07661
G1 X1.753 Y158.94 E495.3558
G1 X1.576 Y158.189 E495.54098
G1 X1.421 Y157.418 E495.72973
G1 X1.296 Y156.653 E495.91576
G1 X1.197 Y155.878 E496.10327
G1 X1.125 Y155.113 E496.28768
G1 X1.078 Y154.328 E496.47642
G1 X1.053 Y153.205 E496.74601
G1 X1.09 Y152.237 E496.9785
G1 X1.169 Y151.2 E497.2281
G0 F7200 X1.765 Y151.273
G1 F2400 X1.906 Y150.119 E497.50712
G1 X2.158 Y148.76 E497.83884
G1 X2.463 Y147.564 E498.13506
G1 X2.678 Y146.847 E498.31471
G1 X2.955 Y146.02 E498.52403
G1 X3.33 Y145.067 E498.76982
G1 X3.633 Y144.375 E498.95113
G1 X3.962 Y143.688 E499.13394
G1 X4.312 Y143.019 E499.31514
G1 X4.689 Y142.356 E499.49819
G1 X5.082 Y141.72 E499.67762
G1 X5.517 Y141.063 E499.86673
G1 X6.168 Y140.172 E500.13156
G1 X6.644 Y139.578 E500.31425
G1 X7.143 Y138.993 E500.49879
G1 X7.653 Y138.441 E500.67916
G1 X8.184 Y137.903 E500.86058
G1 X8.742 Y137.374 E501.04511
G1 X9.304 Y136.881 E501.22453
G1 X9.89 Y136.399 E501.40664
G1 X10.507 Y135.927 E501.59308
G1 X11.421 Y135.289 E501.86059
G1 X12.051 Y134.888 E502.03982
G1 X12.718 Y134.499 E502.22514
G1 X13.406 Y134.128 E502.41274
G1 X14.408 Y133.642 E502.68001
G1 X15.267 Y133.27 E502.90467
G1 X16.523 Y132.815 E503.22528
G1 X17.251 Y132.586 E503.40844
G1 X17.98 Y132.384 E503.59
G1 X18.717 Y132.21 E503.77174
G1 X19.459 Y132.06 E503.95342
G1 X20.205 Y131.937 E504.13488
G1 X21.072 Y131.823 E504.34475
G1 X22.092 Y131.744 E504.59028
G1 X22.85 Y131.711 E504.77237
G1 X23.945 Y131.705 E505.03518
G1 X25.131 Y131.776 E505.32033
G1 X26.101 Y131.875 E505.55434
G1 X27.002 Y132.009 E505.77296
G1 X27.989 Y132.193 E506.01392
G1 X29.238 Y132.51 E506.32318
G1 X30.231 Y132.814 E506.57242
G1 X31.013 Y133.093 E506.77169
G1 X31.731 Y133.377 E506.957
G1 X33.14 Y133.998 E507.32654
G1 X33.917 Y134.328 E507.52914
G1 X34.667 Y134.631 E507.72328
G1 X36.267 Y135.231 E508.13339
G1 X37.847 Y135.758 E508.53313
G1 X38.639 Y136.001 E508.73195
G1 X39.444 Y136.232 E508.93295
G1 X40.229 Y136.443 E509.12804
G1 X41.067 Y136.653 E509.33538
G1 X41.849 Y136.835 E509.52807
G1 X42.707 Y137.017 E509.73858
G1 X43.485 Y137.17 E509.92887
G1 X44.31 Y137.317 E510.12999
G1 X45.145 Y137.45 E510.33292
G1 X45.982 Y137.569 E510.53582
G1 X46.775 Y137.668 E510.72761
G1 X48.472 Y137.834 E511.13684
G1 X49.282 Y137.892 E511.33174
G1 X50.113 Y137.935 E511.53144
G1 X50.977 Y137.967 E511.73894
G1 X51.814 Y137.984 E511.93987
G1 X52.612 Y137.986 E512.13139
G1 X53.447 Y137.972 E512.33181
G1 X54.313 Y137.944 E512.53976
G1 X55.117 Y137.905 E512.73295
G1 X55.974 Y137.846 E512.93912
G1 X56.81 Y137.774 E513.1405
G1 X57.611 Y137.691 E513.33377
G1 X58.473 Y137.589 E513.54209
G1 X59.267 Y137.479 E513.73447
G1 X60.117 Y137.346 E513.94095
G1 X60.934 Y137.206 E514.13989
G1 X62.53 Y136.887 E514.53051
G1 X63.362 Y136.696 E514.73538
G1 X64.204 Y136.489 E514.94348
G1 X65.007 Y136.276 E515.14286
G1 X65.792 Y136.055 E515.33859
G1 X66.577 Y135.817 E515.53546
G1 X67.398 Y135.553 E515.74243
G1 X68.172 Y135.289 E515.9387
G1 X68.986 Y134.996 E516.14633
G1 X69.749 Y134.707 E516.34215
G1 X71.304 Y134.07 E516.74545
G1 X72.07 Y133.732 E516.94639
G1 X72.828 Y133.382 E517.14677
G1 X73.582 Y133.018 E517.34771
G1 X74.321 Y132.644 E517.54649
G1 X75.067 Y132.252 E517.74874
G1 X135.29 Y99.876 E534.15852
G1 X136.052 Y99.458 E534.36711
G1 X136.755 Y99.055 E534.56159
G1 X137.494 Y98.617 E534.76776
G1 X138.184 Y98.191 E534.96238
G1 X138.875 Y97.745 E535.15976
G1 X139.576 Y97.276 E535.36218
G1 X140.282 Y96.789 E535.56803
G1 X140.962 Y96.298 E535.76932
G1 X141.626 Y95.803 E535.96809
G1 X142.264 Y95.308 E536.16189
G1 X142.932 Y94.772 E536.36744
G1 X143.585 Y94.23 E536.57111
G1 X144.195 Y93.705 E536.76427
G1 X144.837 Y93.132 E536.97079
G1 X145.451 Y92.566 E537.17121
G1 X146.058 Y91.988 E537.37237
G1 X146.628 Y91.423 E537.56499
G1 X147.223 Y90.812 E537.76967
G1 X147.796 Y90.204 E537.97018
G1 X148.365 Y89.579 E538.17304
G1 X148.912 Y88.957 E538.37183
G1 X149.442 Y88.332 E538.5685
G1 X149.986 Y87.669 E538.77433
G1 X150.502 Y87.016 E538.97407
G1 X151.006 Y86.355 E539.17357
G1 X151.504 Y85.678 E539.37527
G1 X151.969 Y85.023 E539.56806
G1 X152.458 Y84.308 E539.77595
G1 X152.917 Y83.61 E539.97645
G1 X153.361 Y82.907 E540.176
G1 X153.794 Y82.198 E540.37538
G1 X154.222 Y81.47 E540.57806
G1 X154.625 Y80.751 E540.77588
G1 X155.024 Y80.012 E540.97744
G1 X155.405 Y79.275 E541.17656
G1 X155.78 Y78.522 E541.37845
G1 X156.132 Y77.779 E541.57577
G1 X156.468 Y77.034 E541.77191
G1 X156.812 Y76.24 E541.97959
G1 X157.13 Y75.47 E542.17953
G1 X157.444 Y74.667 E542.38646
G1 X157.721 Y73.919 E542.57789
G1 X158.002 Y73.122 E542.78071
G1 X158.26 Y72.351 E542.97584
G1 X158.515 Y71.541 E543.17964
G1 X158.75 Y70.744 E543.37906
G1 X158.971 Y69.944 E543.57825
G1 X159.373 Y68.315 E543.98094
G1 X159.56 Y67.471 E544.18842
G1 X159.721 Y66.677 E544.38285
G1 X159.87 Y65.866 E544.58075
G1 X160.144 Y64.244 E544.97555
G1 X160.393 Y63.154 E545.24389
G1 X160.588 Y62.427 E545.42453
G1 X160.805 Y61.723 E545.60134
G1 X161.057 Y60.997 E545.78578
G1 X161.478 Y59.927 E546.06174
G1 X161.784 Y59.241 E546.24202
G1 X162.117 Y58.557 E546.4246
G1 X162.454 Y57.926 E546.59628
G1 X162.855 Y57.234 E546.78823
G1 X163.258 Y56.591 E546.97036
G1 X163.681 Y55.964 E547.15188
G1 X164.137 Y55.339 E547.33756
G1 X164.852 Y54.442 E547.61286
G1 X165.588 Y53.615 E547.87856
G1 X166.128 Y53.054 E548.06544
G1 X166.886 Y52.336 E548.31602
G1 X167.823 Y51.534 E548.61202
G1 X168.643 Y50.904 E548.8602
G1 X169.329 Y50.426 E549.06087
G1 X169.968 Y50.011 E549.24373
G1 X170.618 Y49.623 E549.42541
G1 X171.287 Y49.251 E549.60912
G1 X172.253 Y48.769 E549.86822
G1 X173.363 Y48.287 E550.15865
G1 X174.403 Y47.899 E550.42506
G1 X175.119 Y47.667 E550.60569
G1 X176.374 Y47.322 E550.91807
G1 X177.329 Y47.119 E551.15239
G1 X178.214 Y46.962 E551.36811
G1 X179.582 Y46.803 E551.69864
G1 X180.341 Y46.751 E551.88122
G1 X181.116 Y46.726 E552.06732
G1 X182.242 Y46.737 E552.33757
G1 X183.215 Y46.794 E552.57149
G1 X184.12 Y46.888 E552.78986
G1 X184.888 Y46.997 E552.97603
G1 X185.981 Y47.2 E553.24283
G1 X186.738 Y47.373 E553.4292
G1 X187.474 Y47.575 E553.61237
G1 X188.536 Y47.911 E553.8797
G1 X189.424 Y48.233 E554.1064
G1 X190.27 Y48.591 E554.32687
G1 X191.331 Y49.099 E554.60919
G1 X192.019 Y49.464 E554.79611
G1 X192.973 Y50.028 E555.06209
G1 X193.709 Y50.505 E555.27259
G1 X194.834 Y51.333 E555.60783
G1 X195.43 Y51.816 E555.79194
G1 X196.009 Y52.32 E555.97618
G1 X196.783 Y53.054 E556.23218
G1 X197.467 Y53.762 E556.46845
G1 X198.096 Y54.487 E556.69881
G1 X198.576 Y55.079 E556.88172
G1 X199.034 Y55.687 E557.06441
G1 X199.464 Y56.304 E557.2449
G1 X199.868 Y56.925 E557.42271
G1 X200.265 Y57.591 E557.60879
G1 X200.635 Y58.257 E557.79164
G1 X200.98 Y58.932 E557.97357
G1 X201.298 Y59.618 E558.15504
G1 X201.602 Y60.334 E558.34173
G1 X201.966 Y61.304 E558.59038
G1 X202.333 Y62.465 E558.88261
G1 X202.618 Y63.569 E559.15626
G1 X202.774 Y64.306 E559.33706
G1 X202.904 Y65.049 E559.51809
G1 X203.013 Y65.827 E559.70663
G1 X203.118 Y66.933 E559.97326
G1 X203.158 Y67.69 E560.1552
G1 X203.171 Y68.469 E560.34218
G1 X203.144 Y69.509 E560.59187
G1 X203.043 Y70.823 E560.90816
G1 X202.855 Y72.158 E561.23172
G1 X202.546 Y73.641 E561.59528
G1 X202.195 Y74.893 E561.90735
G1 X201.858 Y75.875 E562.15652
G1 X201.603 Y76.541 E562.32767
G1 X201.281 Y77.296 E562.52467
G1 X200.793 Y78.317 E562.79626
G1 X200.283 Y79.259 E563.05334
G1 X199.761 Y80.126 E563.29623
G1 X199.239 Y80.9 E563.52029
G1 X198.792 Y81.516 E563.70295
G1 X198.33 Y82.106 E563.8828
G1 X197.865 Y82.663 E564.05694
G1 X197.332 Y83.253 E564.24776
G1 X196.83 Y83.773 E564.42123
G1 X195.967 Y84.591 E564.7066
G1 X195.109 Y85.323 E564.97728
G1 X194.518 Y85.783 E565.15702
G1 X193.886 Y86.242 E565.34449
G1 X192.944 Y86.866 E565.61567
G1 X191.971 Y87.438 E565.88655
G1 X191.304 Y87.792 E566.06778
G1 X189.432 Y88.702 E566.56733
G1 X188.25 Y89.316 E566.887
G1 X36.449 Y170.926 E608.25045
G1 X35.255 Y171.611 E608.58082
G1 X34.346 Y172.158 E608.83544
G1 X33.69 Y172.528 E609.01619
G1 X32.657 Y173.05 E609.29397
G1 X31.658 Y173.492 E609.55615
G1 X30.941 Y173.773 E609.74097
G1 X30.213 Y174.027 E609.92602
G1 X29.483 Y174.256 E610.10964
G1 X28.755 Y174.457 E610.2909
G1 X28.005 Y174.633 E610.47579
G1 X26.689 Y174.885 E610.79736
G1 X25.482 Y175.032 E611.08918
G1 X24.644 Y175.095 E611.29087
G1 X23.865 Y175.128 E611.478
G1 X22.75 Y175.124 E611.7456
G1 X21.993 Y175.089 E611.92748
G1 X21.22 Y175.026 E612.11361
G1 X20.135 Y174.892 E612.37599
G1 X19.362 Y174.76 E612.56419
G1 X18.665 Y174.617 E612.73496
G1 X17.878 Y174.428 E612.92921
G1 X17.135 Y174.219 E613.11445
G1 X16.146 Y173.897 E613.36407
G1 X15.367 Y173.603 E613.5639
G1 X14.667 Y173.31 E613.74603
G1 X13.975 Y172.994 E613.9286
G1 X13.285 Y172.647 E614.11397
G1 X12.323 Y172.111 E614.37827
G1 X11.672 Y171.708 E614.56202
G1 X11.013 Y171.273 E614.75153
G1 X10.154 Y170.646 E615.00677
G1 X9.52 Y170.14 E615.20145
G1 X8.945 Y169.646 E615.38338
G1 X8.388 Y169.133 E615.56512
G1 X7.847 Y168.597 E615.7479
G1 X7.191 Y167.901 E615.97744
G1 X6.585 Y167.189 E616.20183
G1 X6.113 Y166.593 E616.3843
G1 X5.665 Y165.984 E616.56574
G1 X5.241 Y165.365 E616.74581
G1 X4.864 Y164.774 E616.91405
G1 X4.257 Y163.716 E617.2068
G1 X3.742 Y162.701 E617.47996
G1 X3.323 Y161.756 E617.72805
G1 X3.008 Y160.954 E617.93485
G1 X2.648 Y159.895 E618.20329
G1 X2.337 Y158.802 E618.47602
G1 X2.164 Y158.07 E618.65654
G1 X2.013 Y157.321 E618.83992
G1 X1.891 Y156.577 E619.02087
G1 X1.794 Y155.822 E619.20355
G1 X1.724 Y155.077 E619.38314
G1 X1.678 Y154.314 E619.56659
G1 X1.653 Y153.228 E619.8273
G1 X1.69 Y152.26 E620.05979
G1 X1.765 Y151.273 E620.29736
G0 F7200 X2.361 Y151.346
G1 F2400 X2.502 Y150.192 E620.57638
G1 X2.748 Y148.87 E620.8991
G1 X3.038 Y147.736 E621.18002
G1 X3.247 Y147.038 E621.35489
G1 X3.524 Y146.211 E621.56421
G1 X3.88 Y145.307 E621.79738
G1 X4.174 Y144.634 E621.97364
G1 X4.493 Y143.966 E622.15131
G1 X4.834 Y143.315 E622.32768
G1 X5.199 Y142.672 E622.50513
G1 X5.583 Y142.051 E622.68037
G1 X6.002 Y141.417 E622.86275
G1 X6.637 Y140.547 E623.12125
G1 X7.101 Y139.967 E623.29952
G1 X7.584 Y139.4 E623.47828
G1 X8.08 Y138.862 E623.6539
G1 X8.597 Y138.338 E623.83057
G1 X9.138 Y137.825 E624.0095
G1 X9.685 Y137.344 E624.18431
G1 X10.255 Y136.875 E624.36147
G1 X10.85 Y136.419 E624.54138
G1 X11.744 Y135.795 E624.80304
G1 X12.354 Y135.406 E624.97667
G1 X13.003 Y135.027 E625.15705
G1 X13.668 Y134.668 E625.33842
G1 X14.646 Y134.193 E625.59936
G1 X15.505 Y133.821 E625.82402
G1 X16.703 Y133.387 E626.12983
G1 X17.412 Y133.164 E626.30821
G1 X18.118 Y132.968 E626.48405
G1 X18.836 Y132.798 E626.66114
G1 X19.557 Y132.652 E626.83769
G1 X20.283 Y132.532 E627.01429
G1 X21.15 Y132.418 E627.22417
G1 X22.118 Y132.343 E627.45718
G1 X22.854 Y132.311 E627.63399
G1 X23.909 Y132.304 E627.88719
G1 X25.07 Y132.373 E628.16633
G1 X26.013 Y132.469 E628.39382
G1 X26.892 Y132.599 E628.60707
G1 X27.879 Y132.783 E628.84803
G1 X29.062 Y133.084 E629.141
G1 X30.055 Y133.388 E629.39024
G1 X30.793 Y133.651 E629.57827
G1 X31.489 Y133.926 E629.75787
G1 X32.905 Y134.55 E630.12925
G1 X33.682 Y134.88 E630.33185
G1 X34.456 Y135.193 E630.53222
G1 X36.062 Y135.795 E630.94385
G1 X36.841 Y136.061 E631.14141
G1 X37.661 Y136.328 E631.34838
G1 X38.474 Y136.578 E631.55252
G1 X39.279 Y136.809 E631.75352
G1 X40.083 Y137.025 E631.95332
G1 X40.921 Y137.235 E632.16066
G1 X41.724 Y137.422 E632.35853
G1 X42.584 Y137.605 E632.56955
G1 X43.38 Y137.761 E632.76423
G1 X44.216 Y137.91 E632.96803
G1 X45.051 Y138.043 E633.17096
G1 X45.898 Y138.163 E633.37627
G1 X46.717 Y138.265 E633.57435
G1 X48.414 Y138.431 E633.98357
G1 X49.251 Y138.491 E634.18496
G1 X50.091 Y138.535 E634.38684
G1 X50.955 Y138.567 E634.59434
G1 X51.802 Y138.584 E634.79766
G1 X52.621 Y138.586 E634.99422
G1 X53.466 Y138.572 E635.19705
G1 X54.332 Y138.544 E635.405
G1 X55.158 Y138.504 E635.60347
G1 X56.015 Y138.445 E635.80964
G1 X56.862 Y138.372 E636.01367
G1 X57.677 Y138.288 E636.21031
G1 X58.544 Y138.185 E636.41985
G1 X59.36 Y138.072 E636.61756
G1 X60.21 Y137.939 E636.82404
G1 X61.043 Y137.796 E637.02689
G1 X62.664 Y137.472 E637.42362
G1 X63.505 Y137.279 E637.63071
G1 X64.347 Y137.072 E637.83881
G1 X65.161 Y136.856 E638.04093
G1 X65.966 Y136.629 E638.24166
G1 X66.761 Y136.388 E638.44104
G1 X67.592 Y136.121 E638.65052
G1 X68.375 Y135.854 E638.84906
G1 X69.189 Y135.561 E639.05669
G1 X69.962 Y135.268 E639.25509
G1 X71.546 Y134.619 E639.66593
G1 X72.312 Y134.281 E639.86687
G1 X73.079 Y133.927 E640.06961
G1 X73.843 Y133.558 E640.27324
G1 X74.592 Y133.179 E640.4747
G1 X75.346 Y132.783 E640.6791
G1 X135.579 Y100.402 E657.09156
G1 X136.341 Y99.984 E657.30015
G1 X137.053 Y99.576 E657.4971
G1 X137.8 Y99.133 E657.70553
G1 X138.509 Y98.695 E657.90554
G1 X139.208 Y98.244 E658.10519
G1 X139.917 Y97.77 E658.30988
G1 X140.63 Y97.278 E658.51778
G1 X141.313 Y96.785 E658.71994
G1 X141.985 Y96.284 E658.92111
G1 X142.64 Y95.776 E659.12005
G1 X143.308 Y95.24 E659.3256
G1 X143.968 Y94.692 E659.53148
G1 X144.595 Y94.153 E659.72992
G1 X145.237 Y93.58 E659.93645
G1 X145.858 Y93.007 E660.13924
G1 X146.472 Y92.422 E660.34278
G1 X147.058 Y91.842 E660.54066
G1 X147.653 Y91.231 E660.74534
G1 X148.233 Y90.616 E660.94822
G1 X148.809 Y89.983 E661.15363
G1 X149.363 Y89.353 E661.35497
G1 X149.9 Y88.72 E661.55419
G1 X150.45 Y88.05 E661.76223
G1 X150.973 Y87.388 E661.96471
G1 X151.483 Y86.719 E662.16661
G1 X151.987 Y86.034 E662.37071
G1 X152.464 Y85.362 E662.56849
G1 X152.953 Y84.647 E662.77639
G1 X153.418 Y83.94 E662.97948
G1 X153.868 Y83.228 E663.18163
G1 X154.306 Y82.51 E663.38348
G1 X154.739 Y81.774 E663.58842
G1 X155.148 Y81.045 E663.78903
G1 X155.552 Y80.297 E663.99307
G1 X155.938 Y79.551 E664.19465
G1 X156.317 Y78.789 E664.3989
G1 X156.674 Y78.036 E664.59891
G1 X157.019 Y77.273 E664.79988
G1 X157.363 Y76.479 E665.00755
G1 X157.685 Y75.699 E665.21008
G1 X158.003 Y74.886 E665.41959
G1 X158.284 Y74.127 E665.61383
G1 X158.568 Y73.322 E665.81871
G1 X158.829 Y72.541 E666.01634
G1 X159.087 Y71.721 E666.22265
G1 X159.328 Y70.904 E666.42708
G1 X159.554 Y70.088 E666.63029
G1 X159.956 Y68.459 E667.03298
G1 X160.146 Y67.601 E667.24389
G1 X160.309 Y66.796 E667.44101
G1 X160.46 Y65.975 E667.64135
G1 X160.736 Y64.344 E668.03836
G1 X160.972 Y63.31 E668.2929
G1 X161.162 Y62.603 E668.4686
G1 X161.372 Y61.92 E668.6401
G1 X161.624 Y61.194 E668.82453
G1 X162.026 Y60.171 E669.08833
G1 X162.324 Y59.503 E669.26388
G1 X162.647 Y58.839 E669.44109
G1 X162.973 Y58.227 E669.60751
G1 X163.363 Y57.553 E669.7944
G1 X163.756 Y56.926 E669.972
G1 X164.166 Y56.317 E670.14819
G1 X164.606 Y55.713 E670.32754
G1 X165.3 Y54.841 E670.59501
G1 X166.02 Y54.031 E670.85511
G1 X166.541 Y53.49 E671.03537
G1 X167.299 Y52.772 E671.28594
G1 X168.189 Y52.01 E671.56714
G1 X169.009 Y51.38 E671.81532
G1 X169.656 Y50.929 E672.0046
G1 X170.276 Y50.526 E672.18207
G1 X170.91 Y50.147 E672.35934
G1 X171.555 Y49.788 E672.53651
G1 X172.521 Y49.306 E672.7956
G1 X173.573 Y48.849 E673.07088
G1 X174.589 Y48.47 E673.33113
G1 X175.278 Y48.246 E673.50501
G1 X176.533 Y47.901 E673.81738
G1 X177.434 Y47.71 E674.03843
G1 X178.319 Y47.553 E674.25415
G1 X179.623 Y47.402 E674.5692
G1 X180.361 Y47.351 E674.74674
G1 X181.111 Y47.326 E674.92684
G1 X182.207 Y47.336 E675.18989
G1 X183.153 Y47.391 E675.41731
G1 X184.036 Y47.482 E675.63036
G1 X184.779 Y47.587 E675.81045
G1 X185.848 Y47.785 E676.07137
G1 X186.58 Y47.952 E676.25157
G1 X187.293 Y48.147 E676.42897
G1 X188.332 Y48.475 E676.69046
G1 X189.19 Y48.786 E676.90949
G1 X190.036 Y49.144 E677.12996
G1 X191.05 Y49.629 E677.39973
G1 X191.714 Y49.981 E677.58009
G1 X192.647 Y50.532 E677.84015
G1 X193.383 Y51.009 E678.05064
G1 X194.457 Y51.8 E678.37077
G1 X195.036 Y52.268 E678.54944
G1 X195.596 Y52.756 E678.72771
G1 X196.351 Y53.471 E678.97727
G1 X197.035 Y54.179 E679.21354
G1 X197.63 Y54.865 E679.43148
G1 X198.097 Y55.44 E679.60926
G1 X198.542 Y56.031 E679.78681
G1 X198.961 Y56.631 E679.96245
G1 X199.353 Y57.233 E680.13486
G1 X199.741 Y57.882 E680.31633
G1 X200.101 Y58.53 E680.49424
G1 X200.436 Y59.185 E680.67081
G1 X200.746 Y59.853 E680.84755
G1 X201.04 Y60.545 E681.028
G1 X201.404 Y61.515 E681.27665
G1 X201.752 Y62.615 E681.55355
G1 X202.031 Y63.694 E681.82102
G1 X202.183 Y64.41 E681.99669
G1 X202.31 Y65.133 E682.17287
G1 X202.416 Y65.884 E682.3549
G1 X202.519 Y66.965 E682.61551
G1 X202.558 Y67.7 E682.79216
G1 X202.571 Y68.453 E682.97291
G1 X202.544 Y69.493 E683.22259
G1 X202.449 Y70.739 E683.5225
G1 X202.261 Y72.074 E683.84606
G1 X201.968 Y73.479 E684.19051
G1 X201.627 Y74.698 E684.49431
G1 X201.297 Y75.661 E684.73862
G1 X201.051 Y76.306 E684.9043
G1 X200.74 Y77.037 E685.09495
G1 X200.265 Y78.031 E685.35935
G1 X199.755 Y78.973 E685.61644
G1 X199.263 Y79.791 E685.84553
G1 X198.754 Y80.547 E686.06427
G1 X198.319 Y81.146 E686.24193
G1 X197.869 Y81.721 E686.41717
G1 X197.404 Y82.278 E686.59131
G1 X196.9 Y82.836 E686.77177
G1 X196.398 Y83.356 E686.94524
G1 X195.577 Y84.135 E687.21686
G1 X194.74 Y84.85 E687.48106
G1 X194.165 Y85.298 E687.656
G1 X193.555 Y85.742 E687.83707
G1 X192.639 Y86.349 E688.1008
G1 X191.69 Y86.908 E688.36514
G1 X191.042 Y87.252 E688.54121
G1 X189.17 Y88.162 E689.04076
G1 X187.973 Y88.784 E689.36451
G1 X36.15 Y170.406 E730.73398
G1 X34.956 Y171.091 E731.06435
G1 X34.051 Y171.635 E731.31777
G1 X33.395 Y172.005 E731.49853
G1 X32.414 Y172.501 E731.76235
G1 X31.439 Y172.933 E732.01829
G1 X30.722 Y173.214 E732.20311
G1 X30.033 Y173.455 E732.3783
G1 X29.323 Y173.678 E732.5569
G1 X28.617 Y173.873 E732.73269
G1 X27.892 Y174.044 E732.91146
G1 X26.616 Y174.289 E733.2233
G1 X25.409 Y174.436 E733.51512
G1 X24.618 Y174.496 E733.7055
G1 X23.867 Y174.528 E733.88591
G1 X22.778 Y174.525 E734.14727
G1 X22.042 Y174.491 E734.32409
G1 X21.293 Y174.43 E734.50445
G1 X20.236 Y174.3 E734.76004
G1 X19.483 Y174.172 E734.94335
G1 X18.786 Y174.029 E735.11412
G1 X18.04 Y173.85 E735.29824
G1 X17.321 Y173.648 E735.47748
G1 X16.332 Y173.326 E735.7271
G1 X15.598 Y173.049 E735.91539
G1 X14.916 Y172.764 E736.09279
G1 X14.244 Y172.458 E736.27
G1 X13.577 Y172.123 E736.44914
G1 X12.639 Y171.601 E736.70677
G1 X12.002 Y171.207 E736.88653
G1 X11.367 Y170.788 E737.06912
G1 X10.508 Y170.161 E737.32436
G1 X9.91 Y169.684 E737.50794
G1 X9.351 Y169.205 E737.68462
G1 X8.81 Y168.707 E737.86109
G1 X8.283 Y168.185 E738.03912
G1 X7.648 Y167.512 E738.26118
G1 X7.055 Y166.816 E738.48063
G1 X6.596 Y166.237 E738.65796
G1 X6.16 Y165.645 E738.83441
G1 X5.747 Y165.042 E739.00982
G1 X5.37 Y164.451 E739.17807
G1 X4.792 Y163.444 E739.45673
G1 X4.291 Y162.458 E739.72216
G1 X3.872 Y161.513 E739.97026
G1 X3.576 Y160.76 E740.16444
G1 X3.225 Y159.73 E740.4256
G1 X2.921 Y158.664 E740.69164
G1 X2.752 Y157.951 E740.8675
G1 X2.605 Y157.224 E741.04551
G1 X2.486 Y156.5 E741.2216
G1 X2.391 Y155.766 E741.39923
G1 X2.323 Y155.041 E741.574
G1 X2.278 Y154.3 E741.75216
G1 X2.253 Y153.251 E742.00399
G1 X2.29 Y152.283 E742.23648
G1 X2.361 Y151.346 E742.46201
G0 F7200 X3.553 Y151.49
G1 F2400 X3.688 Y150.374 E742.7318
G1 X3.919 Y149.129 E743.0357
G1 X4.188 Y148.08 E743.29561
G1 X4.385 Y147.42 E743.46091
G1 X4.662 Y146.593 E743.67023
G1 X4.98 Y145.787 E743.87818
G1 X5.257 Y145.151 E744.04467
G1 X5.557 Y144.522 E744.21192
G1 X5.878 Y143.907 E744.37842
G1 X6.221 Y143.302 E744.54533
G1 X6.585 Y142.711 E744.71191
G1 X6.972 Y142.123 E744.88086
G1 X7.573 Y141.297 E745.12602
G1 X8.015 Y140.745 E745.29574
G1 X8.468 Y140.212 E745.46362
G1 X8.935 Y139.704 E745.62922
G1 X9.423 Y139.208 E745.79622
G1 X9.932 Y138.725 E745.96463
G1 X10.448 Y138.27 E746.12974
G1 X10.985 Y137.827 E746.29681
G1 X11.538 Y137.403 E746.46405
G1 X12.39 Y136.807 E746.7136
G1 X12.98 Y136.43 E746.88164
G1 X13.575 Y136.082 E747.04707
G1 X14.193 Y135.747 E747.21578
G1 X15.123 Y135.294 E747.46405
G1 X15.948 Y134.936 E747.67988
G1 X17.063 Y134.531 E747.96459
G1 X17.732 Y134.32 E748.13295
G1 X18.396 Y134.136 E748.29831
G1 X19.075 Y133.974 E748.46585
G1 X19.753 Y133.836 E748.6319
G1 X20.439 Y133.722 E748.7988
G1 X21.306 Y133.608 E749.00867
G1 X22.17 Y133.541 E749.21665
G1 X22.865 Y133.511 E749.38361
G1 X23.839 Y133.502 E749.61738
G1 X24.949 Y133.567 E749.88424
G1 X25.839 Y133.657 E750.09893
G1 X26.672 Y133.779 E750.30098
G1 X27.659 Y133.963 E750.54194
G1 X28.71 Y134.232 E750.80231
G1 X29.703 Y134.536 E751.05155
G1 X30.353 Y134.767 E751.21711
G1 X31.005 Y135.024 E751.3853
G1 X32.428 Y135.651 E751.75851
G1 X33.222 Y135.988 E751.96552
G1 X34.03 Y136.315 E752.17472
G1 X34.86 Y136.633 E752.38804
G1 X35.651 Y136.922 E752.59015
G1 X36.469 Y137.203 E752.79773
G1 X37.289 Y137.47 E753.0047
G1 X38.122 Y137.726 E753.21385
G1 X38.949 Y137.963 E753.42032
G1 X39.791 Y138.189 E753.62955
G1 X40.629 Y138.399 E753.83689
G1 X41.474 Y138.596 E754.04513
G1 X42.339 Y138.78 E754.25738
G1 X43.17 Y138.943 E754.46062
G1 X44.017 Y139.093 E754.66706
G1 X44.873 Y139.23 E754.87511
G1 X45.73 Y139.351 E755.08283
G1 X46.595 Y139.459 E755.29205
G1 X47.452 Y139.549 E755.49886
G1 X48.318 Y139.627 E755.70754
G1 X49.177 Y139.688 E755.91422
G1 X50.047 Y139.735 E756.12332
G1 X50.911 Y139.767 E756.33082
G1 X51.778 Y139.784 E756.53894
G1 X52.639 Y139.786 E756.74558
G1 X53.504 Y139.772 E756.95321
G1 X54.37 Y139.744 E757.16116
G1 X55.24 Y139.701 E757.37022
G1 X56.097 Y139.643 E757.57637
G1 X56.966 Y139.568 E757.7857
G1 X57.822 Y139.48 E757.99222
G1 X58.687 Y139.376 E758.20132
G1 X59.546 Y139.258 E758.40942
G1 X60.396 Y139.125 E758.6159
G1 X61.254 Y138.977 E758.82486
G1 X62.932 Y138.642 E759.23553
G1 X63.791 Y138.445 E759.44704
G1 X64.633 Y138.238 E759.65513
G1 X65.469 Y138.016 E759.86273
G1 X66.307 Y137.779 E760.07174
G1 X67.131 Y137.53 E760.27833
G1 X67.96 Y137.263 E760.48735
G1 X68.781 Y136.984 E760.69546
G1 X69.595 Y136.691 E760.90309
G1 X70.399 Y136.386 E761.10947
G1 X71.204 Y136.063 E761.31764
G1 X72.008 Y135.727 E761.52677
G1 X72.796 Y135.379 E761.73351
G1 X73.581 Y135.017 E761.94098
G1 X74.365 Y134.638 E762.14997
G1 X75.134 Y134.249 E762.3568
G1 X75.904 Y133.845 E762.5655
G1 X136.157 Y101.454 E778.98332
G1 X136.919 Y101.036 E779.19191
G1 X137.667 Y100.608 E779.39874
G1 X138.414 Y100.164 E779.6073
G1 X139.15 Y99.709 E779.81497
G1 X139.874 Y99.242 E780.02174
G1 X140.599 Y98.758 E780.23095
G1 X141.312 Y98.266 E780.43886
G1 X142.015 Y97.759 E780.64688
G1 X142.703 Y97.245 E780.85299
G1 X143.391 Y96.712 E781.06186
G1 X144.067 Y96.17 E781.26981
G1 X144.734 Y95.616 E781.47791
G1 X145.386 Y95.056 E781.68418
G1 X146.036 Y94.476 E781.89326
G1 X146.672 Y93.889 E782.10097
G1 X147.3 Y93.29 E782.30926
G1 X147.902 Y92.694 E782.51257
G1 X148.519 Y92.062 E782.72455
G1 X149.114 Y91.432 E782.93252
G1 X149.697 Y90.791 E783.14048
G1 X150.265 Y90.145 E783.34692
G1 X150.828 Y89.482 E783.55567
G1 X151.378 Y88.812 E783.76371
G1 X151.915 Y88.132 E783.97167
G1 X152.437 Y87.447 E784.17836
G1 X152.953 Y86.746 E784.38726
G1 X153.454 Y86.04 E784.59503
G1 X153.943 Y85.325 E784.80293
G1 X154.42 Y84.6 E785.01121
G1 X154.882 Y83.87 E785.21855
G1 X155.33 Y83.135 E785.42513
G1 X155.773 Y82.382 E785.63481
G1 X156.194 Y81.633 E785.84102
G1 X156.608 Y80.867 E786.04999
G1 X157.004 Y80.103 E786.25652
G1 X157.391 Y79.323 E786.46549
G1 X157.763 Y78.54 E786.67354
G1 X158.121 Y77.751 E786.88148
G1 X158.465 Y76.957 E787.08916
G1 X158.795 Y76.157 E787.29685
G1 X159.121 Y75.324 E787.51154
G1 X159.41 Y74.544 E787.71117
G1 X159.7 Y73.722 E787.92037
G1 X159.975 Y72.899 E788.12863
G1 X160.231 Y72.079 E788.3348
G1 X160.478 Y71.244 E788.54378
G1 X160.71 Y70.408 E788.752
G1 X160.924 Y69.571 E788.95934
G1 X161.126 Y68.728 E789.16739
G1 X161.318 Y67.859 E789.38098
G1 X161.485 Y67.034 E789.583
G1 X161.642 Y66.184 E789.79045
G1 X161.92 Y64.544 E790.18966
G1 X162.131 Y63.621 E790.4169
G1 X162.31 Y62.955 E790.58241
G1 X162.513 Y62.292 E790.74882
G1 X162.74 Y61.632 E790.91633
G1 X163.122 Y60.659 E791.1672
G1 X163.402 Y60.029 E791.33266
G1 X163.707 Y59.403 E791.49978
G1 X164.033 Y58.791 E791.6662
G1 X164.381 Y58.189 E791.83309
G1 X164.752 Y57.595 E792.00117
G1 X165.136 Y57.023 E792.16651
G1 X165.546 Y56.459 E792.33386
G1 X166.198 Y55.637 E792.58567
G1 X166.884 Y54.863 E792.83388
G1 X167.367 Y54.362 E793.0009
G1 X168.125 Y53.644 E793.25148
G1 X168.921 Y52.962 E793.50305
G1 X169.741 Y52.332 E793.75123
G1 X170.31 Y51.935 E793.91774
G1 X170.894 Y51.555 E794.08496
G1 X171.494 Y51.195 E794.25289
G1 X172.091 Y50.862 E794.41695
G1 X173.029 Y50.393 E794.66865
G1 X173.992 Y49.973 E794.92079
G1 X174.961 Y49.611 E795.16905
G1 X175.624 Y49.395 E795.3364
G1 X176.781 Y49.075 E795.62451
G1 X177.644 Y48.892 E795.83623
G1 X178.529 Y48.735 E796.05195
G1 X179.707 Y48.6 E796.33652
G1 X180.404 Y48.551 E796.50421
G1 X181.101 Y48.526 E796.6716
G1 X182.138 Y48.534 E796.92049
G1 X183.031 Y48.585 E797.13516
G1 X183.869 Y48.67 E797.33731
G1 X184.561 Y48.767 E797.50501
G1 X185.582 Y48.955 E797.75417
G1 X186.265 Y49.11 E797.92226
G1 X186.933 Y49.291 E798.08836
G1 X187.924 Y49.603 E798.33771
G1 X188.752 Y49.903 E798.54907
G1 X189.544 Y50.239 E798.75555
G1 X190.488 Y50.689 E799.00653
G1 X191.104 Y51.015 E799.1738
G1 X191.995 Y51.54 E799.422
G1 X192.731 Y52.017 E799.63249
G1 X193.703 Y52.734 E799.92237
G1 X194.248 Y53.174 E800.09048
G1 X194.77 Y53.628 E800.25652
G1 X195.525 Y54.343 E800.50608
G1 X196.129 Y54.967 E800.7145
G1 X196.7 Y55.623 E800.92323
G1 X197.139 Y56.162 E801.09007
G1 X197.558 Y56.719 E801.25735
G1 X197.955 Y57.287 E801.42366
G1 X198.335 Y57.87 E801.59068
G1 X198.693 Y58.466 E801.75754
G1 X199.033 Y59.077 E801.92536
G1 X199.348 Y59.691 E802.09098
G1 X199.642 Y60.322 E802.25805
G1 X199.916 Y60.967 E802.42624
G1 X200.28 Y61.937 E802.67489
G1 X200.59 Y62.916 E802.92135
G1 X200.857 Y63.945 E803.17649
G1 X201.001 Y64.618 E803.34166
G1 X201.122 Y65.303 E803.50861
G1 X201.222 Y65.998 E803.67713
G1 X201.321 Y67.029 E803.9257
G1 X201.358 Y67.722 E804.09226
G1 X201.371 Y68.421 E804.26005
G1 X201.344 Y69.461 E804.50973
G1 X201.261 Y70.574 E804.7776
G1 X201.087 Y71.83 E805.08191
G1 X200.812 Y73.156 E805.40693
G1 X200.481 Y74.341 E805.70221
G1 X200.175 Y75.233 E805.92854
G1 X199.929 Y75.878 E806.09422
G1 X199.657 Y76.52 E806.26155
G1 X199.209 Y77.46 E806.51147
G1 X198.713 Y78.378 E806.76189
G1 X198.267 Y79.121 E806.96987
G1 X197.782 Y79.843 E807.17861
G1 X197.374 Y80.406 E807.34548
G1 X196.947 Y80.952 E807.51184
G1 X196.498 Y81.491 E807.6802
G1 X196.036 Y82.003 E807.84571
G1 X195.553 Y82.504 E808.01273
G1 X194.797 Y83.223 E808.26313
G1 X194.002 Y83.904 E808.51436
G1 X193.459 Y84.328 E808.6797
G1 X192.891 Y84.742 E808.84839
G1 X192.029 Y85.315 E809.09681
G1 X191.126 Y85.848 E809.34846
G1 X190.518 Y86.172 E809.51381
G1 X188.646 Y87.082 E810.01336
G1 X187.419 Y87.72 E810.34527
G1 X35.552 Y169.366 E851.72676
G1 X34.358 Y170.051 E852.05713
G1 X33.46 Y170.591 E852.30862
G1 X32.853 Y170.935 E852.47607
G1 X31.927 Y171.404 E852.72519
G1 X30.977 Y171.826 E852.97467
G1 X30.325 Y172.082 E853.14278
G1 X29.673 Y172.311 E853.30863
G1 X29.004 Y172.522 E853.47699
G1 X28.34 Y172.705 E853.64229
G1 X27.664 Y172.866 E853.80907
G1 X26.47 Y173.097 E854.10094
G1 X25.263 Y173.244 E854.39276
G1 X24.566 Y173.298 E854.56054
G1 X23.869 Y173.328 E854.72798
G1 X22.834 Y173.327 E854.97638
G1 X22.139 Y173.295 E855.14335
G1 X21.439 Y173.239 E855.31189
G1 X20.409 Y173.112 E855.56096
G1 X19.724 Y172.996 E855.7277
G1 X19.047 Y172.858 E855.89352
G1 X18.364 Y172.694 E856.0621
G1 X17.693 Y172.506 E856.22934
G1 X16.704 Y172.184 E856.47897
G1 X16.059 Y171.941 E856.64439
G1 X15.412 Y171.672 E856.81256
G1 X14.781 Y171.385 E856.97892
G1 X14.161 Y171.075 E857.14529
G1 X13.246 Y170.566 E857.39658
G1 X12.662 Y170.205 E857.56136
G1 X12.074 Y169.818 E857.7303
G1 X11.236 Y169.207 E857.9792
G1 X10.69 Y168.772 E858.14674
G1 X10.163 Y168.321 E858.31322
G1 X9.654 Y167.854 E858.479
G1 X9.155 Y167.361 E858.64735
G1 X8.561 Y166.733 E858.85481
G1 X7.995 Y166.07 E859.06403
G1 X7.562 Y165.525 E859.23109
G1 X7.15 Y164.967 E859.39756
G1 X6.759 Y164.396 E859.56365
G1 X6.382 Y163.805 E859.73189
G1 X5.862 Y162.9 E859.98239
G1 X5.389 Y161.972 E860.23237
G1 X4.97 Y161.027 E860.48047
G1 X4.712 Y160.372 E860.64942
G1 X4.379 Y159.4 E860.89601
G1 X4.089 Y158.386 E861.14913
G1 X3.928 Y157.712 E861.31544
G1 X3.789 Y157.029 E861.48272
G1 X3.676 Y156.343 E861.64958
G1 X3.585 Y155.654 E861.81637
G1 X3.521 Y154.967 E861.98197
G1 X3.478 Y154.27 E862.14957
G1 X3.453 Y153.297 E862.38316
G1 X3.49 Y152.329 E862.61565
G1 X3.553 Y151.49 E862.81758
G0 F7200 X2.957 Y151.418
G1 F2400 X3.092 Y150.302 E863.08737
G1 X3.338 Y148.98 E863.4101
G1 X3.613 Y147.908 E863.67571
G1 X3.816 Y147.229 E863.8458
G1 X4.093 Y146.402 E864.05511
G1 X4.43 Y145.547 E864.27568
G1 X4.715 Y144.893 E864.44689
G1 X5.025 Y144.244 E864.61951
G1 X5.356 Y143.611 E864.79095
G1 X5.71 Y142.987 E864.96313
G1 X6.084 Y142.381 E865.13404
G1 X6.487 Y141.77 E865.3097
G1 X7.105 Y140.922 E865.56153
G1 X7.558 Y140.356 E865.73552
G1 X8.026 Y139.806 E865.90884
G1 X8.507 Y139.283 E866.07938
G1 X9.01 Y138.773 E866.25129
G1 X9.535 Y138.275 E866.42496
G1 X10.066 Y137.807 E866.59483
G1 X10.62 Y137.351 E866.76704
G1 X11.194 Y136.911 E866.94062
G1 X12.067 Y136.301 E867.19622
G1 X12.677 Y135.912 E867.36985
G1 X13.289 Y135.555 E867.5399
G1 X13.93 Y135.208 E867.71483
G1 X14.884 Y134.744 E867.96944
G1 X15.743 Y134.372 E868.1941
G1 X16.883 Y133.959 E868.4851
G1 X17.572 Y133.742 E868.65847
G1 X18.257 Y133.552 E868.82908
G1 X18.955 Y133.386 E869.00127
G1 X19.655 Y133.244 E869.17269
G1 X20.361 Y133.127 E869.34444
G1 X21.228 Y133.013 E869.55431
G1 X22.144 Y132.942 E869.77481
G1 X22.859 Y132.911 E869.94657
G1 X23.874 Y132.903 E870.19018
G1 X25.009 Y132.97 E870.46305
G1 X25.926 Y133.063 E870.68426
G1 X26.782 Y133.189 E870.89192
G1 X27.769 Y133.373 E871.13288
G1 X28.886 Y133.658 E871.40955
G1 X29.879 Y133.962 E871.65878
G1 X30.573 Y134.209 E871.83558
G1 X31.247 Y134.475 E872.00948
G1 X32.67 Y135.102 E872.38268
G1 X33.447 Y135.432 E872.58528
G1 X34.245 Y135.755 E872.7919
G1 X35.857 Y136.359 E873.20504
G1 X36.655 Y136.632 E873.40746
G1 X37.475 Y136.899 E873.61443
G1 X38.298 Y137.152 E873.82107
G1 X39.114 Y137.386 E874.02481
G1 X39.937 Y137.607 E874.22932
G1 X40.775 Y137.817 E874.43666
G1 X41.599 Y138.009 E874.63972
G1 X42.462 Y138.193 E874.8515
G1 X43.275 Y138.352 E875.05031
G1 X44.122 Y138.503 E875.2568
G1 X44.957 Y138.636 E875.45972
G1 X45.814 Y138.757 E875.66744
G1 X46.658 Y138.862 E875.87157
G1 X48.372 Y139.03 E876.2849
G1 X49.209 Y139.089 E876.48628
G1 X50.069 Y139.135 E876.69297
G1 X50.933 Y139.167 E876.90047
G1 X51.79 Y139.184 E877.10619
G1 X52.63 Y139.186 E877.30779
G1 X53.485 Y139.172 E877.51302
G1 X54.351 Y139.144 E877.72097
G1 X55.199 Y139.103 E877.92473
G1 X56.056 Y139.044 E878.13089
G1 X56.914 Y138.97 E878.33758
G1 X57.75 Y138.884 E878.53928
G1 X58.615 Y138.781 E878.74834
G1 X59.453 Y138.665 E878.95138
G1 X60.303 Y138.532 E879.15786
G1 X61.152 Y138.386 E879.36462
G1 X62.798 Y138.057 E879.76747
G1 X63.648 Y137.862 E879.97677
G1 X64.49 Y137.655 E880.18487
G1 X65.315 Y137.436 E880.38972
G1 X66.14 Y137.203 E880.59547
G1 X66.946 Y136.959 E880.79758
G1 X67.776 Y136.692 E881.00683
G1 X68.578 Y136.419 E881.21016
G1 X69.392 Y136.126 E881.41779
G1 X70.186 Y135.825 E881.62158
G1 X70.973 Y135.509 E881.82512
G1 X71.777 Y135.173 E882.03425
G1 X72.554 Y134.83 E882.23809
G1 X73.33 Y134.472 E882.4432
G1 X74.104 Y134.098 E882.64951
G1 X74.863 Y133.714 E882.85365
G1 X75.625 Y133.314 E883.0602
G1 X135.868 Y100.928 E899.47534
G1 X136.63 Y100.51 E899.68393
G1 X137.36 Y100.092 E899.88582
G1 X138.107 Y99.648 E900.09438
G1 X138.834 Y99.199 E900.29945
G1 X139.541 Y98.743 E900.50136
G1 X140.258 Y98.264 E900.70831
G1 X140.971 Y97.772 E900.91622
G1 X141.664 Y97.272 E901.12131
G1 X142.344 Y96.765 E901.32488
G1 X143.016 Y96.244 E901.52895
G1 X143.684 Y95.708 E901.7345
G1 X144.351 Y95.154 E901.9426
G1 X144.995 Y94.601 E902.14632
G1 X145.637 Y94.028 E902.35284
G1 X146.265 Y93.448 E902.55801
G1 X146.886 Y92.856 E902.76392
G1 X147.48 Y92.268 E902.96452
G1 X148.09 Y91.643 E903.17412
G1 X148.67 Y91.028 E903.377
G1 X149.253 Y90.387 E903.58496
G1 X149.814 Y89.749 E903.78885
G1 X150.364 Y89.101 E903.99284
G1 X150.914 Y88.431 E904.20088
G1 X151.444 Y87.76 E904.4061
G1 X151.96 Y87.083 E904.61039
G1 X152.47 Y86.39 E904.81689
G1 X152.959 Y85.701 E905.01967
G1 X153.448 Y84.986 E905.22756
G1 X153.919 Y84.27 E905.43325
G1 X154.375 Y83.549 E905.63799
G1 X154.818 Y82.823 E905.84211
G1 X155.256 Y82.078 E906.04952
G1 X155.671 Y81.339 E906.25293
G1 X156.08 Y80.582 E906.45944
G1 X156.471 Y79.827 E906.66349
G1 X156.854 Y79.056 E906.87011
G1 X157.221 Y78.283 E907.07547
G1 X157.57 Y77.512 E907.27859
G1 X157.914 Y76.718 E907.48626
G1 X158.24 Y75.928 E907.69137
G1 X158.562 Y75.105 E907.90347
G1 X158.847 Y74.336 E908.1003
G1 X159.134 Y73.522 E908.30745
G1 X159.402 Y72.72 E908.51039
G1 X159.659 Y71.9 E908.71663
G1 X159.903 Y71.074 E908.92334
G1 X160.132 Y70.248 E909.12906
G1 X160.343 Y69.422 E909.33366
G1 X160.54 Y68.599 E909.53676
G1 X160.732 Y67.73 E909.75035
G1 X160.897 Y66.915 E909.94992
G1 X161.05 Y66.084 E910.15271
G1 X161.328 Y64.444 E910.55193
G1 X161.552 Y63.465 E910.79296
G1 X161.736 Y62.779 E910.96342
G1 X161.939 Y62.116 E911.12983
G1 X162.182 Y61.413 E911.30834
G1 X162.574 Y60.415 E911.56568
G1 X162.863 Y59.766 E911.73618
G1 X163.177 Y59.121 E911.90835
G1 X163.503 Y58.509 E912.07477
G1 X163.872 Y57.871 E912.25166
G1 X164.254 Y57.261 E912.42439
G1 X164.651 Y56.67 E912.59527
G1 X165.076 Y56.086 E912.76861
G1 X165.749 Y55.239 E913.02825
G1 X166.452 Y54.447 E913.28241
G1 X166.954 Y53.926 E913.45605
G1 X167.712 Y53.208 E913.70662
G1 X168.555 Y52.486 E913.97301
G1 X169.375 Y51.856 E914.22118
G1 X169.983 Y51.432 E914.39908
G1 X170.585 Y51.041 E914.57136
G1 X171.202 Y50.671 E914.74403
G1 X171.823 Y50.325 E914.91464
G1 X172.789 Y49.843 E915.17374
G1 X173.782 Y49.411 E915.43363
G1 X174.775 Y49.041 E915.68796
G1 X175.464 Y48.817 E915.86184
G1 X176.657 Y48.488 E916.15885
G1 X177.539 Y48.301 E916.37523
G1 X178.424 Y48.144 E916.59095
G1 X179.665 Y48.001 E916.89076
G1 X180.382 Y47.951 E917.06326
G1 X181.106 Y47.926 E917.23712
G1 X182.172 Y47.935 E917.49297
G1 X183.092 Y47.988 E917.71413
G1 X183.952 Y48.076 E917.92161
G1 X184.67 Y48.177 E918.09563
G1 X185.715 Y48.37 E918.35067
G1 X186.422 Y48.531 E918.52469
G1 X187.113 Y48.719 E918.69656
G1 X188.128 Y49.039 E918.95198
G1 X188.956 Y49.339 E919.16334
G1 X189.802 Y49.697 E919.38382
G1 X190.769 Y50.159 E919.64102
G1 X191.409 Y50.498 E919.81484
G1 X192.321 Y51.036 E920.06897
G1 X193.057 Y51.513 E920.27946
G1 X194.08 Y52.267 E920.58446
G1 X194.642 Y52.721 E920.75785
G1 X195.183 Y53.192 E920.93001
G1 X195.938 Y53.907 E921.17957
G1 X196.582 Y54.573 E921.40191
G1 X197.165 Y55.244 E921.61525
G1 X197.618 Y55.801 E921.78756
G1 X198.05 Y56.375 E921.95997
G1 X198.458 Y56.959 E922.13095
G1 X198.838 Y57.542 E922.29797
G1 X199.217 Y58.174 E922.47483
G1 X199.567 Y58.803 E922.64759
G1 X199.892 Y59.438 E922.81879
G1 X200.194 Y60.087 E922.99059
G1 X200.478 Y60.756 E923.16501
G1 X200.842 Y61.726 E923.41367
G1 X201.171 Y62.765 E923.67523
G1 X201.444 Y63.819 E923.93654
G1 X201.592 Y64.514 E924.10708
G1 X201.716 Y65.218 E924.27864
G1 X201.819 Y65.941 E924.45391
G1 X201.92 Y66.997 E924.70851
G1 X201.958 Y67.711 E924.88011
G1 X201.971 Y68.437 E925.05438
G1 X201.944 Y69.477 E925.30406
G1 X201.855 Y70.656 E925.58782
G1 X201.674 Y71.952 E925.90188
G1 X201.39 Y73.317 E926.2365
G1 X201.049 Y74.536 E926.54029
G1 X200.736 Y75.447 E926.77148
G1 X200.49 Y76.092 E926.93715
G1 X200.199 Y76.778 E927.11599
G1 X199.737 Y77.745 E927.3732
G1 X199.227 Y78.687 E927.63029
G1 X198.765 Y79.456 E927.84559
G1 X198.268 Y80.195 E928.05933
G1 X197.847 Y80.776 E928.23153
G1 X197.408 Y81.336 E928.40231
G1 X196.943 Y81.893 E928.57645
G1 X196.468 Y82.419 E928.74654
G1 X195.966 Y82.939 E928.92001
G1 X195.187 Y83.679 E929.17788
G1 X194.371 Y84.377 E929.43559
G1 X193.812 Y84.813 E929.60573
G1 X193.223 Y85.242 E929.78061
G1 X192.334 Y85.832 E930.03669
G1 X191.408 Y86.378 E930.29468
G1 X190.78 Y86.712 E930.46539
G1 X188.908 Y87.622 E930.96494
G1 X187.696 Y88.252 E931.29277
G1 X35.851 Y169.886 E972.66825
G1 X34.657 Y170.571 E972.99862
G1 X33.756 Y171.113 E973.25097
G1 X33.124 Y171.47 E973.42518
G1 X32.171 Y171.952 E973.68149
G1 X31.196 Y172.384 E973.93743
G1 X30.524 Y172.648 E974.11071
G1 X29.853 Y172.883 E974.28134
G1 X29.163 Y173.1 E974.45494
G1 X28.479 Y173.289 E974.62525
G1 X27.778 Y173.455 E974.79814
G1 X26.543 Y173.693 E975.1
G1 X25.336 Y173.84 E975.39182
G1 X24.592 Y173.897 E975.5709
G1 X23.868 Y173.928 E975.74482
G1 X22.806 Y173.926 E975.9997
G1 X22.091 Y173.893 E976.17148
G1 X21.366 Y173.834 E976.34606
G1 X20.309 Y173.704 E976.60165
G1 X19.604 Y173.584 E976.77328
G1 X18.907 Y173.441 E976.94405
G1 X18.202 Y173.272 E977.11804
G1 X17.507 Y173.077 E977.29128
G1 X16.518 Y172.755 E977.5409
G1 X15.829 Y172.495 E977.71765
G1 X15.164 Y172.218 E977.89054
G1 X14.513 Y171.922 E978.06217
G1 X13.869 Y171.599 E978.23508
G1 X12.954 Y171.09 E978.48637
G1 X12.332 Y170.706 E978.66181
G1 X11.721 Y170.303 E978.83747
G1 X10.862 Y169.676 E979.09271
G1 X10.3 Y169.228 E979.2652
G1 X9.757 Y168.763 E979.43678
G1 X9.232 Y168.281 E979.60783
G1 X8.719 Y167.773 E979.7811
G1 X8.105 Y167.123 E979.99569
G1 X7.525 Y166.443 E980.21019
G1 X7.079 Y165.881 E980.38239
G1 X6.655 Y165.306 E980.55385
G1 X6.253 Y164.719 E980.7246
G1 X5.876 Y164.128 E980.89284
G1 X5.327 Y163.172 E981.15742
G1 X4.84 Y162.215 E981.41513
G1 X4.421 Y161.27 E981.66322
G1 X4.144 Y160.566 E981.84479
G1 X3.802 Y159.565 E982.09867
G1 X3.505 Y158.525 E982.35825
G1 X3.34 Y157.832 E982.52921
G1 X3.197 Y157.127 E982.70186
G1 X3.081 Y156.422 E982.87334
G1 X2.988 Y155.71 E983.04567
G1 X2.922 Y155.004 E983.21585
G1 X2.878 Y154.285 E983.38873
G1 X2.853 Y153.274 E983.63144
G1 X2.89 Y152.306 E983.86393
G1 X2.957 Y151.418 E984.07766
G10
;MESH:maintien siege.STL
G0 F7200 X23.741 Y160.759
;TYPE:WALL-OUTER
G11
G1 F2400 X22.741 Y160.728 E984.34178
G1 X21.74 Y160.57 E984.60932
G1 X20.472 Y160.184 E984.95924
G1 X19.49 Y159.639 E985.25574
G1 X18.634 Y159.016 E985.53524
G1 X17.883 Y158.283 E985.81228
G1 X17.284 Y157.504 E986.07171
G1 X16.615 Y156.348 E986.42431
G1 X16.201 Y154.956 E986.80771
G1 X16.076 Y154.161 E987.02017
G1 X16.04 Y153.49 E987.19757
G1 X16.076 Y152.653 E987.41874
G1 X16.286 Y151.423 E987.74816
G1 X16.781 Y150.201 E988.09623
G1 X17.309 Y149.289 E988.37444
G1 X18.008 Y148.376 E988.678
G1 X18.962 Y147.556 E989.01011
G1 X19.54 Y147.16 E989.19508
G1 X20.307 Y146.753 E989.42431
G1 X21.224 Y146.406 E989.68315
G1 X21.968 Y146.217 E989.8858
G1 X22.977 Y146.092 E990.15421
G1 X24.01 Y146.093 E990.42693
G1 X25.3 Y146.324 E990.7729
G1 X26.259 Y146.673 E991.04232
G1 X27.235 Y147.181 E991.3328
G1 X28.114 Y147.82 E991.61969
G1 X28.867 Y148.556 E991.89767
G1 X29.328 Y149.138 E992.09368
G1 X29.913 Y150.09 E992.38867
G1 X30.319 Y151.05 E992.66384
G1 X30.607 Y152.108 E992.95332
G1 X30.708 Y153.358 E993.28439
G1 X30.624 Y154.53 E993.5946
G1 X30.284 Y155.973 E993.98598
G1 X29.528 Y157.456 E994.42543
G1 X28.529 Y158.68 E994.84253
G1 X27.356 Y159.578 E995.23253
G1 X26.318 Y160.163 E995.54709
G1 X24.918 Y160.604 E995.93459
G1 X23.741 Y160.759 E996.248
G0 F7200 X23.441 Y160.75
G10
G0 X102.415 Y132.735
G11
G1 F2400 X187.145 Y87.185 E1021.64416
G1 X188.388 Y86.538 E1022.01411
G1 X190.251 Y85.632 E1022.56101
G1 X190.841 Y85.318 E1022.73746
G1 X191.716 Y84.801 E1023.00577
G1 X192.548 Y84.245 E1023.26995
G1 X193.103 Y83.844 E1023.45071
G1 X193.609 Y83.447 E1023.6205
G1 X194.402 Y82.769 E1023.89594
G1 X195.136 Y82.071 E1024.16335
G1 X195.836 Y81.339 E1024.43073
G1 X196.719 Y80.283 E1024.79414
G1 X197.294 Y79.491 E1025.05252
G1 X197.766 Y78.791 E1025.2754
G1 X198.194 Y78.072 E1025.49631
G1 X198.676 Y77.175 E1025.76514
G1 X199.114 Y76.264 E1026.03199
G1 X199.373 Y75.648 E1026.20841
G1 X199.613 Y75.021 E1026.38565
G1 X199.909 Y74.151 E1026.62826
G1 X200.228 Y73.013 E1026.94027
G1 X200.484 Y71.772 E1027.27479
G1 X200.661 Y70.503 E1027.61305
G1 X200.744 Y69.421 E1027.89954
G1 X200.767 Y68.407 E1028.1673
G1 X200.756 Y67.735 E1028.34474
G1 X200.72 Y67.063 E1028.5224
G1 X200.602 Y65.833 E1028.84861
G1 X200.409 Y64.726 E1029.14526
G1 X200.26 Y64.026 E1029.3342
G1 X200.011 Y63.088 E1029.59041
G1 X199.7 Y62.106 E1029.86235
G1 X199.357 Y61.188 E1030.12107
G1 X199.089 Y60.558 E1030.30181
G1 X198.806 Y59.949 E1030.4791
G1 X198.499 Y59.354 E1030.65586
G1 X198.168 Y58.758 E1030.83584
G1 X197.821 Y58.18 E1031.01382
G1 X197.451 Y57.617 E1031.19167
G1 X197.069 Y57.069 E1031.36802
G1 X196.659 Y56.525 E1031.54786
G1 X196.238 Y56.006 E1031.72429
G1 X195.678 Y55.363 E1031.94939
G1 X195.097 Y54.762 E1032.17008
G1 X194.358 Y54.067 E1032.4379
G1 X193.855 Y53.63 E1032.6138
G1 X193.332 Y53.206 E1032.79155
G1 X192.401 Y52.515 E1033.09763
G1 X191.706 Y52.068 E1033.31579
G1 X190.531 Y51.374 E1033.67605
G1 X189.288 Y50.782 E1034.03952
G1 X188.522 Y50.456 E1034.2593
G1 X187.724 Y50.169 E1034.48318
G1 X186.759 Y49.865 E1034.75028
G1 X186.131 Y49.696 E1034.92198
G1 X185.455 Y49.542 E1035.10501
G1 X184.455 Y49.357 E1035.37349
G1 X183.712 Y49.251 E1035.57163
G1 X182.989 Y49.184 E1035.76332
G1 X182.106 Y49.132 E1035.99684
G1 X181.105 Y49.125 E1036.26111
G1 X180.433 Y49.148 E1036.43862
G1 X179.757 Y49.199 E1036.61759
G1 X178.6 Y49.329 E1036.92496
G1 X177.833 Y49.467 E1037.1307
G1 X176.915 Y49.656 E1037.37813
G1 X175.478 Y50.058 E1037.77207
G1 X174.217 Y50.531 E1038.12762
G1 X173.279 Y50.937 E1038.39745
G1 X172.373 Y51.39 E1038.66487
G1 X171.787 Y51.716 E1038.8419
G1 X171.204 Y52.067 E1039.02155
G1 X170.64 Y52.433 E1039.19905
G1 X170.086 Y52.819 E1039.37731
G1 X169.29 Y53.433 E1039.64271
G1 X168.521 Y54.092 E1039.91007
G1 X167.78 Y54.793 E1040.17936
G1 X167.317 Y55.276 E1040.356
G1 X166.611 Y56.073 E1040.63708
G1 X166.016 Y56.829 E1040.89107
G1 X165.623 Y57.372 E1041.06803
G1 X165.252 Y57.927 E1041.24427
G1 X164.874 Y58.531 E1041.43238
G1 X164.555 Y59.086 E1041.60138
G1 X164.236 Y59.681 E1041.77961
G1 X163.941 Y60.286 E1041.9573
G1 X163.674 Y60.896 E1042.13309
G1 X163.298 Y61.848 E1042.40331
G1 X163.082 Y62.485 E1042.58089
G1 X162.885 Y63.128 E1042.75843
G1 X162.716 Y63.754 E1042.92961
G1 X162.507 Y64.655 E1043.17379
G1 X162.231 Y66.292 E1043.61205
G1 X162.071 Y67.152 E1043.84299
G1 X161.897 Y68.009 E1044.07385
G1 X161.708 Y68.866 E1044.30554
G1 X161.507 Y69.711 E1044.53484
G1 X161.285 Y70.577 E1044.77086
G1 X161.052 Y71.409 E1044.99896
G1 X160.794 Y72.284 E1045.23979
G1 X160.538 Y73.11 E1045.46809
G1 X159.974 Y74.749 E1045.92569
G1 X159.668 Y75.571 E1046.15724
G1 X159.032 Y77.151 E1046.60689
G1 X158.662 Y78.009 E1046.85356
G1 X158.304 Y78.797 E1047.08206
G1 X157.929 Y79.59 E1047.31364
G1 X157.543 Y80.366 E1047.54245
G1 X157.136 Y81.151 E1047.77589
G1 X156.718 Y81.924 E1048.00788
G1 X156.287 Y82.688 E1048.23946
G1 X155.827 Y83.471 E1048.47921
G1 X154.919 Y84.929 E1048.93266
G1 X154.448 Y85.646 E1049.15913
G1 X153.941 Y86.386 E1049.39595
G1 X153.426 Y87.114 E1049.63137
G1 X152.919 Y87.803 E1049.8572
G1 X152.384 Y88.502 E1050.08959
G1 X151.84 Y89.191 E1050.32135
G1 X151.286 Y89.866 E1050.55188
G1 X150.717 Y90.539 E1050.78454
G1 X150.138 Y91.195 E1051.01554
G1 X149.551 Y91.838 E1051.24539
G1 X148.955 Y92.47 E1051.47472
G1 X148.336 Y93.105 E1051.70883
G1 X147.704 Y93.733 E1051.94405
G1 X147.08 Y94.329 E1052.17185
G1 X146.435 Y94.925 E1052.4037
G1 X145.772 Y95.512 E1052.63747
G1 X145.116 Y96.075 E1052.86569
G1 X144.445 Y96.634 E1053.09626
G1 X143.744 Y97.198 E1053.33378
G1 X143.06 Y97.725 E1053.56174
G1 X142.364 Y98.244 E1053.79094
G1 X141.647 Y98.759 E1054.024
G1 X140.928 Y99.258 E1054.25505
G1 X140.195 Y99.749 E1054.48797
G1 X139.462 Y100.22 E1054.71798
G1 X138.718 Y100.678 E1054.94863
G1 X137.204 Y101.564 E1055.41174
G1 X136.435 Y101.985 E1055.64319
G1 X76.185 Y134.374 E1073.70185
G1 X75.399 Y134.789 E1073.9365
G1 X74.623 Y135.179 E1074.16578
G1 X73.831 Y135.561 E1074.39792
G1 X73.04 Y135.928 E1074.62813
G1 X71.431 Y136.619 E1075.09042
G1 X69.789 Y137.259 E1075.55567
G1 X68.148 Y137.834 E1076.01472
G1 X67.31 Y138.104 E1076.24715
G1 X66.472 Y138.354 E1076.47802
G1 X64.778 Y138.82 E1076.94185
G1 X63.079 Y139.222 E1077.40277
G1 X62.225 Y139.403 E1077.63323
G1 X61.359 Y139.568 E1077.86597
G1 X60.49 Y139.717 E1078.09873
G1 X59.605 Y139.854 E1078.33515
G1 X58.756 Y139.97 E1078.56137
G1 X57.884 Y140.075 E1078.79324
G1 X57.002 Y140.167 E1079.02735
G1 X56.062 Y140.248 E1079.27643
G1 X54.39 Y140.344 E1079.71857
G1 X53.517 Y140.372 E1079.94916
G1 X51.765 Y140.384 E1080.4117
G1 X50.012 Y140.332 E1080.87469
G1 X49.137 Y140.288 E1081.10599
G1 X47.392 Y140.147 E1081.56817
G1 X46.522 Y140.054 E1081.79916
G1 X45.657 Y139.946 E1082.02929
G1 X44.781 Y139.821 E1082.2629
G1 X43.914 Y139.684 E1082.49462
G1 X42.184 Y139.362 E1082.95919
G1 X41.343 Y139.181 E1083.18629
G1 X40.483 Y138.98 E1083.41945
G1 X39.625 Y138.766 E1083.6529
G1 X38.032 Y138.324 E1084.08935
G1 X37.108 Y138.044 E1084.34424
G1 X35.444 Y137.486 E1084.80757
G1 X34.619 Y137.184 E1085.03951
G1 X33.807 Y136.871 E1085.26925
G1 X33.051 Y136.565 E1085.48456
G1 X32.187 Y136.199 E1085.73228
G1 X30.768 Y135.577 E1086.14131
G1 X29.765 Y135.18 E1086.42609
G1 X28.542 Y134.809 E1086.76349
G1 X27.523 Y134.546 E1087.04132
G1 X26.562 Y134.369 E1087.29929
G1 X25.735 Y134.246 E1087.52002
G1 X24.892 Y134.164 E1087.74362
G1 X23.832 Y134.101 E1088.02395
G1 X22.877 Y134.108 E1088.27608
G1 X22.203 Y134.14 E1088.45422
G1 X21.351 Y134.207 E1088.67984
G1 X20.525 Y134.313 E1088.89969
G1 X19.86 Y134.427 E1089.07781
G1 X19.197 Y134.562 E1089.25644
G1 X18.535 Y134.719 E1089.43605
G1 X17.553 Y134.988 E1089.70485
G1 X16.16 Y135.495 E1090.0962
G1 X15.37 Y135.841 E1090.32389
G1 X14.227 Y136.395 E1090.65922
G1 X13.313 Y136.929 E1090.93868
G1 X12.715 Y137.31 E1091.12587
G1 X11.821 Y137.933 E1091.41354
G1 X10.881 Y138.69 E1091.73217
G1 X10.331 Y139.17 E1091.92489
G1 X9.638 Y139.829 E1092.17735
G1 X8.929 Y140.592 E1092.45233
G1 X8.24 Y141.398 E1092.73226
G1 X7.459 Y142.471 E1093.08262
G1 X6.896 Y143.329 E1093.35355
G1 X6.4 Y144.196 E1093.61724
G1 X6.089 Y144.794 E1093.79519
G1 X5.798 Y145.405 E1093.97385
G1 X5.53 Y146.023 E1094.15169
G1 X5.218 Y146.808 E1094.37469
G1 X4.951 Y147.607 E1094.5971
G1 X4.762 Y148.248 E1094.77352
G1 X4.502 Y149.269 E1095.05167
G1 X4.289 Y150.414 E1095.35914
G1 X4.139 Y151.629 E1095.68233
G1 X4.088 Y152.368 E1095.87789
G1 X4.053 Y153.314 E1096.12781
G1 X4.076 Y154.247 E1096.37419
G1 X4.131 Y155.192 E1096.62409
G1 X4.303 Y156.523 E1096.9784
G1 X4.513 Y157.587 E1097.26472
G1 X4.671 Y158.235 E1097.4408
G1 X4.947 Y159.206 E1097.7073
G1 X5.278 Y160.168 E1097.97588
G1 X5.525 Y160.796 E1098.15403
G1 X5.931 Y161.715 E1098.41927
G1 X6.392 Y162.616 E1098.68646
G1 X6.897 Y163.496 E1098.95432
G1 X7.259 Y164.066 E1099.13258
G1 X7.641 Y164.621 E1099.31045
G1 X8.216 Y165.401 E1099.56628
G1 X9.008 Y166.335 E1099.88957
G1 X9.582 Y166.941 E1100.10993
G1 X10.071 Y167.418 E1100.29027
G1 X10.544 Y167.855 E1100.46028
G1 X11.071 Y168.308 E1100.64374
G1 X11.602 Y168.729 E1100.82264
G1 X12.416 Y169.321 E1101.08836
G1 X12.986 Y169.699 E1101.26892
G1 X13.556 Y170.053 E1101.44606
G1 X14.444 Y170.542 E1101.71369
G1 X15.042 Y170.841 E1101.89019
G1 X15.652 Y171.121 E1102.06739
G1 X16.299 Y171.388 E1102.25217
G1 X16.904 Y171.616 E1102.42285
G1 X17.824 Y171.916 E1102.67832
G1 X18.516 Y172.113 E1102.86827
G1 X19.177 Y172.27 E1103.04763
G1 X19.84 Y172.405 E1103.22625
G1 X20.504 Y172.519 E1103.40411
G1 X21.797 Y172.676 E1103.74797
G1 X22.856 Y172.724 E1104.02783
G1 X23.857 Y172.728 E1104.2921
G1 X24.867 Y172.68 E1104.55904
G1 X26.326 Y172.511 E1104.94679
G1 X27.572 Y172.27 E1105.28183
G1 X28.197 Y172.121 E1105.45146
G1 X28.885 Y171.932 E1105.63982
G1 X29.504 Y171.731 E1105.81163
G1 X30.123 Y171.514 E1105.9848
G1 X30.752 Y171.267 E1106.1632
G1 X31.678 Y170.857 E1106.43055
G1 X32.574 Y170.399 E1106.69621
G1 X33.161 Y170.068 E1106.87412
G1 X34.055 Y169.532 E1107.1493
G1 X35.265 Y168.835 E1107.51795
G1 X102.415 Y132.735 E1127.64495
G0 F7200 X102.679 Y132.593
G10
G0 X180.796 Y75.741
G11
G1 F2400 X179.452 Y75.527 E1128.00424
G1 X177.846 Y74.856 E1128.46374
G1 X176.723 Y74.044 E1128.8296
G1 X175.98 Y73.321 E1129.10329
G1 X175.379 Y72.547 E1129.36199
G1 X174.868 Y71.668 E1129.63041
G1 X174.526 Y70.845 E1129.8657
G1 X174.311 Y70.104 E1130.06939
G1 X174.159 Y69.213 E1130.30801
G1 X174.1 Y68.184 E1130.58011
G1 X174.303 Y66.8 E1130.9494
G1 X174.516 Y66.045 E1131.1565
G1 X174.987 Y64.97 E1131.46634
G1 X175.54 Y64.055 E1131.74859
G1 X176.361 Y63.158 E1132.06962
G1 X177.046 Y62.572 E1132.3076
G1 X177.617 Y62.182 E1132.49015
G1 X178.364 Y61.78 E1132.7141
G1 X179.311 Y61.42 E1132.98157
G1 X180.058 Y61.236 E1133.18467
G1 X181.061 Y61.112 E1133.45148
G1 X182.088 Y61.113 E1133.7226
G1 X183.403 Y61.345 E1134.07513
G1 X184.573 Y61.798 E1134.40635
G1 X185.573 Y62.368 E1134.71023
G1 X186.186 Y62.832 E1134.91319
G1 X186.939 Y63.566 E1135.1908
G1 X187.571 Y64.351 E1135.45686
G1 X188.285 Y65.673 E1135.85352
G1 X188.632 Y66.923 E1136.196
G1 X188.772 Y67.928 E1136.46388
G1 X188.766 Y69.31 E1136.82873
G1 X188.429 Y70.709 E1137.20863
G1 X188.102 Y71.537 E1137.44365
G1 X187.742 Y72.214 E1137.64608
G1 X187.17 Y73.035 E1137.91024
G1 X186.559 Y73.706 E1138.14982
G1 X185.981 Y74.209 E1138.3521
G1 X185.025 Y74.843 E1138.65494
G1 X184.286 Y75.2 E1138.87161
G1 X183.371 Y75.515 E1139.12708
G1 X182.48 Y75.7 E1139.36732
G1 X181.56 Y75.772 E1139.61095
G1 X180.796 Y75.741 E1139.81281
G0 F7200 X180.5 Y75.694
G0 X180.702 Y76.333
;TYPE:WALL-INNER
G1 F2400 X179.288 Y76.102 E1140.13947
G1 X177.575 Y75.398 E1140.56174
G1 X176.359 Y74.522 E1140.90343
G1 X175.533 Y73.721 E1141.16577
G1 X174.891 Y72.895 E1141.40429
G1 X174.34 Y71.954 E1141.65292
G1 X173.964 Y71.054 E1141.8753
G1 X173.712 Y70.17 E1142.08489
G1 X173.567 Y69.309 E1142.28396
G1 X173.497 Y68.133 E1142.55256
G1 X173.708 Y66.719 E1142.87852
G1 X173.958 Y65.825 E1143.09017
G1 X174.454 Y64.694 E1143.37175
G1 X175.071 Y63.673 E1143.64374
G1 X175.981 Y62.692 E1143.94882
G1 X176.665 Y62.107 E1144.15404
G1 X177.308 Y61.668 E1144.33155
G1 X178.103 Y61.238 E1144.53762
G1 X179.091 Y60.86 E1144.77881
G1 X179.93 Y60.65 E1144.97601
G1 X181.004 Y60.514 E1145.22283
G1 X182.143 Y60.515 E1145.48252
G1 X183.548 Y60.76 E1145.8077
G1 X184.819 Y61.248 E1146.11811
G1 X185.88 Y61.851 E1146.39636
G1 X186.566 Y62.367 E1146.59207
G1 X187.391 Y63.172 E1146.85488
G1 X188.071 Y64.012 E1147.10129
G1 X188.85 Y65.457 E1147.47558
G1 X189.217 Y66.788 E1147.79037
G1 X189.371 Y67.896 E1148.04542
G1 X189.365 Y69.391 E1148.38629
G1 X188.997 Y70.902 E1148.74086
G1 X188.668 Y71.741 E1148.94634
G1 X188.258 Y72.521 E1149.14725
G1 X187.619 Y73.434 E1149.40133
G1 X186.973 Y74.14 E1149.61952
G1 X186.324 Y74.702 E1149.81526
G1 X185.296 Y75.379 E1150.0959
G1 X184.481 Y75.768 E1150.30181
G1 X183.552 Y76.087 E1150.52576
G1 X182.577 Y76.294 E1150.75301
G1 X181.499 Y76.372 E1150.99944
G1 X180.702 Y76.333 E1151.18137
G10
G0 F7200 X186.868 Y86.653
G11
G1 F2400 X188.126 Y85.998 E1151.50475
G1 X189.979 Y85.097 E1151.97453
G1 X190.547 Y84.795 E1152.1212
G1 X191.396 Y84.293 E1152.34607
G1 X192.206 Y83.752 E1152.56816
G1 X193.014 Y83.167 E1152.7956
G1 X194 Y82.323 E1153.09152
G1 X194.712 Y81.646 E1153.31552
G1 X195.388 Y80.939 E1153.53855
G1 X196.245 Y79.914 E1153.84317
G1 X196.802 Y79.147 E1154.0593
G1 X197.259 Y78.469 E1154.24572
G1 X197.672 Y77.776 E1154.42965
G1 X198.141 Y76.903 E1154.6556
G1 X198.566 Y76.018 E1154.87944
G1 X198.816 Y75.424 E1155.02638
G1 X199.049 Y74.817 E1155.17462
G1 X199.335 Y73.973 E1155.3778
G1 X199.644 Y72.871 E1155.63875
G1 X199.892 Y71.67 E1155.91835
G1 X200.064 Y70.439 E1156.20175
G1 X200.144 Y69.391 E1156.44139
G1 X200.167 Y68.405 E1156.66626
G1 X200.156 Y67.756 E1156.81425
G1 X200.122 Y67.107 E1156.96242
G1 X200.03 Y66.151 E1157.1814
G1 X199.935 Y65.487 E1157.33433
G1 X199.82 Y64.841 E1157.48394
G1 X199.676 Y64.166 E1157.6413
G1 X199.435 Y63.256 E1157.85593
G1 X199.133 Y62.302 E1158.08408
G1 X198.799 Y61.41 E1158.30125
G1 X198.541 Y60.802 E1158.45184
G1 X198.267 Y60.213 E1158.59995
G1 X197.97 Y59.638 E1158.74751
G1 X197.648 Y59.058 E1158.89876
G1 X197.313 Y58.499 E1159.04734
G1 X196.954 Y57.953 E1159.19633
G1 X196.583 Y57.421 E1159.34421
G1 X196.186 Y56.895 E1159.49446
G1 X195.779 Y56.392 E1159.64199
G1 X195.236 Y55.769 E1159.83041
G1 X194.675 Y55.189 E1160.01439
G1 X193.956 Y54.512 E1160.23955
G1 X193.469 Y54.09 E1160.38648
G1 X192.964 Y53.68 E1160.53479
G1 X192.059 Y53.009 E1160.79166
G1 X191.391 Y52.579 E1160.97279
G1 X190.255 Y51.908 E1161.2736
G1 X189.042 Y51.329 E1161.58006
G1 X188.303 Y51.015 E1161.76313
G1 X187.532 Y50.737 E1161.95
G1 X186.294 Y50.348 E1162.24587
G1 X185.334 Y50.13 E1162.47032
G1 X184.358 Y49.949 E1162.69664
G1 X183.642 Y49.847 E1162.86154
G1 X182.944 Y49.782 E1163.02137
G1 X182.086 Y49.732 E1163.21732
G1 X181.113 Y49.725 E1163.43917
G1 X180.466 Y49.747 E1163.58678
G1 X179.813 Y49.797 E1163.7361
G1 X178.687 Y49.923 E1163.99443
G1 X177.947 Y50.056 E1164.16585
G1 X177.057 Y50.24 E1164.37306
G1 X175.664 Y50.629 E1164.70282
G1 X174.442 Y51.087 E1165.00036
G1 X173.533 Y51.481 E1165.22624
G1 X172.653 Y51.92 E1165.45046
G1 X172.087 Y52.236 E1165.59826
G1 X171.522 Y52.576 E1165.74861
G1 X170.975 Y52.931 E1165.89728
G1 X170.441 Y53.303 E1166.04567
G1 X169.669 Y53.899 E1166.26803
G1 X168.923 Y54.538 E1166.49199
G1 X168.203 Y55.219 E1166.71795
G1 X167.758 Y55.683 E1166.86453
G1 X167.072 Y56.458 E1167.10051
G1 X166.495 Y57.191 E1167.3132
G1 X166.116 Y57.714 E1167.46046
G1 X165.756 Y58.253 E1167.60824
G1 X165.247 Y59.065 E1167.82675
G1 X164.77 Y59.954 E1168.05677
G1 X164.485 Y60.538 E1168.20493
G1 X164.228 Y61.126 E1168.35124
G1 X163.862 Y62.054 E1168.57869
G1 X163.653 Y62.669 E1168.72678
G1 X163.369 Y63.594 E1168.9474
G1 X163.096 Y64.773 E1169.22332
G1 X162.821 Y66.402 E1169.59999
G1 X162.659 Y67.271 E1169.80154
G1 X162.483 Y68.138 E1170.00325
G1 X162.292 Y69.005 E1170.20566
G1 X162.088 Y69.86 E1170.40607
G1 X161.863 Y70.739 E1170.61295
G1 X161.628 Y71.579 E1170.81182
G1 X161.367 Y72.462 E1171.02176
G1 X161.106 Y73.302 E1171.22231
G1 X160.536 Y74.959 E1171.62183
G1 X160.226 Y75.791 E1171.82427
G1 X159.583 Y77.389 E1172.217
G1 X159.208 Y78.257 E1172.43258
G1 X158.846 Y79.053 E1172.63196
G1 X158.466 Y79.857 E1172.83471
G1 X158.076 Y80.642 E1173.03456
G1 X157.664 Y81.437 E1173.23872
G1 X157.241 Y82.218 E1173.44123
G1 X156.804 Y82.992 E1173.64388
G1 X156.337 Y83.788 E1173.8543
G1 X155.421 Y85.259 E1174.2494
G1 X154.943 Y85.985 E1174.44758
G1 X154.431 Y86.732 E1174.65407
G1 X153.909 Y87.47 E1174.86017
G1 X153.396 Y88.167 E1175.05749
G1 X152.855 Y88.874 E1175.26046
G1 X152.304 Y89.572 E1175.46321
G1 X151.167 Y90.936 E1175.86808
G1 X150.581 Y91.599 E1176.06983
G1 X149.987 Y92.25 E1176.27076
G1 X149.385 Y92.889 E1176.47092
G1 X148.759 Y93.531 E1176.67537
G1 X148.118 Y94.167 E1176.88125
G1 X147.488 Y94.769 E1177.07992
G1 X146.833 Y95.374 E1177.28322
G1 X146.163 Y95.967 E1177.48722
G1 X145.5 Y96.536 E1177.68642
G1 X144.821 Y97.102 E1177.88796
G1 X144.11 Y97.673 E1178.09588
G1 X143.418 Y98.206 E1178.29503
G1 X142.714 Y98.731 E1178.49526
G1 X141.989 Y99.252 E1178.69881
G1 X141.262 Y99.756 E1178.90051
G1 X140.519 Y100.254 E1179.10444
G1 X139.777 Y100.731 E1179.30556
G1 X139.024 Y101.194 E1179.5071
G1 X137.492 Y102.09 E1179.91175
G1 X136.719 Y102.513 E1180.11266
G1 X76.465 Y134.904 E1195.70979
G1 X75.669 Y135.325 E1195.9151
G1 X74.883 Y135.719 E1196.11557
G1 X74.084 Y136.105 E1196.31788
G1 X73.28 Y136.478 E1196.51996
G1 X71.652 Y137.177 E1196.92391
G1 X69.989 Y137.825 E1197.33084
G1 X68.332 Y138.405 E1197.73112
G1 X67.482 Y138.679 E1197.93474
G1 X66.632 Y138.932 E1198.13694
G1 X64.916 Y139.404 E1198.54272
G1 X63.203 Y139.809 E1198.94405
G1 X62.337 Y139.993 E1199.1459
G1 X61.46 Y140.16 E1199.34945
G1 X60.582 Y140.31 E1199.55254
G1 X59.687 Y140.448 E1199.75901
G1 X58.828 Y140.566 E1199.9567
G1 X57.947 Y140.672 E1200.15902
G1 X57.054 Y140.765 E1200.36372
G1 X56.096 Y140.847 E1200.58294
G1 X54.409 Y140.944 E1200.96822
G1 X53.525 Y140.972 E1201.16987
G1 X52.64 Y140.984 E1201.37167
G1 X51.751 Y140.984 E1201.57436
G1 X50.867 Y140.964 E1201.77596
G1 X49.093 Y140.886 E1202.18083
G1 X47.328 Y140.743 E1202.58456
G1 X46.447 Y140.65 E1202.78655
G1 X45.573 Y140.54 E1202.98739
G1 X44.687 Y140.413 E1203.19147
G1 X43.808 Y140.274 E1203.39437
G1 X42.058 Y139.948 E1203.80023
G1 X41.207 Y139.765 E1203.9987
G1 X40.338 Y139.562 E1204.20216
G1 X39.469 Y139.345 E1204.40638
G1 X38.628 Y139.118 E1204.60499
G1 X37.858 Y138.898 E1204.78757
G1 X36.934 Y138.618 E1205.00771
G1 X35.238 Y138.05 E1205.4155
G1 X34.403 Y137.744 E1205.61826
G1 X33.582 Y137.427 E1205.81892
G1 X32.817 Y137.117 E1206.00712
G1 X31.946 Y136.749 E1206.2227
G1 X30.537 Y136.131 E1206.5735
G1 X29.567 Y135.747 E1206.81136
G1 X28.38 Y135.387 E1207.09417
G1 X27.393 Y135.132 E1207.32659
G1 X26.464 Y134.961 E1207.54196
G1 X25.662 Y134.842 E1207.72682
G1 X24.845 Y134.762 E1207.91399
G1 X23.816 Y134.701 E1208.14901
G1 X22.893 Y134.708 E1208.35946
G1 X22.241 Y134.739 E1208.50828
G1 X21.413 Y134.804 E1208.69765
G1 X20.614 Y134.907 E1208.88133
G1 X19.97 Y135.017 E1209.03029
G1 X19.326 Y135.148 E1209.18013
G1 X18.684 Y135.3 E1209.33055
G1 X17.74 Y135.559 E1209.55373
G1 X16.383 Y136.052 E1209.88292
G1 X15.622 Y136.386 E1210.0724
G1 X14.508 Y136.926 E1210.35466
G1 X13.626 Y137.441 E1210.58753
G1 X13.048 Y137.809 E1210.74375
G1 X12.181 Y138.413 E1210.98467
G1 X11.267 Y139.15 E1211.25237
G1 X10.735 Y139.614 E1211.41332
G1 X10.26 Y140.066 E1211.56282
G1 X9.542 Y140.797 E1211.79643
G1 X8.712 Y141.77 E1212.08803
G1 X7.953 Y142.813 E1212.38213
G1 X7.411 Y143.638 E1212.60719
G1 X6.927 Y144.484 E1212.82942
G1 X6.626 Y145.062 E1212.978
G1 X6.344 Y145.653 E1213.1273
G1 X6.084 Y146.253 E1213.27639
G1 X5.782 Y147.014 E1213.46306
G1 X5.523 Y147.787 E1213.64894
G1 X5.341 Y148.407 E1213.79626
G1 X5.088 Y149.398 E1214.02946
G1 X4.882 Y150.506 E1214.28641
G1 X4.737 Y151.687 E1214.5577
G1 X4.687 Y152.4 E1214.72066
G1 X4.653 Y153.318 E1214.93011
G1 X4.68 Y154.309 E1215.15614
G1 X4.729 Y155.136 E1215.34503
G1 X4.897 Y156.438 E1215.64435
G1 X5.099 Y157.457 E1215.8812
G1 X5.251 Y158.082 E1216.02785
G1 X5.52 Y159.026 E1216.25165
G1 X5.841 Y159.96 E1216.47683
G1 X6.079 Y160.565 E1216.62506
G1 X6.473 Y161.457 E1216.84739
G1 X6.92 Y162.33 E1217.07101
G1 X7.411 Y163.186 E1217.29601
G1 X7.76 Y163.735 E1217.44433
G1 X8.13 Y164.273 E1217.5932
G1 X8.687 Y165.029 E1217.8073
G1 X9.455 Y165.934 E1218.07793
G1 X10.01 Y166.52 E1218.26195
G1 X10.737 Y167.23 E1218.49364
G1 X11.453 Y167.845 E1218.70884
G1 X11.965 Y168.251 E1218.85782
G1 X12.758 Y168.828 E1219.08142
G1 X13.31 Y169.194 E1219.23243
G1 X13.86 Y169.535 E1219.37998
G1 X14.723 Y170.011 E1219.60469
G1 X15.301 Y170.299 E1219.75192
G1 X15.892 Y170.571 E1219.90026
G1 X16.867 Y170.973 E1220.14071
G1 X17.999 Y171.342 E1220.41217
G1 X18.668 Y171.533 E1220.5708
G1 X19.306 Y171.684 E1220.72028
G1 X19.95 Y171.815 E1220.87012
G1 X20.591 Y171.925 E1221.01841
G1 X21.847 Y172.078 E1221.30689
G1 X22.87 Y172.124 E1221.54037
G1 X23.844 Y172.128 E1221.76245
G1 X24.818 Y172.082 E1221.98476
G1 X26.234 Y171.918 E1222.30977
G1 X27.71 Y171.633 E1222.65251
G1 X28.713 Y171.357 E1222.8897
G1 X29.914 Y170.952 E1223.17868
G1 X30.52 Y170.713 E1223.3272
G1 X31.42 Y170.315 E1223.55157
G1 X32.29 Y169.87 E1223.77437
G1 X32.859 Y169.55 E1223.92321
G1 X33.756 Y169.012 E1224.1617
G1 X34.981 Y168.307 E1224.48395
G1 X102.415 Y132.055 E1241.9398
G1 X186.868 Y86.653 E1263.80125
G10
G0 F7200 X30.887 Y150.851
G11
G1 F2400 X31.197 Y152 E1264.07259
G1 X31.308 Y153.329 E1264.37665
G1 X31.214 Y154.644 E1264.67724
G1 X30.839 Y156.205 E1265.04327
G1 X30.031 Y157.783 E1265.44748
G1 X28.948 Y159.115 E1265.83889
G1 X27.672 Y160.088 E1266.20475
G1 X26.561 Y160.712 E1266.49528
G1 X25.058 Y161.188 E1266.85474
G1 X23.748 Y161.363 E1267.15607
G1 X22.655 Y161.322 E1267.40545
G1 X21.612 Y161.156 E1267.64625
G1 X20.227 Y160.736 E1267.97623
G1 X19.159 Y160.139 E1268.25519
G1 X18.277 Y159.5 E1268.50352
G1 X17.425 Y158.671 E1268.77456
G1 X16.784 Y157.835 E1269.01474
G1 X16.068 Y156.609 E1269.33845
G1 X15.613 Y155.074 E1269.70348
G1 X15.483 Y154.26 E1269.89143
G1 X15.44 Y153.527 E1270.05884
G1 X15.482 Y152.565 E1270.27838
G1 X15.704 Y151.259 E1270.58042
G1 X16.249 Y149.925 E1270.90898
G1 X16.795 Y148.977 E1271.15841
G1 X17.598 Y147.936 E1271.45816
G1 X18.566 Y147.103 E1271.74934
G1 X19.268 Y146.625 E1271.94297
G1 X20.066 Y146.203 E1272.14879
G1 X21.029 Y145.838 E1272.3836
G1 X21.849 Y145.629 E1272.57654
G1 X22.949 Y145.493 E1272.82924
G1 X24.068 Y145.496 E1273.08438
G1 X25.437 Y145.737 E1273.40131
G1 X26.456 Y146.104 E1273.64825
G1 X27.572 Y146.68 E1273.93459
G1 X28.517 Y147.376 E1274.20218
G1 X29.3 Y148.137 E1274.45113
G1 X29.795 Y148.759 E1274.63237
G1 X30.441 Y149.798 E1274.91132
G1 X30.887 Y150.851 E1275.17205
G10
G0 F7200 X29.247 Y151.392
G0 X23.668 Y159.641
G0 X23.753 Y161.837
;TYPE:SKIN
G11
G1 F2340 X22.608 Y161.8 E1275.42019
G1 X21.501 Y161.623 E1275.66301
G1 X20.021 Y161.171 E1275.9982
G1 X18.882 Y160.535 E1276.28076
G1 X17.968 Y159.872 E1276.52533
G1 X17.101 Y159.027 E1276.78756
G1 X16.368 Y158.076 E1277.04763
G1 X15.625 Y156.798 E1277.36783
G1 X15.15 Y155.211 E1277.72664
G1 X15.004 Y154.308 E1277.92477
G1 X14.96 Y153.441 E1278.11281
G1 X15.006 Y152.495 E1278.31795
G1 X15.233 Y151.157 E1278.6119
G1 X15.826 Y149.696 E1278.95343
G1 X16.438 Y148.644 E1279.21705
G1 X17.224 Y147.623 E1279.49614
G1 X18.303 Y146.694 E1279.80454
G1 X18.999 Y146.225 E1279.98632
G1 X19.861 Y145.765 E1280.19795
G1 X20.86 Y145.389 E1280.42916
G1 X21.751 Y145.158 E1280.62853
G1 X22.906 Y145.012 E1280.88069
G1 X24.112 Y145.017 E1281.14191
G1 X25.568 Y145.276 E1281.46223
G1 X26.629 Y145.653 E1281.70612
G1 X27.847 Y146.282 E1282.00304
G1 X28.807 Y146.99 E1282.26141
G1 X29.667 Y147.828 E1282.5215
G1 X30.196 Y148.494 E1282.70572
G1 X30.852 Y149.554 E1282.97573
G1 X31.35 Y150.741 E1283.25454
G1 X31.675 Y151.939 E1283.52341
G1 X31.785 Y153.322 E1283.82391
G1 X31.681 Y154.745 E1284.13296
G1 X31.303 Y156.343 E1284.48864
G1 X30.436 Y158.052 E1284.90372
G1 X29.259 Y159.481 E1285.30471
G1 X27.952 Y160.482 E1285.6613
G1 X26.754 Y161.155 E1285.95893
G1 X25.173 Y161.657 E1286.31822
G1 X23.753 Y161.837 E1286.62825
G10
G0 F7200 X102.415 Y131.506
G11
G1 F2340 X186.685 Y86.205 E1307.35135
G1 X187.912 Y85.566 E1307.651
G1 X190.066 Y84.519 E1308.16975
G1 X191.144 Y83.885 E1308.44064
G1 X191.928 Y83.357 E1308.64537
G1 X192.71 Y82.792 E1308.85434
G1 X193.679 Y81.96 E1309.13097
G1 X194.376 Y81.303 E1309.33844
G1 X195.031 Y80.616 E1309.54404
G1 X195.866 Y79.611 E1309.82705
G1 X196.406 Y78.867 E1310.02618
G1 X196.854 Y78.206 E1310.19913
G1 X197.254 Y77.536 E1310.36815
G1 X197.712 Y76.679 E1310.57862
G1 X198.129 Y75.818 E1310.78584
G1 X198.598 Y74.647 E1311.05906
G1 X198.877 Y73.826 E1311.24688
G1 X199.176 Y72.769 E1311.48481
G1 X199.404 Y71.64 E1311.73429
G1 X199.585 Y70.391 E1312.00765
G1 X199.664 Y69.361 E1312.2314
G1 X199.683 Y68.399 E1312.43981
G1 X199.64 Y67.136 E1312.71353
G1 X199.557 Y66.283 E1312.89917
G1 X199.425 Y65.308 E1313.11228
G1 X199.196 Y64.226 E1313.35183
G1 X198.971 Y63.389 E1313.53956
G1 X198.676 Y62.455 E1313.75172
G1 X198.384 Y61.679 E1313.9313
G1 X198.101 Y60.993 E1314.09204
G1 X197.728 Y60.189 E1314.28401
G1 X197.039 Y58.956 E1314.58995
G1 X196.354 Y57.914 E1314.86005
G1 X195.611 Y56.93 E1315.12712
G1 X194.879 Y56.092 E1315.36812
G1 X194.333 Y55.53 E1315.53784
G1 X193.636 Y54.873 E1315.74531
G1 X192.662 Y54.056 E1316.02067
G1 X191.788 Y53.407 E1316.25647
G1 X191.134 Y52.984 E1316.42517
G1 X190.015 Y52.322 E1316.70678
G1 X188.84 Y51.766 E1316.98834
G1 X188.13 Y51.46 E1317.1558
G1 X187.372 Y51.189 E1317.33016
G1 X186.177 Y50.814 E1317.60145
G1 X185.235 Y50.598 E1317.81078
G1 X184.275 Y50.421 E1318.02222
G1 X183.31 Y50.283 E1318.23337
G1 X182.066 Y50.212 E1318.50325
G1 X180.819 Y50.201 E1318.77336
G1 X179.861 Y50.275 E1318.98149
G1 X178.752 Y50.398 E1319.22317
G1 X178.037 Y50.527 E1319.38054
G1 X177.155 Y50.708 E1319.57556
G1 X175.766 Y51.098 E1319.88805
G1 X174.625 Y51.531 E1320.15239
G1 X173.739 Y51.913 E1320.36137
G1 X172.665 Y52.452 E1320.62165
G1 X171.775 Y52.983 E1320.84613
G1 X170.918 Y53.541 E1321.06764
G1 X169.974 Y54.27 E1321.32598
G1 X169.241 Y54.896 E1321.53477
G1 X168.328 Y55.757 E1321.80659
G1 X167.443 Y56.761 E1322.09648
G1 X166.88 Y57.477 E1322.29377
G1 X166.346 Y58.216 E1322.49125
G1 X165.668 Y59.299 E1322.76801
G1 X165.197 Y60.175 E1322.98344
G1 X164.668 Y61.315 E1323.25565
G1 X164.22 Y62.455 E1323.52096
G1 X163.826 Y63.739 E1323.81187
G1 X163.563 Y64.871 E1324.06359
G1 X163.291 Y66.49 E1324.41918
G1 X162.949 Y68.241 E1324.80562
G1 X162.756 Y69.118 E1325.00012
G1 X162.539 Y70.031 E1325.20338
G1 X162.325 Y70.868 E1325.39051
G1 X161.827 Y72.589 E1325.77857
G1 X161.548 Y73.49 E1325.98287
G1 X160.985 Y75.126 E1326.35762
G1 X160.671 Y75.964 E1326.55146
G1 X160.008 Y77.62 E1326.93783
G1 X159.646 Y78.453 E1327.13456
G1 X159.282 Y79.253 E1327.32493
G1 X158.893 Y80.07 E1327.52093
G1 X158.499 Y80.862 E1327.71253
G1 X158.06 Y81.716 E1327.92051
G1 X157.658 Y82.452 E1328.10216
G1 X157.207 Y83.248 E1328.30033
G1 X156.743 Y84.039 E1328.49896
G1 X155.823 Y85.522 E1328.87697
G1 X155.335 Y86.26 E1329.0686
G1 X154.294 Y87.754 E1329.46301
G1 X153.775 Y88.458 E1329.65246
G1 X153.232 Y89.171 E1329.84658
G1 X152.675 Y89.872 E1330.04051
G1 X151.524 Y91.257 E1330.43057
G1 X150.31 Y92.612 E1330.82463
G1 X149.096 Y93.869 E1331.20315
G1 X148.448 Y94.513 E1331.40103
G1 X147.812 Y95.121 E1331.59161
G1 X147.148 Y95.733 E1331.7872
G1 X146.472 Y96.332 E1331.98284
G1 X145.756 Y96.947 E1332.18728
G1 X145.121 Y97.474 E1332.36602
G1 X144.4 Y98.054 E1332.56644
G1 X143.703 Y98.594 E1332.75742
G1 X142.992 Y99.12 E1332.94899
G1 X142.259 Y99.647 E1333.14453
G1 X141.527 Y100.154 E1333.3374
G1 X140.774 Y100.657 E1333.53354
G1 X139.27 Y101.606 E1333.91873
G1 X138.505 Y102.061 E1334.11153
G1 X136.947 Y102.937 E1334.49867
G1 X76.688 Y135.33 E1349.31711
G1 X75.883 Y135.753 E1349.51408
G1 X75.089 Y136.152 E1349.70656
G1 X73.439 Y136.932 E1350.10187
G1 X71.853 Y137.612 E1350.47564
G1 X70.148 Y138.275 E1350.87188
G1 X68.479 Y138.862 E1351.25509
G1 X67.619 Y139.136 E1351.45059
G1 X66.76 Y139.394 E1351.64486
G1 X65.021 Y139.873 E1352.03556
G1 X63.243 Y140.29 E1352.43112
G1 X62.428 Y140.463 E1352.61159
G1 X61.535 Y140.632 E1352.80844
G1 X60.727 Y140.769 E1352.98595
G1 X59.667 Y140.934 E1353.21831
G1 X57.991 Y141.151 E1353.58437
G1 X57.159 Y141.235 E1353.76549
G1 X56.046 Y141.332 E1354.00748
G1 X54.418 Y141.424 E1354.36067
G1 X53.525 Y141.452 E1354.55419
G1 X52.636 Y141.464 E1354.74676
G1 X51.741 Y141.464 E1354.94062
G1 X50.847 Y141.444 E1355.13431
G1 X49.055 Y141.364 E1355.52284
G1 X47.22 Y141.215 E1355.92161
G1 X46.385 Y141.126 E1356.1035
G1 X45.503 Y141.013 E1356.2961
G1 X43.685 Y140.739 E1356.69433
G1 X41.945 Y140.417 E1357.07761
G1 X40.218 Y140.027 E1357.4611
G1 X39.367 Y139.814 E1357.65111
G1 X37.716 Y139.356 E1358.02222
G1 X36.745 Y139.059 E1358.24216
G1 X35.068 Y138.498 E1358.62518
G1 X34.222 Y138.188 E1358.82034
G1 X32.626 Y137.56 E1359.19183
G1 X30.352 Y136.574 E1359.72869
G1 X29.405 Y136.2 E1359.94923
G1 X28.25 Y135.849 E1360.2107
G1 X27.29 Y135.602 E1360.42541
G1 X26.382 Y135.433 E1360.62546
G1 X25.524 Y135.307 E1360.81329
G1 X24.801 Y135.24 E1360.97057
G1 X23.8 Y135.181 E1361.18776
G1 X22.587 Y135.191 E1361.4505
G1 X21.539 Y135.275 E1361.67823
G1 X20.377 Y135.421 E1361.9319
G1 X19.579 Y135.583 E1362.10827
G1 X18.751 Y135.775 E1362.29237
G1 X17.876 Y136.018 E1362.48907
G1 X16.556 Y136.499 E1362.79337
G1 X15.818 Y136.821 E1362.96778
G1 X14.718 Y137.353 E1363.23244
G1 X13.592 Y138.015 E1363.51536
G1 X12.465 Y138.797 E1363.81248
G1 X11.578 Y139.514 E1364.05952
G1 X10.871 Y140.131 E1364.26277
G1 X9.906 Y141.108 E1364.56021
G1 X9.092 Y142.063 E1364.83201
G1 X8.344 Y143.086 E1365.10651
G1 X7.678 Y144.135 E1365.37564
G1 X7.186 Y145.001 E1365.59138
G1 X6.666 Y146.087 E1365.85218
G1 X6.23 Y147.184 E1366.10787
G1 X5.884 Y148.214 E1366.34322
G1 X5.554 Y149.505 E1366.63184
G1 X5.365 Y150.522 E1366.85589
G1 X5.184 Y151.989 E1367.17606
G1 X5.133 Y153.326 E1367.46586
G1 X5.153 Y154.125 E1367.63898
G1 X5.207 Y155.096 E1367.84962
G1 X5.381 Y156.454 E1368.14617
G1 X5.628 Y157.668 E1368.41451
G1 X5.975 Y158.877 E1368.68695
G1 X6.388 Y160.082 E1368.96286
G1 X6.903 Y161.246 E1369.23856
G1 X7.34 Y162.097 E1369.44577
G1 X7.959 Y163.18 E1369.71596
G1 X8.561 Y164.049 E1369.94493
G1 X9.064 Y164.733 E1370.12884
G1 X9.808 Y165.607 E1370.37745
G1 X10.346 Y166.177 E1370.54722
G1 X11.051 Y166.866 E1370.76074
G1 X12.013 Y167.693 E1371.03552
G1 X13.032 Y168.433 E1371.30829
G1 X13.904 Y169.01 E1371.53477
G1 X14.942 Y169.581 E1371.79138
G1 X16.083 Y170.129 E1372.06554
G1 X17.028 Y170.518 E1372.28689
G1 X18.093 Y170.865 E1372.52951
G1 X18.785 Y171.065 E1372.68553
G1 X19.493 Y171.234 E1372.84319
G1 X20.456 Y171.427 E1373.05592
G1 X21.881 Y171.596 E1373.36674
G1 X22.884 Y171.644 E1373.58424
G1 X23.829 Y171.647 E1373.78893
G1 X24.771 Y171.6 E1373.99322
G1 X26.162 Y171.439 E1374.29652
G1 X27.596 Y171.163 E1374.61283
G1 X28.58 Y170.896 E1374.83367
G1 X29.74 Y170.502 E1375.09902
G1 X30.336 Y170.267 E1375.23779
G1 X31.214 Y169.877 E1375.44588
G1 X32.315 Y169.313 E1375.71383
G1 X33.482 Y168.612 E1376.0087
G1 X34.753 Y167.879 E1376.32649
G1 X102.415 Y131.506 E1392.96547
G10
G0 F7200 X180.689 Y76.817
G11
G1 F2340 X179.157 Y76.573 E1393.30148
G1 X177.346 Y75.819 E1393.72638
G1 X176.004 Y74.852 E1394.08466
G1 X175.176 Y74.045 E1394.3351
G1 X174.499 Y73.174 E1394.57404
G1 X173.874 Y72.103 E1394.84263
G1 X173.503 Y71.196 E1395.05489
G1 X173.255 Y70.344 E1395.24709
G1 X173.091 Y69.397 E1395.45526
G1 X173.014 Y68.107 E1395.73517
G1 X173.247 Y66.556 E1396.07489
G1 X173.508 Y65.65 E1396.27911
G1 X174.047 Y64.433 E1396.56741
G1 X174.688 Y63.378 E1396.83479
G1 X175.618 Y62.369 E1397.13202
G1 X176.36 Y61.73 E1397.34412
G1 X177.066 Y61.25 E1397.52903
G1 X177.901 Y60.8 E1397.73449
G1 X179.01 Y60.379 E1397.99142
G1 X179.87 Y60.172 E1398.18302
G1 X181.012 Y60.032 E1398.43223
G1 X182.182 Y60.032 E1398.68565
G1 X183.671 Y60.293 E1399.01308
G1 X185.021 Y60.812 E1399.32636
G1 X186.135 Y61.443 E1399.60367
G1 X186.895 Y62.013 E1399.80944
G1 X187.759 Y62.862 E1400.07181
G1 X188.489 Y63.77 E1400.32416
G1 X189.293 Y65.273 E1400.69337
G1 X189.696 Y66.735 E1401.02184
G1 X189.844 Y67.817 E1401.25839
G1 X189.845 Y69.446 E1401.61123
G1 X189.465 Y71.009 E1401.95964
G1 X189.083 Y71.991 E1402.18787
G1 X188.659 Y72.784 E1402.38264
G1 X188.023 Y73.694 E1402.62311
G1 X187.294 Y74.495 E1402.85771
G1 X186.615 Y75.084 E1403.0524
G1 X185.561 Y75.783 E1403.32634
G1 X184.702 Y76.2 E1403.53316
G1 X183.675 Y76.55 E1403.76818
G1 X182.64 Y76.768 E1403.99728
G1 X181.58 Y76.852 E1404.22759
G1 X180.689 Y76.817 E1404.42073
G10
G0 F7200 X193.254 Y54.944
G11
G1 F2340 X195.023 Y56.713 E1404.96261
G1 X195.129 Y56.819
G0 F7200 X197.049 Y59.587
G1 F2340 X190.301 Y52.839 E1407.02965
G1 X190.195 Y52.733
G0 F7200 X188.604 Y51.991
G1 F2340 X197.897 Y61.284 E1409.87627
G1 X198.003 Y61.39
G0 F7200 X198.427 Y62.662
G1 F2340 X187.221 Y51.457 E1413.30872
G1 X187.115 Y51.351
G0 F7200 X185.997 Y51.081
G1 F2340 X198.791 Y63.875 E1417.22776
G0 F7200 X199.049 Y64.982
G1 F2340 X184.911 Y50.843 E1421.55865
G0 F7200 X183.887 Y50.668
G1 F2340 X199.216 Y65.997 E1426.25421
G0 F7200 X199.321 Y66.951
G1 F2340 X182.932 Y50.562 E1431.27446
G0 F7200 X182.033 Y50.511
G1 F2340 X199.365 Y67.843 E1436.58358
G0 F7200 X199.377 Y68.704
G1 F2340 X181.178 Y50.504 E1442.15842
G0 F7200 X180.362 Y50.538
G1 F2340 X199.351 Y69.526 E1447.97496
G0 F7200 X199.291 Y70.315
G1 F2340 X179.584 Y50.608 E1454.01158
G0 F7200 X178.82 Y50.692
G1 F2340 X199.186 Y71.059 E1460.25022
G0 F7200 X199.068 Y71.789
G1 F2340 X178.101 Y50.822 E1466.6728
G0 F7200 X177.396 Y50.965
G1 F2340 X198.925 Y72.495 E1473.26769
G0 F7200 X198.751 Y73.169
G1 F2340 X176.724 Y51.141 E1480.01512
G0 F7200 X176.06 Y51.327
G1 F2340 X185.438 Y60.704 E1482.88762
G1 X185.544 Y60.81
G0 F7200 X183.971 Y60.086
G1 F2340 X175.431 Y51.546 E1485.50359
G0 F7200 X174.817 Y51.78
G1 F2340 X182.89 Y59.854 E1487.97665
G0 F7200 X181.92 Y59.732
G1 F2340 X174.221 Y52.032 E1490.33515
G0 F7200 X173.639 Y52.3
G1 F2340 X181.072 Y59.732 E1492.61186
G0 F7200 X180.307 Y59.816
G1 F2340 X173.074 Y52.583 E1494.82747
G0 F7200 X172.527 Y52.885
G1 F2340 X179.576 Y59.934 E1496.98671
G0 F7200 X178.897 Y60.103
G1 F2340 X171.996 Y53.202 E1499.10061
G0 F7200 X171.48 Y53.534
G1 F2340 X178.281 Y60.336 E1501.18404
G0 F7200 X177.676 Y60.579
G1 F2340 X170.974 Y53.877 E1503.23699
G0 F7200 X170.495 Y54.247
G1 F2340 X177.125 Y60.877 E1505.26788
G0 F7200 X176.602 Y61.202
G1 F2340 X170.023 Y54.623 E1507.28315
G0 F7200 X169.566 Y55.014
G1 F2340 X176.105 Y61.554 E1509.28632
G0 F7200 X175.65 Y61.948
G1 F2340 X169.124 Y55.421 E1511.28551
G0 F7200 X168.687 Y55.832
G1 F2340 X175.216 Y62.362 E1513.28562
G0 F7200 X174.809 Y62.803
G1 F2340 X168.276 Y56.27 E1515.2868
G0 F7200 X167.878 Y56.721
G1 F2340 X174.411 Y63.254 E1517.28798
G0 F7200 X174.09 Y63.782
G1 F2340 X167.492 Y57.184 E1519.30907
G0 F7200 X167.119 Y57.659
G1 F2340 X173.776 Y64.316 E1521.34823
G0 F7200 X173.514 Y64.903
G1 F2340 X166.763 Y58.151 E1523.41634
G0 F7200 X166.422 Y58.659
G1 F2340 X173.253 Y65.49 E1525.5088
G0 F7200 X173.055 Y66.141
G1 F2340 X166.095 Y59.181 E1527.64078
G0 F7200 X165.783 Y59.717
G1 F2340 X172.904 Y66.838 E1529.82208
G0 F7200 X172.795 Y67.577
G1 F2340 X165.486 Y60.269 E1532.06081
G0 F7200 X165.215 Y60.847
G1 F2340 X172.731 Y68.362 E1534.36294
G0 F7200 X172.782 Y69.261
G1 F2340 X164.947 Y61.426 E1536.76295
G0 F7200 X164.707 Y62.035
G1 F2340 X172.936 Y70.264 E1539.28365
G1 X173.042 Y70.37
G0 F7200 X173.294 Y71.471
G1 F2340 X164.474 Y62.65 E1541.98553
G0 F7200 X164.274 Y63.299
G1 F2340 X174.156 Y73.181 E1545.01257
G1 X174.262 Y73.287
G0 F7200 X176.707 Y75.732
G1 F2340 X186.788 Y85.813 E1548.10057
G0 F7200 X186.233 Y86.107
G1 F2340 X164.083 Y63.956 E1554.88568
G0 F7200 X163.923 Y64.645
G1 F2340 X185.681 Y86.403 E1561.55056
G0 F7200 X185.129 Y86.7
G1 F2340 X163.785 Y65.356 E1568.08863
G0 F7200 X163.663 Y66.082
G1 F2340 X184.577 Y86.997 E1574.49513
G0 F7200 X184.025 Y87.293
G1 F2340 X163.535 Y66.802 E1580.77175
G0 F7200 X163.396 Y67.512
G1 F2340 X183.474 Y87.59 E1586.92202
G0 F7200 X182.922 Y87.887
G1 F2340 X163.258 Y68.222 E1592.94562
G0 F7200 X163.106 Y68.92
G1 F2340 X182.37 Y88.183 E1598.84639
G0 F7200 X181.818 Y88.48
G1 F2340 X162.947 Y69.609 E1604.62693
G0 F7200 X162.782 Y70.292
G1 F2340 X181.266 Y88.777 E1610.28908
G0 F7200 X180.715 Y89.074
G1 F2340 X162.608 Y70.967 E1615.83559
G0 F7200 X162.418 Y71.626
G1 F2340 X180.162 Y89.37 E1621.27091
G0 F7200 X179.611 Y89.667
G1 F2340 X162.228 Y72.284 E1626.59564
G0 F7200 X162.033 Y72.937
G1 F2340 X179.059 Y89.963 E1631.81103
G0 F7200 X178.507 Y90.26
G1 F2340 X161.832 Y73.585 E1636.91889
G0 F7200 X161.615 Y74.217
G1 F2340 X177.955 Y90.556 E1641.92398
G0 F7200 X177.403 Y90.853
G1 F2340 X161.398 Y74.848 E1646.82661
G0 F7200 X161.175 Y75.474
G1 F2340 X176.852 Y91.15 E1651.62862
G0 F7200 X176.299 Y91.447
G1 F2340 X160.943 Y76.09 E1656.3326
G0 F7200 X160.701 Y76.696
G1 F2340 X175.748 Y91.744 E1660.94193
G0 F7200 X175.196 Y92.04
G1 F2340 X160.458 Y77.302 E1665.45645
G0 F7200 X160.211 Y77.904
G1 F2340 X174.644 Y92.337 E1669.87755
G0 F7200 X174.092 Y92.633
G1 F2340 X159.954 Y78.495 E1674.20828
G0 F7200 X159.689 Y79.079
G1 F2340 X173.54 Y92.93 E1678.4511
G0 F7200 X172.988 Y93.226
G1 F2340 X159.42 Y79.658 E1682.60724
G0 F7200 X159.146 Y80.233
G1 F2340 X172.436 Y93.523 E1686.67821
G0 F7200 X171.884 Y93.82
G1 F2340 X158.864 Y80.8 E1690.66648
G0 F7200 X158.579 Y81.363
G1 F2340 X171.333 Y94.117 E1694.57327
G0 F7200 X170.781 Y94.414
G1 F2340 X158.289 Y81.922 E1698.3998
G0 F7200 X157.99 Y82.471
G1 F2340 X170.229 Y94.71 E1702.14883
G0 F7200 X169.677 Y95.007
G1 F2340 X157.684 Y83.014 E1705.82251
G0 F7200 X157.376 Y83.554
G1 F2340 X169.125 Y95.303 E1709.42145
G0 F7200 X168.574 Y95.6
G1 F2340 X157.062 Y84.088 E1712.94779
G0 F7200 X156.739 Y84.614
G1 F2340 X168.021 Y95.896 E1716.40368
G0 F7200 X167.47 Y96.193
G1 F2340 X156.413 Y85.137 E1719.79049
G0 F7200 X156.088 Y85.66
G1 F2340 X166.918 Y96.49 E1723.10792
G0 F7200 X166.366 Y96.787
G1 F2340 X155.752 Y86.172 E1726.35934
G0 F7200 X155.408 Y86.677
G1 F2340 X165.814 Y97.083 E1729.54689
G0 F7200 X165.262 Y97.38
G1 F2340 X155.06 Y87.178 E1732.67196
G0 F7200 X154.711 Y87.678
G1 F2340 X164.711 Y97.677 E1735.73499
G0 F7200 X164.158 Y97.973
G1 F2340 X154.357 Y88.172 E1738.73722
G0 F7200 X153.997 Y88.661
G1 F2340 X163.607 Y98.27 E1741.68079
G0 F7200 X163.055 Y98.566
G1 F2340 X153.63 Y89.142 E1744.56769
G0 F7200 X153.258 Y89.619
G1 F2340 X162.503 Y98.863 E1747.39945
G0 F7200 X161.951 Y99.16
G1 F2340 X152.883 Y90.092 E1750.17715
G0 F7200 X152.497 Y90.555
G1 F2340 X161.399 Y99.457 E1752.904
G0 F7200 X160.847 Y99.753
G1 F2340 X152.111 Y91.017 E1755.58
G0 F7200 X151.725 Y91.48
G1 F2340 X160.295 Y100.05 E1758.20515
G0 F7200 X159.744 Y100.347
G1 F2340 X151.324 Y91.927 E1760.78435
G0 F7200 X150.924 Y92.376
G1 F2340 X159.192 Y100.643 E1763.31684
G0 F7200 X158.64 Y100.94
G1 F2340 X150.523 Y92.823 E1765.80323
G0 F7200 X150.106 Y93.255
G1 F2340 X158.088 Y101.236 E1768.24811
G0 F7200 X157.536 Y101.533
G1 F2340 X149.689 Y93.686 E1770.6518
G0 F7200 X149.272 Y94.117
G1 F2340 X156.984 Y101.83 E1773.01428
G0 F7200 X156.433 Y102.127
G1 F2340 X148.846 Y94.54 E1775.33832
G0 F7200 X148.416 Y94.959
G1 F2340 X155.88 Y102.423 E1777.62468
G0 F7200 X155.329 Y102.72
G1 F2340 X147.982 Y95.373 E1779.8752
G0 F7200 X147.54 Y95.78
G1 F2340 X154.776 Y103.016 E1782.09172
G0 F7200 X154.225 Y103.313
G1 F2340 X147.094 Y96.182 E1784.27608
G0 F7200 X146.644 Y96.581
G1 F2340 X153.673 Y103.61 E1786.4292
G0 F7200 X153.121 Y103.907
G1 F2340 X146.187 Y96.973 E1788.55321
G0 F7200 X145.728 Y97.362
G1 F2340 X152.57 Y104.203 E1790.64889
G0 F7200 X152.017 Y104.5
G1 F2340 X145.263 Y97.745 E1792.71792
G0 F7200 X144.793 Y98.124
G1 F2340 X151.466 Y104.797 E1794.76198
G0 F7200 X150.914 Y105.093
G1 F2340 X144.318 Y98.498 E1796.78231
G0 F7200 X143.838 Y98.866
G1 F2340 X150.362 Y105.39 E1798.78073
G0 F7200 X149.81 Y105.686
G1 F2340 X143.348 Y99.225 E1800.76001
G0 F7200 X142.857 Y99.583
G1 F2340 X149.258 Y105.983 E1802.7206
G0 F7200 X148.706 Y106.28
G1 F2340 X142.365 Y99.939 E1804.66297
G0 F7200 X141.864 Y100.286
G1 F2340 X148.154 Y106.577 E1806.58987
G0 F7200 X147.603 Y106.874
G1 F2340 X141.358 Y100.628 E1808.50298
G0 F7200 X140.848 Y100.967
G1 F2340 X147.051 Y107.17 E1810.40307
G0 F7200 X146.499 Y107.467
G1 F2340 X140.331 Y101.299 E1812.29245
G0 F7200 X139.809 Y101.625
G1 F2340 X145.947 Y107.763 E1814.17263
G0 F7200 X145.395 Y108.06
G1 F2340 X139.283 Y101.948 E1816.04485
G0 F7200 X138.751 Y102.265
G1 F2340 X144.843 Y108.356 E1817.91079
G0 F7200 X144.292 Y108.653
G1 F2340 X138.21 Y102.571 E1819.77382
G0 F7200 X137.667 Y102.877
G1 F2340 X143.739 Y108.95 E1821.63394
G0 F7200 X143.188 Y109.247
G1 F2340 X137.124 Y103.182 E1823.49161
G0 F7200 X136.572 Y103.479
G1 F2340 X142.635 Y109.543 E1825.34897
G0 F7200 X142.084 Y109.84
G1 F2340 X136.02 Y103.776 E1827.20649
G0 F7200 X135.469 Y104.073
G1 F2340 X141.532 Y110.137 E1829.06385
G0 F7200 X140.98 Y110.433
G1 F2340 X134.917 Y104.37 E1830.92106
G0 F7200 X134.365 Y104.667
G1 F2340 X140.429 Y110.73 E1832.77843
G0 F7200 X139.876 Y111.026
G1 F2340 X133.813 Y104.963 E1834.63564
G0 F7200 X133.261 Y105.26
G1 F2340 X139.325 Y111.323 E1836.493
G0 F7200 X138.773 Y111.62
G1 F2340 X132.709 Y105.556 E1838.35052
G0 F7200 X132.158 Y105.853
G1 F2340 X138.221 Y111.917 E1840.20788
G0 F7200 X137.669 Y112.213
G1 F2340 X131.605 Y106.149 E1842.0654
G0 F7200 X131.054 Y106.446
G1 F2340 X137.117 Y112.51 E1843.92276
G0 F7200 X136.566 Y112.807
G1 F2340 X130.502 Y106.743 E1845.78028
G0 F7200 X129.95 Y107.04
G1 F2340 X136.013 Y113.103 E1847.63749
G0 F7200 X135.462 Y113.4
G1 F2340 X129.398 Y107.337 E1849.49485
G0 F7200 X128.846 Y107.633
G1 F2340 X134.91 Y113.696 E1851.35221
G0 F7200 X134.358 Y113.993
G1 F2340 X128.295 Y107.93 E1853.20942
G0 F7200 X127.742 Y108.226
G1 F2340 X133.806 Y114.29 E1855.06694
G0 F7200 X133.254 Y114.587
G1 F2340 X127.191 Y108.523 E1856.9243
G0 F7200 X126.639 Y108.819
G1 F2340 X132.702 Y114.883 E1858.78166
G0 F7200 X132.15 Y115.18
G1 F2340 X126.087 Y109.116 E1860.63903
G0 F7200 X125.535 Y109.413
G1 F2340 X131.598 Y115.476 E1862.49624
G0 F7200 X131.047 Y115.773
G1 F2340 X124.983 Y109.71 E1864.3536
G0 F7200 X124.431 Y110.006
G1 F2340 X130.495 Y116.07 E1866.21112
G0 F7200 X129.943 Y116.366
G1 F2340 X123.879 Y110.303 E1868.06848
G0 F7200 X123.328 Y110.6
G1 F2340 X129.391 Y116.663 E1869.92569
G0 F7200 X128.839 Y116.96
G1 F2340 X122.776 Y110.896 E1871.78305
G0 F7200 X122.224 Y111.193
G1 F2340 X128.288 Y117.257 E1873.64057
G0 F7200 X127.735 Y117.553
G1 F2340 X121.672 Y111.49 E1875.49778
G0 F7200 X121.12 Y111.787
G1 F2340 X127.184 Y117.85 E1877.35514
G0 F7200 X126.632 Y118.146
G1 F2340 X120.568 Y112.083 E1879.21251
G0 F7200 X120.017 Y112.38
G1 F2340 X126.08 Y118.443 E1881.06972
G0 F7200 X125.528 Y118.739
G1 F2340 X119.464 Y112.676 E1882.92708
G0 F7200 X118.913 Y112.973
G1 F2340 X124.976 Y119.036 E1884.78429
G0 F7200 X124.425 Y119.333
G1 F2340 X118.36 Y113.269 E1886.64196
G0 F7200 X117.809 Y113.566
G1 F2340 X123.872 Y119.63 E1888.49932
G0 F7200 X123.321 Y119.927
G1 F2340 X117.257 Y113.863 E1890.35684
G0 F7200 X116.705 Y114.16
G1 F2340 X122.769 Y120.223 E1892.2142
G0 F7200 X122.217 Y120.52
G1 F2340 X116.154 Y114.457 E1894.07141
G0 F7200 X115.601 Y114.753
G1 F2340 X121.665 Y120.816 E1895.92877
G0 F7200 X121.113 Y121.113
G1 F2340 X115.05 Y115.05 E1897.78598
G0 F7200 X114.498 Y115.346
G1 F2340 X120.561 Y121.41 E1899.64335
G0 F7200 X120.009 Y121.707
G1 F2340 X113.946 Y115.643 E1901.50071
G0 F7200 X113.394 Y115.939
G1 F2340 X119.457 Y122.003 E1903.35807
G0 F7200 X118.906 Y122.3
G1 F2340 X112.842 Y116.236 E1905.21559
G0 F7200 X112.29 Y116.533
G1 F2340 X118.354 Y122.597 E1907.07311
G0 F7200 X117.802 Y122.893
G1 F2340 X111.738 Y116.83 E1908.93047
G0 F7200 X111.187 Y117.127
G1 F2340 X117.25 Y123.19 E1910.78768
G0 F7200 X116.698 Y123.486
G1 F2340 X110.635 Y117.423 E1912.64489
G0 F7200 X110.083 Y117.72
G1 F2340 X116.147 Y123.783 E1914.50225
G0 F7200 X115.594 Y124.08
G1 F2340 X109.531 Y118.016 E1916.35962
G0 F7200 X108.979 Y118.313
G1 F2340 X115.043 Y124.377 E1918.21713
G0 F7200 X114.49 Y124.673
G1 F2340 X108.427 Y118.609 E1920.0745
G0 F7200 X107.876 Y118.906
G1 F2340 X113.939 Y124.97 E1921.93186
G0 F7200 X113.387 Y125.267
G1 F2340 X107.323 Y119.203 E1923.78938
G0 F7200 X106.772 Y119.5
G1 F2340 X112.835 Y125.563 E1925.64659
G0 F7200 X112.284 Y125.86
G1 F2340 X106.219 Y119.796 E1927.50426
G0 F7200 X105.668 Y120.093
G1 F2340 X111.731 Y126.156 E1929.36147
G0 F7200 X111.18 Y126.453
G1 F2340 X105.116 Y120.39 E1931.21883
G0 F7200 X104.564 Y120.686
G1 F2340 X110.628 Y126.75 E1933.07634
G0 F7200 X110.076 Y127.047
G1 F2340 X104.013 Y120.983 E1934.93371
G0 F7200 X103.46 Y121.279
G1 F2340 X109.524 Y127.343 E1936.79122
G0 F7200 X108.972 Y127.64
G1 F2340 X102.909 Y121.576 E1938.64859
G0 F7200 X102.357 Y121.873
G1 F2340 X108.42 Y127.936 E1940.5058
G0 F7200 X107.868 Y128.233
G1 F2340 X101.805 Y122.17 E1942.36301
G0 F7200 X101.253 Y122.466
G1 F2340 X107.317 Y128.53 E1944.22052
G0 F7200 X106.765 Y128.826
G1 F2340 X100.701 Y122.763 E1946.07789
G0 F7200 X100.149 Y123.059
G1 F2340 X106.213 Y129.123 E1947.9354
G0 F7200 X105.661 Y129.42
G1 F2340 X99.597 Y123.356 E1949.79292
G0 F7200 X99.046 Y123.653
G1 F2340 X105.109 Y129.717 E1951.65028
G0 F7200 X104.557 Y130.013
G1 F2340 X98.494 Y123.949 E1953.50765
G0 F7200 X97.942 Y124.246
G1 F2340 X104.006 Y130.31 E1955.36516
G0 F7200 X103.453 Y130.606
G1 F2340 X97.39 Y124.543 E1957.22237
G0 F7200 X96.838 Y124.84
G1 F2340 X102.902 Y130.903 E1959.07974
G0 F7200 X102.349 Y131.199
G1 F2340 X96.286 Y125.136 E1960.93695
G0 F7200 X95.734 Y125.433
G1 F2340 X101.798 Y131.496 E1962.79431
G0 F7200 X101.246 Y131.793
G1 F2340 X95.182 Y125.729 E1964.65183
G0 F7200 X94.631 Y126.026
G1 F2340 X100.694 Y132.09 E1966.50919
G0 F7200 X100.143 Y132.387
G1 F2340 X94.078 Y126.323 E1968.36686
G0 F7200 X93.527 Y126.619
G1 F2340 X99.59 Y132.683 E1970.22422
G0 F7200 X99.039 Y132.98
G1 F2340 X92.975 Y126.916 E1972.08174
G0 F7200 X92.423 Y127.213
G1 F2340 X98.487 Y133.276 E1973.9391
G0 F7200 X97.935 Y133.573
G1 F2340 X91.872 Y127.51 E1975.79631
G0 F7200 X91.319 Y127.806
G1 F2340 X97.383 Y133.869 E1977.65367
G0 F7200 X96.831 Y134.166
G1 F2340 X90.768 Y128.103 E1979.51088
G0 F7200 X90.216 Y128.399
G1 F2340 X96.279 Y134.463 E1981.36825
G0 F7200 X95.727 Y134.76
G1 F2340 X89.664 Y128.696 E1983.22561
G0 F7200 X89.112 Y128.993
G1 F2340 X95.176 Y135.057 E1985.08313
G0 F7200 X94.624 Y135.353
G1 F2340 X88.56 Y129.29 E1986.94049
G0 F7200 X88.009 Y129.587
G1 F2340 X94.072 Y135.65 E1988.7977
G0 F7200 X93.52 Y135.946
G1 F2340 X87.456 Y129.883 E1990.65506
G0 F7200 X86.905 Y130.18
G1 F2340 X92.968 Y136.243 E1992.51227
G0 F7200 X92.416 Y136.539
G1 F2340 X86.353 Y130.476 E1994.36948
G0 F7200 X85.801 Y130.773
G1 F2340 X91.864 Y136.836 E1996.22669
G0 F7200 X91.312 Y137.133
G1 F2340 X85.249 Y131.069 E1998.08406
G0 F7200 X84.697 Y131.366
G1 F2340 X90.761 Y137.43 E1999.94157
G0 F7200 X90.208 Y137.726
G1 F2340 X84.145 Y131.663 E2001.79878
G0 F7200 X83.593 Y131.96
G1 F2340 X89.657 Y138.023 E2003.65615
G0 F7200 X89.105 Y138.32
G1 F2340 X83.041 Y132.256 E2005.51366
G0 F7200 X82.49 Y132.553
G1 F2340 X88.553 Y138.616 E2007.37087
G0 F7200 X88.002 Y138.913
G1 F2340 X81.938 Y132.85 E2009.22824
G0 F7200 X81.386 Y133.146
G1 F2340 X87.449 Y139.21 E2011.0856
G0 F7200 X86.898 Y139.507
G1 F2340 X80.834 Y133.443 E2012.94311
G0 F7200 X80.282 Y133.739
G1 F2340 X86.346 Y139.803 E2014.80063
G0 F7200 X85.794 Y140.1
G1 F2340 X79.731 Y134.036 E2016.65799
G0 F7200 X79.178 Y134.333
G1 F2340 X85.242 Y140.396 E2018.51536
G0 F7200 X84.69 Y140.693
G1 F2340 X78.627 Y134.63 E2020.37257
G0 F7200 X78.074 Y134.926
G1 F2340 X84.139 Y140.99 E2022.23024
G0 F7200 X83.586 Y141.286
G1 F2340 X77.523 Y135.223 E2024.08745
G0 F7200 X76.971 Y135.519
G1 F2340 X83.035 Y141.583 E2025.94496
G0 F7200 X82.483 Y141.88
G1 F2340 X76.416 Y135.813 E2027.8034
G0 F7200 X75.857 Y136.102
G1 F2340 X81.931 Y142.177 E2029.66413
G0 F7200 X81.379 Y142.473
G1 F2340 X75.292 Y136.386 E2031.52869
G0 F7200 X74.717 Y136.66
G1 F2340 X80.827 Y142.77 E2033.4003
G0 F7200 X80.275 Y143.066
G1 F2340 X74.141 Y136.932 E2035.27926
G0 F7200 X73.565 Y137.204
G1 F2340 X79.723 Y143.363 E2037.16572
G0 F7200 X79.171 Y143.659
G1 F2340 X72.971 Y137.459 E2039.0649
G0 F7200 X72.377 Y137.714
G1 F2340 X78.62 Y143.956 E2040.97709
G0 F7200 X78.068 Y144.253
G1 F2340 X71.778 Y137.964 E2042.90368
G0 F7200 X71.167 Y138.201
G1 F2340 X77.516 Y144.55 E2044.8485
G0 F7200 X76.964 Y144.847
G1 F2340 X70.557 Y138.439 E2046.81124
G0 F7200 X69.937 Y138.668
G1 F2340 X76.412 Y145.143 E2048.79465
G0 F7200 X75.861 Y145.44
G1 F2340 X69.309 Y138.888 E2050.80165
G0 F7200 X68.681 Y139.109
G1 F2340 X75.308 Y145.736 E2052.83162
G0 F7200 X74.757 Y146.033
G1 F2340 X68.041 Y139.317 E2054.88886
G0 F7200 X67.393 Y139.518
G1 F2340 X74.204 Y146.329 E2056.9752
G0 F7200 X73.653 Y146.626
G1 F2340 X66.738 Y139.712 E2059.09324
G0 F7200 X66.073 Y139.895
G1 F2340 X73.101 Y146.923 E2061.24604
G0 F7200 X72.549 Y147.22
G1 F2340 X65.407 Y140.078 E2063.43377
G0 F7200 X64.731 Y140.25
G1 F2340 X71.998 Y147.517 E2065.65979
G0 F7200 X71.445 Y147.813
G1 F2340 X64.043 Y140.411 E2067.92716
G0 F7200 X63.356 Y140.572
G1 F2340 X70.894 Y148.11 E2070.23619
G0 F7200 X70.342 Y148.406
G1 F2340 X62.657 Y140.722 E2072.5901
G0 F7200 X61.947 Y140.86
G1 F2340 X69.79 Y148.703 E2074.99255
G0 F7200 X69.238 Y148.999
G1 F2340 X61.225 Y140.986 E2077.44709
G0 F7200 X60.494 Y141.105
G1 F2340 X68.686 Y149.296 E2079.95629
G0 F7200 X68.134 Y149.593
G1 F2340 X59.763 Y141.222 E2082.52049
G0 F7200 X59.014 Y141.321
G1 F2340 X67.582 Y149.89 E2085.14518
G0 F7200 X67.03 Y150.186
G1 F2340 X58.263 Y141.419 E2087.83067
G0 F7200 X57.499 Y141.503
G1 F2340 X66.479 Y150.483 E2090.58142
G0 F7200 X65.927 Y150.78
G1 F2340 X56.722 Y141.575 E2093.40108
G0 F7200 X55.938 Y141.639
G1 F2340 X65.375 Y151.076 E2096.29181
G0 F7200 X64.823 Y151.373
G1 F2340 X55.135 Y141.684 E2099.25958
G0 F7200 X54.329 Y141.728
G1 F2340 X64.271 Y151.669 E2102.30484
G0 F7200 X63.72 Y151.966
G1 F2340 X53.506 Y141.753 E2105.43343
G0 F7200 X52.669 Y141.764
G1 F2340 X63.167 Y152.263 E2108.64932
G0 F7200 X62.616 Y152.56
G1 F2340 X51.82 Y141.764 E2111.95633
G0 F7200 X50.954 Y141.747
G1 F2340 X62.063 Y152.856 E2115.35923
G0 F7200 X61.512 Y153.153
G1 F2340 X50.069 Y141.71 E2118.86443
G0 F7200 X49.181 Y141.67
G1 F2340 X60.96 Y153.45 E2122.47271
G0 F7200 X60.408 Y153.746
G1 F2340 X48.263 Y141.601 E2126.19295
G0 F7200 X47.339 Y141.526
G1 F2340 X59.857 Y154.043 E2130.0273
G0 F7200 X59.304 Y154.339
G1 F2340 X46.395 Y141.43 E2133.98156
G0 F7200 X45.422 Y141.305
G1 F2340 X58.753 Y154.636 E2138.0651
G0 F7200 X58.201 Y154.933
G1 F2340 X44.422 Y141.154 E2142.28586
G0 F7200 X43.414 Y140.994
G1 F2340 X57.649 Y155.23 E2146.64646
G0 F7200 X57.097 Y155.526
G1 F2340 X42.372 Y140.801 E2151.157
G0 F7200 X41.302 Y140.58
G1 F2340 X56.545 Y155.823 E2155.82622
G0 F7200 X55.993 Y156.119
G1 F2340 X40.206 Y140.332 E2160.66207
G0 F7200 X39.068 Y140.042
G1 F2340 X55.441 Y156.416 E2165.67758
G0 F7200 X54.89 Y156.713
G1 F2340 X37.893 Y139.717 E2170.88392
G1 X37.787 Y139.611
G0 F7200 X36.683 Y139.355
G1 F2340 X54.338 Y157.01 E2176.29198
G0 F7200 X53.786 Y157.307
G1 F2340 X35.408 Y138.928 E2181.92166
G1 X35.302 Y138.822
G0 F7200 X34.09 Y138.459
G1 F2340 X53.234 Y157.603 E2187.78582
G0 F7200 X52.682 Y157.9
G1 F2340 X32.69 Y137.908 E2193.90975
G1 X32.584 Y137.802
G0 F7200 X31.214 Y137.28
G1 F2340 X52.13 Y158.196 E2200.31671
G0 F7200 X51.578 Y158.493
G1 F2340 X29.74 Y136.655 E2207.00609
G1 X29.634 Y136.549
G0 F7200 X28.466 Y136.229
G1 F2340 X51.026 Y158.789 E2213.91664
G0 F7200 X50.475 Y159.086
G1 F2340 X27.304 Y135.915 E2221.01435
G0 F7200 X26.258 Y135.719
G1 F2340 X49.922 Y159.383 E2228.26308
G0 F7200 X49.371 Y159.68
G1 F2340 X25.277 Y135.586 E2235.64352
G0 F7200 X24.357 Y135.514
G1 F2340 X48.819 Y159.977 E2243.13684
G0 F7200 X48.267 Y160.273
G1 F2340 X23.478 Y135.484 E2250.73017
G0 F7200 X22.637 Y135.491
G1 F2340 X47.716 Y160.57 E2258.41234
G0 F7200 X47.163 Y160.866
G1 F2340 X21.849 Y135.552 E2266.16649
G0 F7200 X21.084 Y135.635
G1 F2340 X46.612 Y161.163 E2273.98619
G0 F7200 X46.06 Y161.459
G1 F2340 X20.336 Y135.736 E2281.86578
G0 F7200 X19.631 Y135.879
G1 F2340 X45.508 Y161.756 E2289.79239
G0 F7200 X44.956 Y162.053
G1 F2340 X18.942 Y136.039 E2297.76096
G0 F7200 X18.274 Y136.219
G1 F2340 X28.301 Y146.246 E2300.83242
G1 X28.407 Y146.352
G0 F7200 X26.493 Y145.287
G1 F2340 X17.632 Y136.426 E2303.54671
G0 F7200 X17.011 Y136.653
G1 F2340 X25.277 Y144.919 E2306.07874
G0 F7200 X24.246 Y144.737
G1 F2340 X16.403 Y136.894 E2308.48119
G0 F7200 X15.817 Y137.156
G1 F2340 X23.376 Y144.715 E2310.79666
G0 F7200 X22.564 Y144.752
G1 F2340 X15.245 Y137.433 E2313.0386
G0 F7200 X14.684 Y137.721
G1 F2340 X21.811 Y144.848 E2315.22174
G0 F7200 X21.126 Y145.011
G1 F2340 X14.15 Y138.035 E2317.35861
G0 F7200 X13.624 Y138.357
G1 F2340 X20.478 Y145.211 E2319.45812
G0 F7200 X19.863 Y145.445
G1 F2340 X13.123 Y138.705 E2321.52271
G0 F7200 X12.624 Y139.055
G1 F2340 X19.296 Y145.726 E2323.56632
G0 F7200 X18.751 Y146.03
G1 F2340 X12.154 Y139.434 E2325.58695
G0 F7200 X11.688 Y139.816
G1 F2340 X18.245 Y146.373 E2327.59548
G0 F7200 X17.776 Y146.752
G1 F2340 X11.235 Y140.211 E2329.59911
G0 F7200 X10.802 Y140.627
G1 F2340 X17.321 Y147.146 E2331.596
G0 F7200 X16.891 Y147.565
G1 F2340 X10.38 Y141.054 E2333.59044
G0 F7200 X9.972 Y141.493
G1 F2340 X16.523 Y148.045 E2335.59729
G0 F7200 X16.157 Y148.528
G1 F2340 X9.581 Y141.951 E2337.61179
G0 F7200 X9.202 Y142.42
G1 F2340 X15.846 Y149.065 E2339.64713
G0 F7200 X15.539 Y149.606
G1 F2340 X8.843 Y142.911 E2341.69808
G0 F7200 X8.493 Y143.409
G1 F2340 X15.295 Y150.211 E2343.78166
G0 F7200 X15.051 Y150.815
G1 F2340 X8.164 Y143.928 E2345.89128
G0 F7200 X7.841 Y144.454
G1 F2340 X14.873 Y151.486 E2348.04531
G0 F7200 X14.75 Y152.212
G1 F2340 X7.534 Y144.996 E2350.25571
G0 F7200 X7.251 Y145.561
G1 F2340 X14.682 Y152.992 E2352.53196
G0 F7200 X14.681 Y153.84
G1 F2340 X6.975 Y146.134 E2354.89245
G0 F7200 X6.73 Y146.737
G1 F2340 X14.776 Y154.784 E2357.35725
G0 F7200 X15.041 Y155.897
G1 F2340 X6.491 Y147.347 E2359.97627
G0 F7200 X6.278 Y147.982
G1 F2340 X15.533 Y157.237 E2362.81125
G1 X15.639 Y157.343
G10
G0 F7200 X17.769 Y156.107
G0 X20.752 Y159.061
G0 X19.539 Y161.243
G11
G1 F2340 X28.8 Y170.504 E2365.64807
G0 F7200 X29.433 Y170.289
G1 F2340 X20.895 Y161.751 E2368.26341
G0 F7200 X21.998 Y162.005
G1 F2340 X30.056 Y170.063 E2370.73173
G0 F7200 X30.643 Y169.802
G1 F2340 X22.952 Y162.111 E2373.08763
G0 F7200 X23.822 Y162.132
G1 F2340 X31.224 Y169.535 E2375.35515
G0 F7200 X31.786 Y169.247
G1 F2340 X24.575 Y162.037 E2377.56386
G0 F7200 X25.312 Y161.925
G1 F2340 X32.337 Y168.95 E2379.71575
G0 F7200 X32.867 Y168.632
G1 F2340 X25.957 Y161.722 E2381.83241
G0 F7200 X26.603 Y161.519
G1 F2340 X33.397 Y168.313 E2383.91354
G0 F7200 X33.936 Y168.004
G1 F2340 X27.188 Y161.255 E2385.98073
G0 F7200 X27.729 Y160.948
G1 F2340 X34.474 Y167.693 E2388.04685
G0 F7200 X35.022 Y167.393
G1 F2340 X28.259 Y160.629 E2390.11864
G0 F7200 X28.738 Y160.26
G1 F2340 X35.575 Y167.096 E2392.21279
G0 F7200 X36.126 Y166.799
G1 F2340 X29.218 Y159.892 E2394.32868
G0 F7200 X29.65 Y159.475
G1 F2340 X36.678 Y166.503 E2396.48149
G0 F7200 X37.23 Y166.206
G1 F2340 X30.034 Y159.01 E2398.68576
G0 F7200 X30.417 Y158.545
G1 F2340 X37.782 Y165.91 E2400.9418
G0 F7200 X38.334 Y165.613
G1 F2340 X30.771 Y158.05 E2403.25848
G0 F7200 X31.056 Y157.487
G1 F2340 X38.885 Y165.316 E2405.65665
G0 F7200 X39.437 Y165.02
G1 F2340 X31.342 Y156.924 E2408.13646
G0 F7200 X31.609 Y156.343
G1 F2340 X39.989 Y164.723 E2410.70341
G0 F7200 X40.541 Y164.426
G1 F2340 X31.771 Y155.656 E2413.38982
G0 F7200 X31.934 Y154.97
G1 F2340 X41.093 Y164.129 E2416.19539
G0 F7200 X41.645 Y163.833
G1 F2340 X32.021 Y154.209 E2419.1434
G0 F7200 X32.078 Y153.417
G1 F2340 X42.197 Y163.536 E2422.24304
G0 F7200 X42.749 Y163.24
G1 F2340 X32.02 Y152.511 E2425.52953
G0 F7200 X31.87 Y151.512
G1 F2340 X43.3 Y162.943 E2429.03091
G0 F7200 X43.852 Y162.646
G1 F2340 X31.478 Y150.272 E2432.8213
G1 X31.372 Y150.166
G0 F7200 X30.545 Y148.49
G1 F2340 X44.404 Y162.35 E2437.06672
G1 X44.51 Y162.456
G10
G0 F7200 X45.63 Y164.539
G0 X32.158 Y171.871
G0 X30.282 Y172.626
G0 X29.158 Y173.019
G0 X28.149 Y170.702
G11
G1 F2340 X6.085 Y148.637 E2443.82549
G0 F7200 X5.911 Y149.313
G1 F2340 X27.479 Y170.88 E2450.43202
G0 F7200 X26.767 Y171.017
G1 F2340 X5.764 Y150.013 E2456.86578
G0 F7200 X5.641 Y150.739
G1 F2340 X26.051 Y171.149 E2463.11774
G0 F7200 X25.29 Y171.237
G1 F2340 X5.547 Y151.493 E2469.16555
G0 F7200 X5.473 Y152.268
G1 F2340 X24.517 Y171.312 E2474.99908
G0 F7200 X23.702 Y171.346
G1 F2340 X5.442 Y153.086 E2480.59246
G0 F7200 X5.448 Y153.941
G1 F2340 X22.849 Y171.342 E2485.92271
G0 F7200 X21.958 Y171.299
G1 F2340 X5.493 Y154.834 E2490.96625
G0 F7200 X5.597 Y155.787
G1 F2340 X20.999 Y171.188 E2495.68401
G0 F7200 X19.989 Y171.027
G1 F2340 X5.756 Y156.794 E2500.04385
G0 F7200 X6.004 Y157.891
G1 F2340 X18.897 Y170.783 E2503.99306
G1 X19.003 Y170.889
G0 F7200 X17.679 Y170.414
G1 F2340 X6.37 Y159.105 E2507.45722
G1 X6.264 Y158.999
G0 F7200 X6.889 Y160.473
G1 F2340 X16.317 Y169.901 E2510.34519
G1 X16.423 Y170.007
G0 F7200 X14.641 Y169.073
G1 F2340 X7.713 Y162.145 E2512.46736
G1 X7.607 Y162.039
G0 F7200 X9.486 Y164.766
G1 F2340 X12.041 Y167.321 E2513.25001
G1 X12.147 Y167.427
G10
G0 F7200 X178.407 Y76.584
G11
G1 F2340 X187.346 Y85.522 E2515.98804
G0 F7200 X187.907 Y85.235
G1 F2340 X179.619 Y76.947 E2518.52681
G0 F7200 X180.627 Y77.106
G1 F2340 X188.477 Y84.957 E2520.93156
G0 F7200 X189.049 Y84.68
G1 F2340 X181.517 Y77.148 E2523.23875
G0 F7200 X182.313 Y77.096
G1 F2340 X189.619 Y84.402 E2525.47672
G0 F7200 X190.173 Y84.107
G1 F2340 X183.052 Y76.986 E2527.65801
G0 F7200 X183.752 Y76.838
G1 F2340 X190.707 Y83.793 E2529.78846
G0 F7200 X191.229 Y83.465
G1 F2340 X184.387 Y76.624 E2531.88414
G0 F7200 X185.002 Y76.391
G1 F2340 X191.736 Y83.124 E2533.94674
G0 F7200 X192.229 Y82.769
G1 F2340 X185.572 Y76.112 E2535.9859
G0 F7200 X186.096 Y75.788
G1 F2340 X192.707 Y82.398 E2538.01082
G0 F7200 X193.163 Y82.006
G1 F2340 X186.606 Y75.449 E2540.01935
G0 F7200 X187.081 Y75.076
G1 F2340 X193.614 Y81.608 E2542.02038
G0 F7200 X194.051 Y81.196
G1 F2340 X187.533 Y74.679 E2544.01681
G0 F7200 X187.937 Y74.234
G1 F2340 X194.471 Y80.769 E2546.01845
G0 F7200 X194.88 Y80.329
G1 F2340 X188.328 Y73.777 E2548.02545
G0 F7200 X188.677 Y73.277
G1 F2340 X195.265 Y79.866 E2550.04363
G0 F7200 X195.649 Y79.4
G1 F2340 X189.011 Y72.763 E2552.07682
G0 F7200 X189.306 Y72.209
G1 F2340 X196.006 Y78.909 E2554.12915
G0 F7200 X196.354 Y78.409
G1 F2340 X189.553 Y71.607 E2556.21258
G0 F7200 X189.78 Y70.986
G1 F2340 X196.69 Y77.896 E2558.32924
G0 F7200 X197.007 Y77.365
G1 F2340 X189.945 Y70.303 E2560.49246
G0 F7200 X190.111 Y69.62
G1 F2340 X197.303 Y76.812 E2562.69551
G0 F7200 X197.588 Y76.249
G1 F2340 X190.144 Y68.804 E2564.9759
G0 F7200 X190.143 Y67.955
G1 F2340 X197.863 Y75.675 E2567.34068
G0 F7200 X198.106 Y75.069
G1 F2340 X190.03 Y66.993 E2569.81451
G0 F7200 X189.771 Y65.886
G1 F2340 X198.345 Y74.46 E2572.44088
G0 F7200 X198.56 Y73.826
G1 F2340 X189.201 Y64.467 E2575.30772
G1 X189.095 Y64.361
G10
;MESH:NONMESH
G0 F600 X189.095 Y64.361 Z0.55
G0 F7200 X23.528 Y158.515
;TIME_ELAPSED:314.846498
;LAYER:1
M106 S255
;TYPE:WALL-OUTER
;MESH:maintien siege.STL
G11
G1 F2880 X22.494 Y158.408 E2575.40128
G1 X21.543 Y158.143 E2575.49013
G1 X20.848 Y157.81 E2575.55949
G1 X20.009 Y157.244 E2575.65057
G1 X19.322 Y156.463 E2575.74419
G1 X18.831 Y155.665 E2575.82851
G1 X18.551 Y154.97 E2575.89595
G1 X18.345 Y154.031 E2575.98247
G1 X18.32 Y153.065 E2576.06944
G1 X18.477 Y152.017 E2576.16481
G1 X18.967 Y150.877 E2576.27648
G1 X19.674 Y149.956 E2576.38098
G1 X20.192 Y149.474 E2576.44466
G1 X20.773 Y149.067 E2576.50851
G1 X21.558 Y148.688 E2576.58696
G1 X22.767 Y148.388 E2576.69907
G1 X23.64 Y148.36 E2576.77768
G1 X24.898 Y148.546 E2576.89213
G1 X25.998 Y149.086 E2577.00242
G1 X26.617 Y149.524 E2577.07066
G1 X27.383 Y150.265 E2577.16658
G1 X27.965 Y151.277 E2577.27165
G1 X28.321 Y152.336 E2577.3722
G1 X28.436 Y153.238 E2577.45404
G1 X28.402 Y154.295 E2577.54922
G1 X27.957 Y155.571 E2577.67084
G1 X27.65 Y156.129 E2577.72816
G1 X26.896 Y157.06 E2577.83598
G1 X26.146 Y157.655 E2577.92214
G1 X25.35 Y158.079 E2578.00331
G1 X24.679 Y158.312 E2578.06724
G1 X23.528 Y158.515 E2578.17243
G0 F7200 X23.23 Y158.485
G10
G0 X102.415 Y132.873
G11
G1 F2880 X187.193 Y87.295 E2586.83521
G1 X188.431 Y86.648 E2586.96093
G1 X190.287 Y85.748 E2587.14657
G1 X191.035 Y85.347 E2587.22295
G1 X191.763 Y84.91 E2587.29937
G1 X192.608 Y84.349 E2587.39066
G1 X193.159 Y83.948 E2587.45199
G1 X193.694 Y83.531 E2587.51304
G1 X194.464 Y82.876 E2587.60402
G1 X194.963 Y82.408 E2587.66559
G1 X195.443 Y81.927 E2587.72675
G1 X195.904 Y81.431 E2587.78769
G1 X196.349 Y80.92 E2587.84868
G1 X196.981 Y80.122 E2587.94029
G1 X197.382 Y79.575 E2588.00133
G1 X197.759 Y79.017 E2588.06194
G1 X198.292 Y78.145 E2588.15392
G1 X198.618 Y77.551 E2588.2149
G1 X198.926 Y76.948 E2588.27584
G1 X199.213 Y76.33 E2588.33717
G1 X199.477 Y75.707 E2588.39806
G1 X199.721 Y75.074 E2588.45912
G1 X200.127 Y73.863 E2588.57407
G1 X200.395 Y72.801 E2588.67265
G1 X200.596 Y71.798 E2588.76471
G1 X200.702 Y71.133 E2588.82532
G1 X200.785 Y70.466 E2588.88581
G1 X200.864 Y69.444 E2588.97807
G1 X200.887 Y68.427 E2589.06962
G1 X200.876 Y67.751 E2589.13047
G1 X200.84 Y67.059 E2589.19283
G1 X200.75 Y66.124 E2589.27737
G1 X200.647 Y65.388 E2589.34426
G1 X200.525 Y64.707 E2589.40652
G1 X200.304 Y63.709 E2589.49852
G1 X199.95 Y62.433 E2589.61769
G1 X199.473 Y61.155 E2589.74047
G1 X199.206 Y60.524 E2589.80213
G1 X198.768 Y59.612 E2589.89319
G1 X198.37 Y58.86 E2589.96976
G1 X197.933 Y58.132 E2590.04618
G1 X197.564 Y57.566 E2590.10699
G1 X196.885 Y56.619 E2590.21186
G1 X196.337 Y55.945 E2590.29004
G1 X195.892 Y55.429 E2590.35137
G1 X195.431 Y54.933 E2590.41231
G1 X194.951 Y54.453 E2590.4734
G1 X194.455 Y53.992 E2590.53435
G1 X193.942 Y53.546 E2590.59553
G1 X193.42 Y53.122 E2590.65605
G1 X192.595 Y52.514 E2590.74829
G1 X192.041 Y52.141 E2590.80839
G1 X191.164 Y51.603 E2590.90099
G1 X190.574 Y51.273 E2590.96183
G1 X189.972 Y50.966 E2591.02265
G1 X189.351 Y50.679 E2591.08422
G1 X188.415 Y50.292 E2591.17538
G1 X187.494 Y49.958 E2591.26355
G1 X186.529 Y49.678 E2591.35398
G1 X185.829 Y49.501 E2591.41897
G1 X184.822 Y49.296 E2591.51146
G1 X184.157 Y49.19 E2591.57206
G1 X183.49 Y49.107 E2591.63255
G1 X182.317 Y49.016 E2591.73844
G1 X181.455 Y49.001 E2591.81603
G1 X180.78 Y49.012 E2591.87679
G1 X180.091 Y49.052 E2591.93891
G1 X179.148 Y49.142 E2592.02416
G1 X178.009 Y49.308 E2592.12775
G1 X177.08 Y49.501 E2592.21315
G1 X176.378 Y49.678 E2592.27831
G1 X175.462 Y49.938 E2592.364
G1 X174.173 Y50.419 E2592.48783
G1 X173.23 Y50.829 E2592.58037
G1 X172.633 Y51.12 E2592.64015
G1 X172.034 Y51.439 E2592.70122
G1 X171.479 Y51.758 E2592.75884
G1 X170.876 Y52.136 E2592.82289
G1 X170.312 Y52.515 E2592.88404
G1 X169.757 Y52.916 E2592.94567
G1 X169.226 Y53.333 E2593.00643
G1 X168.456 Y53.988 E2593.09741
G1 X167.957 Y54.457 E2593.15905
G1 X167.472 Y54.937 E2593.22046
G1 X167.012 Y55.432 E2593.28128
G1 X166.349 Y56.207 E2593.37307
G1 X165.936 Y56.733 E2593.43326
G1 X165.534 Y57.288 E2593.49493
G1 X165.156 Y57.848 E2593.55574
G1 X164.778 Y58.454 E2593.62002
G1 X164.459 Y59.014 E2593.67802
G1 X164.139 Y59.61 E2593.73891
G1 X163.84 Y60.219 E2593.79997
G1 X163.565 Y60.84 E2593.86109
G1 X163.139 Y61.922 E2593.96575
G1 X162.879 Y62.717 E2594.04103
G1 X162.683 Y63.401 E2594.10506
G1 X162.446 Y64.392 E2594.19677
G1 X162.316 Y65.058 E2594.25784
G1 X162.112 Y66.266 E2594.3681
G1 X161.955 Y67.128 E2594.44696
G1 X161.781 Y67.99 E2594.5261
G1 X161.592 Y68.839 E2594.60438
G1 X161.17 Y70.537 E2594.76185
G1 X160.924 Y71.421 E2594.84443
G1 X160.675 Y72.266 E2594.92372
G1 X160.429 Y73.051 E2594.99775
G1 X160.151 Y73.884 E2595.07679
G1 X159.862 Y74.705 E2595.15512
G1 X159.556 Y75.526 E2595.23398
G1 X159.238 Y76.338 E2595.31246
G1 X158.887 Y77.195 E2595.39581
G1 X158.196 Y78.745 E2595.54855
G1 X157.821 Y79.539 E2595.62758
G1 X157.431 Y80.319 E2595.70606
G1 X157.029 Y81.095 E2595.78472
G1 X156.614 Y81.863 E2595.86328
G1 X156.175 Y82.645 E2595.94399
G1 X155.76 Y83.349 E2596.01754
G1 X154.819 Y84.865 E2596.17813
G1 X154.34 Y85.595 E2596.25671
G1 X153.338 Y87.031 E2596.4143
G1 X152.819 Y87.735 E2596.49302
G1 X151.748 Y89.115 E2596.65024
G1 X151.193 Y89.791 E2596.72895
G1 X150.042 Y91.123 E2596.88739
G1 X149.459 Y91.762 E2596.96524
G1 X148.859 Y92.398 E2597.04393
G1 X148.251 Y93.022 E2597.12234
G1 X147.648 Y93.617 E2597.19858
G1 X146.996 Y94.241 E2597.27981
G1 X146.356 Y94.833 E2597.35827
G1 X145.7 Y95.416 E2597.43726
G1 X145.04 Y95.984 E2597.51563
G1 X143.684 Y97.09 E2597.67311
G1 X142.295 Y98.149 E2597.83031
G1 X140.86 Y99.157 E2597.98814
G1 X140.135 Y99.645 E2598.06679
G1 X139.398 Y100.12 E2598.14571
G1 X138.654 Y100.578 E2598.22434
G1 X137.868 Y101.046 E2598.30667
G1 X137.144 Y101.456 E2598.38155
G1 X136.375 Y101.877 E2598.46045
G1 X76.124 Y134.27 E2604.61706
G1 X75.352 Y134.676 E2604.69557
G1 X74.571 Y135.071 E2604.77434
G1 X73.786 Y135.449 E2604.85275
G1 X72.99 Y135.815 E2604.9316
G1 X72.189 Y136.169 E2605.01042
G1 X71.384 Y136.507 E2605.08899
G1 X70.571 Y136.833 E2605.16783
G1 X69.742 Y137.147 E2605.24761
G1 X68.931 Y137.437 E2605.32513
G1 X67.273 Y137.988 E2605.48237
G1 X65.594 Y138.478 E2605.63978
G1 X64.748 Y138.704 E2605.71859
G1 X63.899 Y138.913 E2605.79728
G1 X62.959 Y139.127 E2605.88405
G1 X61.248 Y139.469 E2606.04109
G1 X59.607 Y139.734 E2606.19069
G1 X57.871 Y139.959 E2606.34824
G1 X57.002 Y140.047 E2606.42685
G1 X56.054 Y140.128 E2606.51248
G1 X54.386 Y140.224 E2606.66284
G1 X53.513 Y140.252 E2606.74146
G1 X51.765 Y140.264 E2606.89878
G1 X50.888 Y140.244 E2606.97773
G1 X49.145 Y140.168 E2607.13475
G1 X47.4 Y140.027 E2607.29231
G1 X46.53 Y139.934 E2607.37106
G1 X45.669 Y139.826 E2607.44915
G1 X44.877 Y139.713 E2607.52116
G1 X43.935 Y139.564 E2607.60699
G1 X43.071 Y139.411 E2607.68596
G1 X42.216 Y139.246 E2607.76433
G1 X41.36 Y139.061 E2607.84315
G1 X40.511 Y138.864 E2607.92159
G1 X39.658 Y138.65 E2608.00074
G1 X38.766 Y138.412 E2608.08383
G1 X37.139 Y137.926 E2608.23665
G1 X36.31 Y137.656 E2608.31512
G1 X35.489 Y137.374 E2608.39324
G1 X34.621 Y137.058 E2608.47638
G1 X33.847 Y136.758 E2608.55109
G1 X33.034 Y136.429 E2608.63002
G1 X32.231 Y136.087 E2608.70857
G1 X30.828 Y135.469 E2608.84655
G1 X30.194 Y135.217 E2608.90795
G1 X29.56 Y134.993 E2608.96847
G1 X28.915 Y134.788 E2609.02938
G1 X27.936 Y134.524 E2609.12064
G1 X26.922 Y134.3 E2609.2141
G1 X25.597 Y134.111 E2609.33456
G1 X24.43 Y134.008 E2609.44
G1 X23.56 Y133.985 E2609.51832
G1 X22.888 Y133.988 E2609.5788
G1 X22.195 Y134.02 E2609.64124
G1 X21.167 Y134.103 E2609.73406
G1 X19.838 Y134.308 E2609.85509
G1 X19.185 Y134.441 E2609.91506
G1 X18.343 Y134.642 E2609.99297
G1 X17.223 Y134.981 E2610.09829
G1 X16.586 Y135.209 E2610.15918
G1 X15.96 Y135.453 E2610.21965
G1 X15.028 Y135.868 E2610.31147
G1 X14.16 Y136.3 E2610.39873
G1 X13.045 Y136.945 E2610.51466
G1 X12.106 Y137.585 E2610.61693
G1 X11.334 Y138.152 E2610.70314
G1 X10.385 Y138.956 E2610.81508
G1 X9.766 Y139.543 E2610.89186
G1 X9.29 Y140.023 E2610.9527
G1 X8.834 Y140.522 E2611.01353
G1 X8.127 Y141.359 E2611.11214
G1 X7.564 Y142.111 E2611.19669
G1 X7.179 Y142.674 E2611.25807
G1 X6.812 Y143.246 E2611.31924
G1 X6.47 Y143.828 E2611.37999
G1 X6.001 Y144.687 E2611.46807
G1 X5.56 Y145.648 E2611.56323
G1 X5.177 Y146.592 E2611.65492
G1 X4.949 Y147.228 E2611.71573
G1 X4.745 Y147.877 E2611.77696
G1 X4.48 Y148.86 E2611.86858
G1 X4.264 Y149.84 E2611.9589
G1 X4.063 Y151.159 E2612.07898
G1 X3.976 Y152.21 E2612.17389
G1 X3.94 Y153.229 E2612.26566
G1 X3.944 Y153.896 E2612.32569
G1 X3.976 Y154.588 E2612.38804
G1 X4.055 Y155.516 E2612.47186
G1 X4.18 Y156.503 E2612.5614
G1 X4.401 Y157.639 E2612.66556
G1 X4.555 Y158.267 E2612.72375
G1 X4.831 Y159.246 E2612.8153
G1 X5.158 Y160.196 E2612.90572
G1 X5.405 Y160.824 E2612.96645
G1 X5.82 Y161.756 E2613.05827
G1 X6.123 Y162.365 E2613.11949
G1 X6.43 Y162.932 E2613.17752
G1 X6.797 Y163.559 E2613.24291
G1 X7.151 Y164.118 E2613.30246
G1 X7.537 Y164.681 E2613.36389
G1 X8.088 Y165.426 E2613.44729
G1 X8.9 Y166.396 E2613.56114
G1 X9.487 Y167.013 E2613.63779
G1 X9.971 Y167.49 E2613.69895
G1 X10.472 Y167.951 E2613.76022
G1 X10.988 Y168.392 E2613.82131
G1 X11.519 Y168.818 E2613.88258
G1 X12.063 Y169.219 E2613.9434
G1 X12.623 Y169.606 E2614.00467
G1 X13.194 Y169.972 E2614.06571
G1 X13.777 Y170.319 E2614.12677
G1 X14.371 Y170.641 E2614.18758
G1 X14.978 Y170.945 E2614.24868
G1 X15.595 Y171.228 E2614.30977
G1 X16.543 Y171.611 E2614.40179
G1 X17.173 Y171.835 E2614.46197
G1 X17.811 Y172.04 E2614.52228
G1 X18.472 Y172.225 E2614.58405
G1 X19.314 Y172.426 E2614.66196
G1 X20.471 Y172.635 E2614.76778
G1 X21.217 Y172.733 E2614.8355
G1 X22.16 Y172.816 E2614.92069
G1 X22.835 Y172.844 E2614.9815
G1 X23.845 Y172.848 E2615.0724
G1 X24.537 Y172.816 E2615.13474
G1 X25.526 Y172.737 E2615.22404
G1 X26.543 Y172.591 E2615.3165
G1 X27.405 Y172.434 E2615.39536
G1 X28.224 Y172.237 E2615.47117
G1 X29.227 Y171.959 E2615.56485
G1 X30.151 Y171.63 E2615.65312
G1 X30.776 Y171.386 E2615.71351
G1 X31.711 Y170.972 E2615.80554
G1 X32.634 Y170.503 E2615.89871
G1 X33.209 Y170.18 E2615.95807
G1 X34.114 Y169.635 E2616.05315
G1 X35.329 Y168.939 E2616.17917
G1 X102.415 Y132.873 E2623.03413
G0 F7200 X102.679 Y132.731
G10
G0 X180.825 Y73.491
G11
G1 F2880 X179.345 Y73.086 E2623.17222
G1 X178.342 Y72.435 E2623.27984
G1 X177.514 Y71.628 E2623.3839
G1 X176.906 Y70.668 E2623.48617
G1 X176.641 Y70.017 E2623.54943
G1 X176.452 Y69.234 E2623.62192
G1 X176.373 Y68.266 E2623.70933
G1 X176.553 Y67.047 E2623.82023
G1 X176.943 Y66.13 E2623.90992
G1 X177.304 Y65.528 E2623.97309
G1 X178.009 Y64.723 E2624.0694
G1 X178.78 Y64.11 E2624.15805
G1 X179.639 Y63.706 E2624.24348
G1 X180.843 Y63.409 E2624.35509
G1 X181.997 Y63.371 E2624.459
G1 X183.309 Y63.686 E2624.58044
G1 X184.409 Y64.323 E2624.69484
G1 X184.977 Y64.795 E2624.76131
G1 X185.68 Y65.579 E2624.85608
G1 X186.242 Y66.779 E2624.97534
G1 X186.528 Y67.945 E2625.08339
G1 X186.479 Y69.32 E2625.20722
G1 X186.049 Y70.575 E2625.32661
G1 X185.745 Y71.128 E2625.38341
G1 X185.037 Y72.021 E2625.48597
G1 X184.408 Y72.55 E2625.55994
G1 X183.649 Y73.028 E2625.64067
G1 X182.741 Y73.336 E2625.72696
G1 X181.9 Y73.483 E2625.8038
G1 X180.825 Y73.491 E2625.90055
G0 F7200 X180.536 Y73.412
G0 X180.716 Y74.089
;TYPE:WALL-INNER
G1 F4620 X179.086 Y73.634 E2626.05286
G1 X177.948 Y72.893 E2626.17508
G1 X177.043 Y72.006 E2626.28913
G1 X176.374 Y70.946 E2626.40194
G1 X176.065 Y70.187 E2626.47569
G1 X175.86 Y69.333 E2626.55474
G1 X175.767 Y68.27 E2626.65077
G1 X175.97 Y66.877 E2626.77747
G1 X176.399 Y65.875 E2626.87556
G1 X176.818 Y65.176 E2626.94891
G1 X177.58 Y64.297 E2627.05361
G1 X178.47 Y63.59 E2627.15591
G1 X179.429 Y63.144 E2627.25109
G1 X180.742 Y62.817 E2627.37287
G1 X182.031 Y62.764 E2627.48898
G1 X183.542 Y63.13 E2627.6289
G1 X184.773 Y63.841 E2627.75685
G1 X185.39 Y64.36 E2627.82941
G1 X186.178 Y65.233 E2627.93525
G1 X186.804 Y66.569 E2628.06804
G1 X187.132 Y67.882 E2628.18984
G1 X187.079 Y69.428 E2628.32906
G1 X186.593 Y70.828 E2628.46244
G1 X186.246 Y71.465 E2628.52772
G1 X185.48 Y72.426 E2628.63833
G1 X184.761 Y73.037 E2628.72324
G1 X183.882 Y73.583 E2628.81637
G1 X182.908 Y73.916 E2628.90902
G1 X181.954 Y74.081 E2628.99615
G1 X180.716 Y74.089 E2629.10757
G10
G0 F7200 X186.919 Y86.762
G11
G1 F4620 X188.175 Y86.106 E2629.2351
G1 X190.014 Y85.214 E2629.41905
G1 X190.739 Y84.825 E2629.4931
G1 X191.443 Y84.402 E2629.56702
G1 X192.266 Y83.857 E2629.65586
G1 X192.798 Y83.469 E2629.71512
G1 X193.315 Y83.066 E2629.77412
G1 X194.064 Y82.428 E2629.86267
G1 X194.545 Y81.977 E2629.92201
G1 X195.011 Y81.511 E2629.98132
G1 X195.458 Y81.03 E2630.04042
G1 X195.887 Y80.537 E2630.09924
G1 X196.504 Y79.758 E2630.18867
G1 X196.892 Y79.229 E2630.24772
G1 X197.254 Y78.693 E2630.30593
G1 X197.773 Y77.844 E2630.39548
G1 X198.088 Y77.27 E2630.45441
G1 X198.386 Y76.685 E2630.5135
G1 X198.665 Y76.086 E2630.57297
G1 X198.921 Y75.482 E2630.63201
G1 X199.157 Y74.871 E2630.69096
G1 X199.551 Y73.694 E2630.80267
G1 X199.809 Y72.669 E2630.8978
G1 X200.006 Y71.692 E2630.9875
G1 X200.108 Y71.049 E2631.04609
G1 X200.188 Y70.406 E2631.10441
G1 X200.264 Y69.414 E2631.19395
G1 X200.287 Y68.425 E2631.28298
G1 X200.276 Y67.771 E2631.34185
G1 X200.242 Y67.103 E2631.40205
G1 X200.154 Y66.194 E2631.48424
G1 X200.055 Y65.482 E2631.54894
G1 X199.937 Y64.825 E2631.60901
G1 X199.722 Y63.854 E2631.69852
G1 X199.379 Y62.619 E2631.81388
G1 X198.915 Y61.377 E2631.9332
G1 X198.659 Y60.771 E2631.99241
G1 X198.232 Y59.882 E2632.08117
G1 X197.847 Y59.155 E2632.15521
G1 X197.425 Y58.45 E2632.22916
G1 X197.069 Y57.905 E2632.28774
G1 X196.408 Y56.983 E2632.38985
G1 X195.877 Y56.33 E2632.46559
G1 X195.445 Y55.829 E2632.52513
G1 X194.999 Y55.349 E2632.5841
G1 X194.535 Y54.885 E2632.64316
G1 X194.054 Y54.438 E2632.70226
G1 X193.556 Y54.006 E2632.76159
G1 X193.053 Y53.596 E2632.81999
G1 X192.249 Y53.004 E2632.90985
G1 X191.717 Y52.646 E2632.96757
G1 X190.86 Y52.121 E2633.05802
G1 X190.291 Y51.802 E2633.11673
G1 X189.71 Y51.506 E2633.17541
G1 X189.111 Y51.229 E2633.23481
G1 X188.198 Y50.852 E2633.32371
G1 X187.308 Y50.529 E2633.40892
G1 X186.372 Y50.257 E2633.49664
G1 X185.695 Y50.086 E2633.55949
G1 X184.714 Y49.886 E2633.64959
G1 X184.073 Y49.784 E2633.70801
G1 X183.43 Y49.704 E2633.76632
G1 X182.289 Y49.616 E2633.86932
G1 X181.455 Y49.601 E2633.94439
G1 X180.802 Y49.612 E2634.00317
G1 X180.137 Y49.65 E2634.06312
G1 X179.22 Y49.738 E2634.14603
G1 X178.113 Y49.899 E2634.24671
G1 X177.214 Y50.086 E2634.32935
G1 X176.445 Y50.282 E2634.40077
G1 X175.649 Y50.509 E2634.47527
G1 X174.398 Y50.975 E2634.59541
G1 X173.481 Y51.374 E2634.68542
G1 X172.905 Y51.655 E2634.7431
G1 X172.028 Y52.121 E2634.83248
G1 X171.203 Y52.639 E2634.92015
G1 X170.655 Y53.007 E2634.97956
G1 X170.118 Y53.395 E2635.03918
G1 X169.606 Y53.797 E2635.09777
G1 X168.856 Y54.436 E2635.18645
G1 X168.373 Y54.889 E2635.24605
G1 X167.903 Y55.355 E2635.30561
G1 X167.46 Y55.832 E2635.3642
G1 X166.813 Y56.587 E2635.45369
G1 X166.416 Y57.094 E2635.51164
G1 X166.026 Y57.632 E2635.57145
G1 X165.66 Y58.175 E2635.63038
G1 X165.164 Y58.968 E2635.71456
G1 X164.673 Y59.884 E2635.8081
G1 X164.384 Y60.473 E2635.86715
G1 X164.119 Y61.072 E2635.9261
G1 X163.704 Y62.126 E2636.02804
G1 X163.453 Y62.893 E2636.10068
G1 X163.263 Y63.554 E2636.16258
G1 X163.032 Y64.519 E2636.25188
G1 X162.906 Y65.166 E2636.3112
G1 X162.702 Y66.374 E2636.42146
G1 X162.543 Y67.246 E2636.50124
G1 X162.367 Y68.12 E2636.58148
G1 X162.175 Y68.98 E2636.66078
G1 X161.748 Y70.697 E2636.82002
G1 X161.5 Y71.591 E2636.90352
G1 X161.247 Y72.445 E2636.98368
G1 X160.998 Y73.241 E2637.05874
G1 X160.717 Y74.084 E2637.13872
G1 X160.424 Y74.915 E2637.21802
G1 X160.115 Y75.744 E2637.29764
G1 X159.793 Y76.566 E2637.3771
G1 X159.435 Y77.439 E2637.46202
G1 X158.738 Y79.001 E2637.61596
G1 X158.357 Y79.807 E2637.69619
G1 X157.964 Y80.595 E2637.77544
G1 X157.557 Y81.38 E2637.85503
G1 X157.137 Y82.157 E2637.93452
G1 X156.692 Y82.949 E2638.01628
G1 X156.272 Y83.662 E2638.09075
G1 X155.794 Y84.444 E2638.17324
G1 X155.321 Y85.195 E2638.25312
G1 X154.834 Y85.935 E2638.33285
G1 X153.821 Y87.387 E2638.49219
G1 X153.295 Y88.099 E2638.57186
G1 X152.768 Y88.789 E2638.65
G1 X152.212 Y89.496 E2638.73095
G1 X151.65 Y90.18 E2638.81062
G1 X151.118 Y90.805 E2638.88449
G1 X150.486 Y91.527 E2638.97085
G1 X149.895 Y92.174 E2639.04972
G1 X149.289 Y92.817 E2639.12924
G1 X148.673 Y93.449 E2639.20867
G1 X148.063 Y94.051 E2639.2858
G1 X147.415 Y94.671 E2639.36651
G1 X146.755 Y95.281 E2639.4474
G1 X146.091 Y95.871 E2639.52734
G1 X145.422 Y96.446 E2639.60673
G1 X144.741 Y97.01 E2639.68631
G1 X144.052 Y97.564 E2639.76588
G1 X143.36 Y98.1 E2639.84466
G1 X142.643 Y98.637 E2639.92528
G1 X141.921 Y99.152 E2640.0051
G1 X141.195 Y99.655 E2640.08459
G1 X140.46 Y100.149 E2640.16429
G1 X139.713 Y100.631 E2640.2443
G1 X138.961 Y101.094 E2640.32378
G1 X138.164 Y101.568 E2640.40724
G1 X137.432 Y101.982 E2640.48293
G1 X136.659 Y102.405 E2640.56223
G1 X76.404 Y134.801 E2646.71929
G1 X75.622 Y135.212 E2646.7988
G1 X74.831 Y135.611 E2646.87853
G1 X74.036 Y135.994 E2646.95795
G1 X73.233 Y136.364 E2647.03752
G1 X72.421 Y136.722 E2647.11739
G1 X71.607 Y137.064 E2647.19686
G1 X70.783 Y137.394 E2647.27674
G1 X69.944 Y137.712 E2647.35749
G1 X69.12 Y138.007 E2647.43626
G1 X67.441 Y138.564 E2647.59547
G1 X65.748 Y139.058 E2647.75419
G1 X64.892 Y139.286 E2647.83392
G1 X64.032 Y139.498 E2647.91364
G1 X63.077 Y139.715 E2648.00178
G1 X61.344 Y140.061 E2648.16083
G1 X59.684 Y140.329 E2648.31216
G1 X57.932 Y140.556 E2648.47116
G1 X57.053 Y140.645 E2648.55067
G1 X56.089 Y140.727 E2648.63775
G1 X54.405 Y140.824 E2648.78956
G1 X53.521 Y140.852 E2648.86916
G1 X52.636 Y140.864 E2648.94882
G1 X51.751 Y140.864 E2649.02847
G1 X50.866 Y140.844 E2649.10814
G1 X49.1 Y140.766 E2649.26723
G1 X47.336 Y140.623 E2649.42651
G1 X46.455 Y140.529 E2649.50625
G1 X45.585 Y140.42 E2649.58516
G1 X44.783 Y140.305 E2649.65808
G1 X43.831 Y140.155 E2649.74482
G1 X42.957 Y140 E2649.82471
G1 X42.09 Y139.832 E2649.90419
G1 X41.224 Y139.645 E2649.98392
G1 X40.365 Y139.446 E2650.06328
G1 X39.503 Y139.23 E2650.14326
G1 X38.594 Y138.987 E2650.22794
G1 X36.953 Y138.496 E2650.3821
G1 X36.115 Y138.224 E2650.4614
G1 X35.284 Y137.938 E2650.54049
G1 X34.405 Y137.618 E2650.62468
G1 X33.621 Y137.314 E2650.70036
G1 X32.799 Y136.981 E2650.78018
G1 X31.989 Y136.636 E2650.85942
G1 X30.596 Y136.023 E2650.99639
G1 X29.983 Y135.779 E2651.05577
G1 X29.369 Y135.562 E2651.11438
G1 X28.746 Y135.364 E2651.17321
G1 X27.793 Y135.107 E2651.26205
G1 X26.815 Y134.891 E2651.35219
G1 X25.528 Y134.707 E2651.4692
G1 X24.396 Y134.607 E2651.57147
G1 X23.554 Y134.585 E2651.64728
G1 X22.904 Y134.588 E2651.70578
G1 X22.233 Y134.619 E2651.76623
G1 X21.237 Y134.699 E2651.85616
G1 X19.944 Y134.899 E2651.97392
G1 X19.315 Y135.027 E2652.03169
G1 X18.499 Y135.222 E2652.10719
G1 X17.411 Y135.551 E2652.20949
G1 X16.796 Y135.771 E2652.26828
G1 X16.191 Y136.007 E2652.32672
G1 X15.284 Y136.411 E2652.41609
G1 X14.465 Y136.817 E2652.49835
G1 X13.332 Y137.472 E2652.61614
G1 X12.454 Y138.075 E2652.712
G1 X11.706 Y138.623 E2652.79545
G1 X10.786 Y139.403 E2652.90401
G1 X10.186 Y139.972 E2652.97843
G1 X9.725 Y140.437 E2653.03736
G1 X9.285 Y140.918 E2653.09603
G1 X8.597 Y141.733 E2653.19202
G1 X8.052 Y142.461 E2653.27387
G1 X7.679 Y143.006 E2653.3333
G1 X7.324 Y143.56 E2653.39252
G1 X6.992 Y144.124 E2653.45142
G1 X6.537 Y144.956 E2653.53677
G1 X6.111 Y145.886 E2653.62883
G1 X5.738 Y146.806 E2653.71818
G1 X5.518 Y147.42 E2653.77688
G1 X5.321 Y148.045 E2653.83586
G1 X5.063 Y149.003 E2653.92515
G1 X4.854 Y149.95 E2654.01243
G1 X4.659 Y151.229 E2654.12887
G1 X4.575 Y152.245 E2654.22062
G1 X4.54 Y153.238 E2654.31005
G1 X4.544 Y153.88 E2654.36783
G1 X4.575 Y154.549 E2654.4281
G1 X4.652 Y155.453 E2654.50976
G1 X4.743 Y156.173 E2654.57507
G1 X4.854 Y156.838 E2654.63575
G1 X5.042 Y157.786 E2654.72273
G1 X5.404 Y159.066 E2654.84245
G1 X5.721 Y159.988 E2654.9302
G1 X5.959 Y160.592 E2654.98863
G1 X6.363 Y161.5 E2655.07807
G1 X6.783 Y162.347 E2655.16316
G1 X7.309 Y163.247 E2655.25698
G1 X7.652 Y163.788 E2655.31463
G1 X8.025 Y164.333 E2655.37407
G1 X8.56 Y165.054 E2655.45487
G1 X9.348 Y165.996 E2655.5654
G1 X9.915 Y166.593 E2655.6395
G1 X10.385 Y167.056 E2655.69888
G1 X10.87 Y167.502 E2655.75818
G1 X11.37 Y167.93 E2655.81742
G1 X11.885 Y168.342 E2655.87677
G1 X12.412 Y168.731 E2655.93572
G1 X12.955 Y169.106 E2655.99512
G1 X13.51 Y169.462 E2656.05446
G1 X14.073 Y169.797 E2656.11342
G1 X14.649 Y170.109 E2656.17238
G1 X15.237 Y170.404 E2656.23158
G1 X15.833 Y170.677 E2656.29058
G1 X16.756 Y171.05 E2656.38018
G1 X17.365 Y171.267 E2656.43837
G1 X17.983 Y171.465 E2656.49677
G1 X18.622 Y171.644 E2656.55649
G1 X19.437 Y171.838 E2656.63189
G1 X20.563 Y172.042 E2656.73488
G1 X21.283 Y172.137 E2656.80024
G1 X22.198 Y172.217 E2656.88291
G1 X22.849 Y172.244 E2656.94155
G1 X23.833 Y172.248 E2657.03011
G1 X24.499 Y172.217 E2657.09011
G1 X25.46 Y172.141 E2657.17687
G1 X26.447 Y171.999 E2657.26662
G1 X27.281 Y171.847 E2657.34292
G1 X28.074 Y171.656 E2657.41633
G1 X29.06 Y171.382 E2657.50843
G1 X29.941 Y171.068 E2657.59261
G1 X30.546 Y170.832 E2657.65105
G1 X31.453 Y170.43 E2657.74034
G1 X32.582 Y169.857 E2657.85429
G1 X33.799 Y169.124 E2657.98215
G1 X35.045 Y168.411 E2658.11135
G1 X102.415 Y132.192 E2664.99534
G1 X186.919 Y86.762 E2673.6301
G10
G0 F7200 X28.509 Y151.025
G11
G1 F4620 X28.912 Y152.224 E2673.74394
G1 X29.036 Y153.211 E2673.83347
G1 X28.998 Y154.404 E2673.94089
G1 X28.517 Y155.79 E2674.07293
G1 X28.171 Y156.439 E2674.13912
G1 X27.33 Y157.477 E2674.25936
G1 X26.458 Y158.173 E2674.35977
G1 X25.556 Y158.643 E2674.45131
G1 X24.849 Y158.888 E2674.51865
G1 X23.533 Y159.119 E2674.6389
G1 X22.373 Y158.999 E2674.74386
G1 X21.318 Y158.699 E2674.84257
G1 X20.554 Y158.333 E2674.91882
G1 X19.593 Y157.688 E2675.02298
G1 X18.821 Y156.793 E2675.12936
G1 X18.281 Y155.909 E2675.22259
G1 X17.973 Y155.133 E2675.29773
G1 X17.747 Y154.077 E2675.39492
G1 X17.721 Y153.029 E2675.48927
G1 X17.892 Y151.859 E2675.59569
G1 X18.432 Y150.592 E2675.71964
G1 X19.216 Y149.564 E2675.836
G1 X19.824 Y149 E2675.91063
G1 X20.439 Y148.568 E2675.97828
G1 X21.366 Y148.115 E2676.07113
G1 X22.654 Y147.798 E2676.19051
G1 X23.672 Y147.761 E2676.28219
G1 X25.08 Y147.965 E2676.41024
G1 X26.315 Y148.576 E2676.53425
G1 X26.978 Y149.044 E2676.60728
G1 X27.863 Y149.89 E2676.71747
G1 X28.509 Y151.025 E2676.83501
G10
G0 F7200 X26.94 Y151.74
G0 X23.494 Y157.387
G0 X23.715 Y160.64
;TYPE:SKIN
G11
G1 F2340 X22.732 Y160.605 E2676.92354
G1 X21.769 Y160.451 E2677.01131
G1 X20.485 Y160.057 E2677.13218
G1 X19.539 Y159.531 E2677.2296
G1 X18.729 Y158.941 E2677.31979
G1 X17.973 Y158.201 E2677.415
G1 X17.396 Y157.454 E2677.49995
G1 X16.723 Y156.289 E2677.62104
G1 X16.313 Y154.911 E2677.75043
G1 X16.142 Y153.826 E2677.84929
G1 X16.2 Y152.65 E2677.95526
G1 X16.394 Y151.49 E2678.06111
G1 X16.883 Y150.265 E2678.17981
G1 X17.388 Y149.386 E2678.27105
G1 X18.127 Y148.429 E2678.37987
G1 X19.027 Y147.655 E2678.48671
G1 X19.614 Y147.259 E2678.55043
G1 X20.376 Y146.855 E2678.62806
G1 X21.272 Y146.512 E2678.7144
G1 X22.006 Y146.334 E2678.78238
G1 X22.991 Y146.212 E2678.87171
G1 X24.015 Y146.213 E2678.96387
G1 X25.22 Y146.426 E2679.074
G1 X26.202 Y146.777 E2679.16785
G1 X27.163 Y147.277 E2679.26535
G1 X28.001 Y147.881 E2679.35832
G1 X28.76 Y148.619 E2679.4536
G1 X29.228 Y149.203 E2679.52095
G1 X29.796 Y150.131 E2679.61887
G1 X30.189 Y151.057 E2679.70941
G1 X30.489 Y152.128 E2679.80951
G1 X30.588 Y153.354 E2679.92021
G1 X30.504 Y154.514 E2680.02488
G1 X30.168 Y155.928 E2680.15568
G1 X29.412 Y157.416 E2680.3059
G1 X28.441 Y158.595 E2680.44336
G1 X27.28 Y159.486 E2680.57508
G1 X26.27 Y160.055 E2680.67941
G1 X24.886 Y160.488 E2680.80992
G1 X23.715 Y160.64 E2680.9162
G10
G0 F7200 X102.415 Y131.645
G11
G1 F2340 X186.693 Y86.335 E2689.52792
G1 X187.961 Y85.674 E2689.65662
G1 X189.795 Y84.784 E2689.84008
G1 X190.503 Y84.403 E2689.91244
G1 X191.187 Y83.994 E2689.98417
G1 X191.988 Y83.462 E2690.07071
G1 X192.849 Y82.828 E2690.16694
G1 X193.912 Y81.922 E2690.29265
G1 X194.856 Y80.987 E2690.41223
G1 X195.517 Y80.224 E2690.50308
G1 X196.121 Y79.465 E2690.59038
G1 X196.698 Y78.677 E2690.67828
G1 X197.507 Y77.349 E2690.81823
G1 X197.954 Y76.472 E2690.90683
G1 X198.381 Y75.551 E2690.99819
G1 X198.705 Y74.702 E2691.07998
G1 X199.087 Y73.563 E2691.1881
G1 X199.339 Y72.557 E2691.28143
G1 X199.532 Y71.602 E2691.36912
G1 X199.685 Y70.632 E2691.4575
G1 X199.784 Y69.384 E2691.57017
G1 X199.811 Y68.176 E2691.67892
G1 X199.76 Y67.134 E2691.77281
G1 X199.681 Y66.327 E2691.84579
G1 X199.579 Y65.555 E2691.91587
G1 X199.465 Y64.916 E2691.97429
G1 X199.252 Y63.965 E2692.062
G1 X198.922 Y62.773 E2692.17332
G1 X198.469 Y61.555 E2692.29027
G1 X198.218 Y60.964 E2692.34806
G1 X197.804 Y60.1 E2692.43429
G1 X197.426 Y59.388 E2692.50684
G1 X196.841 Y58.413 E2692.60917
G1 X196.021 Y57.271 E2692.7357
G1 X195.509 Y56.641 E2692.80877
G1 X194.887 Y55.921 E2692.8944
G1 X194.006 Y55.036 E2693.00679
G1 X192.964 Y54.127 E2693.13124
G1 X191.712 Y53.206 E2693.27112
G1 X190.648 Y52.555 E2693.38338
G1 X189.818 Y52.088 E2693.46909
G1 X188.915 Y51.667 E2693.55876
G1 X188.019 Y51.296 E2693.64604
G1 X187.151 Y50.982 E2693.72912
G1 X186.245 Y50.722 E2693.81395
G1 X185.588 Y50.553 E2693.875
G1 X184.684 Y50.368 E2693.95805
G1 X183.383 Y50.183 E2694.07632
G1 X182.261 Y50.096 E2694.1776
G1 X181.129 Y50.075 E2694.2795
G1 X180.175 Y50.128 E2694.36549
G1 X179.352 Y50.206 E2694.43989
G1 X178.141 Y50.38 E2694.55
G1 X177.32 Y50.553 E2694.62551
G1 X176.654 Y50.722 E2694.68735
G1 X175.802 Y50.962 E2694.76702
G1 X174.573 Y51.423 E2694.88515
G1 X173.427 Y51.919 E2694.99754
G1 X172.271 Y52.532 E2695.1153
G1 X171.464 Y53.04 E2695.20112
G1 X170.932 Y53.398 E2695.25884
G1 X170.146 Y53.969 E2695.34627
G1 X169.177 Y54.792 E2695.46069
G1 X168.705 Y55.236 E2695.51901
G1 X168.028 Y55.905 E2695.60467
G1 X166.992 Y57.114 E2695.74797
G1 X166.203 Y58.207 E2695.86929
G1 X165.584 Y59.199 E2695.97453
G1 X164.931 Y60.42 E2696.09914
G1 X164.561 Y61.26 E2696.18175
G1 X164.155 Y62.282 E2696.28073
G1 X163.927 Y62.985 E2696.34724
G1 X163.727 Y63.677 E2696.41207
G1 X163.437 Y64.898 E2696.52502
G1 X163.013 Y67.344 E2696.74844
G1 X162.833 Y68.222 E2696.8291
G1 X162.64 Y69.089 E2696.90904
G1 X162.217 Y70.795 E2697.06723
G1 X161.719 Y72.538 E2697.23038
G1 X161.453 Y73.392 E2697.31088
G1 X160.874 Y75.081 E2697.47157
G1 X160.564 Y75.918 E2697.55191
G1 X160.238 Y76.747 E2697.63208
G1 X159.854 Y77.675 E2697.72246
G1 X159.152 Y79.244 E2697.87716
G1 X158.785 Y80.023 E2697.95467
G1 X157.98 Y81.608 E2698.11466
G1 X157.554 Y82.391 E2698.19488
G1 X157.093 Y83.211 E2698.27955
G1 X156.199 Y84.695 E2698.43547
G1 X155.723 Y85.458 E2698.51641
G1 X155.23 Y86.204 E2698.59688
G1 X154.206 Y87.671 E2698.7579
G1 X153.674 Y88.392 E2698.83854
G1 X152.584 Y89.799 E2698.99872
G1 X152.015 Y90.489 E2699.07922
G1 X150.839 Y91.85 E2699.2411
G1 X150.218 Y92.536 E2699.32438
G1 X149.008 Y93.789 E2699.48115
G1 X148.411 Y94.382 E2699.55688
G1 X147.728 Y95.033 E2699.6418
G1 X147.105 Y95.608 E2699.7181
G1 X146.404 Y96.236 E2699.8028
G1 X145.727 Y96.816 E2699.88304
G1 X144.344 Y97.942 E2700.04354
G1 X143.632 Y98.492 E2700.12451
G1 X142.922 Y99.025 E2700.20442
G1 X142.19 Y99.544 E2700.28518
G1 X140.722 Y100.549 E2700.44529
G1 X139.206 Y101.506 E2700.60664
G1 X138.399 Y101.987 E2700.6912
G1 X136.887 Y102.829 E2700.84695
G1 X76.628 Y135.226 E2707.00437
G1 X75.839 Y135.641 E2707.0846
G1 X75.038 Y136.043 E2707.16526
G1 X74.234 Y136.429 E2707.24553
G1 X73.426 Y136.803 E2707.32566
G1 X72.604 Y137.165 E2707.4065
G1 X71.784 Y137.507 E2707.48646
G1 X70.951 Y137.841 E2707.56723
G1 X70.105 Y138.163 E2707.6487
G1 X69.271 Y138.461 E2707.72841
G1 X67.568 Y139.025 E2707.88986
G1 X65.875 Y139.518 E2708.04856
G1 X65.008 Y139.752 E2708.12939
G1 X64.102 Y139.973 E2708.21332
G1 X63.224 Y140.171 E2708.29432
G1 X61.384 Y140.541 E2708.46324
G1 X59.748 Y140.802 E2708.61234
G1 X58.007 Y141.031 E2708.77038
G1 X57.094 Y141.123 E2708.85296
G1 X56.038 Y141.212 E2708.94834
G1 X54.414 Y141.304 E2709.09473
G1 X53.519 Y141.332 E2709.17532
G1 X51.741 Y141.344 E2709.33535
G1 X50.843 Y141.324 E2709.41619
G1 X49.063 Y141.244 E2709.57655
G1 X47.228 Y141.095 E2709.74224
G1 X46.393 Y141.006 E2709.81782
G1 X45.514 Y140.893 E2709.89758
G1 X43.716 Y140.62 E2710.06125
G1 X42.862 Y140.471 E2710.13927
G1 X41.934 Y140.289 E2710.22439
G1 X40.247 Y139.912 E2710.37996
G1 X39.373 Y139.694 E2710.46103
G1 X38.454 Y139.444 E2710.54675
G1 X36.799 Y138.95 E2710.70219
G1 X35.955 Y138.676 E2710.78205
G1 X35.116 Y138.39 E2710.86183
G1 X34.226 Y138.064 E2710.94713
G1 X32.606 Y137.421 E2711.104
G1 X31.79 Y137.075 E2711.18377
G1 X30.412 Y136.465 E2711.3194
G1 X29.519 Y136.111 E2711.40585
G1 X28.611 Y135.825 E2711.49153
G1 X27.728 Y135.588 E2711.57381
G1 X26.729 Y135.364 E2711.66595
G1 X25.477 Y135.183 E2711.77981
G1 X24.363 Y135.084 E2711.88046
G1 X23.182 Y135.057 E2711.98678
G1 X22.263 Y135.096 E2712.06956
G1 X21.287 Y135.175 E2712.15769
G1 X19.778 Y135.407 E2712.2951
G1 X18.627 Y135.682 E2712.4016
G1 X17.563 Y136.005 E2712.50168
G1 X16.592 Y136.351 E2712.59445
G1 X15.489 Y136.844 E2712.70318
G1 X14.687 Y137.245 E2712.78388
G1 X13.6 Y137.871 E2712.89678
G1 X12.777 Y138.434 E2712.98652
G1 X11.998 Y139 E2713.07318
G1 X11.109 Y139.756 E2713.17821
G1 X10.518 Y140.315 E2713.25142
G1 X9.85 Y140.991 E2713.33696
G1 X8.971 Y142.035 E2713.45979
G1 X8.44 Y142.743 E2713.53944
G1 X7.881 Y143.558 E2713.62838
G1 X7.406 Y144.361 E2713.71235
G1 X6.969 Y145.167 E2713.79487
G1 X6.548 Y146.076 E2713.88502
G1 X6.067 Y147.27 E2714.00088
G1 X5.781 Y148.18 E2714.08673
G1 X5.544 Y149.064 E2714.16909
G1 X5.323 Y150.04 E2714.25916
G1 X5.135 Y151.279 E2714.37195
G1 X5.052 Y152.278 E2714.46216
G1 X5.009 Y153.55 E2714.57671
G1 X5.052 Y154.512 E2714.66338
G1 X5.123 Y155.324 E2714.73674
G1 X5.218 Y156.097 E2714.80683
G1 X5.324 Y156.746 E2714.86601
G1 X5.508 Y157.681 E2714.95178
G1 X5.859 Y158.918 E2715.0675
G1 X6.272 Y160.117 E2715.18163
G1 X6.796 Y161.292 E2715.29742
G1 X7.197 Y162.101 E2715.37869
G1 X7.878 Y163.267 E2715.50021
G1 X8.413 Y164.049 E2715.58549
G1 X8.936 Y164.754 E2715.66449
G1 X9.701 Y165.672 E2715.77204
G1 X10.254 Y166.253 E2715.84423
G1 X10.716 Y166.706 E2715.90246
G1 X11.188 Y167.143 E2715.96035
G1 X11.931 Y167.776 E2716.0482
G1 X12.687 Y168.335 E2716.13282
G1 X13.476 Y168.881 E2716.21918
G1 X14.571 Y169.529 E2716.33369
G1 X15.443 Y169.965 E2716.42143
G1 X16.028 Y170.236 E2716.47946
G1 X16.929 Y170.598 E2716.56685
G1 X18.121 Y171.005 E2716.68021
G1 X18.74 Y171.177 E2716.73803
G1 X19.53 Y171.366 E2716.81114
G1 X20.639 Y171.567 E2716.91257
G1 X21.409 Y171.669 E2716.98248
G1 X22.506 Y171.76 E2717.08155
G1 X23.817 Y171.768 E2717.19954
G1 X24.464 Y171.736 E2717.25784
G1 X25.41 Y171.661 E2717.34325
G1 X26.363 Y171.523 E2717.42991
G1 X27.182 Y171.374 E2717.50483
G1 X27.957 Y171.189 E2717.57654
G1 X28.893 Y170.929 E2717.66397
G1 X30.128 Y170.489 E2717.78196
G1 X31.247 Y169.992 E2717.89216
G1 X32.346 Y169.437 E2718.00297
G1 X33.611 Y168.675 E2718.13588
G1 X34.737 Y168.031 E2718.25262
G1 X102.415 Y131.645 E2725.16814
G10
G0 F7200 X180.804 Y75.621
G11
G1 F2340 X179.493 Y75.411 E2725.28764
G1 X177.902 Y74.748 E2725.44276
G1 X176.82 Y73.967 E2725.56286
G1 X176.074 Y73.244 E2725.65636
G1 X175.464 Y72.455 E2725.74612
G1 X174.969 Y71.599 E2725.83511
G1 X174.627 Y70.775 E2725.9154
G1 X174.427 Y70.075 E2725.98093
G1 X174.276 Y69.176 E2726.06297
G1 X174.224 Y68.166 E2726.15399
G1 X174.42 Y66.822 E2726.27623
G1 X174.633 Y66.081 E2726.34562
G1 X175.087 Y65.042 E2726.44767
G1 X175.628 Y64.143 E2726.5421
G1 X176.45 Y63.237 E2726.6522
G1 X177.099 Y62.681 E2726.72911
G1 X177.697 Y62.275 E2726.79416
G1 X178.404 Y61.896 E2726.86636
G1 X179.372 Y61.528 E2726.95956
G1 X180.072 Y61.356 E2727.02443
G1 X181.067 Y61.232 E2727.11468
G1 X182.125 Y61.236 E2727.2099
G1 X183.343 Y61.455 E2727.32128
G1 X184.499 Y61.891 E2727.43247
G1 X185.481 Y62.451 E2727.53421
G1 X186.102 Y62.917 E2727.60409
G1 X186.86 Y63.655 E2727.6993
G1 X187.474 Y64.425 E2727.78794
G1 X188.017 Y65.43 E2727.89074
G1 X188.28 Y66.101 E2727.95561
G1 X188.518 Y66.962 E2728.036
G1 X188.652 Y67.933 E2728.12422
G1 X188.649 Y69.267 E2728.24428
G1 X188.32 Y70.657 E2728.37284
G1 X188.001 Y71.475 E2728.45186
G1 X187.637 Y72.161 E2728.52175
G1 X187.041 Y73.004 E2728.61467
G1 X186.472 Y73.622 E2728.69027
G1 X185.873 Y74.139 E2728.76148
G1 X184.963 Y74.745 E2728.85988
G1 X184.271 Y75.079 E2728.92904
G1 X183.351 Y75.399 E2729.0167
G1 X182.436 Y75.584 E2729.10072
G1 X181.556 Y75.652 E2729.18016
G1 X180.804 Y75.621 E2729.24789
G10
G0 F7200 X13.764 Y138.123
G11
G1 F2340 X8.087 Y143.799 E2729.97039
G1 X7.981 Y143.905
G0 F7200 X7.068 Y145.668
G1 F2340 X15.623 Y137.112 E2731.05933
G1 X15.729 Y137.006
G0 F7200 X17.092 Y136.491
G1 F2340 X6.442 Y147.141 E2732.41486
G1 X6.336 Y147.247
G0 F7200 X6.033 Y148.399
G1 F2340 X18.354 Y136.078 E2733.98306
G0 F7200 X19.498 Y135.782
G1 F2340 X5.745 Y149.536 E2735.7336
G0 F7200 X5.544 Y150.585
G1 F2340 X20.535 Y135.594 E2737.64164
G0 F7200 X21.521 Y135.457
G1 F2340 X5.413 Y151.565 E2739.69185
G0 F7200 X5.346 Y152.481
G1 F2340 X22.438 Y135.388 E2741.86737
G0 F7200 X23.315 Y135.359
G1 F2340 X5.316 Y153.359 E2744.15834
G0 F7200 X5.337 Y154.186
G1 F2340 X24.144 Y135.379 E2746.55208
G0 F7200 X24.936 Y135.436
G1 F2340 X5.394 Y154.978 E2749.03937
G0 F7200 X5.477 Y155.744
G1 F2340 X25.703 Y135.518 E2751.61372
G0 F7200 X26.444 Y135.624
G1 F2340 X5.585 Y156.483 E2754.26863
G0 F7200 X5.719 Y157.198
G1 F2340 X27.152 Y135.765 E2756.99661
G0 F7200 X27.838 Y135.928
G1 F2340 X5.879 Y157.887 E2759.79153
G0 F7200 X6.066 Y158.548
G1 F2340 X28.507 Y136.107 E2762.64781
G0 F7200 X29.153 Y136.31
G1 F2340 X6.271 Y159.192 E2765.56021
G1 X6.165 Y159.298
G10
G0 F7200 X18.991 Y147.321
G11
G1 F2340 X29.776 Y136.535 E2766.93298
G0 F7200 X30.381 Y136.779
G1 F2340 X20.778 Y146.382 E2768.15524
G1 X20.672 Y146.488
G0 F7200 X21.97 Y146.039
G1 F2340 X30.969 Y137.039 E2769.30069
G0 F7200 X31.557 Y137.3
G1 F2340 X22.941 Y145.916 E2770.39733
G0 F7200 X23.792 Y145.914
G1 F2340 X32.152 Y137.553 E2771.46145
G0 F7200 X32.753 Y137.801
G1 F2340 X24.549 Y146.005 E2772.50565
G0 F7200 X25.27 Y146.133
G1 F2340 X33.361 Y138.042 E2773.53546
G0 F7200 X33.968 Y138.283
G1 F2340 X25.901 Y146.351 E2774.56229
G0 F7200 X26.502 Y146.597
G1 F2340 X34.585 Y138.514 E2775.59109
G0 F7200 X35.21 Y138.739
G1 F2340 X27.061 Y146.887 E2776.62822
G0 F7200 X27.582 Y147.215
G1 F2340 X35.843 Y138.954 E2777.67967
G0 F7200 X36.483 Y139.162
G1 F2340 X28.074 Y147.571 E2778.74996
G0 F7200 X28.524 Y147.97
G1 F2340 X37.132 Y139.362 E2779.84558
G0 F7200 X37.786 Y139.557
G1 F2340 X28.953 Y148.389 E2780.96978
G0 F7200 X29.334 Y148.857
G1 F2340 X38.441 Y139.75 E2782.12891
G0 F7200 X39.107 Y139.932
G1 F2340 X29.677 Y149.362 E2783.32915
G0 F7200 X29.999 Y149.889
G1 F2340 X39.783 Y140.105 E2784.57445
G0 F7200 X40.468 Y140.268
G1 F2340 X30.266 Y150.47 E2785.87296
G0 F7200 X30.507 Y151.078
G1 F2340 X41.161 Y140.424 E2787.22899
G0 F7200 X41.855 Y140.578
G1 F2340 X30.689 Y151.744 E2788.65019
G0 F7200 X30.821 Y152.461
G1 F2340 X42.564 Y140.718 E2790.14483
G0 F7200 X43.282 Y140.849
G1 F2340 X30.885 Y153.246 E2791.72271
G0 F7200 X30.831 Y154.148
G1 F2340 X44.01 Y140.969 E2793.40012
G0 F7200 X44.747 Y141.081
G1 F2340 X30.659 Y155.168 E2795.19317
G1 X30.553 Y155.274
G0 F7200 X30.254 Y156.422
G1 F2340 X45.485 Y141.192 E2797.13169
G1 X45.591 Y141.086
G10
G0 F7200 X17.308 Y149.004
G11
G1 F2340 X6.488 Y159.824 E2798.50885
G0 F7200 X6.737 Y160.423
G1 F2340 X16.339 Y150.821 E2799.73099
G1 X16.445 Y150.715
G0 F7200 X16.004 Y152.005
G1 F2340 X6.999 Y161.01 E2800.87714
G0 F7200 X7.275 Y161.582
G1 F2340 X15.884 Y152.973 E2801.97289
G0 F7200 X15.847 Y153.859
G1 F2340 X7.567 Y162.139 E2803.02676
G0 F7200 X7.88 Y162.674
G1 F2340 X15.962 Y154.592 E2804.05543
G0 F7200 X16.112 Y155.291
G1 F2340 X8.2 Y163.203 E2805.06246
G0 F7200 X8.543 Y163.708
G1 F2340 X16.307 Y155.945 E2806.05059
G0 F7200 X16.532 Y156.568
G1 F2340 X8.899 Y164.201 E2807.02212
G0 F7200 X9.267 Y164.682
G1 F2340 X16.845 Y157.104 E2807.98664
G0 F7200 X17.159 Y157.638
G1 F2340 X9.653 Y165.144 E2808.942
G0 F7200 X10.047 Y165.599
G1 F2340 X17.529 Y158.116 E2809.89436
G0 F7200 X17.922 Y158.572
G1 F2340 X10.461 Y166.033 E2810.84399
G0 F7200 X10.894 Y166.449
G1 F2340 X18.352 Y158.991 E2811.79324
G0 F7200 X18.817 Y159.374
G1 F2340 X11.328 Y166.863 E2812.74644
G0 F7200 X11.783 Y167.257
G1 F2340 X19.308 Y159.732 E2813.70421
G0 F7200 X19.844 Y160.044
G1 F2340 X12.249 Y167.639 E2814.6709
G0 F7200 X12.737 Y167.999
G1 F2340 X20.396 Y160.341 E2815.64567
G0 F7200 X21.045 Y160.54
G1 F2340 X13.236 Y168.349 E2816.63959
G0 F7200 X13.743 Y168.691
G1 F2340 X21.694 Y160.74 E2817.65159
G0 F7200 X22.424 Y160.858
G1 F2340 X14.276 Y169.006 E2818.68866
G0 F7200 X14.825 Y169.305
G1 F2340 X23.209 Y160.921 E2819.75577
G0 F7200 X24.085 Y160.894
G1 F2340 X15.382 Y169.597 E2820.86348
G0 F7200 X15.947 Y169.88
G1 F2340 X25.092 Y160.735 E2822.02745
G1 X25.198 Y160.629
G0 F7200 X26.326 Y160.35
G1 F2340 X16.553 Y170.124 E2823.27141
G0 F7200 X17.163 Y170.362
G1 F2340 X46.236 Y141.288 E2826.97186
G0 F7200 X47.001 Y141.372
G1 F2340 X17.796 Y170.577 E2830.68905
G0 F7200 X18.429 Y170.793
G1 F2340 X47.781 Y141.44 E2834.42501
G0 F7200 X48.566 Y141.504
G1 F2340 X19.112 Y170.958 E2838.1739
G0 F7200 X19.807 Y171.112
G1 F2340 X49.362 Y141.557 E2841.93563
G0 F7200 X50.173 Y141.594
G1 F2340 X20.525 Y171.242 E2845.70921
G0 F7200 X21.267 Y171.349
G1 F2340 X50.989 Y141.627 E2849.4922
G0 F7200 X51.821 Y141.643
G1 F2340 X22.043 Y171.421 E2853.28232
G0 F7200 X22.851 Y171.462
G1 F2340 X52.675 Y141.638 E2857.0783
G0 F7200 X53.53 Y141.631
G1 F2340 X23.694 Y171.468 E2860.87586
G0 F7200 X24.584 Y171.426
G1 F2340 X54.406 Y141.604 E2864.67158
G0 F7200 X55.305 Y141.554
G1 F2340 X25.515 Y171.343 E2868.46317
G0 F7200 X26.517 Y171.191
G1 F2340 X56.209 Y141.498 E2872.24241
G0 F7200 X57.136 Y141.42
G1 F2340 X27.586 Y170.969 E2876.00344
G0 F7200 X28.745 Y170.66
G1 F2340 X58.082 Y141.322 E2879.7375
G0 F7200 X59.058 Y141.194
G1 F2340 X30.063 Y170.19 E2883.42802
G1 X29.957 Y170.296
G0 F7200 X31.647 Y169.455
G1 F2340 X60.043 Y141.058 E2887.04231
G0 F7200 X61.052 Y140.897
G1 F2340 X33.634 Y168.316 E2890.53211
G1 X33.528 Y168.422
G0 F7200 X35.537 Y167.261
G1 F2340 X62.095 Y140.704 E2893.91233
G0 F7200 X63.156 Y140.491
G1 F2340 X37.372 Y166.275 E2897.1941
G1 X37.266 Y166.381
G0 F7200 X39.207 Y165.288
G1 F2340 X64.249 Y140.246 E2900.38142
G0 F7200 X65.383 Y139.961
G1 F2340 X41.043 Y164.301 E2903.4794
G1 X40.937 Y164.407
G0 F7200 X42.878 Y163.315
G1 F2340 X66.562 Y139.63 E2906.49395
G1 X66.668 Y139.524
G0 F7200 X67.766 Y139.275
G1 F2340 X44.712 Y162.328 E2909.42818
G1 X44.606 Y162.434
G0 F7200 X46.548 Y161.341
G1 F2340 X69.033 Y138.856 E2912.29005
G1 X69.139 Y138.75
G0 F7200 X70.346 Y138.392
G1 F2340 X48.383 Y160.355 E2915.08548
G1 X48.277 Y160.461
G0 F7200 X50.218 Y159.368
G1 F2340 X71.738 Y137.848 E2917.82453
G1 X71.844 Y137.742
G0 F7200 X73.21 Y137.225
G1 F2340 X52.053 Y158.382 E2920.51738
G1 X51.947 Y158.488
G0 F7200 X53.889 Y157.395
G1 F2340 X74.788 Y136.496 E2923.17739
G1 X74.894 Y136.39
G0 F7200 X76.5 Y135.632
G1 F2340 X55.724 Y156.408 E2925.82174
G1 X55.618 Y156.514
G0 F7200 X57.558 Y155.422
G1 F2340 X78.328 Y134.652 E2928.46533
G1 X78.434 Y134.546
G0 F7200 X80.163 Y133.666
G1 F2340 X59.394 Y154.435 E2931.10879
G1 X59.288 Y154.541
G0 F7200 X61.229 Y153.449
G1 F2340 X81.998 Y132.679 E2933.75232
G1 X82.104 Y132.573
G0 F7200 X83.834 Y131.692
G1 F2340 X63.064 Y152.462 E2936.39591
G1 X62.958 Y152.568
G0 F7200 X64.9 Y151.475
G1 F2340 X85.669 Y130.706 E2939.03937
G1 X85.775 Y130.6
G0 F7200 X87.504 Y129.719
G1 F2340 X66.735 Y150.489 E2941.6829
G1 X66.629 Y150.595
G0 F7200 X68.57 Y149.502
G1 F2340 X89.339 Y128.732 E2944.32642
G1 X89.445 Y128.626
G0 F7200 X91.174 Y127.746
G1 F2340 X70.405 Y148.516 E2946.96995
G1 X70.299 Y148.622
G0 F7200 X72.24 Y147.529
G1 F2340 X93.009 Y126.759 E2949.61347
G1 X93.115 Y126.653
G0 F7200 X94.845 Y125.772
G1 F2340 X74.075 Y146.542 E2952.25706
G1 X73.969 Y146.648
G0 F7200 X75.91 Y145.556
G1 F2340 X96.68 Y124.786 E2954.90065
G1 X96.786 Y124.68
G0 F7200 X98.515 Y123.8
G1 F2340 X77.746 Y144.569 E2957.54411
G1 X77.64 Y144.675
G0 F7200 X79.581 Y143.582
G1 F2340 X100.35 Y122.813 E2960.18758
G1 X100.456 Y122.707
G0 F7200 X102.185 Y121.826
G1 F2340 X81.416 Y142.596 E2962.8311
G1 X81.31 Y142.702
G0 F7200 X83.251 Y141.609
G1 F2340 X104.02 Y120.84 E2965.47456
G1 X104.126 Y120.734
G0 F7200 X105.855 Y119.853
G1 F2340 X85.086 Y140.622 E2968.11803
G1 X84.98 Y140.728
G0 F7200 X86.921 Y139.636
G1 F2340 X107.691 Y118.866 E2970.76162
G1 X107.797 Y118.76
G0 F7200 X109.526 Y117.88
G1 F2340 X88.756 Y138.649 E2973.40514
G1 X88.65 Y138.755
G0 F7200 X90.592 Y137.662
G1 F2340 X111.361 Y116.893 E2976.0486
G1 X111.467 Y116.787
G0 F7200 X113.196 Y115.906
G1 F2340 X92.427 Y136.676 E2978.69213
G1 X92.321 Y136.782
G0 F7200 X94.262 Y135.69
G1 F2340 X115.031 Y114.92 E2981.33565
G1 X115.137 Y114.814
G0 F7200 X116.866 Y113.933
G1 F2340 X96.097 Y134.702 E2983.97912
G1 X95.991 Y134.808
G0 F7200 X97.932 Y133.716
G1 F2340 X118.702 Y112.946 E2986.62271
G1 X118.808 Y112.84
G0 F7200 X120.537 Y111.96
G1 F2340 X99.767 Y132.73 E2989.2663
G1 X99.661 Y132.836
G0 F7200 X101.602 Y131.743
G1 F2340 X122.372 Y110.973 E2991.90988
G1 X122.478 Y110.867
G0 F7200 X124.208 Y109.986
G1 F2340 X103.438 Y130.756 E2994.55347
G1 X103.332 Y130.862
G0 F7200 X105.273 Y129.77
G1 F2340 X126.042 Y109 E2997.197
G1 X126.148 Y108.894
G0 F7200 X127.877 Y108.013
G1 F2340 X107.108 Y128.783 E2999.84053
G1 X107.002 Y128.889
G0 F7200 X108.943 Y127.796
G1 F2340 X129.713 Y107.026 E3002.48412
G1 X129.819 Y106.92
G0 F7200 X131.548 Y106.04
G1 F2340 X110.778 Y126.81 E3005.1277
G1 X110.672 Y126.916
G0 F7200 X112.613 Y125.823
G1 F2340 X133.383 Y105.053 E3007.77129
G1 X133.489 Y104.947
G0 F7200 X135.219 Y104.066
G1 F2340 X114.449 Y124.836 E3010.41488
G1 X114.343 Y124.942
G0 F7200 X116.284 Y123.85
G1 F2340 X137.055 Y103.078 E3013.05866
G1 X137.161 Y102.972
G0 F7200 X139.01 Y101.972
G1 F2340 X118.119 Y122.863 E3015.71765
G1 X118.013 Y122.969
G0 F7200 X119.954 Y121.877
G1 F2340 X141.342 Y100.488 E3018.43997
G1 X141.448 Y100.382
G0 F7200 X144.404 Y98.275
G1 F2340 X121.789 Y120.89 E3021.31839
G1 X121.683 Y120.996
G10
G0 F7200 X122.848 Y123.162
G0 X191.587 Y86.327
G0 X193.834 Y84.848
G0 X195.741 Y83.217
G0 X197.21 Y81.641
G0 X198.702 Y79.623
G0 X199.933 Y77.442
G0 X200.776 Y75.457
G0 X201.488 Y73.051
G0 X201.9 Y70.577
G0 X202.012 Y68.434
G0 X201.856 Y65.914
G0 X201.395 Y63.443
G0 X200.888 Y61.738
G0 X200.23 Y60.07
G0 X199.348 Y58.312
G0 X198.493 Y56.938
G0 X197.198 Y55.223
G0 X195.733 Y53.65
G0 X194.106 Y52.236
G0 X192.647 Y51.196
G0 X190.467 Y49.963
G0 X188.148 Y49.002
G0 X186.075 Y48.407
G0 X183.601 Y47.994
G0 X181.456 Y47.882
G0 X178.936 Y48.038
G0 X176.837 Y48.408
G0 X174.763 Y49.003
G0 X172.758 Y49.813
G0 X170.872 Y50.817
G0 X169.087 Y52.02
G0 X167.181 Y53.65
G0 X165.485 Y55.496
G0 X164.22 Y57.239
G0 X166.395 Y58.465
G11
G1 F2340 X171.468 Y53.392 E3021.96407
G1 X171.574 Y53.286
G0 F7200 X173.475 Y52.233
G1 F2340 X165.252 Y60.456 E3023.01069
G1 X165.146 Y60.562
G0 F7200 X164.612 Y61.945
G1 F2340 X174.959 Y51.598 E3024.32765
G1 X175.065 Y51.492
G0 F7200 X176.261 Y51.144
G1 F2340 X164.165 Y63.24 E3025.86722
G0 F7200 X163.867 Y64.387
G1 F2340 X177.415 Y50.84 E3027.59153
G0 F7200 X178.466 Y50.637
G1 F2340 X163.645 Y65.458 E3029.47794
G0 F7200 X163.467 Y66.484
G1 F2340 X179.454 Y50.497 E3031.51275
G0 F7200 X180.379 Y50.42
G1 F2340 X163.284 Y67.515 E3033.68859
G0 F7200 X163.059 Y68.589
G1 F2340 X181.26 Y50.388 E3036.0052
G0 F7200 X182.104 Y50.393
G1 F2340 X162.798 Y69.699 E3038.46245
G0 F7200 X162.518 Y70.827
G1 F2340 X182.9 Y50.446 E3041.05659
G0 F7200 X183.668 Y50.526
G1 F2340 X162.181 Y72.013 E3043.79144
G1 X162.075 Y72.119
G0 F7200 X161.819 Y73.223
G1 F2340 X184.411 Y50.632 E3046.66687
G0 F7200 X185.126 Y50.765
G1 F2340 X161.39 Y74.501 E3049.68797
G1 X161.284 Y74.607
G0 F7200 X160.921 Y75.819
G1 F2340 X185.818 Y50.922 E3052.85684
G0 F7200 X186.485 Y51.103
G1 F2340 X160.367 Y77.221 E3056.18112
G1 X160.261 Y77.327
G0 F7200 X159.715 Y78.721
G1 F2340 X187.139 Y51.297 E3059.67162
G1 X187.245 Y51.191
G10
G0 F7200 X175.983 Y63.302
G11
G1 F2340 X158.977 Y80.308 E3061.83613
G1 X158.871 Y80.414
G0 F7200 X158.079 Y82.054
G1 F2340 X174.503 Y65.631 E3063.9265
G1 X174.609 Y65.525
G0 F7200 X174.108 Y66.874
G1 F2340 X156.947 Y84.035 E3066.11074
G1 X156.841 Y84.141
G0 F7200 X155.518 Y86.313
G1 F2340 X173.96 Y67.87 E3068.45809
G0 F7200 X173.952 Y68.727
G1 F2340 X153.249 Y89.43 E3071.09315
G1 X153.143 Y89.536
G10
G0 F7200 X176.378 Y62.907
G11
G1 F2340 X187.763 Y51.522 E3072.54223
G0 F7200 X188.368 Y51.765
G1 F2340 X178.654 Y61.479 E3073.77862
G1 X178.548 Y61.585
G0 F7200 X179.889 Y61.093
G1 F2340 X188.962 Y52.02 E3074.93342
G0 F7200 X189.541 Y52.289
G1 F2340 X180.877 Y60.954 E3076.03623
G0 F7200 X181.746 Y60.934
G1 F2340 X190.093 Y52.586 E3077.09869
G0 F7200 X190.632 Y52.896
G1 F2340 X182.522 Y61.006 E3078.13093
G0 F7200 X183.242 Y61.134
G1 F2340 X191.158 Y53.218 E3079.13847
G0 F7200 X191.675 Y53.55
G1 F2340 X183.885 Y61.34 E3080.12998
G0 F7200 X184.5 Y61.573
G1 F2340 X192.163 Y53.91 E3081.10532
G0 F7200 X192.652 Y54.27
G1 F2340 X185.057 Y61.865 E3082.072
G0 F7200 X185.597 Y62.173
G1 F2340 X193.114 Y54.656 E3083.02876
G0 F7200 X193.568 Y55.051
G1 F2340 X186.086 Y62.532 E3083.981
G0 F7200 X186.54 Y62.927
G1 F2340 X194.006 Y55.461 E3084.93127
G0 F7200 X194.429 Y55.887
G1 F2340 X186.97 Y63.346 E3085.88064
G0 F7200 X187.361 Y63.804
G1 F2340 X194.839 Y56.325 E3086.8325
G0 F7200 X195.232 Y56.781
G1 F2340 X187.735 Y64.277 E3087.78665
G0 F7200 X188.034 Y64.828
G1 F2340 X195.614 Y57.247 E3088.75149
G0 F7200 X195.98 Y57.73
G1 F2340 X188.322 Y65.388 E3089.72619
G0 F7200 X188.561 Y65.998
G1 F2340 X196.335 Y58.224 E3090.71566
G0 F7200 X196.679 Y58.728
G1 F2340 X188.747 Y66.66 E3091.72524
G0 F7200 X188.877 Y67.378
G1 F2340 X196.997 Y59.258 E3092.75875
G0 F7200 X197.304 Y59.8
G1 F2340 X188.952 Y68.152 E3093.82178
G0 F7200 X188.952 Y69.001
G1 F2340 X197.595 Y60.358 E3094.92186
G0 F7200 X197.87 Y60.931
G1 F2340 X188.775 Y70.026 E3096.07946
G1 X188.669 Y70.132
G0 F7200 X188.416 Y71.234
G1 F2340 X198.133 Y61.516 E3097.3163
G1 X198.239 Y61.41
G10
G0 F7200 X174.026 Y69.502
G11
G1 F2340 X123.624 Y119.903 E3103.73136
G1 X123.518 Y120.009
G0 F7200 X125.459 Y118.917
G1 F2340 X174.16 Y70.216 E3109.92999
G0 F7200 X174.348 Y70.877
G1 F2340 X127.295 Y117.93 E3115.91886
G1 X127.189 Y118.036
G0 F7200 X129.13 Y116.943
G1 F2340 X174.594 Y71.479 E3121.70548
G0 F7200 X174.88 Y72.042
G1 F2340 X130.965 Y115.957 E3127.29495
G1 X130.859 Y116.063
G0 F7200 X132.8 Y114.97
G1 F2340 X175.189 Y72.581 E3132.69019
G0 F7200 X175.555 Y73.064
G1 F2340 X134.635 Y113.983 E3137.89839
G1 X134.529 Y114.089
G0 F7200 X136.47 Y112.997
G1 F2340 X175.942 Y73.526 E3142.92229
G0 F7200 X176.369 Y73.946
G1 F2340 X138.305 Y112.011 E3147.76711
G1 X138.199 Y112.117
G0 F7200 X140.141 Y111.024
G1 F2340 X176.828 Y74.336 E3152.43667
G0 F7200 X177.319 Y74.694
G1 F2340 X141.976 Y110.037 E3156.93509
G1 X141.87 Y110.143
G0 F7200 X143.811 Y109.051
G1 F2340 X177.82 Y75.042 E3161.26373
G0 F7200 X178.419 Y75.291
G1 F2340 X145.646 Y108.064 E3165.43506
G1 X145.54 Y108.17
G0 F7200 X147.481 Y107.077
G1 F2340 X179.019 Y75.54 E3169.44912
G0 F7200 X179.665 Y75.742
G1 F2340 X149.316 Y106.091 E3173.31192
G1 X149.21 Y106.197
G0 F7200 X151.152 Y105.104
G1 F2340 X180.399 Y75.856 E3177.03452
G0 F7200 X181.169 Y75.935
G1 F2340 X152.987 Y104.117 E3180.6215
G1 X152.881 Y104.223
G0 F7200 X154.822 Y103.131
G1 F2340 X182.038 Y75.915 E3184.08553
G0 F7200 X183.035 Y75.766
G1 F2340 X156.657 Y102.144 E3187.44291
G1 X156.551 Y102.25
G0 F7200 X158.492 Y101.157
G1 F2340 X184.241 Y75.409 E3190.72015
G1 X184.347 Y75.303
G0 F7200 X186.537 Y73.961
G1 F2340 X160.327 Y100.171 E3194.05614
G1 X160.221 Y100.277
G10
G0 F7200 X186.915 Y73.583
G11
G1 F2340 X198.364 Y62.134 E3195.51336
G0 F7200 X198.594 Y62.753
G1 F2340 X162.162 Y99.184 E3200.15034
G1 X162.056 Y99.29
G0 F7200 X163.998 Y98.197
G1 F2340 X198.786 Y63.409 E3204.57813
G0 F7200 X198.969 Y64.075
G1 F2340 X165.833 Y97.211 E3208.79565
G1 X165.727 Y97.317
G0 F7200 X167.668 Y96.225
G1 F2340 X199.125 Y64.767 E3212.79954
G0 F7200 X199.267 Y65.474
G1 F2340 X169.503 Y95.237 E3216.58781
G1 X169.397 Y95.343
G0 F7200 X171.338 Y94.251
G1 F2340 X199.365 Y66.225 E3220.155
G0 F7200 X199.445 Y66.993
G1 F2340 X173.173 Y93.265 E3223.49888
G1 X173.067 Y93.371
G0 F7200 X175.008 Y92.278
G1 F2340 X199.492 Y67.795 E3226.61512
G0 F7200 X199.5 Y68.635
G1 F2340 X176.844 Y91.291 E3229.49876
G1 X176.738 Y91.397
G0 F7200 X178.679 Y90.305
G1 F2340 X199.473 Y69.511 E3232.1454
G0 F7200 X199.4 Y70.432
G1 F2340 X180.514 Y89.318 E3234.5492
G1 X180.408 Y89.424
G0 F7200 X182.349 Y88.331
G1 F2340 X199.257 Y71.423 E3236.70124
G0 F7200 X199.048 Y72.481
G1 F2340 X184.184 Y87.345 E3238.59312
G1 X184.078 Y87.451
G0 F7200 X186.019 Y86.358
G1 F2340 X198.749 Y73.628 E3240.21338
G1 X198.855 Y73.522
G0 F7200 X198.322 Y74.905
G1 F2340 X187.812 Y85.414 E3241.55102
G1 X187.706 Y85.52
G0 F7200 X189.463 Y84.612
G1 F2340 X197.627 Y76.447 E3242.59019
G1 X197.733 Y76.341
G0 F7200 X196.503 Y78.42
G1 F2340 X191.491 Y83.432 E3243.22812
G1 X191.385 Y83.538
G10
G0 F7200 X180.747 Y75.146
G11
G1 F2340 X181.534 Y75.17 E3243.29588
G1 X182.378 Y75.105 E3243.36874
G1 X183.213 Y74.941 E3243.44126
G1 X184.061 Y74.649 E3243.51692
G1 X184.736 Y74.32 E3243.58048
G1 X185.594 Y73.748 E3243.66835
G1 X186.131 Y73.285 E3243.72897
G1 X186.682 Y72.673 E3243.79985
G1 X187.221 Y71.919 E3243.87949
G1 X187.565 Y71.271 E3243.9418
G1 X187.853 Y70.524 E3244.01037
G1 X188.17 Y69.315 E3244.1183
G1 X188.181 Y67.867 E3244.2419
G1 X188.04 Y67.034 E3244.31389
G1 X187.83 Y66.255 E3244.38264
G1 X187.572 Y65.633 E3244.44032
G1 X187.076 Y64.677 E3244.53179
G1 X186.489 Y63.963 E3244.60976
G1 X185.788 Y63.282 E3244.6936
G1 X185.228 Y62.859 E3244.75361
G1 X184.161 Y62.252 E3244.85821
G1 X183.214 Y61.922 E3244.94439
G1 X182.054 Y61.705 E3245.04461
G1 X181.087 Y61.713 E3245.12647
G1 X180.168 Y61.832 E3245.20649
G1 X179.487 Y61.999 E3245.26734
G1 X178.606 Y62.334 E3245.34873
G1 X177.924 Y62.69 E3245.41363
G1 X177.391 Y63.067 E3245.46871
G1 X176.787 Y63.578 E3245.5359
G1 X176.025 Y64.423 E3245.63319
G1 X175.51 Y65.265 E3245.71786
G1 X175.082 Y66.24 E3245.80784
G1 X174.886 Y66.927 E3245.868
G1 X174.698 Y68.174 E3245.97439
G1 X174.755 Y69.135 E3246.05629
G1 X174.895 Y69.964 E3246.12841
G1 X175.085 Y70.629 E3246.18754
G1 X175.403 Y71.396 E3246.25806
G1 X175.885 Y72.214 E3246.33951
G1 X176.413 Y72.899 E3246.41395
G1 X177.161 Y73.63 E3246.50367
G1 X178.284 Y74.427 E3246.62298
G1 X179.629 Y74.937 E3246.74904
G1 X180.747 Y75.146 E3246.84791
G0 F7200 X180.655 Y74.554
G1 F2340 X179.796 Y74.341 E3246.92433
G1 X178.798 Y74.032 E3247.01336
G1 X177.617 Y73.24 E3247.1319
G1 X176.634 Y72.276 E3247.24805
G1 X175.941 Y71.142 E3247.36035
G1 X175.618 Y70.357 E3247.4322
G1 X175.37 Y69.315 E3247.52256
G1 X175.29 Y68.22 E3247.61518
G1 X175.514 Y66.719 E3247.74299
G1 X176.03 Y65.555 E3247.8504
G1 X176.441 Y64.875 E3247.91811
G1 X177.232 Y63.97 E3248.02019
G1 X178.138 Y63.232 E3248.11844
G1 X179.274 Y62.678 E3248.22434
G1 X180.702 Y62.325 E3248.34843
G1 X182.077 Y62.291 E3248.46524
G1 X183.063 Y62.511 E3248.55191
G1 X183.755 Y62.699 E3248.6124
G1 X185.014 Y63.426 E3248.73339
G1 X185.808 Y64.098 E3248.82084
G1 X186.59 Y64.994 E3248.92083
G1 X187.247 Y66.362 E3249.04885
G1 X187.453 Y67.167 E3249.11966
G1 X187.6 Y67.837 E3249.17772
G1 X187.56 Y69.434 E3249.31021
G1 X187.275 Y70.334 E3249.38985
G1 X187.03 Y71.013 E3249.45167
G1 X186.657 Y71.704 E3249.51792
G1 X185.908 Y72.681 E3249.62142
G1 X185.105 Y73.373 E3249.71054
G1 X184.138 Y73.997 E3249.8073
G1 X183.048 Y74.372 E3249.90421
G1 X181.959 Y74.569 E3249.99757
G1 X180.655 Y74.554 E3250.10796
G10
G0 F7200 X23.597 Y159.592
G11
G1 F2340 X22.341 Y159.491 E3250.21264
G1 X21.075 Y159.126 E3250.32266
G1 X20.264 Y158.72 E3250.39814
G1 X19.27 Y158.025 E3250.49752
G1 X18.469 Y157.145 E3250.59502
G1 X17.798 Y156.025 E3250.70367
G1 X17.522 Y155.271 E3250.77084
G1 X17.279 Y154.182 E3250.86433
G1 X17.23 Y153.069 E3250.95815
G1 X17.425 Y151.762 E3251.06925
G1 X18.018 Y150.332 E3251.19941
G1 X18.883 Y149.214 E3251.31966
G1 X19.525 Y148.631 E3251.39332
G1 X20.205 Y148.148 E3251.46344
G1 X21.173 Y147.665 E3251.55455
G1 X22.607 Y147.307 E3251.67944
G1 X23.766 Y147.283 E3251.77757
G1 X25.13 Y147.493 E3251.8936
G1 X25.749 Y147.76 E3251.95047
G1 X26.524 Y148.146 E3252.02388
G1 X27.329 Y148.712 E3252.10661
G1 X28.229 Y149.585 E3252.21167
G1 X28.935 Y150.8 E3252.32862
G1 X29.154 Y151.407 E3252.38351
G1 X29.391 Y152.158 E3252.45107
G1 X29.512 Y153.221 E3252.54056
G1 X29.461 Y154.474 E3252.64385
G1 X29.032 Y155.818 E3252.76005
G1 X28.557 Y156.717 E3252.84583
G1 X27.675 Y157.814 E3252.96658
G1 X26.71 Y158.576 E3253.07153
G1 X25.8 Y159.066 E3253.16005
G1 X24.856 Y159.383 E3253.24476
G1 X23.597 Y159.592 E3253.35097
G0 F7200 X23.658 Y160.173
G1 F2340 X24.861 Y160.002 E3253.45486
G1 X26.078 Y159.607 E3253.5659
G1 X27.031 Y159.076 E3253.65948
G1 X28.1 Y158.245 E3253.77506
G1 X29.003 Y157.143 E3253.89829
G1 X29.682 Y155.846 E3254.02618
G1 X30.035 Y154.506 E3254.14623
G1 X30.108 Y153.33 E3254.24681
G1 X30.008 Y152.166 E3254.34736
G1 X29.731 Y151.209 E3254.43396
G1 X29.373 Y150.362 E3254.51311
G1 X28.829 Y149.457 E3254.60204
G1 X28.41 Y148.942 E3254.65748
G1 X27.713 Y148.263 E3254.73929
G1 X26.931 Y147.698 E3254.82081
G1 X26.003 Y147.216 E3254.90992
G1 X25.111 Y146.892 E3254.99052
G1 X23.915 Y146.687 E3255.09427
G1 X23.007 Y146.694 E3255.17268
G1 X22.088 Y146.811 E3255.25268
G1 X21.407 Y146.979 E3255.31345
G1 X20.566 Y147.295 E3255.39104
G1 X19.561 Y147.83 E3255.48854
G1 X18.489 Y148.751 E3255.60978
G1 X17.79 Y149.651 E3255.70754
G1 X17.313 Y150.482 E3255.78892
G1 X16.853 Y151.616 E3255.89215
G1 X16.674 Y152.716 E3255.98633
G1 X16.63 Y153.846 E3256.08253
G1 X16.785 Y154.805 E3256.16601
G1 X16.968 Y155.459 E3256.22378
G1 X17.197 Y156.171 E3256.2873
G1 X17.798 Y157.196 E3256.38957
G1 X18.329 Y157.883 E3256.46393
G1 X18.971 Y158.532 E3256.54134
G1 X19.872 Y159.178 E3256.63565
G1 X20.741 Y159.642 E3256.72058
G1 X21.868 Y159.981 E3256.82188
G1 X22.793 Y160.129 E3256.9021
G1 X23.658 Y160.173 E3256.97554
;TIME_ELAPSED:523.895404
G10
M107
M42 P8 S127 ; Allume les LED à pleine 50%
;Version _2.6 of the firmware can abort the print too early if the file ends
;too soon. However if the file hasn't ended yet because there are comments at
;the end of the file, it won't abort yet. Therefore we have to put at least 512
;bytes at the end of the g-code so that the file is not yet finished by the
;time that the motion planner gets flushed. With firmware version _3.3 this
;should be fixed, so this comment wouldn't be necessary any more. Now we have
;to pad this text to make precisely 512 bytes.
M82 ;absolute extrusion mode
;End of Gcode
;SETTING_3 {"global_quality": "[general]\\nversion = 4\\nname = Normal #2\\ndefi
;SETTING_3 nition = ultimaker2_plus\\n\\n[metadata]\\ntype = quality_changes\\nq
;SETTING_3 uality_type = fast\\nsetting_version = 25\\n\\n[values]\\nadhesion_ty
;SETTING_3 pe = brim\\nsupport_enable = False\\nsupport_type = buildplate\\n\\n"
;SETTING_3 , "extruder_quality": ["[general]\\nversion = 4\\nname = Normal #2\\n
;SETTING_3 definition = ultimaker2_plus\\n\\n[metadata]\\ntype = quality_changes
;SETTING_3 \\nquality_type = fast\\nsetting_version = 25\\nposition = 0\\n\\n[va
;SETTING_3 lues]\\nbrim_line_count = 8\\ninfill_pattern = zigzag\\ninfill_sparse
;SETTING_3 _density = 10.0\\nminimum_interface_area = 0.1\\nskirt_line_count = 5
;SETTING_3 \\nspeed_layer_0 = 40.0\\nspeed_print = 105.0\\nsupport_interface_den
;SETTING_3 sity = 20.0\\nsupport_interface_enable = True\\nsupport_interface_off
;SETTING_3 set = 0.1\\nsupport_interface_pattern = lines\\nsupport_pattern = lin
;SETTING_3 es\\nsupport_z_distance = 0.15\\nz_seam_type = back\\n\\n"]}
