;FLAVOR:UltiGCode
;TIME:1435
;MATERIAL:6087
;MATERIAL2:0
;NOZZLE_DIAMETER:0.6
;MINX:23.535
;MINY:97.535
;MINZ:0.4
;MAXX:199.465
;MAXY:125.465
;MAXZ:10
;TARGET_MACHINE.NAME:Ultimaker 2+
;Generated with Cura_SteamEngine 5.10.0
G0 F3000 Y50 ;avoid prime blob
M104 S230 ; Régler la température de l'extrudeur à 230°C
M140 S58 ; Régle la température du plateau à 58°C
M221 S100 ; Augmente le material flow de +0%
M82 ;absolute extrusion mode
G92 E0
G92 E0
G10
;LAYER_COUNT:65
;LAYER:0
M107
G0 F7200 X27.59 Y98.236 Z0.4
;TYPE:SKIRT
G11
G1 F1740 X30.661 Y97.535 E0.756
G1 X194.511 Y97.535 E40.08
G1 X197.821 Y100.69 E41.17746
G1 X198.822 Y102.137 E41.59974
G1 X199.465 Y104.462 E42.17868
G1 X199.46 Y113.589 E44.36916
G1 X198.96 Y116.174 E45.00106
G1 X197.729 Y119.194 E45.78376
G1 X195.647 Y121.706 E46.5668
G1 X193.161 Y123.743 E47.33815
G1 X190.182 Y124.957 E48.1102
G1 X187.598 Y125.46 E48.742
G1 X154.902 Y125.465 E56.58904
G1 X152.666 Y124.965 E57.13893
G1 X151.432 Y124.449 E57.45994
G1 X150.188 Y124.955 E57.78225
G1 X147.593 Y125.46 E58.41674
G1 X114.902 Y125.465 E66.26258
G1 X112.658 Y124.963 E66.81445
G1 X111.43 Y124.449 E67.13395
G1 X110.185 Y124.956 E67.45657
G1 X107.596 Y125.46 E68.0896
G1 X74.902 Y125.465 E75.93616
G1 X72.666 Y124.965 E76.48605
G1 X71.432 Y124.449 E76.80706
G1 X70.188 Y124.955 E77.12937
G1 X67.593 Y125.46 E77.76386
G1 X34.914 Y125.465 E85.60682
G1 X32.665 Y124.961 E86.15996
G1 X30.314 Y123.976 E86.77172
G1 X28.211 Y122.548 E87.38181
G1 X26.42 Y120.734 E87.99361
G1 X24.984 Y118.558 E88.61932
G1 X24.047 Y116.26 E89.21492
G1 X23.54 Y113.649 E89.85326
G1 X23.535 Y102.505 E92.52783
G1 X27.59 Y98.236 E93.94092
G0 F7200 X27.899 Y98.781
G1 F1740 X30.729 Y98.135 E94.63759
G1 X194.271 Y98.135 E133.88767
G1 X197.361 Y101.08 E134.91214
G1 X198.271 Y102.396 E135.29614
G1 X198.865 Y104.542 E135.83054
G1 X198.86 Y113.532 E137.98814
G1 X198.383 Y115.999 E138.59119
G1 X197.207 Y118.883 E139.33868
G1 X195.221 Y121.28 E140.08577
G1 X192.852 Y123.221 E140.82079
G1 X190.01 Y124.379 E141.55732
G1 X187.539 Y124.86 E142.16149
G1 X154.97 Y124.865 E149.97805
G1 X152.847 Y124.39 E150.50017
G1 X151.435 Y123.8 E150.86744
G1 X150.016 Y124.377 E151.23508
G1 X147.534 Y124.86 E151.84194
G1 X114.97 Y124.865 E159.6573
G1 X112.837 Y124.388 E160.18186
G1 X111.432 Y123.8 E160.5474
G1 X110.013 Y124.378 E160.91513
G1 X107.537 Y124.86 E161.52052
G1 X74.97 Y124.865 E169.3366
G1 X72.847 Y124.39 E169.85872
G1 X71.435 Y123.8 E170.226
G1 X70.016 Y124.377 E170.59363
G1 X67.534 Y124.86 E171.20049
G1 X34.978 Y124.865 E179.01393
G1 X32.849 Y124.388 E179.53756
G1 X30.601 Y123.446 E180.12253
G1 X28.599 Y122.087 E180.70325
G1 X26.887 Y120.353 E181.28807
G1 X25.519 Y118.28 E181.88416
G1 X24.624 Y116.085 E182.45307
G1 X24.14 Y113.592 E183.06256
G1 X24.135 Y102.744 E185.66608
G1 X27.899 Y98.781 E186.97783
G0 F7200 X28.208 Y99.326
G1 F1740 X30.797 Y98.735 E187.61517
G1 X194.031 Y98.735 E226.79133
G1 X196.904 Y101.473 E227.74383
G1 X197.72 Y102.653 E228.08815
G1 X198.265 Y104.622 E228.57847
G1 X198.26 Y113.475 E230.70319
G1 X197.805 Y115.826 E231.2779
G1 X196.686 Y118.571 E231.98934
G1 X194.795 Y120.854 E232.70081
G1 X192.543 Y122.699 E233.39952
G1 X189.838 Y123.801 E234.10052
G1 X187.48 Y124.26 E234.67706
G1 X155.038 Y124.265 E242.46314
G1 X153.031 Y123.816 E242.95673
G1 X151.439 Y123.15 E243.3709
G1 X149.843 Y123.8 E243.78449
G1 X147.476 Y124.26 E244.36319
G1 X115.038 Y124.265 E252.14831
G1 X113.016 Y123.813 E252.64557
G1 X111.434 Y123.151 E253.05715
G1 X109.841 Y123.8 E253.46998
G1 X107.478 Y124.26 E254.04775
G1 X75.038 Y124.265 E261.83335
G1 X73.031 Y123.816 E262.32694
G1 X71.439 Y123.15 E262.7411
G1 X69.843 Y123.8 E263.15469
G1 X67.476 Y124.26 E263.7334
G1 X35.042 Y124.265 E271.51756
G1 X33.033 Y123.815 E272.01167
G1 X30.888 Y122.916 E272.56985
G1 X28.987 Y121.626 E273.12122
G1 X27.354 Y119.972 E273.67906
G1 X26.054 Y118.002 E274.24552
G1 X25.201 Y115.91 E274.78773
G1 X24.74 Y113.535 E275.36837
G1 X24.735 Y102.983 E277.90085
G1 X28.208 Y99.326 E279.11126
G0 F7200 X28.517 Y99.871
G1 F1740 X30.865 Y99.335 E279.68927
G1 X193.791 Y99.335 E318.79151
G1 X196.447 Y101.866 E319.67203
G1 X197.169 Y102.91 E319.97667
G1 X197.665 Y104.702 E320.42292
G1 X197.66 Y113.418 E322.51476
G1 X197.227 Y115.653 E323.06114
G1 X196.165 Y118.259 E323.73652
G1 X194.369 Y120.428 E324.41237
G1 X192.234 Y122.177 E325.07476
G1 X189.666 Y123.223 E325.74024
G1 X187.421 Y123.66 E326.28916
G1 X155.106 Y123.665 E334.04476
G1 X153.21 Y123.241 E334.51103
G1 X151.442 Y122.501 E334.97102
G1 X149.671 Y123.222 E335.42994
G1 X147.418 Y123.66 E335.98078
G1 X115.106 Y123.665 E343.73566
G1 X113.2 Y123.239 E344.20439
G1 X111.438 Y122.502 E344.66277
G1 X109.669 Y123.222 E345.12115
G1 X107.419 Y123.66 E345.67128
G1 X75.106 Y123.665 E353.4264
G1 X73.21 Y123.241 E353.89268
G1 X71.442 Y122.501 E354.35267
G1 X69.671 Y123.222 E354.81159
G1 X67.418 Y123.66 E355.36243
G1 X35.106 Y123.665 E363.11731
G1 X33.217 Y123.242 E363.5819
G1 X31.179 Y122.388 E364.11222
G1 X29.372 Y121.162 E364.6363
G1 X27.821 Y119.591 E365.16613
G1 X26.589 Y117.724 E365.70298
G1 X25.778 Y115.735 E366.21849
G1 X25.34 Y113.478 E366.77028
G1 X25.335 Y103.222 E369.23172
G1 X28.517 Y99.871 E370.34078
G0 F7200 X28.826 Y100.416
G1 F1740 X30.933 Y99.935 E370.85947
G1 X193.551 Y99.935 E409.88779
G1 X195.99 Y102.259 E410.69633
G1 X196.618 Y103.167 E410.96129
G1 X197.065 Y104.782 E411.36347
G1 X197.06 Y113.361 E413.42243
G1 X196.65 Y115.478 E413.93995
G1 X195.643 Y117.948 E414.58012
G1 X193.943 Y120.002 E415.22002
G1 X191.925 Y121.655 E415.84608
G1 X189.494 Y122.645 E416.47605
G1 X187.362 Y123.06 E416.99733
G1 X155.174 Y123.065 E424.72245
G1 X153.389 Y122.666 E425.16142
G1 X151.444 Y121.852 E425.66745
G1 X149.498 Y122.645 E426.17178
G1 X147.361 Y123.06 E426.69424
G1 X115.174 Y123.065 E434.41912
G1 X113.381 Y122.664 E434.86008
G1 X111.441 Y121.853 E435.36472
G1 X109.496 Y122.645 E435.86874
G1 X107.361 Y123.06 E436.39073
G1 X75.174 Y123.065 E444.11561
G1 X73.389 Y122.666 E444.55458
G1 X71.444 Y121.852 E445.06061
G1 X69.498 Y122.645 E445.56494
G1 X67.361 Y123.06 E446.0874
G1 X35.174 Y123.065 E453.81228
G1 X33.396 Y122.667 E454.24956
G1 X31.47 Y121.86 E454.75074
G1 X29.757 Y120.698 E455.24752
G1 X28.288 Y119.21 E455.74935
G1 X27.124 Y117.446 E456.25658
G1 X26.355 Y115.56 E456.7454
G1 X25.94 Y113.421 E457.26833
G1 X25.935 Y103.461 E459.65873
G1 X28.826 Y100.416 E460.66644
G0 F7200 X29.135 Y100.961
G1 F1740 X31.001 Y100.535 E461.1258
G1 X193.311 Y100.535 E500.0802
G1 X195.533 Y102.652 E500.81677
G1 X196.067 Y103.424 E501.04206
G1 X196.465 Y104.862 E501.40015
G1 X196.46 Y113.304 E503.42623
G1 X196.073 Y115.303 E503.9149
G1 X195.12 Y117.639 E504.5204
G1 X193.519 Y119.574 E505.12315
G1 X191.616 Y121.133 E505.71357
G1 X189.321 Y122.068 E506.30832
G1 X187.304 Y122.46 E506.80146
G1 X155.242 Y122.465 E514.49634
G1 X153.57 Y122.091 E514.90754
G1 X151.822 Y121.36 E515.36226
G1 X151.523 Y121.171 E515.44716
G1 X149.323 Y122.068 E516.01736
G1 X147.304 Y122.46 E516.51097
G1 X115.242 Y122.465 E524.20585
G1 X113.565 Y122.09 E524.61827
G1 X111.882 Y121.386 E525.0561
G1 X111.531 Y121.168 E525.15527
G1 X109.323 Y122.068 E525.72752
G1 X107.304 Y122.46 E526.22113
G1 X75.242 Y122.465 E533.91601
G1 X73.57 Y122.091 E534.3272
G1 X71.822 Y121.36 E534.78193
G1 X71.523 Y121.171 E534.86682
G1 X69.323 Y122.068 E535.43702
G1 X67.304 Y122.46 E535.93063
G1 X35.242 Y122.465 E543.62551
G1 X33.575 Y122.092 E544.03549
G1 X31.761 Y121.332 E544.50751
G1 X30.142 Y120.234 E544.977
G1 X28.755 Y118.829 E545.45083
G1 X27.659 Y117.168 E545.92843
G1 X26.932 Y115.385 E546.39056
G1 X26.54 Y113.364 E546.88464
G1 X26.535 Y103.7 E549.204
G1 X29.135 Y100.961 E550.11036
G0 F7200 X29.444 Y101.506
G1 F1740 X31.069 Y101.135 E550.5104
G1 X193.071 Y101.135 E589.39088
G1 X195.076 Y103.045 E590.05547
G1 X195.516 Y103.681 E590.24108
G1 X195.865 Y104.942 E590.5551
G1 X195.86 Y113.247 E592.5483
G1 X195.496 Y115.128 E593.00811
G1 X194.598 Y117.328 E593.5784
G1 X193.092 Y119.148 E594.14535
G1 X191.307 Y120.611 E594.69926
G1 X189.148 Y121.491 E595.25881
G1 X187.247 Y121.86 E595.72356
G1 X155.31 Y121.865 E603.38844
G1 X153.754 Y121.517 E603.77111
G1 X152.054 Y120.806 E604.21336
G1 X151.502 Y120.432 E604.37338
G1 X151.149 Y120.675 E604.47623
G1 X149.148 Y121.491 E604.99487
G1 X147.247 Y121.86 E605.45963
G1 X115.31 Y121.865 E613.12451
G1 X113.749 Y121.516 E613.5084
G1 X112.114 Y120.832 E613.93375
G1 X111.503 Y120.432 E614.10902
G1 X111.149 Y120.675 E614.21207
G1 X109.148 Y121.491 E614.73071
G1 X107.247 Y121.86 E615.19546
G1 X75.31 Y121.865 E622.86034
G1 X73.754 Y121.517 E623.24301
G1 X72.054 Y120.806 E623.68525
G1 X71.502 Y120.432 E623.84528
G1 X71.149 Y120.675 E623.94813
G1 X69.148 Y121.491 E624.46677
G1 X67.247 Y121.86 E624.93152
G1 X35.31 Y121.865 E632.5964
G1 X33.754 Y121.517 E632.97907
G1 X32.052 Y120.804 E633.42194
G1 X30.524 Y119.768 E633.86501
G1 X29.224 Y118.451 E634.30914
G1 X28.194 Y116.89 E634.75798
G1 X27.509 Y115.21 E635.19341
G1 X27.14 Y113.307 E635.65864
G1 X27.135 Y103.939 E637.90696
G1 X29.444 Y101.506 E638.71198
G0 F7200 X29.753 Y102.051
G1 F1740 X31.137 Y101.735 E639.05268
G1 X192.831 Y101.735 E677.85924
G1 X194.662 Y103.479 E678.46612
G1 X194.965 Y103.939 E678.59832
G1 X195.265 Y105.022 E678.86803
G1 X195.26 Y113.19 E680.82835
G1 X194.918 Y114.957 E681.2603
G1 X194.077 Y117.017 E681.79431
G1 X192.668 Y118.72 E682.32479
G1 X190.999 Y120.088 E682.84271
G1 X188.973 Y120.914 E683.36781
G1 X187.19 Y121.26 E683.80371
G1 X155.378 Y121.265 E691.43859
G1 X153.933 Y120.942 E691.79395
G1 X152.344 Y120.277 E692.20736
G1 X151.482 Y119.693 E692.45725
G1 X150.922 Y120.119 E692.62611
G1 X148.973 Y120.914 E693.13129
G1 X147.19 Y121.26 E693.56719
G1 X115.378 Y121.265 E701.20207
G1 X113.933 Y120.942 E701.55743
G1 X112.346 Y120.278 E701.97031
G1 X111.483 Y119.693 E702.22053
G1 X110.922 Y120.119 E702.38959
G1 X108.973 Y120.914 E702.89477
G1 X107.19 Y121.26 E703.33067
G1 X75.378 Y121.265 E710.96555
G1 X73.933 Y120.942 E711.32091
G1 X72.344 Y120.277 E711.73432
G1 X71.482 Y119.693 E711.9842
G1 X70.922 Y120.119 E712.15307
G1 X68.973 Y120.914 E712.65825
G1 X67.19 Y121.26 E713.09415
G1 X35.378 Y121.265 E720.72903
G1 X33.933 Y120.942 E721.08439
G1 X32.343 Y120.276 E721.49811
G1 X30.906 Y119.302 E721.91475
G1 X29.693 Y118.073 E722.32918
G1 X28.729 Y116.612 E722.74927
G1 X28.086 Y115.035 E723.158
G1 X27.74 Y113.25 E723.59438
G1 X27.735 Y104.178 E725.77166
G1 X29.753 Y102.051 E726.47533
G0 F7200 X30.062 Y102.596
G1 F1740 X31.205 Y102.335 E726.75671
G1 X192.591 Y102.335 E765.48935
G1 X194.248 Y103.913 E766.03851
G1 X194.412 Y104.188 E766.11536
G1 X194.665 Y105.102 E766.34297
G1 X194.66 Y113.133 E768.27041
G1 X194.34 Y114.786 E768.67449
G1 X193.556 Y116.706 E769.17223
G1 X192.244 Y118.292 E769.66623
G1 X190.691 Y119.565 E770.14817
G1 X188.798 Y120.337 E770.63881
G1 X187.133 Y120.66 E771.04586
G1 X155.446 Y120.665 E778.65074
G1 X154.112 Y120.367 E778.97879
G1 X152.634 Y119.748 E779.36337
G1 X151.449 Y118.945 E779.70691
G1 X150.695 Y119.563 E779.94089
G1 X148.798 Y120.337 E780.43261
G1 X147.133 Y120.66 E780.83966
G1 X115.446 Y120.665 E788.44454
G1 X114.112 Y120.367 E788.77259
G1 X112.634 Y119.748 E789.15716
G1 X111.448 Y118.945 E789.50091
G1 X110.695 Y119.563 E789.7347
G1 X108.798 Y120.337 E790.22642
G1 X107.133 Y120.66 E790.63347
G1 X75.446 Y120.665 E798.23835
G1 X74.112 Y120.367 E798.5664
G1 X72.634 Y119.748 E798.95097
G1 X71.449 Y118.945 E799.29452
G1 X70.695 Y119.563 E799.5285
G1 X68.798 Y120.337 E800.02021
G1 X67.133 Y120.66 E800.42726
G1 X35.446 Y120.665 E808.03214
G1 X34.112 Y120.367 E808.3602
G1 X32.634 Y119.748 E808.74477
G1 X31.288 Y118.836 E809.13498
G1 X30.162 Y117.695 E809.51971
G1 X29.264 Y116.334 E809.91104
G1 X28.663 Y114.86 E810.29308
G1 X28.34 Y113.193 E810.7006
G1 X28.335 Y104.417 E812.80684
G1 X30.062 Y102.596 E813.40917
G0 F7200 X30.371 Y103.141
G1 F1740 X31.273 Y102.935 E813.63122
G1 X192.35 Y102.935 E852.2897
G1 X193.834 Y104.348 E852.78149
G1 X194.065 Y105.182 E852.98918
G1 X194.06 Y113.076 E854.88374
G1 X193.762 Y114.615 E855.25996
G1 X193.036 Y116.393 E855.72088
G1 X191.817 Y117.866 E856.17976
G1 X190.383 Y119.042 E856.62485
G1 X188.623 Y119.76 E857.08105
G1 X187.076 Y120.06 E857.45925
G1 X155.514 Y120.065 E865.03413
G1 X154.291 Y119.792 E865.33487
G1 X152.922 Y119.218 E865.69114
G1 X151.72 Y118.404 E866.03955
G1 X151.461 Y118.158 E866.12528
G1 X150.385 Y119.041 E866.45934
G1 X148.623 Y119.76 E866.91607
G1 X147.076 Y120.06 E867.29427
G1 X115.514 Y120.065 E874.86915
G1 X114.291 Y119.792 E875.16989
G1 X112.922 Y119.218 E875.52616
G1 X111.72 Y118.405 E875.87443
G1 X111.46 Y118.159 E875.96034
G1 X110.385 Y119.041 E876.29406
G1 X108.623 Y119.76 E876.7508
G1 X107.076 Y120.06 E877.12899
G1 X75.514 Y120.065 E884.70387
G1 X74.291 Y119.792 E885.00462
G1 X72.922 Y119.218 E885.36089
G1 X71.72 Y118.404 E885.70929
G1 X71.461 Y118.158 E885.79502
G1 X70.385 Y119.041 E886.12909
G1 X68.623 Y119.76 E886.58582
G1 X67.076 Y120.06 E886.96402
G1 X35.514 Y120.065 E894.5389
G1 X34.291 Y119.792 E894.83964
G1 X32.922 Y119.218 E895.19591
G1 X31.672 Y118.372 E895.55816
G1 X30.631 Y117.317 E895.91387
G1 X29.799 Y116.056 E896.27645
G1 X29.24 Y114.685 E896.63179
G1 X28.94 Y113.136 E897.01046
G1 X28.935 Y104.656 E899.04566
G1 X30.371 Y103.141 E899.54664
G0 F7200 X30.682 Y103.685
G1 F1740 X31.34 Y103.535 E899.70861
G1 X192.109 Y103.535 E938.29317
G1 X193.313 Y104.681 E938.6921
G1 X193.465 Y105.264 E938.8367
G1 X193.46 Y113.019 E940.6979
G1 X193.184 Y114.444 E941.04625
G1 X192.515 Y116.082 E941.4709
G1 X191.393 Y117.438 E941.8933
G1 X190.075 Y118.519 E942.30241
G1 X188.448 Y119.183 E942.72415
G1 X187.019 Y119.46 E943.0735
G1 X155.582 Y119.465 E950.61838
G1 X154.47 Y119.217 E950.89181
G1 X153.21 Y118.688 E951.21978
G1 X152.056 Y117.907 E951.55421
G1 X151.503 Y117.347 E951.7431
G1 X150.075 Y118.519 E952.18646
G1 X148.448 Y119.183 E952.60821
G1 X147.019 Y119.46 E952.95755
G1 X115.582 Y119.465 E960.50243
G1 X114.47 Y119.217 E960.77587
G1 X113.21 Y118.688 E961.10384
G1 X112.056 Y117.908 E961.43813
G1 X111.502 Y117.348 E961.62719
G1 X110.075 Y118.519 E962.07022
G1 X108.448 Y119.183 E962.49196
G1 X107.019 Y119.46 E962.84131
G1 X75.582 Y119.465 E970.38619
G1 X74.47 Y119.217 E970.65962
G1 X73.21 Y118.688 E970.9876
G1 X72.056 Y117.907 E971.32202
G1 X71.503 Y117.347 E971.51091
G1 X70.075 Y118.519 E971.95428
G1 X68.448 Y119.183 E972.37602
G1 X67.019 Y119.46 E972.72537
G1 X35.582 Y119.465 E980.27025
G1 X34.47 Y119.217 E980.54368
G1 X33.21 Y118.688 E980.87165
G1 X32.056 Y117.908 E981.20594
G1 X31.1 Y116.939 E981.53264
G1 X30.334 Y115.778 E981.86646
G1 X29.817 Y114.51 E982.1951
G1 X29.54 Y113.079 E982.54492
G1 X29.535 Y104.895 E984.50908
G1 X30.682 Y103.685 E984.90922
G0 F7200 X31.011 Y104.21
G1 F1740 X31.34 Y104.135 E984.9902
G1 X191.868 Y104.135 E1023.51692
G1 X192.79 Y105.012 E1023.82232
G1 X192.865 Y105.34 E1023.90307
G1 X192.86 Y112.962 E1025.73235
G1 X192.606 Y114.273 E1026.05284
G1 X191.995 Y115.769 E1026.44067
G1 X190.968 Y117.01 E1026.82727
G1 X189.765 Y117.997 E1027.20073
G1 X188.273 Y118.606 E1027.58749
G1 X186.962 Y118.86 E1027.90798
G1 X155.649 Y118.865 E1035.4231
G1 X154.652 Y118.643 E1035.66824
G1 X153.496 Y118.157 E1035.96921
G1 X152.443 Y117.445 E1036.27428
G1 X151.444 Y116.434 E1036.61539
G1 X150.968 Y117.01 E1036.79472
G1 X149.765 Y117.997 E1037.16818
G1 X148.273 Y118.606 E1037.55494
G1 X146.962 Y118.86 E1037.87544
G1 X115.649 Y118.865 E1045.39056
G1 X114.652 Y118.643 E1045.6357
G1 X113.496 Y118.157 E1045.93666
G1 X112.443 Y117.445 E1046.24173
G1 X111.444 Y116.434 E1046.58284
G1 X110.971 Y117.007 E1046.76116
G1 X109.765 Y117.997 E1047.13563
G1 X108.273 Y118.606 E1047.5224
G1 X106.962 Y118.86 E1047.84289
G1 X75.649 Y118.865 E1055.35801
G1 X74.652 Y118.643 E1055.60315
G1 X73.496 Y118.157 E1055.90411
G1 X72.443 Y117.445 E1056.20918
G1 X71.444 Y116.434 E1056.55029
G1 X70.968 Y117.01 E1056.72963
G1 X69.765 Y117.997 E1057.10309
G1 X68.273 Y118.606 E1057.48985
G1 X66.962 Y118.86 E1057.81034
G1 X35.649 Y118.865 E1065.32546
G1 X34.652 Y118.643 E1065.5706
G1 X33.496 Y118.157 E1065.87156
G1 X32.443 Y117.445 E1066.17663
G1 X31.567 Y116.558 E1066.47583
G1 X30.869 Y115.5 E1066.78003
G1 X30.394 Y114.335 E1067.08197
G1 X30.14 Y113.022 E1067.40294
G1 X30.135 Y105.134 E1069.29606
G1 X31.011 Y104.21 E1069.60164
G0 F7200 X31.524 Y105.335
G1 F1740 X191.475 Y105.335 E1107.98988
G1 X191.665 Y105.524 E1108.05419
G1 X191.66 Y112.848 E1109.81195
G1 X191.45 Y113.931 E1110.07672
G1 X190.954 Y115.144 E1110.39123
G1 X190.117 Y116.157 E1110.70661
G1 X189.143 Y116.955 E1111.0088
G1 X187.931 Y117.45 E1111.32301
G1 X186.848 Y117.66 E1111.58777
G1 X155.785 Y117.665 E1119.04289
G1 X155.014 Y117.493 E1119.23248
G1 X154.068 Y117.095 E1119.47879
G1 X153.217 Y116.519 E1119.72542
G1 X152.503 Y115.797 E1119.96912
G1 X151.936 Y114.938 E1120.21614
G1 X151.492 Y113.847 E1120.49884
G1 X150.954 Y115.144 E1120.83583
G1 X150.117 Y116.157 E1121.15121
G1 X149.143 Y116.955 E1121.4534
G1 X147.931 Y117.45 E1121.76761
G1 X146.848 Y117.66 E1122.03237
G1 X115.785 Y117.665 E1129.48749
G1 X115.014 Y117.493 E1129.67708
G1 X114.068 Y117.095 E1129.92339
G1 X113.217 Y116.519 E1130.17002
G1 X112.503 Y115.797 E1130.41372
G1 X111.936 Y114.938 E1130.66074
G1 X111.492 Y113.845 E1130.94388
G1 X110.955 Y115.142 E1131.28079
G1 X110.117 Y116.157 E1131.59668
G1 X109.143 Y116.955 E1131.89888
G1 X107.931 Y117.45 E1132.21308
G1 X106.848 Y117.66 E1132.47785
G1 X75.785 Y117.665 E1139.93297
G1 X75.014 Y117.493 E1140.12255
G1 X74.068 Y117.095 E1140.36887
G1 X73.217 Y116.519 E1140.6155
G1 X72.503 Y115.797 E1140.8592
G1 X71.936 Y114.939 E1141.10602
G1 X71.488 Y113.856 E1141.3873
G1 X70.954 Y115.144 E1141.72193
G1 X70.117 Y116.157 E1142.03731
G1 X69.143 Y116.955 E1142.3395
G1 X67.931 Y117.45 E1142.65371
G1 X66.848 Y117.66 E1142.91847
G1 X35.785 Y117.665 E1150.37359
G1 X35.014 Y117.493 E1150.56318
G1 X34.068 Y117.095 E1150.80949
G1 X33.217 Y116.519 E1151.05612
G1 X32.503 Y115.797 E1151.29982
G1 X31.936 Y114.938 E1151.54684
G1 X31.55 Y113.989 E1151.79272
G1 X31.34 Y112.907 E1152.05725
G1 X31.335 Y105.525 E1153.82893
G1 X31.524 Y105.335 E1153.89325
G0 F7200 X31.34 Y104.735
G1 F1740 X191.628 Y104.735 E1192.36237
G1 X192.265 Y105.34 E1192.57321
G1 X192.26 Y112.905 E1194.38881
G1 X192.028 Y114.102 E1194.68144
G1 X191.474 Y115.458 E1195.03299
G1 X190.544 Y116.582 E1195.38312
G1 X189.454 Y117.476 E1195.72145
G1 X188.102 Y118.028 E1196.07194
G1 X186.905 Y118.26 E1196.36456
G1 X155.717 Y118.265 E1203.84968
G1 X154.833 Y118.068 E1204.06705
G1 X153.782 Y117.626 E1204.34068
G1 X152.83 Y116.982 E1204.61653
G1 X152.034 Y116.177 E1204.88824
G1 X151.521 Y115.4 E1205.11169
G1 X150.544 Y116.582 E1205.47974
G1 X149.454 Y117.476 E1205.81807
G1 X148.102 Y118.028 E1206.16855
G1 X146.905 Y118.26 E1206.46118
G1 X115.717 Y118.265 E1213.9463
G1 X114.833 Y118.068 E1214.16366
G1 X113.782 Y117.626 E1214.4373
G1 X112.83 Y116.982 E1214.71315
G1 X112.034 Y116.177 E1214.98485
G1 X111.521 Y115.399 E1215.20851
G1 X110.544 Y116.582 E1215.57674
G1 X109.454 Y117.476 E1215.91507
G1 X108.102 Y118.028 E1216.26556
G1 X106.905 Y118.26 E1216.55818
G1 X75.717 Y118.265 E1224.0433
G1 X74.833 Y118.068 E1224.26067
G1 X73.782 Y117.626 E1224.5343
G1 X72.83 Y116.982 E1224.81015
G1 X72.034 Y116.177 E1225.08186
G1 X71.521 Y115.4 E1225.30531
G1 X70.544 Y116.582 E1225.67336
G1 X69.454 Y117.476 E1226.01169
G1 X68.102 Y118.028 E1226.36217
G1 X66.905 Y118.26 E1226.6548
G1 X35.717 Y118.265 E1234.13992
G1 X34.833 Y118.068 E1234.35728
G1 X33.782 Y117.626 E1234.63092
G1 X32.83 Y116.982 E1234.90677
G1 X32.034 Y116.177 E1235.17847
G1 X31.403 Y115.22 E1235.45359
G1 X30.972 Y114.162 E1235.72777
G1 X30.74 Y112.965 E1236.02039
G1 X30.735 Y105.373 E1237.84247
G1 X31.34 Y104.735 E1238.05349
;MESH:glasses_holder1.stl
G0 F7200 X31.933 Y105.933
;TYPE:WALL-OUTER
G1 F1740 X31.932 Y112.819 E1239.8714
G1 X32.129 Y113.84 E1240.14591
G1 X32.482 Y114.685 E1240.38767
G1 X32.986 Y115.44 E1240.62732
G1 X33.616 Y116.07 E1240.86254
G1 X34.371 Y116.574 E1241.10219
G1 X35.227 Y116.928 E1241.34673
G1 X35.845 Y117.064 E1241.51379
G1 X66.759 Y117.064 E1249.67509
G1 X67.78 Y116.867 E1249.9496
G1 X68.836 Y116.428 E1250.25152
G1 X69.71 Y115.71 E1250.55013
G1 X70.427 Y114.835 E1250.84878
G1 X70.954 Y113.572 E1251.21007
G1 X71.08 Y112.397 E1251.52205
G1 X71.195 Y112.253 E1251.5707
G1 X71.676 Y112.184 E1251.69898
G1 X71.916 Y112.382 E1251.78112
G1 X72.043 Y113.625 E1252.11098
G1 X72.482 Y114.685 E1252.41387
G1 X72.986 Y115.44 E1252.65352
G1 X73.616 Y116.07 E1252.88874
G1 X74.371 Y116.574 E1253.12839
G1 X75.227 Y116.928 E1253.37293
G1 X75.845 Y117.064 E1253.53999
G1 X106.759 Y117.064 E1261.70128
G1 X107.78 Y116.867 E1261.9758
G1 X108.836 Y116.428 E1262.27771
G1 X109.71 Y115.71 E1262.57633
G1 X110.427 Y114.836 E1262.87477
G1 X110.953 Y113.569 E1263.23694
G1 X111.052 Y112.609 E1263.49172
G1 X111.253 Y112.417 E1263.56511
G1 X111.622 Y112.373 E1263.66321
G1 X111.875 Y112.55 E1263.74473
G1 X112.129 Y113.832 E1264.08975
G1 X112.482 Y114.686 E1264.33371
G1 X112.986 Y115.44 E1264.57314
G1 X113.616 Y116.07 E1264.80835
G1 X114.371 Y116.574 E1265.048
G1 X115.227 Y116.928 E1265.29255
G1 X115.845 Y117.064 E1265.45961
G1 X146.759 Y117.064 E1273.6209
G1 X147.78 Y116.867 E1273.89542
G1 X148.836 Y116.428 E1274.19733
G1 X149.71 Y115.71 E1274.49594
G1 X150.427 Y114.836 E1274.79439
G1 X150.953 Y113.569 E1275.15656
G1 X151.052 Y112.601 E1275.41344
G1 X151.338 Y112.356 E1275.51286
G1 X151.564 Y112.358 E1275.57253
G1 X151.878 Y112.578 E1275.67375
G1 X152.129 Y113.832 E1276.01137
G1 X152.482 Y114.686 E1276.25533
G1 X152.986 Y115.44 E1276.49476
G1 X153.616 Y116.07 E1276.72997
G1 X154.371 Y116.574 E1276.96962
G1 X155.227 Y116.928 E1277.21416
G1 X155.845 Y117.064 E1277.38122
G1 X186.759 Y117.064 E1285.54252
G1 X187.78 Y116.867 E1285.81703
G1 X188.836 Y116.428 E1286.11895
G1 X189.71 Y115.71 E1286.41756
G1 X190.427 Y114.835 E1286.71621
G1 X190.867 Y113.781 E1287.01774
G1 X191.064 Y112.759 E1287.29251
G1 X191.064 Y105.932 E1289.09484
G1 X31.933 Y105.933 E1331.10542
G0 F7200 X31.933 Y106.233
G10
G0 X36.06 Y109.307
G11
G1 F1740 X36.308 Y109.064 E1331.19709
G1 X66.636 Y109.06 E1339.20368
G1 X66.869 Y109.169 E1339.27159
G1 X66.936 Y109.343 E1339.32081
G1 X66.936 Y115.753 E1341.01305
G1 X66.694 Y115.932 E1341.09252
G1 X36.253 Y115.936 E1349.12894
G1 X36.06 Y115.752 E1349.19934
G1 X36.06 Y109.307 E1350.90082
G0 F7200 X36.274 Y109.097
G10
G0 X76.06 Y109.288
G11
G1 F1740 X76.308 Y109.064 E1350.98904
G1 X106.725 Y109.06 E1359.01913
G1 X106.937 Y109.246 E1359.09359
G1 X106.936 Y115.753 E1360.81143
G1 X106.694 Y115.932 E1360.8909
G1 X76.253 Y115.936 E1368.92732
G1 X76.06 Y115.752 E1368.99772
G1 X76.06 Y109.288 E1370.70422
G0 F7200 X76.282 Y109.087
G10
G0 X116.06 Y109.307
G11
G1 F1740 X116.308 Y109.064 E1370.79588
G1 X146.715 Y109.06 E1378.82333
G1 X146.936 Y109.306 E1378.91063
G1 X146.936 Y115.753 E1380.61264
G1 X146.694 Y115.932 E1380.6921
G1 X116.253 Y115.936 E1388.72853
G1 X116.06 Y115.752 E1388.79893
G1 X116.06 Y109.307 E1390.50041
G0 F7200 X116.274 Y109.097
G10
G0 X156.06 Y109.307
G11
G1 F1740 X156.308 Y109.064 E1390.59207
G1 X186.717 Y109.06 E1398.62004
G1 X186.936 Y109.307 E1398.70719
G1 X186.936 Y115.753 E1400.40894
G1 X186.694 Y115.932 E1400.4884
G1 X156.253 Y115.936 E1408.52483
G1 X156.06 Y115.752 E1408.59522
G1 X156.06 Y109.307 E1410.2967
G0 F7200 X156.274 Y109.097
G0 X155.46 Y109.333
;TYPE:WALL-INNER
G1 F1740 X155.577 Y108.915 E1410.39567
G1 X155.752 Y108.695 E1410.45976
G1 X156.249 Y108.46 E1410.58511
G1 X186.636 Y108.46 E1417.51335
G1 X186.979 Y108.527 E1417.59303
G1 X187.252 Y108.703 E1417.66709
G1 X187.536 Y109.203 E1417.79819
G1 X187.536 Y115.636 E1419.26492
G1 X187.427 Y116.068 E1419.3665
G1 F1869.4 X186.8 Y116.484 E1419.52719
G1 X187.606 Y116.289 E1419.70429
G1 F1740 X188.524 Y115.908 E1419.9309
G1 X189.284 Y115.284 E1420.15511
G1 X189.907 Y114.523 E1420.37934
G1 X190.289 Y113.607 E1420.60562
G1 X190.464 Y112.701 E1420.81601
G1 X190.464 Y106.532 E1422.22254
G1 X32.533 Y106.533 E1458.23081
G1 X32.532 Y112.761 E1459.65079
G1 X32.707 Y113.666 E1459.86095
G1 X33.013 Y114.4 E1460.04227
G1 X33.452 Y115.058 E1460.22262
G1 X33.998 Y115.604 E1460.39867
G1 X34.655 Y116.042 E1460.5787
G1 X35.407 Y116.354 E1460.76433
G1 F1862.2 X36.36 Y116.5 E1460.97096
G1 F1895.2 X35.927 Y116.415 E1461.06402
G1 F1769.1 X35.595 Y116.111 E1461.16512
G1 F1740 X35.46 Y115.636 E1461.27771
G1 X35.46 Y109.203 E1462.74443
G1 X35.745 Y108.702 E1462.87585
G1 X36.249 Y108.46 E1463.00332
G1 X66.636 Y108.46 E1469.93155
G1 X67.04 Y108.555 E1470.02618
G1 X67.333 Y108.789 E1470.11167
G1 X67.535 Y109.311 E1470.23929
G1 X67.536 Y115.636 E1471.68139
G1 X67.427 Y116.068 E1471.78297
G1 F1869.4 X66.8 Y116.484 E1471.94367
G1 X67.606 Y116.289 E1472.12076
G1 F1740 X68.524 Y115.908 E1472.34738
G1 X69.284 Y115.284 E1472.57158
G1 X69.907 Y114.523 E1472.79582
G1 X70.367 Y113.422 E1473.06787
G1 X70.496 Y112.22 E1473.3435
G1 X70.843 Y111.767 E1473.47361
G1 X71.216 Y111.609 E1473.56596
G1 X71.78 Y111.593 E1473.69461
G1 X72.157 Y111.754 E1473.78807
G1 X72.502 Y112.208 E1473.91808
G1 X72.631 Y113.477 E1474.20891
G1 X73.014 Y114.401 E1474.43696
G1 X73.452 Y115.058 E1474.61699
G1 X73.998 Y115.604 E1474.79304
G1 X74.655 Y116.042 E1474.97308
G1 X75.407 Y116.354 E1475.1587
G1 F1862.2 X76.36 Y116.5 E1475.36533
G1 F1895.2 X75.927 Y116.415 E1475.4584
G1 F1769.1 X75.595 Y116.111 E1475.55949
G1 F1740 X75.46 Y115.636 E1475.67208
G1 X75.461 Y109.309 E1477.11464
G1 X75.664 Y108.788 E1477.24212
G1 X76.243 Y108.46 E1477.39385
G1 X106.636 Y108.46 E1484.32345
G1 X106.973 Y108.525 E1484.4017
G1 X107.419 Y108.915 E1484.53678
G1 X107.536 Y109.333 E1484.63575
G1 X107.536 Y115.636 E1486.07284
G1 X107.427 Y116.068 E1486.17442
G1 F1869.4 X106.8 Y116.484 E1486.33511
G1 X107.606 Y116.289 E1486.51221
G1 F1740 X108.524 Y115.908 E1486.73882
G1 X109.284 Y115.284 E1486.96303
G1 X109.907 Y114.524 E1487.18709
G1 X110.365 Y113.421 E1487.45939
G1 X110.468 Y112.416 E1487.68973
G1 X110.671 Y112.105 E1487.7744
G1 X111.073 Y111.845 E1487.88356
G1 X111.592 Y111.772 E1488.00306
G1 X111.907 Y111.828 E1488.076
G1 X112.248 Y112.054 E1488.16928
G1 X112.441 Y112.325 E1488.24513
G1 X112.706 Y113.657 E1488.55478
G1 X113.014 Y114.402 E1488.73858
G1 X113.452 Y115.058 E1488.91843
G1 X113.998 Y115.604 E1489.09448
G1 X114.655 Y116.042 E1489.27451
G1 X115.407 Y116.354 E1489.46014
G1 F1862.2 X116.36 Y116.5 E1489.66677
G1 F1895.2 X115.927 Y116.415 E1489.75983
G1 F1769.1 X115.595 Y116.111 E1489.86093
G1 F1740 X115.46 Y115.636 E1489.97352
G1 X115.46 Y109.331 E1491.41106
G1 X115.578 Y108.914 E1491.50987
G1 X115.753 Y108.695 E1491.57378
G1 X116.249 Y108.46 E1491.69892
G1 X146.636 Y108.46 E1498.62716
G1 X146.972 Y108.524 E1498.70514
G1 X147.418 Y108.913 E1498.84007
G1 X147.536 Y109.329 E1498.93866
G1 X147.536 Y115.636 E1500.37666
G1 X147.427 Y116.068 E1500.47824
G1 F1869.4 X146.8 Y116.484 E1500.63894
G1 X147.606 Y116.289 E1500.81603
G1 F1740 X148.524 Y115.908 E1501.04265
G1 X149.284 Y115.284 E1501.26685
G1 X149.907 Y114.524 E1501.49091
G1 X150.365 Y113.421 E1501.76321
G1 X150.468 Y112.409 E1501.99514
G1 X150.681 Y112.091 E1502.0824
G1 X151.146 Y111.787 E1502.20907
G1 X151.794 Y111.804 E1502.35687
G1 X152.275 Y112.143 E1502.49103
G1 X152.455 Y112.405 E1502.56351
G1 X152.705 Y113.656 E1502.85438
G1 X153.014 Y114.402 E1503.03848
G1 X153.452 Y115.058 E1503.21832
G1 X153.998 Y115.604 E1503.39437
G1 X154.655 Y116.042 E1503.57441
G1 X155.407 Y116.354 E1503.76003
G1 F1862.2 X156.36 Y116.5 E1503.96666
G1 F1895.2 X155.927 Y116.415 E1504.05973
G1 F1769.1 X155.595 Y116.111 E1504.16082
G1 F1740 X155.46 Y115.636 E1504.27341
G1 X155.46 Y109.333 E1505.7105
G10
G0 F7200 X157.172 Y110.171
G0 X157.172 Y114.829
G0 X156.36 Y116.5
G11
G1 F1996.9 X186.705 Y116.499 E1511.81045
G1 F2005.1 X186.8 Y116.484 E1511.82971
G10
G0 F7200 X186.8 Y118.186
G0 X147.12 Y118.137
G0 X146.8 Y116.484
G11
G1 F2005.1 X146.705 Y116.499 E1511.84897
G1 F1996.9 X116.36 Y116.5 E1517.94892
G10
G0 F7200 X115.727 Y118.185
G0 X107.12 Y118.137
G0 X106.8 Y116.484
G11
G1 F2005.1 X106.705 Y116.499 E1517.96818
G1 F1996.9 X76.36 Y116.5 E1524.06813
G10
G0 F7200 X75.727 Y118.185
G0 X67.12 Y118.137
G0 X66.8 Y116.484
G11
G1 F2005.1 X66.705 Y116.499 E1524.08739
G1 F1996.9 X36.36 Y116.5 E1530.18734
G0 F7200 X34.985 Y115.685
;TYPE:SKIN
G1 F1702.5 X34.98 Y109.105 E1531.64108
G1 F1634.5 X35.4 Y108.357 E1531.83773
G1 F1537.5 X36.191 Y107.89 E1532.06023
G1 F1471.3 X38.098 Y107.89 E1532.54075
G1 F1457.2 X40.005 Y107.89 E1533.02541
G1 F1441.2 X41.912 Y107.891 E1533.51488
G1 F1427.7 X43.819 Y107.891 E1534.00848
G1 F1414.4 X45.726 Y107.891 E1534.50621
G1 F1401.3 X47.633 Y107.891 E1535.00808
G1 F1386.3 X49.54 Y107.891 E1535.51476
G1 F1373.7 X51.447 Y107.891 E1536.02557
G1 F1361.3 X53.354 Y107.892 E1536.54052
G1 F1349.1 X55.261 Y107.892 E1537.05959
G1 F1335.1 X57.168 Y107.892 E1537.58348
G1 F1323.3 X59.075 Y107.892 E1538.11151
G1 F1311.6 X60.982 Y107.892 E1538.64366
G1 F1300.2 X62.889 Y107.893 E1539.17994
G1 F1287.1 X64.796 Y107.893 E1539.72105
G1 F1276 X66.703 Y107.893 E1540.26628
G1 F1441.2 X67.191 Y108.091 E1540.40146
G1 F1696.4 X67.714 Y108.484 E1540.54646
G1 F1740 X68.012 Y109.26 E1540.72651
G1 X68.017 Y115.594 E1542.09846
G1 X68.276 Y115.488 E1542.15907
G1 X68.942 Y114.942 E1542.34561
G1 X69.487 Y114.276 E1542.53201
G1 X69.894 Y113.3 E1542.76105
G1 X70.03 Y112.055 E1543.03233
G1 X70.551 Y111.376 E1543.2177
G1 X71.158 Y111.129 E1543.35965
G1 X72.135 Y111.188 E1543.57165
G1 X72.645 Y111.56 E1543.70838
G1 X72.968 Y112.053 E1543.83604
G1 X73.102 Y113.357 E1544.11998
G1 X73.443 Y114.178 E1544.31253
G1 X73.826 Y114.756 E1544.46272
G1 X74.3 Y115.226 E1544.6073
G1 X74.985 Y115.685 E1544.7859
G1 X74.98 Y109.257 E1546.17821
G1 X75.252 Y108.562 E1546.33986
G1 F1681.3 X75.781 Y108.088 E1546.49859
G1 F1434.4 X76.156 Y107.89 E1546.60789
G1 F1276 X106.7 Y107.891 E1555.34079
G1 F1443.5 X107.138 Y108.051 E1555.46031
G1 F1675.3 X107.84 Y108.654 E1555.66777
G1 F1717.9 X108.017 Y109.34 E1555.82301
G1 F1740 X108.017 Y115.594 E1557.17763
G1 X108.276 Y115.487 E1557.23833
G1 X108.942 Y114.942 E1557.42473
G1 X109.487 Y114.276 E1557.61113
G1 X109.894 Y113.297 E1557.84077
G1 X110.001 Y112.25 E1558.06873
G1 X110.365 Y111.742 E1558.2041
G1 X110.895 Y111.399 E1558.34084
G1 X111.542 Y111.295 E1558.48278
G1 X112.06 Y111.374 E1558.59627
G1 X112.547 Y111.686 E1558.72155
G1 X112.907 Y112.201 E1558.85765
G1 X113.169 Y113.516 E1559.14808
G1 X113.443 Y114.178 E1559.30326
G1 X113.826 Y114.756 E1559.45345
G1 X114.3 Y115.226 E1559.59803
G1 X114.985 Y115.685 E1559.77663
G1 F1702.5 X114.98 Y109.098 E1561.23191
G1 F1634.5 X115.415 Y108.346 E1561.43106
G1 F1537.5 X116.191 Y107.89 E1561.64908
G1 F1471.3 X118.225 Y107.89 E1562.16161
G1 F1454.9 X120.259 Y107.89 E1562.67927
G1 F1441.2 X122.293 Y107.89 E1563.20134
G1 F1425.4 X124.327 Y107.89 E1563.72855
G1 F1412.2 X126.361 Y107.89 E1564.26016
G1 F1397 X128.395 Y107.89 E1564.79692
G1 F1384.2 X130.429 Y107.89 E1565.33808
G1 F1369.5 X132.463 Y107.891 E1565.88438
G1 F1357.2 X134.497 Y107.891 E1566.43508
G1 F1345 X136.531 Y107.891 E1566.99019
G1 F1331.1 X138.565 Y107.891 E1567.55044
G1 F1319.4 X140.599 Y107.891 E1568.1151
G1 F1305.9 X142.633 Y107.891 E1568.6849
G1 F1294.5 X144.667 Y107.891 E1569.2591
G1 F1281.5 X146.701 Y107.891 E1569.83844
G1 F1443.5 X147.139 Y108.052 E1569.95805
G1 F1675.3 X147.835 Y108.653 E1570.1642
G1 F1717.9 X148.017 Y109.332 E1570.31824
G1 F1740 X148.017 Y115.594 E1571.67459
G1 X148.276 Y115.487 E1571.73529
G1 X148.942 Y114.942 E1571.92169
G1 X149.487 Y114.276 E1572.10809
G1 X149.893 Y113.297 E1572.33765
G1 X150.001 Y112.241 E1572.56757
G1 X150.379 Y111.721 E1572.70682
G1 X150.976 Y111.337 E1572.86057
G1 X151.444 Y111.256 E1572.96344
G1 X151.988 Y111.359 E1573.08337
G1 X152.585 Y111.778 E1573.24135
G1 X152.923 Y112.281 E1573.37261
G1 X153.169 Y113.516 E1573.64537
G1 X153.443 Y114.178 E1573.80055
G1 X153.826 Y114.756 E1573.95074
G1 X154.3 Y115.226 E1574.09532
G1 X154.985 Y115.685 E1574.27392
G1 F1702.5 X154.98 Y109.104 E1575.72788
G1 F1634.5 X155.409 Y108.347 E1575.92734
G1 F1537.5 X156.191 Y107.89 E1576.14674
G1 F1471.3 X158.225 Y107.89 E1576.65926
G1 F1454.9 X160.259 Y107.89 E1577.17692
G1 F1441.2 X162.293 Y107.89 E1577.69899
G1 F1427.7 X164.327 Y107.89 E1578.22546
G1 F1412.2 X166.361 Y107.89 E1578.75708
G1 F1399.2 X168.395 Y107.89 E1579.2931
G1 F1384.2 X170.429 Y107.89 E1579.83426
G1 F1371.6 X172.463 Y107.891 E1580.37982
G1 F1359.2 X174.497 Y107.891 E1580.9298
G1 F1345 X176.531 Y107.891 E1581.48491
G1 F1333.1 X178.565 Y107.891 E1582.04442
G1 F1319.4 X180.599 Y107.891 E1582.60908
G1 F1307.8 X182.633 Y107.891 E1583.17814
G1 F1296.4 X184.667 Y107.891 E1583.75161
G1 F1283.4 X186.701 Y107.891 E1584.33022
G1 F1416.6 X187.106 Y108.039 E1584.44261
G1 F1657.6 X187.629 Y108.418 E1584.5888
G1 F1740 X188.016 Y109.094 E1584.75752
G1 X188.017 Y115.594 E1586.16542
G1 X188.276 Y115.487 E1586.22612
G1 X188.942 Y114.942 E1586.41252
G1 X189.487 Y114.275 E1586.59908
G1 X189.827 Y113.464 E1586.78956
G1 X189.984 Y112.651 E1586.96891
G1 X189.984 Y107.012 E1588.19032
G1 X187.527 Y107.012 E1588.7225
G1 F1476 X186.772 Y107.107 E1588.9137
G1 F1277.8 X156.1 Y107.107 E1597.67212
G1 F1345 X155.886 Y107.072 E1597.7313
G1 F1566 X155.218 Y107.012 E1597.89109
G1 F1740 X147.65 Y107.012 E1599.53032
G1 F1476 X146.775 Y107.108 E1599.75149
G1 F1276 X116.1 Y107.107 E1608.52184
G1 F1345 X115.884 Y107.073 E1608.58152
G1 F1566 X115.22 Y107.013 E1608.74037
G1 F1740 X107.646 Y107.012 E1610.3809
G1 F1476 X106.775 Y107.108 E1610.60107
G1 F1276 X76.088 Y107.107 E1619.37485
G1 F1448 X75.494 Y107.012 E1619.5286
G1 F1681.3 X67.392 Y107.012 E1621.33906
G1 F1457.2 X66.8 Y107.109 E1621.49152
G1 F1274.2 X36.1 Y107.107 E1630.2801
G1 F1345 X35.881 Y107.071 E1630.34067
G1 F1566 X35.203 Y107.013 E1630.5028
G1 F1740 X33.013 Y107.013 E1630.97716
G1 X33.012 Y112.711 E1632.21134
G1 X33.169 Y113.521 E1632.39005
G1 X33.439 Y114.174 E1632.54311
G1 X33.826 Y114.756 E1632.69449
G1 X34.3 Y115.226 E1632.83908
G1 X34.985 Y115.685 E1633.01768
G0 F7200 X34.68 Y114.442
G1 F1740 X33.406 Y113.167 E1633.40808
G0 F7200 X33.312 Y112.225
G1 F1740 X34.68 Y113.593 E1633.82713
G0 F7200 X34.68 Y112.745
G1 F1740 X33.312 Y111.376 E1634.24632
G0 F7200 X33.312 Y110.528
G1 F1740 X34.68 Y111.896 E1634.66537
G0 F7200 X34.68 Y111.048
G1 F1740 X33.313 Y109.68 E1635.08426
G0 F7200 X33.313 Y108.832
G1 F1740 X34.68 Y110.199 E1635.50299
G0 F7200 X34.68 Y109.351
G1 F1740 X33.313 Y107.983 E1635.92189
G0 F7200 X33.491 Y107.313
G1 F1740 X34.869 Y108.691 E1636.34399
G0 F7200 X35.186 Y108.159
G1 F1740 X34.34 Y107.313 E1636.60314
G0 F7200 X35.188 Y107.313
G1 F1740 X35.678 Y107.803 E1636.75323
G10
G0 F7200 X67.431 Y107.312
G11
G1 F1740 X71.013 Y110.893 E1637.85031
G0 F7200 X70.383 Y111.113
G1 F1740 X68.21 Y108.94 E1638.51595
G0 F7200 X68.312 Y109.89
G1 F1740 X70.01 Y111.588 E1639.03607
G0 F7200 X69.719 Y112.146
G1 F1740 X68.313 Y110.739 E1639.46691
G0 F7200 X68.314 Y111.589
G1 F1740 X69.635 Y112.91 E1639.87156
G0 F7200 X69.453 Y113.577
G1 F1740 X68.314 Y112.437 E1640.22061
G0 F7200 X68.314 Y113.286
G1 F1740 X69.192 Y114.164 E1640.48956
G0 F7200 X68.81 Y114.63
G1 F1740 X68.315 Y114.136 E1640.64103
G0 F7200 X71.838 Y110.87
G1 F1740 X68.28 Y107.312 E1641.73091
G0 F7200 X69.128 Y107.312
G1 F1740 X74.681 Y112.865 E1643.4319
G0 F7200 X74.681 Y113.713
G1 F1740 X73.299 Y112.331 E1643.85523
G0 F7200 X73.396 Y113.276
G1 F1740 X74.681 Y114.562 E1644.24901
G1 X74.787 Y114.668
G0 F7200 X74.681 Y112.016
G1 F1740 X69.977 Y107.312 E1645.68993
G0 F7200 X70.825 Y107.312
G1 F1740 X74.681 Y111.168 E1646.87109
G0 F7200 X74.681 Y110.319
G1 F1740 X71.674 Y107.312 E1647.79219
G0 F7200 X72.522 Y107.312
G1 F1740 X74.681 Y109.471 E1648.45354
G0 F7200 X74.844 Y108.785
G1 F1740 X73.371 Y107.312 E1648.90474
G0 F7200 X74.219 Y107.312
G1 F1740 X75.131 Y108.223 E1649.18395
G0 F7200 X75.603 Y107.847
G1 F1740 X75.068 Y107.312 E1649.34783
G10
G0 F7200 X75.068 Y104.814
G0 X107.372 Y104.814
G0 X107.372 Y107.372
G11
G1 F1740 X111.066 Y111.066 E1650.47937
G0 F7200 X110.472 Y111.321
G1 F1740 X108.261 Y109.109 E1651.1568
G0 F7200 X108.317 Y110.015
G1 F1740 X110.025 Y111.722 E1651.67984
G0 F7200 X109.701 Y112.246
G1 F1740 X108.317 Y110.863 E1652.10363
G0 F7200 X108.317 Y111.712
G1 F1740 X109.621 Y113.015 E1652.50291
G0 F7200 X109.418 Y113.661
G1 F1740 X108.317 Y112.56 E1652.84017
G0 F7200 X108.317 Y113.409
G1 F1740 X109.138 Y114.23 E1653.09166
G0 F7200 X108.757 Y114.696
G1 F1740 X108.317 Y114.257 E1653.22629
G0 F7200 X111.893 Y111.044
G1 F1740 X108.161 Y107.313 E1654.36931
G0 F7200 X109.01 Y107.313
G1 F1740 X114.68 Y112.983 E1656.10614
G0 F7200 X114.68 Y113.831
G1 F1740 X113.254 Y112.405 E1656.54295
G0 F7200 X113.477 Y113.477
G1 F1740 X114.68 Y114.68 E1656.91145
G1 X114.786 Y114.786
G0 F7200 X114.68 Y112.134
G1 F1740 X109.858 Y107.313 E1658.38837
G0 F7200 X110.707 Y107.313
G1 F1740 X114.68 Y111.286 E1659.60537
G0 F7200 X114.68 Y110.437
G1 F1740 X111.556 Y107.313 E1660.56231
G0 F7200 X112.405 Y107.313
G1 F1740 X114.68 Y109.589 E1661.25934
G0 F7200 X114.782 Y108.842
G1 F1740 X113.253 Y107.313 E1661.7277
G0 F7200 X114.102 Y107.313
G1 F1740 X115.093 Y108.305 E1662.03142
G0 F7200 X115.541 Y107.904
G1 F1740 X114.95 Y107.313 E1662.21245
G0 F7200 X115.927 Y107.441
G1 F1740 X116.033 Y107.548 E1662.24507
G10
G0 F7200 X147.274 Y107.393
G11
G1 F1740 X150.924 Y111.043 E1663.36314
G0 F7200 X150.388 Y111.356
G1 F1740 X148.306 Y109.274 E1664.00089
G0 F7200 X148.316 Y110.132
G1 F1740 X149.971 Y111.787 E1664.50785
G0 F7200 X149.689 Y112.354
G1 F1740 X148.316 Y110.98 E1664.92858
G0 F7200 X148.316 Y111.829
G1 F1740 X149.61 Y113.123 E1665.32495
G0 F7200 X149.383 Y113.744
G1 F1740 X148.316 Y112.678 E1665.65164
G0 F7200 X148.316 Y113.527
G1 F1740 X149.084 Y114.295 E1665.8869
G0 F7200 X148.696 Y114.755
G1 F1740 X148.316 Y114.375 E1666.0033
G0 F7200 X151.741 Y111.012
G1 F1740 X148.041 Y107.312 E1667.13668
G0 F7200 X148.89 Y107.312
G1 F1740 X154.68 Y113.102 E1668.91026
G0 F7200 X154.68 Y112.254
G1 F1740 X149.738 Y107.312 E1670.42409
G0 F7200 X150.587 Y107.312
G1 F1740 X154.68 Y111.405 E1671.67785
G0 F7200 X154.68 Y110.557
G1 F1740 X151.435 Y107.312 E1672.67185
G0 F7200 X152.284 Y107.312
G1 F1740 X154.68 Y109.708 E1673.40579
G0 F7200 X154.74 Y108.919
G1 F1740 X153.132 Y107.312 E1673.8982
G0 F7200 X153.981 Y107.312
G1 F1740 X155.047 Y108.378 E1674.22474
G0 F7200 X155.47 Y107.953
G1 F1740 X154.83 Y107.312 E1674.42093
G0 F7200 X155.781 Y107.414
G1 F1740 X155.964 Y107.598 E1674.47714
G10
G0 F7200 X153.283 Y112.554
G11
G1 F1740 X154.68 Y113.951 E1674.90507
G0 F7200 X154.68 Y114.799
G1 F1740 X153.561 Y113.68 E1675.24784
G1 X153.455 Y113.574
G10
G0 F7200 X151.488 Y115.153
G0 X152.115 Y116.151
G0 X152.908 Y116.944
G0 X153.845 Y117.572
G0 X154.886 Y118.003
G0 X155.727 Y118.185
G0 X186.871 Y118.185
G0 X188.109 Y117.946
G0 X189.415 Y117.405
G0 X190.509 Y116.509
G0 X191.405 Y115.415
G0 X191.946 Y114.109
G0 X192.185 Y112.871
G0 X192.174 Y104.826
G0 X187.165 Y104.814
G0 X187.165 Y107.403
G11
G1 F1740 X189.684 Y109.923 E1676.01961
G0 F7200 X189.684 Y110.771
G1 F1740 X188.316 Y109.403 E1676.43866
G0 F7200 X188.316 Y110.251
G1 F1740 X189.684 Y111.62 E1676.85785
G0 F7200 X189.684 Y112.468
G1 F1740 X188.316 Y111.1 E1677.2769
G0 F7200 X188.316 Y111.948
G1 F1740 X189.572 Y113.204 E1677.66163
G0 F7200 X189.348 Y113.829
G1 F1740 X188.316 Y112.797 E1677.97775
G0 F7200 X188.316 Y113.645
G1 F1740 X189.031 Y114.36 E1678.19677
G0 F7200 X188.631 Y114.809
G1 F1740 X188.316 Y114.494 E1678.29326
G10
G0 F7200 X189.684 Y109.074
G11
G1 F1740 X187.922 Y107.312 E1678.833
G0 F7200 X188.771 Y107.312
G1 F1740 X189.684 Y108.226 E1679.11282
G1 X189.789 Y108.332
G10
;MESH:NONMESH
G0 F600 X189.789 Y108.332 Z0.55
G0 F7200 X192.186 Y108.332
G0 X192.174 Y104.826
G0 X31.812 Y104.814
G0 X31.812 Y105.812
;TIME_ELAPSED:259.174284
;LAYER:1
M106 S255
;TYPE:WALL-OUTER
;MESH:glasses_holder1.stl
G11
G1 F2310 X31.812 Y112.831 E1679.74453
G1 X32.013 Y113.873 E1679.84004
G1 X32.374 Y114.745 E1679.92498
G1 X32.885 Y115.504 E1680.00732
G1 X33.552 Y116.171 E1680.09222
G1 X34.311 Y116.682 E1680.17457
G1 X35.19 Y117.044 E1680.26012
G1 X35.833 Y117.184 E1680.31935
G1 X66.771 Y117.184 E1683.10377
G1 X67.817 Y116.983 E1683.19963
G1 X68.896 Y116.535 E1683.30478
G1 X69.798 Y115.794 E1683.40984
G1 X70.535 Y114.896 E1683.5144
G1 X71.07 Y113.605 E1683.64017
G1 X71.159 Y112.898 E1683.7043
G1 X71.272 Y112.769 E1683.71973
G1 X71.312 Y112.766 E1683.72334
G1 F2880 X71.656 Y112.739 E1683.7544
G1 X71.684 Y112.757 E1683.7574
G1 F2310 X71.846 Y112.863 E1683.77482
G1 X71.927 Y113.658 E1683.84674
G1 X72.374 Y114.745 E1683.95252
G1 X72.885 Y115.504 E1684.03487
G1 X73.552 Y116.171 E1684.11976
G1 X74.311 Y116.682 E1684.20211
G1 X75.19 Y117.044 E1684.28767
G1 X75.833 Y117.184 E1684.34689
G1 X106.771 Y117.184 E1687.13131
G1 X107.817 Y116.983 E1687.22718
G1 X108.896 Y116.535 E1687.33232
G1 X109.798 Y115.794 E1687.43738
G1 X110.535 Y114.896 E1687.54194
G1 X111.07 Y113.601 E1687.66804
G1 X111.156 Y112.944 E1687.72768
G1 X111.303 Y112.819 E1687.74504
G1 F2880 X111.345 Y112.783 E1687.75002
G1 X111.641 Y112.782 E1687.77666
G1 X111.645 Y112.785 E1687.77711
G1 F2310 X111.831 Y112.948 E1687.79937
G1 X112.017 Y113.876 E1687.88455
G1 X112.374 Y114.745 E1687.9691
G1 X112.885 Y115.504 E1688.05145
G1 X113.552 Y116.171 E1688.13635
G1 X114.311 Y116.682 E1688.2187
G1 X115.19 Y117.044 E1688.30425
G1 X115.833 Y117.184 E1688.36348
G1 X146.771 Y117.184 E1691.1479
G1 X147.817 Y116.983 E1691.24376
G1 X148.896 Y116.535 E1691.34891
G1 X149.798 Y115.794 E1691.45397
G1 X150.535 Y114.896 E1691.55852
G1 X151.073 Y113.598 E1691.68498
G1 X151.155 Y112.945 E1691.74421
G1 X151.303 Y112.819 E1691.76171
G1 F2880 X151.345 Y112.783 E1691.76668
G1 X151.641 Y112.782 E1691.79332
G1 X151.646 Y112.786 E1691.7939
G1 F2310 X151.831 Y112.948 E1691.81603
G1 X152.017 Y113.876 E1691.90121
G1 X152.374 Y114.745 E1691.98577
G1 X152.885 Y115.504 E1692.06811
G1 X153.552 Y116.171 E1692.15301
G1 X154.311 Y116.682 E1692.23536
G1 X155.19 Y117.044 E1692.32091
G1 X155.833 Y117.184 E1692.38014
G1 X186.771 Y117.184 E1695.16456
G1 X187.817 Y116.983 E1695.26042
G1 X188.896 Y116.535 E1695.36557
G1 X189.798 Y115.794 E1695.47063
G1 X190.535 Y114.896 E1695.57519
G1 X190.983 Y113.813 E1695.68067
G1 X191.184 Y112.771 E1695.77617
G1 X191.184 Y105.812 E1696.40248
G1 X31.812 Y105.812 E1710.74596
G0 F7200 X31.812 Y106.112
G0 X32.195 Y106.195
G0 X36.428 Y108.772
G0 X36.428 Y109.184
G1 F2310 X66.604 Y109.18 E1713.4618
G1 X66.816 Y109.364 E1713.48707
G1 X66.816 Y115.637 E1714.05164
G1 X66.574 Y115.811 E1714.07846
G1 X36.346 Y115.816 E1716.79898
G1 X36.18 Y115.525 E1716.82914
G1 X36.18 Y109.426 E1717.37805
G1 X36.428 Y109.184 E1717.40923
G0 F7200 X36.728 Y109.184
G10
G0 X36.728 Y108.772
G0 X76.428 Y108.772
G0 X76.428 Y109.184
G11
G1 F2310 X106.596 Y109.18 E1720.12435
G1 X106.816 Y109.427 E1720.15412
G1 X106.816 Y115.637 E1720.71302
G1 X106.574 Y115.811 E1720.73985
G1 X76.346 Y115.816 E1723.46037
G1 X76.18 Y115.525 E1723.49052
G1 X76.18 Y109.426 E1724.03943
G1 X76.428 Y109.184 E1724.07061
G0 F7200 X76.728 Y109.184
G10
G0 X76.728 Y108.772
G0 X107.155 Y108.844
G0 X115.773 Y109.427
G0 X116.18 Y109.427
G11
G1 F2310 X116.428 Y109.184 E1724.10186
G1 X146.596 Y109.18 E1726.81698
G1 X146.816 Y109.427 E1726.84675
G1 X146.816 Y115.637 E1727.40565
G1 X146.574 Y115.811 E1727.43248
G1 X116.346 Y115.816 E1730.153
G1 X116.18 Y115.525 E1730.18315
G1 X116.18 Y109.427 E1730.73197
G0 F7200 X116.394 Y109.217
G10
G0 X116.394 Y108.772
G0 X147.156 Y108.844
G0 X155.773 Y109.427
G0 X156.18 Y109.427
G11
G1 F2310 X156.428 Y109.184 E1730.76322
G1 X186.596 Y109.18 E1733.47834
G1 X186.816 Y109.426 E1733.50804
G1 X186.816 Y115.637 E1734.06703
G1 X186.574 Y115.811 E1734.09386
G1 X156.346 Y115.816 E1736.81438
G1 X156.18 Y115.525 E1736.84453
G1 X156.18 Y109.427 E1737.39335
G0 F7200 X156.394 Y109.217
G0 X155.58 Y109.453
;TYPE:WALL-INNER
G1 F3180 X155.697 Y109.035 E1737.43241
G1 X155.872 Y108.815 E1737.45771
G1 X156.369 Y108.58 E1737.50719
G1 X186.516 Y108.58 E1740.22042
G1 X187.124 Y108.815 E1740.27909
G1 X187.416 Y109.319 E1740.33151
G1 X187.416 Y115.516 E1740.88924
G1 X187.296 Y115.965 E1740.93107
G1 F2930.9 X186.701 Y116.492 E1741.00809
G1 X187.644 Y116.405 E1741.09985
G1 F3180 X188.584 Y116.015 E1741.19144
G1 X189.372 Y115.368 E1741.28321
G1 X190.015 Y114.584 E1741.37446
G1 X190.405 Y113.64 E1741.46639
G1 X190.584 Y112.714 E1741.55127
G1 X190.584 Y106.412 E1742.11845
G1 X32.412 Y106.412 E1756.35393
G1 X32.412 Y112.774 E1756.92651
G1 X32.591 Y113.699 E1757.0113
G1 X32.905 Y114.46 E1757.0854
G1 X33.35 Y115.121 E1757.15711
G1 X33.935 Y115.706 E1757.23157
G1 X34.595 Y116.15 E1757.30316
G1 X35.37 Y116.469 E1757.37859
G1 F3156.8 X35.897 Y116.581 E1757.4274
G1 F2732.6 X36.48 Y116.5 E1757.48814
G1 X36 Y116.281 E1757.54259
G1 F3156.8 X35.723 Y116.004 E1757.57808
G1 F3180 X35.58 Y115.541 E1757.6217
G1 X35.58 Y109.319 E1758.18168
G1 X35.872 Y108.815 E1758.2341
G1 X36.369 Y108.58 E1758.28358
G1 X66.516 Y108.58 E1760.99681
G1 X66.852 Y108.644 E1761.02759
G1 X67.297 Y109.032 E1761.08073
G1 X67.416 Y109.448 E1761.11967
G1 X67.416 Y115.516 E1761.66579
G1 X67.296 Y115.965 E1761.70762
G1 F2930.9 X66.701 Y116.492 E1761.78463
G1 X67.644 Y116.405 E1761.8764
G1 F3180 X68.584 Y116.015 E1761.96799
G1 X69.372 Y115.368 E1762.05975
G1 X70.015 Y114.584 E1762.15101
G1 X70.482 Y113.456 E1762.26089
G1 X70.614 Y112.647 E1762.33466
G1 X70.954 Y112.261 E1762.38096
G1 X71.276 Y112.137 E1762.41201
G1 X71.816 Y112.16 E1762.46065
G1 X72.228 Y112.419 E1762.50445
G1 X72.379 Y112.648 E1762.52914
G1 X72.515 Y113.51 E1762.60768
G1 X72.906 Y114.46 E1762.70014
G1 X73.35 Y115.121 E1762.7718
G1 X73.935 Y115.706 E1762.84626
G1 X74.595 Y116.15 E1762.91785
G1 X75.37 Y116.469 E1762.99328
G1 F3156.8 X75.897 Y116.581 E1763.04209
G1 F2732.6 X76.48 Y116.5 E1763.10283
G1 X76 Y116.281 E1763.15728
G1 F3156.8 X75.723 Y116.004 E1763.19277
G1 F3180 X75.58 Y115.541 E1763.23639
G1 X75.58 Y109.448 E1763.78476
G1 X75.699 Y109.032 E1763.8237
G1 X75.875 Y108.813 E1763.84898
G1 X76.37 Y108.58 E1763.89822
G1 X106.516 Y108.58 E1766.61136
G1 X106.853 Y108.645 E1766.64225
G1 X107.299 Y109.036 E1766.69563
G1 X107.416 Y109.453 E1766.73461
G1 X107.416 Y115.516 E1767.28028
G1 X107.296 Y115.965 E1767.32211
G1 F2930.9 X106.701 Y116.492 E1767.39913
G1 X107.644 Y116.405 E1767.49089
G1 F3180 X108.584 Y116.015 E1767.58249
G1 X109.372 Y115.368 E1767.67425
G1 X110.015 Y114.584 E1767.76551
G1 X110.482 Y113.452 E1767.87571
G1 X110.612 Y112.69 E1767.94529
G1 X110.959 Y112.303 E1767.99207
G1 X111.272 Y112.185 E1768.02217
G1 X111.826 Y112.211 E1768.07209
G1 X112.186 Y112.432 E1768.1101
G1 X112.395 Y112.709 E1768.14133
G1 X112.594 Y113.701 E1768.23239
G1 X112.906 Y114.461 E1768.30633
G1 X113.35 Y115.121 E1768.37792
G1 X113.935 Y115.706 E1768.45238
G1 X114.595 Y116.15 E1768.52397
G1 X115.37 Y116.469 E1768.5994
G1 F3156.8 X115.897 Y116.581 E1768.64821
G1 F2732.6 X116.48 Y116.5 E1768.70896
G1 X116 Y116.281 E1768.7634
G1 F3156.8 X115.723 Y116.004 E1768.79889
G1 F3180 X115.58 Y115.541 E1768.84251
G1 X115.58 Y109.453 E1769.39043
G1 X115.697 Y109.035 E1769.42949
G1 X115.872 Y108.815 E1769.45479
G1 X116.369 Y108.58 E1769.50427
G1 X146.516 Y108.58 E1772.2175
G1 X146.853 Y108.645 E1772.24839
G1 X147.299 Y109.036 E1772.30177
G1 X147.416 Y109.453 E1772.34075
G1 X147.416 Y115.516 E1772.88642
G1 X147.296 Y115.965 E1772.92825
G1 F2930.9 X146.701 Y116.492 E1773.00527
G1 X147.644 Y116.405 E1773.09703
G1 F3180 X148.584 Y116.015 E1773.18863
G1 X149.372 Y115.368 E1773.28039
G1 X150.015 Y114.584 E1773.37164
G1 X150.485 Y113.45 E1773.48212
G1 X150.611 Y112.693 E1773.55119
G1 X150.958 Y112.303 E1773.59817
G1 X151.272 Y112.185 E1773.62836
G1 X151.826 Y112.211 E1773.67828
G1 X152.186 Y112.432 E1773.71629
G1 X152.395 Y112.709 E1773.74752
G1 X152.594 Y113.701 E1773.83858
G1 X152.906 Y114.461 E1773.91252
G1 X153.35 Y115.121 E1773.98411
G1 X153.935 Y115.706 E1774.05857
G1 X154.595 Y116.15 E1774.13016
G1 X155.37 Y116.469 E1774.20559
G1 F3156.8 X155.897 Y116.581 E1774.2544
G1 F2732.6 X156.48 Y116.5 E1774.31515
G1 X156 Y116.281 E1774.36959
G1 F3156.8 X155.723 Y116.004 E1774.40509
G1 F3180 X155.58 Y115.541 E1774.4487
G1 X155.58 Y109.453 E1774.99662
G0 F7200 X155.173 Y109.453
G0 X155.845 Y116.156
G0 X156.48 Y116.5
G1 F2414.8 X186.516 Y116.5 E1778.45676
G1 F2386.6 X186.687 Y116.493 E1778.47669
G10
G0 F7200 X154.486 Y116.378
G0 X152.075 Y112.398
G0 X150.857 Y112.308
G0 X149.324 Y114.68
G0 X146.687 Y116.493
G11
G1 F2386.6 X146.516 Y116.5 E1778.49661
G1 F2414.8 X116.48 Y116.5 E1781.95675
G0 F7200 X112.684 Y114.576
G0 X112.011 Y112.116
G0 X110.881 Y112.154
G0 X109.333 Y114.614
G0 X106.687 Y116.493
G1 F2386.6 X106.516 Y116.5 E1781.97668
G1 F2414.8 X76.48 Y116.5 E1785.43682
G0 F7200 X72.684 Y114.576
G0 X72.112 Y112.094
G0 X71.389 Y111.804
G0 X69.328 Y114.655
G0 X66.687 Y116.493
G1 F2386.6 X66.516 Y116.5 E1785.45674
G1 F2414.8 X36.48 Y116.5 E1788.91689
G0 F7200 X35.172 Y115.876
G0 X35.192 Y115.876
;TYPE:SKIN
G1 F2040 X35.1 Y115.544 E1788.94635
G1 X35.1 Y109.214 E1789.48756
G1 X35.539 Y108.451 E1789.56283
G1 X36.287 Y108.104 E1789.63333
G1 X66.562 Y108.105 E1792.22184
G1 X67.113 Y108.252 E1792.2706
G1 X67.641 Y108.708 E1792.33025
G1 X67.896 Y109.441 E1792.3966
G1 X67.896 Y115.5 E1792.91465
G1 X67.825 Y115.806 E1792.9415
G1 X68.335 Y115.596 E1792.98866
G1 X69.027 Y115.027 E1793.06526
G1 X69.595 Y114.335 E1793.1418
G1 X70.014 Y113.327 E1793.23514
G1 X70.156 Y112.523 E1793.30494
G1 X70.638 Y111.909 E1793.37168
G1 X71.206 Y111.661 E1793.42468
G1 X71.973 Y111.703 E1793.49035
G1 X72.527 Y112.054 E1793.54643
G1 X72.82 Y112.446 E1793.58827
G1 X72.982 Y113.38 E1793.66932
G1 X73.335 Y114.233 E1793.74825
G1 X73.725 Y114.816 E1793.80822
G1 X74.236 Y115.327 E1793.87001
G1 X74.819 Y115.722 E1793.93022
G1 X75.192 Y115.876 E1793.96472
G1 X75.1 Y115.544 E1793.99418
G1 X75.1 Y109.44 E1794.51607
G1 X75.259 Y108.853 E1794.56807
G1 X75.55 Y108.449 E1794.61063
G1 X76.287 Y108.104 E1794.68021
G1 X106.562 Y108.105 E1797.26872
G1 X107.113 Y108.253 E1797.3175
G1 X107.718 Y108.777 E1797.38594
G1 X107.896 Y109.45 E1797.44546
G1 X107.896 Y115.5 E1797.96273
G1 X107.825 Y115.806 E1797.98959
G1 X108.335 Y115.596 E1798.03675
G1 X109.027 Y115.027 E1798.11334
G1 X109.595 Y114.335 E1798.18989
G1 X110.014 Y113.322 E1798.28362
G1 X110.157 Y112.56 E1798.34991
G1 X110.643 Y111.948 E1798.41672
G1 X111.188 Y111.704 E1798.46778
G1 X111.941 Y111.746 E1798.53226
G1 X112.472 Y112.051 E1798.58462
G1 X112.845 Y112.509 E1798.63512
G1 X113.057 Y113.56 E1798.72679
G1 X113.335 Y114.237 E1798.78936
G1 X113.725 Y114.816 E1798.84905
G1 X114.236 Y115.327 E1798.91084
G1 X114.819 Y115.722 E1798.97105
G1 X115.192 Y115.876 E1799.00555
G1 X115.1 Y115.544 E1799.03501
G1 X115.1 Y109.223 E1799.57545
G1 X115.538 Y108.456 E1799.65097
G1 X116.287 Y108.104 E1799.72173
G1 X146.562 Y108.105 E1802.31024
G1 X147.113 Y108.253 E1802.35902
G1 X147.718 Y108.777 E1802.42745
G1 X147.896 Y109.45 E1802.48697
G1 X147.896 Y115.5 E1803.00425
G1 X147.825 Y115.806 E1803.03111
G1 X148.335 Y115.596 E1803.07826
G1 X149.027 Y115.027 E1803.15486
G1 X149.595 Y114.335 E1803.23141
G1 X150.014 Y113.322 E1803.32514
G1 X150.152 Y112.566 E1803.39084
G1 X150.648 Y111.947 E1803.45866
G1 X151.188 Y111.704 E1803.50929
G1 X151.941 Y111.746 E1803.57377
G1 X152.472 Y112.051 E1803.62613
G1 X152.845 Y112.509 E1803.67663
G1 X153.057 Y113.56 E1803.7683
G1 X153.335 Y114.237 E1803.83088
G1 X153.725 Y114.816 E1803.89056
G1 X154.236 Y115.327 E1803.95235
G1 X154.819 Y115.722 E1804.01256
G1 X155.192 Y115.876 E1804.04706
G1 X155.1 Y115.544 E1804.07652
G1 X155.1 Y109.223 E1804.61696
G1 X155.538 Y108.456 E1804.69248
G1 X156.287 Y108.104 E1804.76324
G1 X186.562 Y108.105 E1807.35175
G1 X187.075 Y108.225 E1807.3968
G1 X187.495 Y108.528 E1807.44108
G1 X187.896 Y109.214 E1807.50902
G1 X187.896 Y115.5 E1808.04647
G1 X187.825 Y115.806 E1808.07333
G1 X188.336 Y115.595 E1808.1206
G1 X189.03 Y115.027 E1808.19727
G1 X189.591 Y114.336 E1808.27337
G1 X189.943 Y113.496 E1808.35124
G1 X190.104 Y112.663 E1808.42378
G1 X190.104 Y106.892 E1808.9172
G1 X32.893 Y106.893 E1822.35875
G1 X32.892 Y112.724 E1822.8573
G1 X33.049 Y113.557 E1822.92977
G1 X33.33 Y114.232 E1822.99229
G1 X33.725 Y114.816 E1823.05257
G1 X34.236 Y115.327 E1823.11435
G1 X34.819 Y115.722 E1823.17456
G1 X35.192 Y115.876 E1823.20907
G0 F7200 X35.172 Y115.876
G0 X35.244 Y108.244
G0 X35.919 Y107.549
G1 F1826.8 X36.176 Y107.498 E1823.23382
G1 F2003.2 X66.504 Y107.496 E1825.87008
G1 F1802.6 X67.01 Y107.56 E1825.91885
G0 F7200 X75.876 Y107.559
G1 F1793.6 X76.176 Y107.498 E1825.94825
G1 F2003.2 X106.504 Y107.496 E1828.58451
G1 F1802.6 X107.009 Y107.559 E1828.63318
G0 F7200 X115.924 Y107.549
G1 F1829.8 X116.176 Y107.498 E1828.65743
G1 F2003.2 X146.504 Y107.496 E1831.29369
G1 F1799.6 X147.006 Y107.559 E1831.34214
G0 F7200 X155.925 Y107.548
G1 F1832.9 X156.172 Y107.498 E1831.36588
G1 F1996 X186.555 Y107.498 E1834.01558
G1 F1826.8 X187.14 Y107.549 E1834.07106
G0 F7200 X187.756 Y108.244
G0 X188.197 Y114.727
G1 F2040 X189.687 Y113.237 E1834.25122
G0 F7200 X189.804 Y112.272
G1 F2040 X188.197 Y113.879 E1834.44553
G0 F7200 X188.197 Y113.03
G1 F2040 X189.804 Y111.424 E1834.63978
G0 F7200 X189.804 Y110.575
G1 F2040 X188.197 Y112.182 E1834.83409
G0 F7200 X188.197 Y111.333
G1 F2040 X189.804 Y109.727 E1835.02834
G0 F7200 X189.804 Y108.878
G1 F2040 X188.197 Y110.485 E1835.22265
G0 F7200 X188.197 Y109.636
G1 F2040 X189.804 Y108.03 E1835.41691
G0 F7200 X189.793 Y107.192
G1 F2040 X188.069 Y108.916 E1835.62536
G0 F7200 X187.756 Y108.38
G1 F2040 X188.945 Y107.192 E1835.76907
G0 F7200 X188.096 Y107.192
G1 F2040 X187.443 Y107.845 E1835.84803
G10
G0 F7200 X155.529 Y107.515
G11
G1 F2040 X151.615 Y111.429 E1836.32129
G0 F7200 X152.285 Y111.607
G1 F2040 X154.87 Y109.022 E1836.63386
G0 F7200 X154.8 Y109.941
G1 F2040 X152.775 Y111.966 E1836.87871
G0 F7200 X153.139 Y112.45
G1 F2040 X154.8 Y110.789 E1837.07955
G0 F7200 X154.8 Y111.638
G1 F2040 X153.282 Y113.156 E1837.2631
G0 F7200 X153.482 Y113.805
G1 F2040 X154.8 Y112.487 E1837.42247
G0 F7200 X154.8 Y113.335
G1 F2040 X153.778 Y114.357 E1837.54604
G0 F7200 X154.158 Y114.825
G1 F2040 X154.8 Y114.184 E1837.62361
G0 F7200 X154.8 Y115.032
G1 F2040 X154.612 Y115.22 E1837.64634
G0 F7200 X152.618 Y112.056
G0 X151.625 Y111.315
G0 X150.295 Y111.9
G0 X149.667 Y113.377
G1 F2040 X148.195 Y114.848 E1837.82427
G0 F7200 X148.196 Y113.999
G1 F2040 X155.003 Y107.192 E1838.64734
G0 F7200 X154.155 Y107.192
G1 F2040 X148.196 Y113.151 E1839.36787
G0 F7200 X148.196 Y112.302
G1 F2040 X153.306 Y107.192 E1839.98575
G0 F7200 X152.458 Y107.192
G1 F2040 X148.196 Y111.453 E1840.50103
G0 F7200 X148.196 Y110.605
G1 F2040 X151.609 Y107.192 E1840.91371
G0 F7200 X150.761 Y107.192
G1 F2040 X148.196 Y109.756 E1841.2238
G0 F7200 X148.089 Y109.015
G1 F2040 X149.912 Y107.192 E1841.44423
G0 F7200 X149.064 Y107.192
G1 F2040 X147.802 Y108.453 E1841.59676
G0 F7200 X147.348 Y108.059
G1 F2040 X148.215 Y107.192 E1841.7016
G1 X148.321 Y107.086
G10
G0 F7200 X115.562 Y107.6
G11
G1 F2040 X111.729 Y111.434 E1842.16513
G0 F7200 X112.363 Y111.649
G1 F2040 X114.799 Y109.212 E1842.45974
G0 F7200 X114.799 Y110.06
G1 F2040 X112.83 Y112.03 E1842.69788
G0 F7200 X113.159 Y112.549
G1 F2040 X114.799 Y110.909 E1842.89618
G0 F7200 X114.799 Y111.758
G1 F2040 X113.301 Y113.256 E1843.07731
G0 F7200 X113.517 Y113.889
G1 F2040 X114.799 Y112.606 E1843.23238
G0 F7200 X114.799 Y113.455
G1 F2040 X113.826 Y114.428 E1843.35003
G0 F7200 X114.218 Y114.885
G1 F2040 X114.799 Y114.303 E1843.42035
G0 F7200 X114.799 Y115.152
G1 F2040 X114.684 Y115.268 E1843.43431
G0 F7200 X112.5 Y111.499
G0 X110.338 Y111.572
G0 X109.582 Y113.581
G1 F2040 X108.195 Y114.968 E1843.60202
G0 F7200 X108.196 Y114.119
G1 F2040 X109.874 Y112.441 E1843.80492
G1 X109.98 Y112.335
G0 F7200 X110.76 Y111.555
G1 F2040 X115.122 Y107.192 E1844.33241
G0 F7200 X114.273 Y107.192
G1 F2040 X108.196 Y113.27 E1845.06727
G0 F7200 X108.196 Y112.421
G1 F2040 X113.425 Y107.192 E1845.69954
G0 F7200 X112.576 Y107.192
G1 F2040 X108.196 Y111.573 E1846.22921
G0 F7200 X108.196 Y110.724
G1 F2040 X111.728 Y107.192 E1846.65628
G0 F7200 X110.879 Y107.192
G1 F2040 X108.196 Y109.876 E1846.98076
G0 F7200 X108.113 Y109.11
G1 F2040 X110.031 Y107.192 E1847.21267
G0 F7200 X109.182 Y107.192
G1 F2040 X107.861 Y108.514 E1847.37246
G0 F7200 X107.41 Y108.116
G1 F2040 X108.334 Y107.192 E1847.48419
G1 X108.44 Y107.086
G10
G0 F7200 X75.552 Y107.731
G11
G1 F2040 X71.884 Y111.398 E1847.92764
G0 F7200 X72.465 Y111.666
G1 F2040 X74.835 Y109.296 E1848.21421
G0 F7200 X74.8 Y110.179
G1 F2040 X72.907 Y112.072 E1848.44311
G0 F7200 X73.162 Y112.665
G1 F2040 X74.8 Y111.028 E1848.64111
G0 F7200 X74.8 Y111.876
G1 F2040 X73.304 Y113.372 E1848.82199
G0 F7200 X73.553 Y113.972
G1 F2040 X74.8 Y112.725 E1848.97278
G0 F7200 X74.8 Y113.573
G1 F2040 X73.875 Y114.498 E1849.08462
G0 F7200 X74.278 Y114.944
G1 F2040 X74.8 Y114.422 E1849.14774
G0 F7200 X72.673 Y111.671
G0 X71.275 Y111.112
G0 X70.992 Y111.441
G1 F2040 X75.24 Y107.193 E1849.66139
G0 F7200 X74.392 Y107.193
G1 F2040 X68.196 Y113.389 E1850.41058
G0 F7200 X68.196 Y114.237
G1 F2040 X69.838 Y112.595 E1850.60912
G1 X69.944 Y112.489
G0 F7200 X69.499 Y113.783
G1 F2040 X68.195 Y115.087 E1850.7668
G1 X68.089 Y115.193
G0 F7200 X68.196 Y112.54
G1 F2040 X73.543 Y107.193 E1851.41333
G0 F7200 X72.695 Y107.193
G1 F2040 X68.196 Y111.692 E1851.95733
G0 F7200 X68.196 Y110.843
G1 F2040 X71.846 Y107.193 E1852.39867
G0 F7200 X70.998 Y107.193
G1 F2040 X68.196 Y109.995 E1852.73747
G0 F7200 X68.137 Y109.206
G1 F2040 X70.149 Y107.193 E1852.98081
G0 F7200 X69.301 Y107.193
G1 F2040 X67.906 Y108.588 E1853.14949
G0 F7200 X67.475 Y108.17
G1 F2040 X68.452 Y107.193 E1853.26763
G0 F7200 X67.604 Y107.193
G1 F2040 X67.505 Y107.292 E1853.2796
G10
G0 F7200 X35.625 Y107.776
G11
G1 F2040 X33.193 Y110.208 E1853.57366
G0 F7200 X33.193 Y109.36
G1 F2040 X35.36 Y107.192 E1853.83575
G0 F7200 X34.512 Y107.192
G1 F2040 X33.193 Y108.511 E1853.99523
G0 F7200 X33.193 Y107.663
G1 F2040 X33.663 Y107.192 E1854.05212
G0 F7200 X34.8 Y109.45
G1 F2040 X33.193 Y111.057 E1854.24643
G0 F7200 X33.193 Y111.905
G1 F2040 X34.8 Y110.299 E1854.44068
G0 F7200 X34.8 Y111.147
G1 F2040 X33.202 Y112.745 E1854.63391
G0 F7200 X33.336 Y113.46
G1 F2040 X34.8 Y111.996 E1854.81093
G0 F7200 X34.8 Y112.844
G1 F2040 X33.584 Y114.06 E1854.95796
G0 F7200 X33.921 Y114.571
G1 F2040 X34.8 Y113.693 E1855.06418
G0 F7200 X34.8 Y114.541
G1 F2040 X34.337 Y115.004 E1855.12017
G0 F7200 X34.429 Y114.916
;MESH:NONMESH
G0 F600 X34.429 Y114.916 Z0.7
G0 F7200 X32.195 Y106.195
G0 X31.812 Y105.812
;TIME_ELAPSED:319.601947
;LAYER:2
;TYPE:WALL-OUTER
;MESH:glasses_holder1.stl
G1 F2880 X31.812 Y112.831 E1855.75188
G1 X32.013 Y113.873 E1855.84739
G1 X32.374 Y114.745 E1855.93233
G1 X32.885 Y115.504 E1856.01468
G1 X33.552 Y116.171 E1856.09957
G1 X34.311 Y116.682 E1856.18192
G1 X35.19 Y117.044 E1856.26748
G1 X35.833 Y117.184 E1856.3267
G1 X66.771 Y117.184 E1859.11112
G1 X67.817 Y116.983 E1859.20698
G1 X68.896 Y116.535 E1859.31213
G1 X69.798 Y115.794 E1859.41719
G1 X70.535 Y114.896 E1859.52175
G1 X71.07 Y113.605 E1859.64752
G1 X71.159 Y112.898 E1859.71165
G1 X71.272 Y112.769 E1859.72708
G1 X71.656 Y112.739 E1859.76175
G1 X71.846 Y112.863 E1859.78217
G1 X71.927 Y113.658 E1859.85409
G1 X72.374 Y114.745 E1859.95987
G1 X72.885 Y115.504 E1860.04222
G1 X73.552 Y116.171 E1860.12711
G1 X74.311 Y116.682 E1860.20946
G1 X75.19 Y117.044 E1860.29502
G1 X75.833 Y117.184 E1860.35424
G1 X106.771 Y117.184 E1863.13866
G1 X107.817 Y116.983 E1863.23453
G1 X108.896 Y116.535 E1863.33967
G1 X109.798 Y115.794 E1863.44473
G1 X110.535 Y114.896 E1863.54929
G1 X111.069 Y113.602 E1863.67528
G1 X111.151 Y112.945 E1863.73486
G1 X111.341 Y112.783 E1863.75734
G1 X111.701 Y112.805 E1863.7898
G1 X111.83 Y112.937 E1863.80641
G1 X112.017 Y113.872 E1863.89222
G1 X112.375 Y114.745 E1863.97714
G1 X112.885 Y115.504 E1864.05944
G1 X113.552 Y116.171 E1864.14434
G1 X114.311 Y116.682 E1864.22669
G1 X115.19 Y117.044 E1864.31224
G1 X115.833 Y117.184 E1864.37147
G1 X146.771 Y117.184 E1867.15589
G1 X147.817 Y116.983 E1867.25175
G1 X148.896 Y116.535 E1867.3569
G1 X149.798 Y115.794 E1867.46196
G1 X150.535 Y114.896 E1867.56651
G1 X151.07 Y113.601 E1867.69262
G1 X151.156 Y112.944 E1867.75225
G1 X151.345 Y112.783 E1867.7746
G1 X151.641 Y112.778 E1867.80124
G1 X151.831 Y112.944 E1867.82395
G1 X152.017 Y113.876 E1867.90948
G1 X152.374 Y114.745 E1867.99403
G1 X152.885 Y115.504 E1868.07638
G1 X153.552 Y116.171 E1868.16128
G1 X154.311 Y116.682 E1868.24363
G1 X155.19 Y117.044 E1868.32918
G1 X155.833 Y117.184 E1868.38841
G1 X186.771 Y117.184 E1871.17283
G1 X187.817 Y116.983 E1871.26869
G1 X188.896 Y116.535 E1871.37384
G1 X189.798 Y115.794 E1871.4789
G1 X190.535 Y114.896 E1871.58345
G1 X190.983 Y113.813 E1871.68893
G1 X191.184 Y112.771 E1871.78444
G1 X191.184 Y105.812 E1872.41075
G1 X31.812 Y105.812 E1886.75423
G0 F7200 X31.812 Y106.112
G0 X32.195 Y106.195
G0 X36.428 Y108.772
G0 X36.428 Y109.184
G1 F2880 X66.604 Y109.18 E1889.47007
G1 X66.816 Y109.364 E1889.49534
G1 X66.816 Y115.637 E1890.05991
G1 X66.574 Y115.811 E1890.08673
G1 X36.346 Y115.816 E1892.80725
G1 X36.18 Y115.525 E1892.8374
G1 X36.18 Y109.426 E1893.38631
G1 X36.428 Y109.184 E1893.4175
G0 F7200 X36.728 Y109.184
G10
G0 X36.728 Y108.772
G0 X76.428 Y108.772
G0 X76.428 Y109.184
G11
G1 F2880 X106.596 Y109.18 E1896.13262
G1 X106.816 Y109.427 E1896.16239
G1 X106.816 Y115.637 E1896.72129
G1 X106.574 Y115.811 E1896.74812
G1 X76.346 Y115.816 E1899.46864
G1 X76.18 Y115.525 E1899.49879
G1 X76.18 Y109.426 E1900.0477
G1 X76.428 Y109.184 E1900.07888
G0 F7200 X76.728 Y109.184
G10
G0 X76.728 Y108.772
G0 X107.155 Y108.844
G0 X115.773 Y109.427
G0 X116.18 Y109.427
G11
G1 F2880 X116.428 Y109.184 E1900.11013
G1 X146.596 Y109.18 E1902.82525
G1 X146.816 Y109.427 E1902.85502
G1 X146.816 Y115.637 E1903.41392
G1 X146.574 Y115.811 E1903.44075
G1 X116.346 Y115.816 E1906.16127
G1 X116.18 Y115.525 E1906.19142
G1 X116.18 Y109.427 E1906.74024
G0 F7200 X116.394 Y109.217
G10
G0 X116.394 Y108.772
G0 X147.156 Y108.844
G0 X155.773 Y109.427
G0 X156.18 Y109.427
G11
G1 F2880 X156.428 Y109.184 E1906.77149
G1 X186.596 Y109.18 E1909.48661
G1 X186.816 Y109.426 E1909.51631
G1 X186.816 Y115.637 E1910.0753
G1 X186.574 Y115.811 E1910.10212
G1 X156.346 Y115.816 E1912.82264
G1 X156.18 Y115.525 E1912.8528
G1 X156.18 Y109.427 E1913.40162
G0 F7200 X156.394 Y109.217
G0 X155.58 Y109.453
;TYPE:WALL-INNER
G1 F4620 X155.697 Y109.035 E1913.44068
G1 X155.872 Y108.815 E1913.46598
G1 X156.369 Y108.58 E1913.51546
G1 X186.516 Y108.58 E1916.22869
G1 X187.124 Y108.815 E1916.28736
G1 X187.416 Y109.319 E1916.33978
G1 X187.416 Y115.516 E1916.89751
G1 X187.296 Y115.965 E1916.93934
G1 F4258.1 X186.701 Y116.492 E1917.01636
G1 X187.644 Y116.405 E1917.10812
G1 F4620 X188.584 Y116.015 E1917.19971
G1 X189.372 Y115.368 E1917.29148
G1 X190.015 Y114.584 E1917.38273
G1 X190.405 Y113.64 E1917.47466
G1 X190.584 Y112.714 E1917.55954
G1 X190.584 Y106.412 E1918.12672
G1 X32.412 Y106.412 E1932.3622
G1 X32.412 Y112.774 E1932.93478
G1 X32.591 Y113.699 E1933.01957
G1 X32.905 Y114.46 E1933.09366
G1 X33.35 Y115.121 E1933.16538
G1 X33.935 Y115.706 E1933.23984
G1 X34.595 Y116.15 E1933.31143
G1 X35.37 Y116.469 E1933.38686
G1 F4586.3 X35.897 Y116.581 E1933.43567
G1 F3970 X36.48 Y116.5 E1933.49641
G1 X36 Y116.281 E1933.55086
G1 F4586.3 X35.723 Y116.004 E1933.58635
G1 F4620 X35.58 Y115.541 E1933.62996
G1 X35.58 Y109.319 E1934.18994
G1 X35.872 Y108.815 E1934.24237
G1 X36.369 Y108.58 E1934.29185
G1 X66.516 Y108.58 E1937.00508
G1 X66.852 Y108.644 E1937.03586
G1 X67.297 Y109.032 E1937.08899
G1 X67.416 Y109.448 E1937.12794
G1 X67.416 Y115.516 E1937.67406
G1 X67.296 Y115.965 E1937.71588
G1 F4258.1 X66.701 Y116.492 E1937.7929
G1 X67.644 Y116.405 E1937.88467
G1 F4620 X68.584 Y116.015 E1937.97626
G1 X69.372 Y115.368 E1938.06802
G1 X70.015 Y114.584 E1938.15928
G1 X70.482 Y113.456 E1938.26916
G1 X70.614 Y112.647 E1938.34293
G1 X70.954 Y112.261 E1938.38922
G1 X71.276 Y112.137 E1938.42028
G1 X71.816 Y112.16 E1938.46892
G1 X72.228 Y112.419 E1938.51272
G1 X72.379 Y112.648 E1938.53741
G1 X72.515 Y113.51 E1938.61595
G1 X72.906 Y114.46 E1938.70841
G1 X73.35 Y115.121 E1938.78007
G1 X73.935 Y115.706 E1938.85453
G1 X74.595 Y116.15 E1938.92612
G1 X75.37 Y116.469 E1939.00155
G1 F4586.3 X75.897 Y116.581 E1939.05036
G1 F3970 X76.48 Y116.5 E1939.1111
G1 X76 Y116.281 E1939.16555
G1 F4586.3 X75.723 Y116.004 E1939.20104
G1 F4620 X75.58 Y115.541 E1939.24466
G1 X75.58 Y109.448 E1939.79303
G1 X75.699 Y109.032 E1939.83197
G1 X75.875 Y108.813 E1939.85725
G1 X76.37 Y108.58 E1939.90649
G1 X106.516 Y108.58 E1942.61963
G1 X106.853 Y108.645 E1942.65052
G1 X107.299 Y109.036 E1942.7039
G1 X107.416 Y109.453 E1942.74288
G1 X107.416 Y115.516 E1943.28855
G1 X107.296 Y115.965 E1943.33038
G1 F4258.1 X106.701 Y116.492 E1943.4074
G1 X107.644 Y116.405 E1943.49916
G1 F4620 X108.584 Y116.015 E1943.59076
G1 X109.372 Y115.368 E1943.68252
G1 X110.015 Y114.584 E1943.77377
G1 X110.481 Y113.454 E1943.88378
G1 X110.607 Y112.693 E1943.9532
G1 X110.955 Y112.303 E1944.00025
G1 X111.268 Y112.185 E1944.03035
G1 X111.827 Y112.207 E1944.0807
G1 X112.186 Y112.428 E1944.11864
G1 X112.395 Y112.705 E1944.14987
G1 X112.594 Y113.698 E1944.24102
G1 X112.907 Y114.461 E1944.31524
G1 X113.35 Y115.121 E1944.38678
G1 X113.935 Y115.706 E1944.46124
G1 X114.595 Y116.15 E1944.53283
G1 X115.37 Y116.469 E1944.60826
G1 F4586.3 X115.897 Y116.581 E1944.65707
G1 F3970 X116.48 Y116.5 E1944.71782
G1 X116 Y116.281 E1944.77226
G1 F4586.3 X115.723 Y116.004 E1944.80776
G1 F4620 X115.58 Y115.541 E1944.85137
G1 X115.58 Y109.453 E1945.39929
G1 X115.697 Y109.035 E1945.43835
G1 X115.872 Y108.815 E1945.46365
G1 X116.369 Y108.58 E1945.51313
G1 X146.516 Y108.58 E1948.22636
G1 X146.853 Y108.645 E1948.25725
G1 X147.299 Y109.036 E1948.31063
G1 X147.416 Y109.453 E1948.34961
G1 X147.416 Y115.516 E1948.89528
G1 X147.296 Y115.965 E1948.93711
G1 F4258.1 X146.701 Y116.492 E1949.01413
G1 X147.644 Y116.405 E1949.10589
G1 F4620 X148.584 Y116.015 E1949.19749
G1 X149.372 Y115.368 E1949.28925
G1 X150.015 Y114.584 E1949.3805
G1 X150.482 Y113.452 E1949.49071
G1 X150.612 Y112.69 E1949.56028
G1 X150.959 Y112.303 E1949.60707
G1 X151.272 Y112.185 E1949.63717
G1 X151.827 Y112.207 E1949.68716
G1 X152.187 Y112.429 E1949.72522
G1 X152.395 Y112.707 E1949.75647
G1 X152.594 Y113.702 E1949.8478
G1 X152.906 Y114.461 E1949.92165
G1 X153.35 Y115.121 E1949.99324
G1 X153.935 Y115.706 E1950.0677
G1 X154.595 Y116.15 E1950.13929
G1 X155.37 Y116.469 E1950.21472
G1 F4586.3 X155.897 Y116.581 E1950.26353
G1 F3970 X156.48 Y116.5 E1950.32428
G1 X156 Y116.281 E1950.37872
G1 F4586.3 X155.723 Y116.004 E1950.41421
G1 F4620 X155.58 Y115.541 E1950.45783
G1 X155.58 Y109.453 E1951.00575
G0 F7200 X155.173 Y109.453
G0 X155.845 Y116.156
G0 X156.48 Y116.5
G1 F3508.3 X186.516 Y116.5 E1954.46589
G1 F3467.4 X186.687 Y116.493 E1954.48582
G10
G0 F7200 X154.486 Y116.378
G0 X152.075 Y112.398
G0 X150.857 Y112.308
G0 X149.324 Y114.68
G0 X146.687 Y116.493
G11
G1 F3467.4 X146.516 Y116.5 E1954.50574
G1 F3508.3 X116.48 Y116.5 E1957.96588
G0 F7200 X112.684 Y114.576
G0 X112.01 Y112.112
G0 X110.879 Y112.15
G0 X109.332 Y114.613
G0 X106.687 Y116.493
G1 F3467.4 X106.516 Y116.5 E1957.9858
G1 F3508.3 X76.48 Y116.5 E1961.44595
G0 F7200 X72.684 Y114.576
G0 X72.112 Y112.094
G0 X71.389 Y111.804
G0 X69.328 Y114.655
G0 X66.687 Y116.493
G1 F3467.4 X66.516 Y116.5 E1961.46587
G1 F3508.3 X36.48 Y116.5 E1964.92602
G0 F7200 X35.172 Y115.876
G0 X35.192 Y115.876
;TYPE:SKIN
G1 F2340 X35.1 Y115.544 E1964.95548
G1 X35.1 Y109.214 E1965.49669
G1 X35.539 Y108.451 E1965.57195
G1 X36.287 Y108.104 E1965.64246
G1 X66.562 Y108.105 E1968.23097
G1 X67.113 Y108.252 E1968.27973
G1 X67.641 Y108.708 E1968.33938
G1 X67.896 Y109.441 E1968.40573
G1 X67.896 Y115.5 E1968.92378
G1 X67.825 Y115.806 E1968.95063
G1 X68.335 Y115.596 E1968.99779
G1 X69.027 Y115.027 E1969.07439
G1 X69.595 Y114.335 E1969.15093
G1 X70.014 Y113.327 E1969.24427
G1 X70.156 Y112.523 E1969.31407
G1 X70.638 Y111.909 E1969.38081
G1 X71.206 Y111.661 E1969.4338
G1 X71.973 Y111.703 E1969.49948
G1 X72.527 Y112.054 E1969.55556
G1 X72.82 Y112.446 E1969.5974
G1 X72.982 Y113.38 E1969.67845
G1 X73.335 Y114.233 E1969.75738
G1 X73.725 Y114.816 E1969.81735
G1 X74.236 Y115.327 E1969.87914
G1 X74.819 Y115.722 E1969.93935
G1 X75.192 Y115.876 E1969.97385
G1 X75.1 Y115.544 E1970.00331
G1 X75.1 Y109.44 E1970.5252
G1 X75.259 Y108.853 E1970.57719
G1 X75.55 Y108.449 E1970.61976
G1 X76.287 Y108.104 E1970.68934
G1 X106.562 Y108.105 E1973.27785
G1 X107.113 Y108.253 E1973.32663
G1 X107.718 Y108.777 E1973.39507
G1 X107.896 Y109.45 E1973.45459
G1 X107.896 Y115.5 E1973.97186
G1 X107.825 Y115.806 E1973.99872
G1 X108.335 Y115.596 E1974.04588
G1 X109.027 Y115.027 E1974.12247
G1 X109.595 Y114.335 E1974.19902
G1 X110.014 Y113.327 E1974.29235
G1 X110.148 Y112.567 E1974.35833
G1 X110.644 Y111.947 E1974.42622
G1 X111.183 Y111.705 E1974.47674
G1 X111.948 Y111.742 E1974.54222
G1 X112.47 Y112.048 E1974.59395
G1 X112.859 Y112.576 E1974.65003
G1 X113.057 Y113.556 E1974.73551
G1 X113.335 Y114.238 E1974.79848
G1 X113.725 Y114.816 E1974.8581
G1 X114.236 Y115.327 E1974.91988
G1 X114.819 Y115.722 E1974.98009
G1 X115.192 Y115.876 E1975.0146
G1 X115.1 Y115.544 E1975.04405
G1 X115.1 Y109.224 E1975.58441
G1 X115.539 Y108.451 E1975.66042
G1 X116.287 Y108.104 E1975.73092
G1 X146.562 Y108.105 E1978.31943
G1 X147.113 Y108.253 E1978.36821
G1 X147.718 Y108.777 E1978.43664
G1 X147.896 Y109.45 E1978.49616
G1 X147.896 Y115.5 E1979.01344
G1 X147.825 Y115.806 E1979.0403
G1 X148.335 Y115.596 E1979.08745
G1 X149.027 Y115.027 E1979.16405
G1 X149.595 Y114.336 E1979.24053
G1 X150.014 Y113.318 E1979.33466
G1 X150.157 Y112.56 E1979.40061
G1 X150.643 Y111.948 E1979.46743
G1 X151.206 Y111.706 E1979.51982
G1 X151.948 Y111.742 E1979.58334
G1 X152.47 Y112.048 E1979.63507
G1 X152.839 Y112.503 E1979.68516
G1 X153.057 Y113.56 E1979.77743
G1 X153.335 Y114.237 E1979.84001
G1 X153.725 Y114.816 E1979.89969
G1 X154.236 Y115.327 E1979.96148
G1 X154.819 Y115.722 E1980.02169
G1 X155.192 Y115.876 E1980.0562
G1 X155.1 Y115.544 E1980.08565
G1 X155.1 Y109.224 E1980.62601
G1 X155.539 Y108.451 E1980.70202
G1 X156.287 Y108.104 E1980.77252
G1 X186.562 Y108.105 E1983.36103
G1 X187.075 Y108.225 E1983.40608
G1 X187.495 Y108.528 E1983.45036
G1 X187.896 Y109.214 E1983.51829
G1 X187.896 Y115.5 E1984.05575
G1 X187.825 Y115.806 E1984.0826
G1 X188.336 Y115.595 E1984.12987
G1 X189.03 Y115.027 E1984.20655
G1 X189.591 Y114.336 E1984.28265
G1 X189.943 Y113.496 E1984.36052
G1 X190.104 Y112.663 E1984.43306
G1 X190.104 Y106.892 E1984.92648
G1 X32.893 Y106.893 E1998.36802
G1 X32.892 Y112.724 E1998.86657
G1 X33.049 Y113.557 E1998.93905
G1 X33.33 Y114.232 E1999.00156
G1 X33.725 Y114.816 E1999.06184
G1 X34.236 Y115.327 E1999.12363
G1 X34.819 Y115.722 E1999.18384
G1 X35.192 Y115.876 E1999.21834
G0 F7200 X35.172 Y115.876
G0 X35.244 Y108.244
G0 X35.919 Y107.549
G1 F2095.4 X36.176 Y107.498 E1999.2431
G1 F2297.8 X66.504 Y107.496 E2001.87936
G1 F2067.6 X67.01 Y107.56 E2001.92813
G0 F7200 X75.876 Y107.559
G1 F2057.4 X76.176 Y107.498 E2001.95753
G1 F2297.8 X106.504 Y107.496 E2004.59379
G1 F2067.6 X107.009 Y107.559 E2004.64245
G0 F7200 X115.921 Y107.549
G1 F2095.4 X116.176 Y107.498 E2004.66702
G1 F2297.8 X146.504 Y107.496 E2007.30328
G1 F2064.2 X147.006 Y107.559 E2007.35173
G0 F7200 X155.922 Y107.549
G1 F2095.4 X156.176 Y107.498 E2007.37621
G1 F2289.5 X186.555 Y107.498 E2010.02556
G1 F2095.4 X187.14 Y107.549 E2010.08104
G0 F7200 X189.499 Y107.192
G1 F2340 X189.804 Y107.497 E2010.11792
G0 F7200 X189.804 Y108.346
G1 F2340 X188.65 Y107.192 E2010.25745
G0 F7200 X187.802 Y107.192
G1 F2340 X189.804 Y109.194 E2010.49953
G0 F7200 X189.804 Y110.043
G1 F2340 X187.465 Y107.704 E2010.78235
G1 X187.359 Y107.598
G0 F7200 X188.192 Y109.278
G1 F2340 X189.804 Y110.891 E2010.97732
G0 F7200 X189.804 Y111.74
G1 F2340 X188.196 Y110.132 E2011.17175
G0 F7200 X188.196 Y110.98
G1 F2340 X189.804 Y112.588 E2011.36619
G0 F7200 X189.674 Y113.307
G1 F2340 X188.196 Y111.829 E2011.5449
G0 F7200 X188.196 Y112.677
G1 F2340 X189.44 Y113.921 E2011.69532
G0 F7200 X189.116 Y114.446
G1 F2340 X188.196 Y113.526 E2011.80656
G0 F7200 X188.196 Y114.375
G1 F2340 X188.717 Y114.895 E2011.8695
G10
G0 F7200 X187.756 Y108.244
G0 X155.58 Y108.063
G11
G1 F2340 X154.71 Y107.192 E2011.97475
G0 F7200 X153.861 Y107.192
G1 F2340 X155.168 Y108.498 E2012.13273
G0 F7200 X154.86 Y109.039
G1 F2340 X153.013 Y107.192 E2012.35606
G0 F7200 X152.164 Y107.192
G1 F2340 X154.801 Y109.829 E2012.67491
G0 F7200 X154.801 Y110.677
G1 F2340 X151.316 Y107.192 E2013.0963
G0 F7200 X150.467 Y107.192
G1 F2340 X154.801 Y111.526 E2013.62035
G0 F7200 X154.801 Y112.374
G1 F2340 X149.619 Y107.192 E2014.24693
G0 F7200 X148.77 Y107.192
G1 F2340 X154.801 Y113.223 E2014.97617
G0 F7200 X154.801 Y114.071
G1 F2340 X153.123 Y112.393 E2015.17907
G0 F7200 X152.387 Y111.658
G1 F2340 X147.922 Y107.192 E2015.71901
G0 F7200 X147.412 Y107.531
G1 F2340 X151.291 Y111.41 E2016.18805
G0 F7200 X150.636 Y111.604
G1 F2340 X148.103 Y109.071 E2016.49432
G0 F7200 X148.195 Y110.012
G1 F2340 X150.205 Y112.021 E2016.7373
G0 F7200 X149.859 Y112.524
G1 F2340 X148.195 Y110.86 E2016.93851
G0 F7200 X148.195 Y111.709
G1 F2340 X149.723 Y113.237 E2017.12326
G0 F7200 X149.476 Y113.838
G1 F2340 X148.195 Y112.557 E2017.27816
G0 F7200 X148.195 Y113.405
G1 F2340 X149.171 Y114.381 E2017.39617
G0 F7200 X148.781 Y114.84
G1 F2340 X148.195 Y114.254 E2017.46703
G0 F7200 X148.195 Y115.102
G1 F2340 X148.316 Y115.223 E2017.48166
G0 F7200 X150.295 Y111.899
G0 X151.626 Y111.315
G0 X152.618 Y112.056
G0 X153.342 Y113.461
G1 F2340 X154.801 Y114.92 E2017.65807
G1 X154.907 Y115.026
G10
G0 F7200 X152.618 Y112.056
G0 X147.756 Y108.244
G0 X115.642 Y108.005
G11
G1 F2340 X114.829 Y107.192 E2017.75638
G0 F7200 X113.981 Y107.192
G1 F2340 X115.21 Y108.422 E2017.90504
G0 F7200 X114.903 Y108.963
G1 F2340 X113.132 Y107.192 E2018.11918
G0 F7200 X112.284 Y107.192
G1 F2340 X114.8 Y109.709 E2018.42347
G0 F7200 X114.8 Y110.558
G1 F2340 X111.435 Y107.192 E2018.83041
G0 F7200 X110.587 Y107.192
G1 F2340 X114.8 Y111.406 E2019.33988
G0 F7200 X114.8 Y112.255
G1 F2340 X109.738 Y107.192 E2019.95202
G0 F7200 X108.889 Y107.192
G1 F2340 X114.8 Y113.103 E2020.66675
G0 F7200 X114.8 Y113.952
G1 F2340 X108.041 Y107.192 E2021.48407
G0 F7200 X107.445 Y107.445
G1 F2340 X111.416 Y111.416 E2021.96423
G0 F7200 X110.718 Y111.567
G1 F2340 X108.062 Y108.911 E2022.28538
G0 F7200 X108.195 Y109.892
G1 F2340 X110.263 Y111.96 E2022.53543
G0 F7200 X109.891 Y112.437
G1 F2340 X108.195 Y110.741 E2022.7405
G0 F7200 X108.195 Y111.589
G1 F2340 X109.743 Y113.137 E2022.92768
G0 F7200 X109.512 Y113.754
G1 F2340 X108.195 Y112.438 E2023.08687
G0 F7200 X108.195 Y113.286
G1 F2340 X109.224 Y114.315 E2023.21129
G0 F7200 X108.841 Y114.781
G1 F2340 X108.195 Y114.135 E2023.2894
G0 F7200 X108.195 Y114.983
G1 F2340 X108.381 Y115.169 E2023.31189
G0 F7200 X110.335 Y111.568
G0 X112.499 Y111.495
G0 X113.313 Y113.313
G1 F2340 X114.8 Y114.8 E2023.49169
G1 X114.906 Y114.906
G10
G0 F7200 X112.499 Y111.495
G0 X107.755 Y108.244
G0 X75.597 Y107.841
G11
G1 F2340 X74.949 Y107.193 E2023.57004
G0 F7200 X74.101 Y107.193
G1 F2340 X75.256 Y108.349 E2023.70976
G0 F7200 X74.942 Y108.883
G1 F2340 X73.252 Y107.193 E2023.91411
G0 F7200 X72.403 Y107.193
G1 F2340 X74.801 Y109.59 E2024.204
G0 F7200 X74.801 Y110.439
G1 F2340 X71.555 Y107.193 E2024.59649
G0 F7200 X70.706 Y107.193
G1 F2340 X74.801 Y111.287 E2025.09158
G0 F7200 X74.801 Y112.136
G1 F2340 X69.858 Y107.193 E2025.68926
G0 F7200 X69.009 Y107.193
G1 F2340 X74.801 Y112.984 E2026.38954
G0 F7200 X74.801 Y113.833
G1 F2340 X68.161 Y107.193 E2027.19242
G0 F7200 X67.479 Y107.36
G1 F2340 X71.496 Y111.377 E2027.67814
G0 F7200 X70.777 Y111.506
G1 F2340 X67.989 Y108.718 E2028.01525
G0 F7200 X68.195 Y109.773
G1 F2340 X70.305 Y111.883 E2028.27038
G0 F7200 X69.921 Y112.347
G1 F2340 X68.195 Y110.622 E2028.47902
G0 F7200 X68.195 Y111.47
G1 F2340 X69.76 Y113.035 E2028.66825
G0 F7200 X69.547 Y113.67
G1 F2340 X68.195 Y112.319 E2028.83167
G0 F7200 X68.195 Y113.167
G1 F2340 X69.278 Y114.25 E2028.96262
G0 F7200 X68.896 Y114.716
G1 F2340 X68.195 Y114.016 E2029.04732
G0 F7200 X68.195 Y114.864
G1 F2340 X68.447 Y115.116 E2029.07779
G0 F7200 X70.297 Y111.947
G0 X71.275 Y111.112
G0 X72.673 Y111.671
G0 X73.241 Y113.122
G1 F2340 X74.801 Y114.681 E2029.26636
G1 X74.907 Y114.787
G10
G0 F7200 X72.673 Y111.671
G0 X67.755 Y108.244
G0 X35.61 Y107.735
G11
G1 F2340 X35.068 Y107.193 E2029.3319
G0 F7200 X34.22 Y107.193
G1 F2340 X35.325 Y108.298 E2029.46551
G0 F7200 X34.987 Y108.809
G1 F2340 X33.371 Y107.193 E2029.66091
G0 F7200 X33.192 Y107.863
G1 F2340 X34.8 Y109.471 E2029.85534
G0 F7200 X34.8 Y110.319
G1 F2340 X33.192 Y108.711 E2030.04977
G0 F7200 X33.192 Y109.56
G1 F2340 X34.8 Y111.168 E2030.2442
G0 F7200 X34.8 Y112.016
G1 F2340 X33.192 Y110.408 E2030.43863
G0 F7200 X33.192 Y111.257
G1 F2340 X34.8 Y112.865 E2030.63307
G0 F7200 X34.8 Y113.713
G1 F2340 X33.192 Y112.105 E2030.8275
G0 F7200 X33.252 Y113.013
G1 F2340 X34.8 Y114.562 E2031.01473
G0 F7200 X34.6 Y115.21
G1 F2340 X33.839 Y114.449 E2031.10675
G0 F7200 X33.947 Y114.38
;MESH:NONMESH
G0 F600 X33.947 Y114.38 Z0.85
G0 F7200 X32.195 Y106.195
G0 X31.812 Y105.812
;TIME_ELAPSED:371.481780
;LAYER:3
;TYPE:WALL-OUTER
;MESH:glasses_holder1.stl
G1 F2880 X31.812 Y112.831 E2031.73846
G1 X32.013 Y113.873 E2031.83397
G1 X32.374 Y114.745 E2031.91891
G1 X32.885 Y115.504 E2032.00126
G1 X33.552 Y116.171 E2032.08615
G1 X34.311 Y116.682 E2032.1685
G1 X35.19 Y117.044 E2032.25406
G1 X35.833 Y117.184 E2032.31328
G1 X66.771 Y117.184 E2035.0977
G1 X67.817 Y116.983 E2035.19357
G1 X68.896 Y116.535 E2035.29871
G1 X69.798 Y115.794 E2035.40378
G1 X70.535 Y114.896 E2035.50833
G1 X71.069 Y113.602 E2035.63432
G1 X71.151 Y112.945 E2035.69391
G1 X71.341 Y112.783 E2035.71638
G1 X71.701 Y112.805 E2035.74884
G1 X71.83 Y112.937 E2035.76545
G1 X72.017 Y113.872 E2035.85127
G1 X72.375 Y114.745 E2035.93618
G1 X72.885 Y115.504 E2036.01848
G1 X73.552 Y116.171 E2036.10338
G1 X74.311 Y116.682 E2036.18573
G1 X75.19 Y117.044 E2036.27128
G1 X75.833 Y117.184 E2036.33051
G1 X106.771 Y117.184 E2039.11493
G1 X107.817 Y116.983 E2039.21079
G1 X108.896 Y116.535 E2039.31594
G1 X109.798 Y115.794 E2039.421
G1 X110.535 Y114.896 E2039.52555
G1 X111.069 Y113.602 E2039.65154
G1 X111.151 Y112.945 E2039.71113
G1 X111.341 Y112.783 E2039.7336
G1 X111.701 Y112.805 E2039.76606
G1 X111.83 Y112.937 E2039.78267
G1 X112.017 Y113.872 E2039.86849
G1 X112.375 Y114.745 E2039.95341
G1 X112.885 Y115.504 E2040.03571
G1 X113.552 Y116.171 E2040.1206
G1 X114.311 Y116.682 E2040.20295
G1 X115.19 Y117.044 E2040.28851
G1 X115.833 Y117.184 E2040.34773
G1 X146.771 Y117.184 E2043.13215
G1 X147.817 Y116.983 E2043.22802
G1 X148.896 Y116.535 E2043.33316
G1 X149.798 Y115.794 E2043.43823
G1 X150.535 Y114.896 E2043.54278
G1 X151.07 Y113.601 E2043.66888
G1 X151.156 Y112.944 E2043.72852
G1 X151.345 Y112.783 E2043.75086
G1 X151.641 Y112.778 E2043.77751
G1 X151.831 Y112.944 E2043.80021
G1 X152.017 Y113.876 E2043.88575
G1 X152.374 Y114.745 E2043.9703
G1 X152.885 Y115.504 E2044.05265
G1 X153.552 Y116.171 E2044.13754
G1 X154.311 Y116.682 E2044.21989
G1 X155.19 Y117.044 E2044.30545
G1 X155.833 Y117.184 E2044.36468
G1 X186.771 Y117.184 E2047.1491
G1 X187.817 Y116.983 E2047.24496
G1 X188.896 Y116.535 E2047.35011
G1 X189.798 Y115.794 E2047.45517
G1 X190.535 Y114.896 E2047.55972
G1 X190.983 Y113.813 E2047.6652
G1 X191.184 Y112.771 E2047.76071
G1 X191.184 Y105.812 E2048.38702
G1 X31.812 Y105.812 E2062.7305
G0 F7200 X31.812 Y106.112
G0 X32.195 Y106.195
G0 X36.428 Y108.772
G0 X36.428 Y109.184
G1 F2880 X66.596 Y109.18 E2065.44562
G1 X66.816 Y109.427 E2065.47539
G1 X66.816 Y115.637 E2066.03429
G1 X66.574 Y115.811 E2066.06111
G1 X36.346 Y115.816 E2068.78163
G1 X36.18 Y115.525 E2068.81179
G1 X36.18 Y109.426 E2069.3607
G1 X36.428 Y109.184 E2069.39188
G0 F7200 X36.728 Y109.184
G10
G0 X36.728 Y108.772
G0 X76.428 Y108.772
G0 X76.428 Y109.184
G11
G1 F2880 X106.596 Y109.18 E2072.107
G1 X106.816 Y109.427 E2072.13677
G1 X106.816 Y115.637 E2072.69567
G1 X106.574 Y115.811 E2072.7225
G1 X76.346 Y115.816 E2075.44302
G1 X76.18 Y115.525 E2075.47317
G1 X76.18 Y109.427 E2076.02199
G1 X76.428 Y109.184 E2076.05324
G0 F7200 X76.728 Y109.184
G10
G0 X76.728 Y108.772
G0 X107.155 Y108.844
G0 X115.773 Y109.427
G0 X116.18 Y109.427
G11
G1 F2880 X116.428 Y109.184 E2076.08449
G1 X146.596 Y109.18 E2078.79961
G1 X146.816 Y109.427 E2078.82937
G1 X146.816 Y115.637 E2079.38827
G1 X146.574 Y115.811 E2079.4151
G1 X116.346 Y115.816 E2082.13562
G1 X116.18 Y115.525 E2082.16577
G1 X116.18 Y109.427 E2082.71459
G0 F7200 X116.394 Y109.217
G10
G0 X116.394 Y108.772
G0 X147.156 Y108.844
G0 X155.773 Y109.427
G0 X156.18 Y109.427
G11
G1 F2880 X156.428 Y109.184 E2082.74584
G1 X186.596 Y109.18 E2085.46096
G1 X186.816 Y109.426 E2085.49066
G1 X186.816 Y115.637 E2086.04965
G1 X186.574 Y115.811 E2086.07648
G1 X156.346 Y115.816 E2088.797
G1 X156.18 Y115.525 E2088.82715
G1 X156.18 Y109.427 E2089.37597
G0 F7200 X156.394 Y109.217
G0 X155.58 Y109.453
;TYPE:WALL-INNER
G1 F4620 X155.697 Y109.035 E2089.41504
G1 X155.872 Y108.815 E2089.44034
G1 X156.369 Y108.58 E2089.48981
G1 X186.516 Y108.58 E2092.20304
G1 X187.124 Y108.815 E2092.26171
G1 X187.416 Y109.319 E2092.31413
G1 X187.416 Y115.516 E2092.87186
G1 X187.296 Y115.965 E2092.91369
G1 F4258.1 X186.701 Y116.492 E2092.99071
G1 X187.644 Y116.405 E2093.08247
G1 F4620 X188.584 Y116.015 E2093.17407
G1 X189.372 Y115.368 E2093.26583
G1 X190.015 Y114.584 E2093.35709
G1 X190.405 Y113.64 E2093.44901
G1 X190.584 Y112.714 E2093.53389
G1 X190.584 Y106.412 E2094.10107
G1 X32.412 Y106.412 E2108.33655
G1 X32.412 Y112.774 E2108.90913
G1 X32.591 Y113.699 E2108.99393
G1 X32.905 Y114.46 E2109.06802
G1 X33.35 Y115.121 E2109.13973
G1 X33.935 Y115.706 E2109.21419
G1 X34.595 Y116.15 E2109.28578
G1 X35.37 Y116.469 E2109.36121
G1 F4586.3 X35.897 Y116.581 E2109.41002
G1 F3970 X36.48 Y116.5 E2109.47077
G1 X36 Y116.281 E2109.52521
G1 F4586.3 X35.723 Y116.004 E2109.56071
G1 F4620 X35.58 Y115.541 E2109.60432
G1 X35.58 Y109.319 E2110.1643
G1 X35.872 Y108.815 E2110.21672
G1 X36.369 Y108.58 E2110.2662
G1 X66.516 Y108.58 E2112.97943
G1 X66.853 Y108.645 E2113.01032
G1 X67.299 Y109.036 E2113.0637
G1 X67.416 Y109.453 E2113.10268
G1 X67.416 Y115.516 E2113.64835
G1 X67.296 Y115.965 E2113.69018
G1 F4258.1 X66.701 Y116.492 E2113.7672
G1 X67.644 Y116.405 E2113.85896
G1 F4620 X68.584 Y116.015 E2113.95055
G1 X69.372 Y115.368 E2114.04232
G1 X70.015 Y114.584 E2114.13357
G1 X70.481 Y113.454 E2114.24358
G1 X70.607 Y112.693 E2114.313
G1 X70.955 Y112.303 E2114.36004
G1 X71.268 Y112.185 E2114.39015
G1 X71.827 Y112.207 E2114.4405
G1 X72.186 Y112.428 E2114.47844
G1 X72.395 Y112.705 E2114.50967
G1 X72.594 Y113.698 E2114.60082
G1 X72.907 Y114.461 E2114.67504
G1 X73.35 Y115.121 E2114.74658
G1 X73.935 Y115.706 E2114.82104
G1 X74.595 Y116.15 E2114.89263
G1 X75.37 Y116.469 E2114.96806
G1 F4586.3 X75.897 Y116.581 E2115.01687
G1 F3970 X76.48 Y116.5 E2115.07761
G1 X76 Y116.281 E2115.13206
G1 F4586.3 X75.723 Y116.004 E2115.16755
G1 F4620 X75.58 Y115.541 E2115.21117
G1 X75.58 Y109.453 E2115.75909
G1 X75.697 Y109.035 E2115.79815
G1 X75.872 Y108.815 E2115.82345
G1 X76.369 Y108.58 E2115.87293
G1 X106.516 Y108.58 E2118.58616
G1 X106.853 Y108.645 E2118.61705
G1 X107.299 Y109.036 E2118.67043
G1 X107.416 Y109.453 E2118.70941
G1 X107.416 Y115.516 E2119.25508
G1 X107.296 Y115.965 E2119.29691
G1 F4258.1 X106.701 Y116.492 E2119.37393
G1 X107.644 Y116.405 E2119.46569
G1 F4620 X108.584 Y116.015 E2119.55728
G1 X109.372 Y115.368 E2119.64905
G1 X110.015 Y114.584 E2119.7403
G1 X110.481 Y113.454 E2119.85031
G1 X110.607 Y112.693 E2119.91973
G1 X110.955 Y112.303 E2119.96678
G1 X111.268 Y112.185 E2119.99688
G1 X111.827 Y112.207 E2120.04723
G1 X112.186 Y112.428 E2120.08517
G1 X112.395 Y112.705 E2120.1164
G1 X112.594 Y113.698 E2120.20755
G1 X112.907 Y114.461 E2120.28177
G1 X113.35 Y115.121 E2120.35331
G1 X113.935 Y115.706 E2120.42777
G1 X114.595 Y116.15 E2120.49936
G1 X115.37 Y116.469 E2120.57479
G1 F4586.3 X115.897 Y116.581 E2120.6236
G1 F3970 X116.48 Y116.5 E2120.68434
G1 X116 Y116.281 E2120.73879
G1 F4586.3 X115.723 Y116.004 E2120.77428
G1 F4620 X115.58 Y115.541 E2120.8179
G1 X115.58 Y109.453 E2121.36582
G1 X115.697 Y109.035 E2121.40488
G1 X115.872 Y108.815 E2121.43018
G1 X116.369 Y108.58 E2121.47966
G1 X146.516 Y108.58 E2124.19289
G1 X146.853 Y108.645 E2124.22378
G1 X147.299 Y109.036 E2124.27716
G1 X147.416 Y109.453 E2124.31614
G1 X147.416 Y115.516 E2124.86181
G1 X147.296 Y115.965 E2124.90364
G1 F4258.1 X146.701 Y116.492 E2124.98066
G1 X147.644 Y116.405 E2125.07242
G1 F4620 X148.584 Y116.015 E2125.16401
G1 X149.372 Y115.368 E2125.25578
G1 X150.015 Y114.584 E2125.34703
G1 X150.482 Y113.452 E2125.45724
G1 X150.612 Y112.69 E2125.52681
G1 X150.959 Y112.303 E2125.57359
G1 X151.272 Y112.185 E2125.6037
G1 X151.827 Y112.207 E2125.65369
G1 X152.187 Y112.429 E2125.69175
G1 X152.395 Y112.707 E2125.723
G1 X152.594 Y113.702 E2125.81432
G1 X152.906 Y114.461 E2125.88818
G1 X153.35 Y115.121 E2125.95977
G1 X153.935 Y115.706 E2126.03423
G1 X154.595 Y116.15 E2126.10582
G1 X155.37 Y116.469 E2126.18125
G1 F4586.3 X155.897 Y116.581 E2126.23006
G1 F3970 X156.48 Y116.5 E2126.2908
G1 X156 Y116.281 E2126.34525
G1 F4586.3 X155.723 Y116.004 E2126.38074
G1 F4620 X155.58 Y115.541 E2126.42436
G1 X155.58 Y109.453 E2126.97228
G0 F7200 X155.173 Y109.453
G0 X155.845 Y116.156
G0 X156.48 Y116.5
G1 F3508.3 X186.516 Y116.5 E2130.43242
G1 F3467.4 X186.687 Y116.493 E2130.45234
G10
G0 F7200 X154.486 Y116.378
G0 X152.075 Y112.398
G0 X150.857 Y112.308
G0 X149.324 Y114.68
G0 X146.687 Y116.493
G11
G1 F3467.4 X146.516 Y116.5 E2130.47226
G1 F3508.3 X116.48 Y116.5 E2133.93241
G0 F7200 X112.684 Y114.576
G0 X112.01 Y112.112
G0 X110.879 Y112.15
G0 X109.332 Y114.613
G0 X106.687 Y116.493
G1 F3467.4 X106.516 Y116.5 E2133.95233
G1 F3508.3 X76.48 Y116.5 E2137.41248
G0 F7200 X72.684 Y114.576
G0 X72.01 Y112.112
G0 X70.879 Y112.15
G0 X69.333 Y114.613
G0 X66.687 Y116.493
G1 F3467.4 X66.516 Y116.5 E2137.4324
G1 F3508.3 X36.48 Y116.5 E2140.89255
G0 F7200 X35.172 Y115.876
G0 X35.192 Y115.876
;TYPE:SKIN
G1 F2340 X35.1 Y115.544 E2140.922
G1 X35.1 Y109.214 E2141.46322
G1 X35.539 Y108.451 E2141.53848
G1 X36.287 Y108.104 E2141.60898
G1 X66.562 Y108.105 E2144.1975
G1 X67.113 Y108.253 E2144.24628
G1 X67.718 Y108.777 E2144.31471
G1 X67.896 Y109.45 E2144.37423
G1 X67.896 Y115.5 E2144.8915
G1 X67.825 Y115.806 E2144.91836
G1 X68.335 Y115.596 E2144.96552
G1 X69.027 Y115.027 E2145.04212
G1 X69.595 Y114.335 E2145.11866
G1 X70.014 Y113.327 E2145.21199
G1 X70.148 Y112.567 E2145.27798
G1 X70.644 Y111.947 E2145.34586
G1 X71.183 Y111.705 E2145.39638
G1 X71.948 Y111.742 E2145.46186
G1 X72.47 Y112.048 E2145.5136
G1 X72.859 Y112.576 E2145.56967
G1 X73.057 Y113.556 E2145.65515
G1 X73.335 Y114.238 E2145.71812
G1 X73.725 Y114.816 E2145.77774
G1 X74.236 Y115.327 E2145.83953
G1 X74.819 Y115.722 E2145.89974
G1 X75.192 Y115.876 E2145.93424
G1 X75.1 Y115.544 E2145.9637
G1 X75.1 Y109.224 E2146.50406
G1 X75.539 Y108.451 E2146.58006
G1 X76.287 Y108.104 E2146.65056
G1 X106.562 Y108.105 E2149.23907
G1 X107.113 Y108.253 E2149.28786
G1 X107.718 Y108.777 E2149.35629
G1 X107.896 Y109.45 E2149.41581
G1 X107.896 Y115.5 E2149.93308
G1 X107.825 Y115.806 E2149.95994
G1 X108.335 Y115.596 E2150.0071
G1 X109.027 Y115.027 E2150.0837
G1 X109.595 Y114.335 E2150.16024
G1 X110.014 Y113.327 E2150.25357
G1 X110.148 Y112.567 E2150.31956
G1 X110.644 Y111.947 E2150.38744
G1 X111.183 Y111.705 E2150.43796
G1 X111.948 Y111.742 E2150.50344
G1 X112.47 Y112.048 E2150.55518
G1 X112.859 Y112.576 E2150.61125
G1 X113.057 Y113.556 E2150.69673
G1 X113.335 Y114.238 E2150.7597
G1 X113.725 Y114.816 E2150.81932
G1 X114.236 Y115.327 E2150.88111
G1 X114.819 Y115.722 E2150.94132
G1 X115.192 Y115.876 E2150.97582
G1 X115.1 Y115.544 E2151.00527
G1 X115.1 Y109.224 E2151.54563
G1 X115.539 Y108.451 E2151.62164
G1 X116.287 Y108.104 E2151.69214
G1 X146.562 Y108.105 E2154.28065
G1 X147.113 Y108.253 E2154.32943
G1 X147.718 Y108.777 E2154.39787
G1 X147.896 Y109.45 E2154.45739
G1 X147.896 Y115.5 E2154.97466
G1 X147.825 Y115.806 E2155.00152
G1 X148.335 Y115.596 E2155.04868
G1 X149.027 Y115.027 E2155.12528
G1 X149.595 Y114.336 E2155.20175
G1 X150.014 Y113.318 E2155.29588
G1 X150.157 Y112.56 E2155.36183
G1 X150.643 Y111.948 E2155.42865
G1 X151.206 Y111.706 E2155.48104
G1 X151.948 Y111.742 E2155.54456
G1 X152.47 Y112.048 E2155.59629
G1 X152.839 Y112.503 E2155.64638
G1 X153.057 Y113.56 E2155.73866
G1 X153.335 Y114.237 E2155.80123
G1 X153.725 Y114.816 E2155.86092
G1 X154.236 Y115.327 E2155.9227
G1 X154.819 Y115.722 E2155.98291
G1 X155.192 Y115.876 E2156.01742
G1 X155.1 Y115.544 E2156.04687
G1 X155.1 Y109.224 E2156.58723
G1 X155.539 Y108.451 E2156.66324
G1 X156.287 Y108.104 E2156.73374
G1 X186.562 Y108.105 E2159.32225
G1 X187.075 Y108.225 E2159.3673
G1 X187.495 Y108.528 E2159.41158
G1 X187.896 Y109.214 E2159.47952
G1 X187.896 Y115.5 E2160.01697
G1 X187.825 Y115.806 E2160.04383
G1 X188.336 Y115.595 E2160.0911
G1 X189.03 Y115.027 E2160.16777
G1 X189.591 Y114.336 E2160.24387
G1 X189.943 Y113.496 E2160.32174
G1 X190.104 Y112.663 E2160.39428
G1 X190.104 Y106.892 E2160.8877
G1 X32.893 Y106.893 E2174.32924
G1 X32.892 Y112.724 E2174.82779
G1 X33.049 Y113.557 E2174.90027
G1 X33.33 Y114.232 E2174.96278
G1 X33.725 Y114.816 E2175.02306
G1 X34.236 Y115.327 E2175.08485
G1 X34.819 Y115.722 E2175.14506
G1 X35.192 Y115.876 E2175.17956
G0 F7200 X35.172 Y115.876
G0 X35.244 Y108.244
G0 X35.919 Y107.549
G1 F2095.4 X36.176 Y107.498 E2175.20432
G1 F2297.8 X66.504 Y107.496 E2177.84058
G1 F2067.6 X67.009 Y107.559 E2177.88924
G0 F7200 X75.921 Y107.549
G1 F2095.4 X76.176 Y107.498 E2177.91381
G1 F2297.8 X106.504 Y107.496 E2180.55007
G1 F2067.6 X107.009 Y107.559 E2180.59873
G0 F7200 X115.921 Y107.549
G1 F2095.4 X116.176 Y107.498 E2180.6233
G1 F2297.8 X146.504 Y107.496 E2183.25956
G1 F2064.2 X147.006 Y107.559 E2183.30801
G0 F7200 X155.922 Y107.549
G1 F2095.4 X156.176 Y107.498 E2183.33249
G1 F2289.5 X186.555 Y107.498 E2185.98184
G1 F2095.4 X187.14 Y107.549 E2186.03732
G0 F7200 X187.756 Y108.244
G0 X188.197 Y114.727
G1 F2340 X189.687 Y113.237 E2186.21748
G0 F7200 X189.804 Y112.272
G1 F2340 X188.197 Y113.879 E2186.41179
G0 F7200 X188.197 Y113.03
G1 F2340 X189.804 Y111.424 E2186.60604
G0 F7200 X189.804 Y110.575
G1 F2340 X188.197 Y112.182 E2186.80036
G0 F7200 X188.197 Y111.333
G1 F2340 X189.804 Y109.727 E2186.99461
G0 F7200 X189.804 Y108.878
G1 F2340 X188.197 Y110.485 E2187.18892
G0 F7200 X188.197 Y109.636
G1 F2340 X189.804 Y108.03 E2187.38317
G0 F7200 X189.793 Y107.192
G1 F2340 X188.069 Y108.916 E2187.59162
G0 F7200 X187.756 Y108.38
G1 F2340 X188.945 Y107.192 E2187.73533
G0 F7200 X188.096 Y107.192
G1 F2340 X187.443 Y107.845 E2187.81429
G10
G0 F7200 X155.527 Y107.517
G11
G1 F2340 X151.617 Y111.427 E2188.28707
G0 F7200 X152.289 Y111.603
G1 F2340 X154.868 Y109.024 E2188.59891
G0 F7200 X154.8 Y109.941
G1 F2340 X152.775 Y111.965 E2188.8437
G0 F7200 X153.135 Y112.454
G1 F2340 X154.8 Y110.789 E2189.04503
G0 F7200 X154.8 Y111.638
G1 F2340 X153.28 Y113.158 E2189.22882
G0 F7200 X153.482 Y113.805
G1 F2340 X154.8 Y112.487 E2189.38818
G0 F7200 X154.8 Y113.335
G1 F2340 X153.778 Y114.357 E2189.51176
G0 F7200 X154.158 Y114.825
G1 F2340 X154.8 Y114.184 E2189.58933
G0 F7200 X154.8 Y115.032
G1 F2340 X154.612 Y115.22 E2189.61206
G0 F7200 X152.618 Y112.056
G0 X151.626 Y111.315
G0 X150.295 Y111.899
G0 X149.664 Y113.38
G1 F2340 X148.195 Y114.849 E2189.78968
G0 F7200 X148.195 Y114
G1 F2340 X155.003 Y107.192 E2190.61287
G0 F7200 X154.155 Y107.192
G1 F2340 X148.195 Y113.151 E2191.33347
G0 F7200 X148.195 Y112.303
G1 F2340 X153.306 Y107.192 E2191.95147
G0 F7200 X152.458 Y107.192
G1 F2340 X148.196 Y111.453 E2192.46675
G0 F7200 X148.196 Y110.605
G1 F2340 X151.609 Y107.192 E2192.87943
G0 F7200 X150.761 Y107.192
G1 F2340 X148.196 Y109.756 E2193.18952
G0 F7200 X148.089 Y109.015
G1 F2340 X149.912 Y107.192 E2193.40995
G0 F7200 X149.064 Y107.192
G1 F2340 X147.802 Y108.453 E2193.56248
G0 F7200 X147.348 Y108.059
G1 F2340 X148.215 Y107.192 E2193.66731
G1 X148.321 Y107.086
G10
G0 F7200 X115.559 Y107.604
G11
G1 F2340 X111.731 Y111.432 E2194.13018
G0 F7200 X112.365 Y111.647
G1 F2340 X114.799 Y109.212 E2194.42455
G0 F7200 X114.799 Y110.06
G1 F2340 X112.832 Y112.028 E2194.66245
G0 F7200 X113.16 Y112.549
G1 F2340 X114.799 Y110.909 E2194.86069
G0 F7200 X114.799 Y111.758
G1 F2340 X113.303 Y113.254 E2195.04158
G0 F7200 X113.517 Y113.889
G1 F2340 X114.799 Y112.606 E2195.19665
G0 F7200 X114.799 Y113.455
G1 F2340 X113.826 Y114.428 E2195.3143
G0 F7200 X114.218 Y114.885
G1 F2340 X114.799 Y114.303 E2195.38461
G0 F7200 X114.799 Y115.152
G1 F2340 X114.684 Y115.268 E2195.39858
G0 F7200 X112.499 Y111.495
G0 X110.335 Y111.568
G0 X109.584 Y113.579
G1 F2340 X108.195 Y114.968 E2195.56653
G0 F7200 X108.196 Y114.119
G1 F2340 X109.903 Y112.411 E2195.77299
G1 X110.009 Y112.305
G0 F7200 X110.76 Y111.554
G1 F2340 X115.123 Y107.192 E2196.30049
G0 F7200 X114.274 Y107.192
G1 F2340 X108.196 Y113.27 E2197.03541
G0 F7200 X108.196 Y112.421
G1 F2340 X113.426 Y107.192 E2197.66774
G0 F7200 X112.577 Y107.192
G1 F2340 X108.196 Y111.573 E2198.19747
G0 F7200 X108.196 Y110.724
G1 F2340 X111.729 Y107.192 E2198.6246
G0 F7200 X110.88 Y107.192
G1 F2340 X108.196 Y109.876 E2198.94914
G0 F7200 X108.113 Y109.11
G1 F2340 X110.031 Y107.192 E2199.18105
G0 F7200 X109.183 Y107.192
G1 F2340 X107.861 Y108.514 E2199.3409
G0 F7200 X107.41 Y108.116
G1 F2340 X108.334 Y107.192 E2199.45263
G1 X108.44 Y107.086
G10
G0 F7200 X75.592 Y107.69
G11
G1 F2340 X71.846 Y111.436 E2199.90557
G0 F7200 X72.441 Y111.69
G1 F2340 X74.8 Y109.331 E2200.19081
G0 F7200 X74.8 Y110.179
G1 F2340 X72.886 Y112.093 E2200.42225
G0 F7200 X73.18 Y112.648
G1 F2340 X74.8 Y111.028 E2200.61813
G0 F7200 X74.8 Y111.876
G1 F2340 X73.322 Y113.354 E2200.79684
G0 F7200 X73.552 Y113.973
G1 F2340 X74.8 Y112.725 E2200.94774
G0 F7200 X74.8 Y113.573
G1 F2340 X73.874 Y114.5 E2201.05977
G0 F7200 X74.277 Y114.944
G1 F2340 X74.8 Y114.422 E2201.12295
G0 F7200 X72.499 Y111.495
G0 X70.933 Y111.478
G0 X70.933 Y111.5
G1 F2340 X75.24 Y107.193 E2201.64373
G0 F7200 X74.392 Y107.193
G1 F2340 X68.196 Y113.389 E2202.39292
G0 F7200 X68.196 Y114.237
G1 F2340 X69.839 Y112.595 E2202.59153
G1 X69.945 Y112.489
G0 F7200 X69.499 Y113.783
G1 F2340 X68.195 Y115.087 E2202.7492
G1 X68.089 Y115.193
G0 F7200 X68.196 Y112.54
G1 F2340 X73.543 Y107.193 E2203.39573
G0 F7200 X72.695 Y107.193
G1 F2340 X68.196 Y111.692 E2203.93973
G0 F7200 X68.196 Y110.843
G1 F2340 X71.846 Y107.193 E2204.38107
G0 F7200 X70.998 Y107.193
G1 F2340 X68.196 Y109.995 E2204.71988
G0 F7200 X68.137 Y109.206
G1 F2340 X70.149 Y107.193 E2204.96322
G0 F7200 X69.301 Y107.193
G1 F2340 X67.907 Y108.587 E2205.13177
G0 F7200 X67.475 Y108.17
G1 F2340 X68.452 Y107.193 E2205.24991
G0 F7200 X67.604 Y107.193
G1 F2340 X67.5 Y107.296 E2205.26242
G10
G0 F7200 X35.625 Y107.776
G11
G1 F2340 X33.193 Y110.208 E2205.55649
G0 F7200 X33.193 Y109.36
G1 F2340 X35.36 Y107.192 E2205.81857
G0 F7200 X34.512 Y107.192
G1 F2340 X33.193 Y108.511 E2205.97806
G0 F7200 X33.193 Y107.663
G1 F2340 X33.663 Y107.192 E2206.03495
G0 F7200 X34.8 Y109.45
G1 F2340 X33.193 Y111.057 E2206.22926
G0 F7200 X33.193 Y111.905
G1 F2340 X34.8 Y110.299 E2206.42351
G0 F7200 X34.8 Y111.147
G1 F2340 X33.202 Y112.745 E2206.61673
G0 F7200 X33.336 Y113.46
G1 F2340 X34.8 Y111.996 E2206.79375
G0 F7200 X34.8 Y112.844
G1 F2340 X33.584 Y114.06 E2206.94079
G0 F7200 X33.922 Y114.57
G1 F2340 X34.8 Y113.693 E2207.04689
G0 F7200 X34.8 Y114.541
G1 F2340 X34.337 Y115.004 E2207.10287
G0 F7200 X34.429 Y114.916
;MESH:NONMESH
G0 F600 X34.429 Y114.916 Z1
G0 F7200 X32.195 Y106.195
G0 X31.812 Y105.812
;TIME_ELAPSED:422.663150
;LAYER:4
;TYPE:WALL-OUTER
;MESH:glasses_holder1.stl
G1 F2880 X31.812 Y112.831 E2207.73458
G1 X32.013 Y113.873 E2207.83009
G1 X32.374 Y114.745 E2207.91503
G1 X32.885 Y115.504 E2207.99738
G1 X33.552 Y116.171 E2208.08228
G1 X34.311 Y116.682 E2208.16463
G1 X35.19 Y117.044 E2208.25018
G1 X35.833 Y117.184 E2208.30941
G1 X66.771 Y117.184 E2211.09383
G1 X67.817 Y116.983 E2211.18969
G1 X68.896 Y116.535 E2211.29484
G1 X69.798 Y115.794 E2211.3999
G1 X70.535 Y114.896 E2211.50445
G1 X71.069 Y113.602 E2211.63044
G1 X71.151 Y112.945 E2211.69003
G1 X71.341 Y112.783 E2211.7125
G1 X71.701 Y112.805 E2211.74496
G1 X71.83 Y112.937 E2211.76157
G1 X72.017 Y113.872 E2211.84739
G1 X72.375 Y114.745 E2211.93231
G1 X72.885 Y115.504 E2212.01461
G1 X73.552 Y116.171 E2212.0995
G1 X74.311 Y116.682 E2212.18185
G1 X75.19 Y117.044 E2212.26741
G1 X75.833 Y117.184 E2212.32663
G1 X106.771 Y117.184 E2215.11105
G1 X107.817 Y116.983 E2215.20691
G1 X108.896 Y116.535 E2215.31206
G1 X109.798 Y115.794 E2215.41712
G1 X110.535 Y114.896 E2215.52168
G1 X111.069 Y113.602 E2215.64766
G1 X111.151 Y112.945 E2215.70725
G1 X111.341 Y112.783 E2215.72972
G1 X111.701 Y112.805 E2215.76219
G1 X111.83 Y112.937 E2215.7788
G1 X112.017 Y113.872 E2215.86461
G1 X112.375 Y114.745 E2215.94953
G1 X112.885 Y115.504 E2216.03183
G1 X113.552 Y116.171 E2216.11673
G1 X114.311 Y116.682 E2216.19908
G1 X115.19 Y117.044 E2216.28463
G1 X115.833 Y117.184 E2216.34386
G1 X146.771 Y117.184 E2219.12828
G1 X147.817 Y116.983 E2219.22414
G1 X148.896 Y116.535 E2219.32929
G1 X149.798 Y115.794 E2219.43435
G1 X150.535 Y114.896 E2219.5389
G1 X151.07 Y113.601 E2219.66501
G1 X151.156 Y112.944 E2219.72464
G1 X151.345 Y112.783 E2219.74699
G1 X151.641 Y112.778 E2219.77363
G1 X151.831 Y112.944 E2219.79634
G1 X152.017 Y113.876 E2219.88187
G1 X152.374 Y114.745 E2219.96642
G1 X152.885 Y115.504 E2220.04877
G1 X153.552 Y116.171 E2220.13367
G1 X154.311 Y116.682 E2220.21602
G1 X155.19 Y117.044 E2220.30157
G1 X155.833 Y117.184 E2220.3608
G1 X186.771 Y117.184 E2223.14522
G1 X187.817 Y116.983 E2223.24108
G1 X188.896 Y116.535 E2223.34623
G1 X189.798 Y115.794 E2223.45129
G1 X190.535 Y114.896 E2223.55584
G1 X190.983 Y113.813 E2223.66132
G1 X191.184 Y112.771 E2223.75683
G1 X191.184 Y105.812 E2224.38314
G1 X31.812 Y105.812 E2238.72662
G0 F7200 X31.812 Y106.112
G0 X32.195 Y106.195
G0 X36.428 Y108.772
G0 X36.428 Y109.184
G1 F2880 X66.596 Y109.18 E2241.44174
G1 X66.816 Y109.427 E2241.47151
G1 X66.816 Y115.637 E2242.03041
G1 X66.574 Y115.811 E2242.05724
G1 X36.346 Y115.816 E2244.77776
G1 X36.18 Y115.525 E2244.80791
G1 X36.18 Y109.426 E2245.35682
G1 X36.428 Y109.184 E2245.388
G0 F7200 X36.728 Y109.184
G10
G0 X36.728 Y108.772
G0 X76.428 Y108.772
G0 X76.428 Y109.184
G11
G1 F2880 X106.596 Y109.18 E2248.10312
G1 X106.816 Y109.427 E2248.13289
G1 X106.816 Y115.637 E2248.69179
G1 X106.574 Y115.811 E2248.71862
G1 X76.346 Y115.816 E2251.43914
G1 X76.18 Y115.525 E2251.46929
G1 X76.18 Y109.427 E2252.01811
G1 X76.428 Y109.184 E2252.04936
G0 F7200 X76.728 Y109.184
G10
G0 X76.728 Y108.772
G0 X107.155 Y108.844
G0 X115.773 Y109.427
G0 X116.18 Y109.427
G11
G1 F2880 X116.428 Y109.184 E2252.08061
G1 X146.596 Y109.18 E2254.79573
G1 X146.816 Y109.427 E2254.8255
G1 X146.816 Y115.637 E2255.3844
G1 X146.574 Y115.811 E2255.41122
G1 X116.346 Y115.816 E2258.13174
G1 X116.18 Y115.525 E2258.16189
G1 X116.18 Y109.427 E2258.71071
G0 F7200 X116.394 Y109.217
G10
G0 X116.394 Y108.772
G0 X147.156 Y108.844
G0 X155.773 Y109.427
G0 X156.18 Y109.427
G11
G1 F2880 X156.428 Y109.184 E2258.74196
G1 X186.596 Y109.18 E2261.45708
G1 X186.816 Y109.426 E2261.48679
G1 X186.816 Y115.637 E2262.04578
G1 X186.574 Y115.811 E2262.0726
G1 X156.346 Y115.816 E2264.79312
G1 X156.18 Y115.525 E2264.82327
G1 X156.18 Y109.427 E2265.37209
G0 F7200 X156.394 Y109.217
G0 X155.58 Y109.453
;TYPE:WALL-INNER
G1 F4620 X155.697 Y109.035 E2265.41116
G1 X155.872 Y108.815 E2265.43646
G1 X156.369 Y108.58 E2265.48594
G1 X186.516 Y108.58 E2268.19917
G1 X187.124 Y108.815 E2268.25783
G1 X187.416 Y109.319 E2268.31026
G1 X187.416 Y115.516 E2268.86799
G1 X187.296 Y115.965 E2268.90981
G1 F4258.1 X186.701 Y116.492 E2268.98683
G1 X187.644 Y116.405 E2269.0786
G1 F4620 X188.584 Y116.015 E2269.17019
G1 X189.372 Y115.368 E2269.26195
G1 X190.015 Y114.584 E2269.35321
G1 X190.405 Y113.64 E2269.44513
G1 X190.584 Y112.714 E2269.53002
G1 X190.584 Y106.412 E2270.0972
G1 X32.412 Y106.412 E2284.33268
G1 X32.412 Y112.774 E2284.90526
G1 X32.591 Y113.699 E2284.99005
G1 X32.905 Y114.46 E2285.06414
G1 X33.35 Y115.121 E2285.13586
G1 X33.935 Y115.706 E2285.21032
G1 X34.595 Y116.15 E2285.28191
G1 X35.37 Y116.469 E2285.35733
G1 F4586.3 X35.897 Y116.581 E2285.40615
G1 F3970 X36.48 Y116.5 E2285.46689
G1 X36 Y116.281 E2285.52134
G1 F4586.3 X35.723 Y116.004 E2285.55683
G1 F4620 X35.58 Y115.541 E2285.60044
G1 X35.58 Y109.319 E2286.16042
G1 X35.872 Y108.815 E2286.21284
G1 X36.369 Y108.58 E2286.26232
G1 X66.516 Y108.58 E2288.97555
G1 X66.853 Y108.645 E2289.00644
G1 X67.299 Y109.036 E2289.05982
G1 X67.416 Y109.453 E2289.0988
G1 X67.416 Y115.516 E2289.64447
G1 X67.296 Y115.965 E2289.6863
G1 F4258.1 X66.701 Y116.492 E2289.76332
G1 X67.644 Y116.405 E2289.85508
G1 F4620 X68.584 Y116.015 E2289.94668
G1 X69.372 Y115.368 E2290.03844
G1 X70.015 Y114.584 E2290.12969
G1 X70.481 Y113.454 E2290.2397
G1 X70.607 Y112.693 E2290.30913
G1 X70.955 Y112.303 E2290.35617
G1 X71.268 Y112.185 E2290.38627
G1 X71.827 Y112.207 E2290.43662
G1 X72.186 Y112.428 E2290.47456
G1 X72.395 Y112.705 E2290.50579
G1 X72.594 Y113.698 E2290.59694
G1 X72.907 Y114.461 E2290.67116
G1 X73.35 Y115.121 E2290.7427
G1 X73.935 Y115.706 E2290.81716
G1 X74.595 Y116.15 E2290.88875
G1 X75.37 Y116.469 E2290.96418
G1 F4586.3 X75.897 Y116.581 E2291.01299
G1 F3970 X76.48 Y116.5 E2291.07374
G1 X76 Y116.281 E2291.12818
G1 F4586.3 X75.723 Y116.004 E2291.16368
G1 F4620 X75.58 Y115.541 E2291.20729
G1 X75.58 Y109.453 E2291.75521
G1 X75.697 Y109.035 E2291.79427
G1 X75.872 Y108.815 E2291.81957
G1 X76.369 Y108.58 E2291.86905
G1 X106.516 Y108.58 E2294.58228
G1 X106.853 Y108.645 E2294.61317
G1 X107.299 Y109.036 E2294.66655
G1 X107.416 Y109.453 E2294.70553
G1 X107.416 Y115.516 E2295.2512
G1 X107.296 Y115.965 E2295.29303
G1 F4258.1 X106.701 Y116.492 E2295.37005
G1 X107.644 Y116.405 E2295.46181
G1 F4620 X108.584 Y116.015 E2295.55341
G1 X109.372 Y115.368 E2295.64517
G1 X110.015 Y114.584 E2295.73643
G1 X110.481 Y113.454 E2295.84643
G1 X110.607 Y112.693 E2295.91586
G1 X110.955 Y112.303 E2295.9629
G1 X111.268 Y112.185 E2295.993
G1 X111.827 Y112.207 E2296.04335
G1 X112.186 Y112.428 E2296.08129
G1 X112.395 Y112.705 E2296.11252
G1 X112.594 Y113.698 E2296.20367
G1 X112.907 Y114.461 E2296.27789
G1 X113.35 Y115.121 E2296.34943
G1 X113.935 Y115.706 E2296.42389
G1 X114.595 Y116.15 E2296.49548
G1 X115.37 Y116.469 E2296.57091
G1 F4586.3 X115.897 Y116.581 E2296.61972
G1 F3970 X116.48 Y116.5 E2296.68047
G1 X116 Y116.281 E2296.73491
G1 F4586.3 X115.723 Y116.004 E2296.77041
G1 F4620 X115.58 Y115.541 E2296.81402
G1 X115.58 Y109.453 E2297.36194
G1 X115.697 Y109.035 E2297.401
G1 X115.872 Y108.815 E2297.4263
G1 X116.369 Y108.58 E2297.47578
G1 X146.516 Y108.58 E2300.18901
G1 X146.853 Y108.645 E2300.2199
G1 X147.299 Y109.036 E2300.27328
G1 X147.416 Y109.453 E2300.31226
G1 X147.416 Y115.516 E2300.85793
G1 X147.296 Y115.965 E2300.89976
G1 F4258.1 X146.701 Y116.492 E2300.97678
G1 X147.644 Y116.405 E2301.06854
G1 F4620 X148.584 Y116.015 E2301.16014
G1 X149.372 Y115.368 E2301.2519
G1 X150.015 Y114.584 E2301.34316
G1 X150.482 Y113.452 E2301.45336
G1 X150.612 Y112.69 E2301.52294
G1 X150.959 Y112.303 E2301.56972
G1 X151.272 Y112.185 E2301.59982
G1 X151.827 Y112.207 E2301.64981
G1 X152.187 Y112.429 E2301.68788
G1 X152.395 Y112.707 E2301.71912
G1 X152.594 Y113.702 E2301.81045
G1 X152.906 Y114.461 E2301.8843
G1 X153.35 Y115.121 E2301.95589
G1 X153.935 Y115.706 E2302.03035
G1 X154.595 Y116.15 E2302.10194
G1 X155.37 Y116.469 E2302.17737
G1 F4586.3 X155.897 Y116.581 E2302.22618
G1 F3970 X156.48 Y116.5 E2302.28693
G1 X156 Y116.281 E2302.34137
G1 F4586.3 X155.723 Y116.004 E2302.37687
G1 F4620 X155.58 Y115.541 E2302.42048
G1 X155.58 Y109.453 E2302.9684
G0 F7200 X155.173 Y109.453
G0 X155.845 Y116.156
G0 X156.48 Y116.5
G1 F3508.3 X186.516 Y116.5 E2306.42855
G1 F3467.4 X186.687 Y116.493 E2306.44847
G10
G0 F7200 X154.486 Y116.378
G0 X152.075 Y112.398
G0 X150.857 Y112.308
G0 X149.324 Y114.68
G0 X146.687 Y116.493
G11
G1 F3467.4 X146.516 Y116.5 E2306.46839
G1 F3508.3 X116.48 Y116.5 E2309.92853
G0 F7200 X112.684 Y114.576
G0 X112.01 Y112.112
G0 X110.879 Y112.15
G0 X109.332 Y114.613
G0 X106.687 Y116.493
G1 F3467.4 X106.516 Y116.5 E2309.94846
G1 F3508.3 X76.48 Y116.5 E2313.4086
G0 F7200 X72.684 Y114.576
G0 X72.01 Y112.112
G0 X70.879 Y112.15
G0 X69.333 Y114.613
G0 X66.687 Y116.493
G1 F3467.4 X66.516 Y116.5 E2313.42852
G1 F3508.3 X36.48 Y116.5 E2316.88867
G0 F7200 X35.172 Y115.876
G0 X35.192 Y115.876
;TYPE:SKIN
G1 F2340 X35.1 Y115.544 E2316.91813
G1 X35.1 Y109.214 E2317.45934
G1 X35.539 Y108.451 E2317.53461
G1 X36.287 Y108.104 E2317.60511
G1 X66.562 Y108.105 E2320.19362
G1 X67.113 Y108.253 E2320.2424
G1 X67.718 Y108.777 E2320.31083
G1 X67.896 Y109.45 E2320.37035
G1 X67.896 Y115.5 E2320.88763
G1 X67.825 Y115.806 E2320.91448
G1 X68.335 Y115.596 E2320.96164
G1 X69.027 Y115.027 E2321.03824
G1 X69.595 Y114.335 E2321.11478
G1 X70.014 Y113.327 E2321.20812
G1 X70.148 Y112.567 E2321.2741
G1 X70.644 Y111.947 E2321.34199
G1 X71.183 Y111.705 E2321.3925
G1 X71.948 Y111.742 E2321.45799
G1 X72.47 Y112.048 E2321.50972
G1 X72.859 Y112.576 E2321.56579
G1 X73.057 Y113.556 E2321.65128
G1 X73.335 Y114.238 E2321.71425
G1 X73.725 Y114.816 E2321.77386
G1 X74.236 Y115.327 E2321.83565
G1 X74.819 Y115.722 E2321.89586
G1 X75.192 Y115.876 E2321.93036
G1 X75.1 Y115.544 E2321.95982
G1 X75.1 Y109.224 E2322.50018
G1 X75.539 Y108.451 E2322.57618
G1 X76.287 Y108.104 E2322.64669
G1 X106.562 Y108.105 E2325.2352
G1 X107.113 Y108.253 E2325.28398
G1 X107.718 Y108.777 E2325.35241
G1 X107.896 Y109.45 E2325.41193
G1 X107.896 Y115.5 E2325.92921
G1 X107.825 Y115.806 E2325.95606
G1 X108.335 Y115.596 E2326.00322
G1 X109.027 Y115.027 E2326.07982
G1 X109.595 Y114.335 E2326.15636
G1 X110.014 Y113.327 E2326.2497
G1 X110.148 Y112.567 E2326.31568
G1 X110.644 Y111.947 E2326.38357
G1 X111.183 Y111.705 E2326.43408
G1 X111.948 Y111.742 E2326.49957
G1 X112.47 Y112.048 E2326.5513
G1 X112.859 Y112.576 E2326.60737
G1 X113.057 Y113.556 E2326.69286
G1 X113.335 Y114.238 E2326.75583
G1 X113.725 Y114.816 E2326.81544
G1 X114.236 Y115.327 E2326.87723
G1 X114.819 Y115.722 E2326.93744
G1 X115.192 Y115.876 E2326.97194
G1 X115.1 Y115.544 E2327.0014
G1 X115.1 Y109.224 E2327.54176
G1 X115.539 Y108.451 E2327.61776
G1 X116.287 Y108.104 E2327.68826
G1 X146.562 Y108.105 E2330.27678
G1 X147.113 Y108.253 E2330.32556
G1 X147.718 Y108.777 E2330.39399
G1 X147.896 Y109.45 E2330.45351
G1 X147.896 Y115.5 E2330.97078
G1 X147.825 Y115.806 E2330.99764
G1 X148.335 Y115.596 E2331.0448
G1 X149.027 Y115.027 E2331.1214
G1 X149.595 Y114.336 E2331.19788
G1 X150.014 Y113.318 E2331.292
G1 X150.157 Y112.56 E2331.35795
G1 X150.643 Y111.948 E2331.42477
G1 X151.206 Y111.706 E2331.47717
G1 X151.948 Y111.742 E2331.54068
G1 X152.47 Y112.048 E2331.59242
G1 X152.839 Y112.503 E2331.6425
G1 X153.057 Y113.56 E2331.73478
G1 X153.335 Y114.237 E2331.79735
G1 X153.725 Y114.816 E2331.85704
G1 X154.236 Y115.327 E2331.91883
G1 X154.819 Y115.722 E2331.97904
G1 X155.192 Y115.876 E2332.01354
G1 X155.1 Y115.544 E2332.043
G1 X155.1 Y109.224 E2332.58336
G1 X155.539 Y108.451 E2332.65936
G1 X156.287 Y108.104 E2332.72986
G1 X186.562 Y108.105 E2335.31838
G1 X187.075 Y108.225 E2335.36342
G1 X187.495 Y108.528 E2335.4077
G1 X187.896 Y109.214 E2335.47564
G1 X187.896 Y115.5 E2336.01309
G1 X187.825 Y115.806 E2336.03995
G1 X188.336 Y115.595 E2336.08722
G1 X189.03 Y115.027 E2336.1639
G1 X189.591 Y114.336 E2336.24
G1 X189.943 Y113.496 E2336.31787
G1 X190.104 Y112.663 E2336.39041
G1 X190.104 Y106.892 E2336.88383
G1 X32.893 Y106.893 E2350.32537
G1 X32.892 Y112.724 E2350.82392
G1 X33.049 Y113.557 E2350.89639
G1 X33.33 Y114.232 E2350.95891
G1 X33.725 Y114.816 E2351.01919
G1 X34.236 Y115.327 E2351.08098
G1 X34.819 Y115.722 E2351.14119
G1 X35.192 Y115.876 E2351.17569
G0 F7200 X35.172 Y115.876
G0 X35.244 Y108.244
G0 X35.919 Y107.549
G1 F2095.4 X36.176 Y107.498 E2351.20044
G1 F2297.8 X66.504 Y107.496 E2353.8367
G1 F2067.6 X67.009 Y107.559 E2353.88536
G0 F7200 X75.921 Y107.549
G1 F2095.4 X76.176 Y107.498 E2353.90993
G1 F2297.8 X106.504 Y107.496 E2356.54619
G1 F2067.6 X107.009 Y107.559 E2356.59486
G0 F7200 X115.921 Y107.549
G1 F2095.4 X116.176 Y107.498 E2356.61942
G1 F2297.8 X146.504 Y107.496 E2359.25569
G1 F2064.2 X147.006 Y107.559 E2359.30413
G0 F7200 X155.922 Y107.549
G1 F2095.4 X156.176 Y107.498 E2359.32861
G1 F2289.5 X186.555 Y107.498 E2361.97796
G1 F2095.4 X187.14 Y107.549 E2362.03344
G0 F7200 X189.499 Y107.192
G1 F2340 X189.804 Y107.497 E2362.07032
G0 F7200 X189.804 Y108.346
G1 F2340 X188.65 Y107.192 E2362.20986
G0 F7200 X187.802 Y107.192
G1 F2340 X189.804 Y109.194 E2362.45193
G0 F7200 X189.804 Y110.043
G1 F2340 X187.465 Y107.704 E2362.73475
G1 X187.359 Y107.598
G0 F7200 X188.192 Y109.278
G1 F2340 X189.804 Y110.891 E2362.92973
G0 F7200 X189.804 Y111.74
G1 F2340 X188.196 Y110.132 E2363.12416
G0 F7200 X188.196 Y110.98
G1 F2340 X189.804 Y112.588 E2363.31859
G0 F7200 X189.674 Y113.307
G1 F2340 X188.196 Y111.829 E2363.4973
G0 F7200 X188.196 Y112.677
G1 F2340 X189.44 Y113.921 E2363.64772
G0 F7200 X189.116 Y114.446
G1 F2340 X188.196 Y113.526 E2363.75896
G0 F7200 X188.196 Y114.375
G1 F2340 X188.717 Y114.895 E2363.8219
G10
G0 F7200 X187.756 Y108.244
G0 X155.58 Y108.063
G11
G1 F2340 X154.71 Y107.192 E2363.92716
G0 F7200 X153.861 Y107.192
G1 F2340 X155.168 Y108.498 E2364.08513
G0 F7200 X154.86 Y109.039
G1 F2340 X153.013 Y107.192 E2364.30846
G0 F7200 X152.164 Y107.192
G1 F2340 X154.801 Y109.829 E2364.62732
G0 F7200 X154.801 Y110.677
G1 F2340 X151.316 Y107.192 E2365.04871
G0 F7200 X150.467 Y107.192
G1 F2340 X154.801 Y111.526 E2365.57275
G0 F7200 X154.801 Y112.374
G1 F2340 X149.619 Y107.192 E2366.19934
G0 F7200 X148.77 Y107.192
G1 F2340 X154.801 Y113.223 E2366.92858
G0 F7200 X154.801 Y114.071
G1 F2340 X153.123 Y112.393 E2367.13147
G0 F7200 X152.387 Y111.658
G1 F2340 X147.922 Y107.192 E2367.67142
G0 F7200 X147.412 Y107.531
G1 F2340 X151.291 Y111.41 E2368.14045
G0 F7200 X150.636 Y111.604
G1 F2340 X148.103 Y109.071 E2368.44673
G0 F7200 X148.195 Y110.012
G1 F2340 X150.205 Y112.021 E2368.68971
G0 F7200 X149.859 Y112.524
G1 F2340 X148.195 Y110.86 E2368.89091
G0 F7200 X148.195 Y111.709
G1 F2340 X149.723 Y113.237 E2369.07567
G0 F7200 X149.476 Y113.838
G1 F2340 X148.195 Y112.557 E2369.23056
G0 F7200 X148.195 Y113.405
G1 F2340 X149.171 Y114.381 E2369.34857
G0 F7200 X148.781 Y114.84
G1 F2340 X148.195 Y114.254 E2369.41943
G0 F7200 X148.195 Y115.102
G1 F2340 X148.316 Y115.223 E2369.43406
G0 F7200 X150.295 Y111.899
G0 X151.626 Y111.315
G0 X152.618 Y112.056
G0 X153.342 Y113.461
G1 F2340 X154.801 Y114.92 E2369.61048
G1 X154.907 Y115.026
G10
G0 F7200 X152.618 Y112.056
G0 X147.756 Y108.244
G0 X115.642 Y108.005
G11
G1 F2340 X114.829 Y107.192 E2369.70878
G0 F7200 X113.981 Y107.192
G1 F2340 X115.21 Y108.422 E2369.85745
G0 F7200 X114.903 Y108.963
G1 F2340 X113.132 Y107.192 E2370.07159
G0 F7200 X112.284 Y107.192
G1 F2340 X114.8 Y109.709 E2370.37587
G0 F7200 X114.8 Y110.558
G1 F2340 X111.435 Y107.192 E2370.78281
G0 F7200 X110.587 Y107.192
G1 F2340 X114.8 Y111.406 E2371.29229
G0 F7200 X114.8 Y112.255
G1 F2340 X109.738 Y107.192 E2371.90442
G0 F7200 X108.889 Y107.192
G1 F2340 X114.8 Y113.103 E2372.61915
G0 F7200 X114.8 Y113.952
G1 F2340 X108.041 Y107.192 E2373.43648
G0 F7200 X107.445 Y107.445
G1 F2340 X111.416 Y111.416 E2373.91663
G0 F7200 X110.718 Y111.567
G1 F2340 X108.062 Y108.911 E2374.23778
G0 F7200 X108.195 Y109.892
G1 F2340 X110.263 Y111.96 E2374.48784
G0 F7200 X109.891 Y112.437
G1 F2340 X108.195 Y110.741 E2374.69291
G0 F7200 X108.195 Y111.589
G1 F2340 X109.743 Y113.137 E2374.88008
G0 F7200 X109.512 Y113.754
G1 F2340 X108.195 Y112.438 E2375.03927
G0 F7200 X108.195 Y113.286
G1 F2340 X109.224 Y114.315 E2375.16369
G0 F7200 X108.841 Y114.781
G1 F2340 X108.195 Y114.135 E2375.2418
G0 F7200 X108.195 Y114.983
G1 F2340 X108.381 Y115.169 E2375.26429
G0 F7200 X110.335 Y111.568
G0 X112.499 Y111.495
G0 X113.313 Y113.313
G1 F2340 X114.8 Y114.8 E2375.44409
G1 X114.906 Y114.906
G10
G0 F7200 X112.499 Y111.495
G0 X107.755 Y108.244
G0 X75.687 Y107.931
G11
G1 F2340 X74.949 Y107.193 E2375.53333
G0 F7200 X74.101 Y107.193
G1 F2340 X75.263 Y108.356 E2375.67389
G0 F7200 X74.946 Y108.887
G1 F2340 X73.252 Y107.193 E2375.87872
G0 F7200 X72.403 Y107.193
G1 F2340 X74.801 Y109.59 E2376.16862
G0 F7200 X74.801 Y110.439
G1 F2340 X71.555 Y107.193 E2376.56111
G0 F7200 X70.706 Y107.193
G1 F2340 X74.801 Y111.287 E2377.0562
G0 F7200 X74.801 Y112.136
G1 F2340 X69.858 Y107.193 E2377.65388
G0 F7200 X69.009 Y107.193
G1 F2340 X74.801 Y112.984 E2378.35416
G0 F7200 X74.801 Y113.833
G1 F2340 X68.161 Y107.193 E2379.15704
G0 F7200 X67.477 Y107.358
G1 F2340 X71.541 Y111.422 E2379.64844
G0 F7200 X70.808 Y111.538
G1 F2340 X67.992 Y108.721 E2379.989
G0 F7200 X68.195 Y109.773
G1 F2340 X70.325 Y111.902 E2380.24649
G0 F7200 X69.931 Y112.357
G1 F2340 X68.195 Y110.622 E2380.45633
G0 F7200 X68.195 Y111.47
G1 F2340 X69.761 Y113.036 E2380.64569
G0 F7200 X69.547 Y113.67
G1 F2340 X68.195 Y112.319 E2380.8091
G0 F7200 X68.195 Y113.167
G1 F2340 X69.278 Y114.25 E2380.94006
G0 F7200 X68.896 Y114.716
G1 F2340 X68.195 Y114.016 E2381.02476
G0 F7200 X68.195 Y114.864
G1 F2340 X68.447 Y115.116 E2381.05523
G0 F7200 X70.335 Y111.568
G0 X72.499 Y111.495
G0 X73.283 Y113.164
G1 F2340 X74.801 Y114.681 E2381.23872
G1 X74.907 Y114.787
G10
G0 F7200 X72.499 Y111.495
G0 X67.755 Y108.244
G0 X35.61 Y107.735
G11
G1 F2340 X35.068 Y107.193 E2381.30425
G0 F7200 X34.22 Y107.193
G1 F2340 X35.325 Y108.298 E2381.43786
G0 F7200 X34.987 Y108.809
G1 F2340 X33.371 Y107.193 E2381.63326
G0 F7200 X33.192 Y107.863
G1 F2340 X34.8 Y109.471 E2381.82769
G0 F7200 X34.8 Y110.319
G1 F2340 X33.192 Y108.711 E2382.02213
G0 F7200 X33.192 Y109.56
G1 F2340 X34.8 Y111.168 E2382.21656
G0 F7200 X34.8 Y112.016
G1 F2340 X33.192 Y110.408 E2382.41099
G0 F7200 X33.192 Y111.257
G1 F2340 X34.8 Y112.865 E2382.60542
G0 F7200 X34.8 Y113.713
G1 F2340 X33.192 Y112.105 E2382.79985
G0 F7200 X33.252 Y113.013
G1 F2340 X34.8 Y114.562 E2382.98709
G0 F7200 X34.6 Y115.21
G1 F2340 X33.839 Y114.449 E2383.07911
G0 F7200 X33.947 Y114.38
;MESH:NONMESH
G0 F600 X33.947 Y114.38 Z1.15
G0 F7200 X32.195 Y106.195
G0 X31.812 Y105.812
;TIME_ELAPSED:474.546071
;LAYER:5
;TYPE:WALL-OUTER
;MESH:glasses_holder1.stl
G1 F2880 X31.812 Y112.831 E2383.71082
G1 X32.013 Y113.873 E2383.80633
G1 X32.374 Y114.745 E2383.89126
G1 X32.885 Y115.504 E2383.97361
G1 X33.552 Y116.171 E2384.05851
G1 X34.311 Y116.682 E2384.14086
G1 X35.19 Y117.044 E2384.22641
G1 X35.833 Y117.184 E2384.28564
G1 X66.771 Y117.184 E2387.07006
G1 X67.817 Y116.983 E2387.16592
G1 X68.896 Y116.535 E2387.27107
G1 X69.798 Y115.794 E2387.37613
G1 X70.535 Y114.896 E2387.48068
G1 X71.07 Y113.605 E2387.60646
G1 X71.159 Y112.898 E2387.67059
G1 X71.272 Y112.769 E2387.68602
G1 X71.656 Y112.739 E2387.72069
G1 X71.846 Y112.863 E2387.74111
G1 X71.927 Y113.658 E2387.81303
G1 X72.374 Y114.745 E2387.91881
G1 X72.885 Y115.504 E2388.00116
G1 X73.552 Y116.171 E2388.08605
G1 X74.311 Y116.682 E2388.1684
G1 X75.19 Y117.044 E2388.25396
G1 X75.833 Y117.184 E2388.31318
G1 X106.771 Y117.184 E2391.0976
G1 X107.817 Y116.983 E2391.19346
G1 X108.896 Y116.535 E2391.29861
G1 X109.798 Y115.794 E2391.40367
G1 X110.535 Y114.896 E2391.50823
G1 X111.069 Y113.602 E2391.63421
G1 X111.151 Y112.945 E2391.6938
G1 X111.341 Y112.783 E2391.71627
G1 X111.701 Y112.805 E2391.74873
G1 X111.83 Y112.937 E2391.76535
G1 X112.017 Y113.872 E2391.85116
G1 X112.375 Y114.745 E2391.93608
G1 X112.885 Y115.504 E2392.01838
G1 X113.552 Y116.171 E2392.10328
G1 X114.311 Y116.682 E2392.18562
G1 X115.19 Y117.044 E2392.27118
G1 X115.833 Y117.184 E2392.33041
G1 X146.771 Y117.184 E2395.11483
G1 X147.817 Y116.983 E2395.21069
G1 X148.896 Y116.535 E2395.31584
G1 X149.798 Y115.794 E2395.4209
G1 X150.535 Y114.896 E2395.52545
G1 X151.07 Y113.601 E2395.65156
G1 X151.156 Y112.944 E2395.71119
G1 X151.345 Y112.783 E2395.73354
G1 X151.641 Y112.778 E2395.76018
G1 X151.831 Y112.944 E2395.78289
G1 X152.017 Y113.876 E2395.86842
G1 X152.374 Y114.745 E2395.95297
G1 X152.885 Y115.504 E2396.03532
G1 X153.552 Y116.171 E2396.12022
G1 X154.311 Y116.682 E2396.20257
G1 X155.19 Y117.044 E2396.28812
G1 X155.833 Y117.184 E2396.34735
G1 X186.771 Y117.184 E2399.13177
G1 X187.817 Y116.983 E2399.22763
G1 X188.896 Y116.535 E2399.33278
G1 X189.798 Y115.794 E2399.43784
G1 X190.535 Y114.896 E2399.54239
G1 X190.983 Y113.813 E2399.64787
G1 X191.184 Y112.771 E2399.74338
G1 X191.184 Y105.812 E2400.36969
G1 X31.812 Y105.812 E2414.71317
G0 F7200 X31.812 Y106.112
G0 X32.195 Y106.195
G0 X36.428 Y108.772
G0 X36.428 Y109.184
G1 F2880 X66.604 Y109.18 E2417.42901
G1 X66.816 Y109.364 E2417.45428
G1 X66.816 Y115.637 E2418.01885
G1 X66.574 Y115.811 E2418.04567
G1 X36.346 Y115.816 E2420.76619
G1 X36.18 Y115.525 E2420.79634
G1 X36.18 Y109.426 E2421.34525
G1 X36.428 Y109.184 E2421.37644
G0 F7200 X36.728 Y109.184
G10
G0 X36.728 Y108.772
G0 X76.428 Y108.772
G0 X76.428 Y109.184
G11
G1 F2880 X106.596 Y109.18 E2424.09156
G1 X106.816 Y109.427 E2424.12133
G1 X106.816 Y115.637 E2424.68023
G1 X106.574 Y115.811 E2424.70705
G1 X76.346 Y115.816 E2427.42757
G1 X76.18 Y115.525 E2427.45773
G1 X76.18 Y109.426 E2428.00664
G1 X76.428 Y109.184 E2428.03782
G0 F7200 X76.728 Y109.184
G10
G0 X76.728 Y108.772
G0 X107.155 Y108.844
G0 X115.773 Y109.427
G0 X116.18 Y109.427
G11
G1 F2880 X116.428 Y109.184 E2428.06907
G1 X146.596 Y109.18 E2430.78419
G1 X146.816 Y109.427 E2430.81396
G1 X146.816 Y115.637 E2431.37286
G1 X146.574 Y115.811 E2431.39968
G1 X116.346 Y115.816 E2434.1202
G1 X116.18 Y115.525 E2434.15036
G1 X116.18 Y109.427 E2434.69918
G0 F7200 X116.394 Y109.217
G10
G0 X116.394 Y108.772
G0 X147.156 Y108.844
G0 X155.773 Y109.427
G0 X156.18 Y109.427
G11
G1 F2880 X156.428 Y109.184 E2434.73042
G1 X186.596 Y109.18 E2437.44554
G1 X186.816 Y109.426 E2437.47525
G1 X186.816 Y115.637 E2438.03424
G1 X186.574 Y115.811 E2438.06106
G1 X156.346 Y115.816 E2440.78158
G1 X156.18 Y115.525 E2440.81173
G1 X156.18 Y109.427 E2441.36055
G0 F7200 X156.394 Y109.217
G0 X155.58 Y109.453
;TYPE:WALL-INNER
G1 F4620 X155.697 Y109.035 E2441.39962
G1 X155.872 Y108.815 E2441.42492
G1 X156.369 Y108.58 E2441.4744
G1 X186.516 Y108.58 E2444.18763
G1 X187.124 Y108.815 E2444.24629
G1 X187.416 Y109.319 E2444.29872
G1 X187.416 Y115.516 E2444.85645
G1 X187.296 Y115.965 E2444.89828
G1 F4258.1 X186.701 Y116.492 E2444.97529
G1 X187.644 Y116.405 E2445.06706
G1 F4620 X188.584 Y116.015 E2445.15865
G1 X189.372 Y115.368 E2445.25041
G1 X190.015 Y114.584 E2445.34167
G1 X190.405 Y113.64 E2445.43359
G1 X190.584 Y112.714 E2445.51848
G1 X190.584 Y106.412 E2446.08566
G1 X32.412 Y106.412 E2460.32114
G1 X32.412 Y112.774 E2460.89372
G1 X32.591 Y113.699 E2460.97851
G1 X32.905 Y114.46 E2461.0526
G1 X33.35 Y115.121 E2461.12432
G1 X33.935 Y115.706 E2461.19878
G1 X34.595 Y116.15 E2461.27037
G1 X35.37 Y116.469 E2461.34579
G1 F4586.3 X35.897 Y116.581 E2461.39461
G1 F3970 X36.48 Y116.5 E2461.45535
G1 X36 Y116.281 E2461.5098
G1 F4586.3 X35.723 Y116.004 E2461.54529
G1 F4620 X35.58 Y115.541 E2461.5889
G1 X35.58 Y109.319 E2462.14888
G1 X35.872 Y108.815 E2462.20131
G1 X36.369 Y108.58 E2462.25078
G1 X66.516 Y108.58 E2464.96401
G1 X66.852 Y108.644 E2464.9948
G1 X67.297 Y109.032 E2465.04793
G1 X67.416 Y109.448 E2465.08687
G1 X67.416 Y115.516 E2465.63299
G1 X67.296 Y115.965 E2465.67482
G1 F4258.1 X66.701 Y116.492 E2465.75184
G1 X67.644 Y116.405 E2465.84361
G1 F4620 X68.584 Y116.015 E2465.9352
G1 X69.372 Y115.368 E2466.02696
G1 X70.015 Y114.584 E2466.11822
G1 X70.482 Y113.456 E2466.22809
G1 X70.614 Y112.647 E2466.30187
G1 X70.954 Y112.261 E2466.34816
G1 X71.276 Y112.137 E2466.37922
G1 X71.816 Y112.16 E2466.42786
G1 X72.228 Y112.419 E2466.47166
G1 X72.379 Y112.648 E2466.49635
G1 X72.515 Y113.51 E2466.57489
G1 X72.906 Y114.46 E2466.66734
G1 X73.35 Y115.121 E2466.73901
G1 X73.935 Y115.706 E2466.81347
G1 X74.595 Y116.15 E2466.88506
G1 X75.37 Y116.469 E2466.96049
G1 F4586.3 X75.897 Y116.581 E2467.0093
G1 F3970 X76.48 Y116.5 E2467.07004
G1 X76 Y116.281 E2467.12449
G1 F4586.3 X75.723 Y116.004 E2467.15998
G1 F4620 X75.58 Y115.541 E2467.20359
G1 X75.58 Y109.448 E2467.75196
G1 X75.699 Y109.032 E2467.79091
G1 X75.875 Y108.813 E2467.81619
G1 X76.37 Y108.58 E2467.86543
G1 X106.516 Y108.58 E2470.57857
G1 X106.853 Y108.645 E2470.60946
G1 X107.299 Y109.036 E2470.66284
G1 X107.416 Y109.453 E2470.70182
G1 X107.416 Y115.516 E2471.24749
G1 X107.296 Y115.965 E2471.28932
G1 F4258.1 X106.701 Y116.492 E2471.36634
G1 X107.644 Y116.405 E2471.4581
G1 F4620 X108.584 Y116.015 E2471.54969
G1 X109.372 Y115.368 E2471.64146
G1 X110.015 Y114.584 E2471.73271
G1 X110.481 Y113.454 E2471.84272
G1 X110.607 Y112.693 E2471.91214
G1 X110.955 Y112.303 E2471.95919
G1 X111.268 Y112.185 E2471.98929
G1 X111.827 Y112.207 E2472.03964
G1 X112.186 Y112.428 E2472.07758
G1 X112.395 Y112.705 E2472.10881
G1 X112.594 Y113.698 E2472.19996
G1 X112.907 Y114.461 E2472.27418
G1 X113.35 Y115.121 E2472.34572
G1 X113.935 Y115.706 E2472.42018
G1 X114.595 Y116.15 E2472.49177
G1 X115.37 Y116.469 E2472.5672
G1 F4586.3 X115.897 Y116.581 E2472.61601
G1 F3970 X116.48 Y116.5 E2472.67675
G1 X116 Y116.281 E2472.7312
G1 F4586.3 X115.723 Y116.004 E2472.76669
G1 F4620 X115.58 Y115.541 E2472.81031
G1 X115.58 Y109.453 E2473.35823
G1 X115.697 Y109.035 E2473.39729
G1 X115.872 Y108.815 E2473.42259
G1 X116.369 Y108.58 E2473.47207
G1 X146.516 Y108.58 E2476.1853
G1 X146.853 Y108.645 E2476.21619
G1 X147.299 Y109.036 E2476.26957
G1 X147.416 Y109.453 E2476.30855
G1 X147.416 Y115.516 E2476.85422
G1 X147.296 Y115.965 E2476.89605
G1 F4258.1 X146.701 Y116.492 E2476.97307
G1 X147.644 Y116.405 E2477.06483
G1 F4620 X148.584 Y116.015 E2477.15642
G1 X149.372 Y115.368 E2477.24819
G1 X150.015 Y114.584 E2477.33944
G1 X150.482 Y113.452 E2477.44965
G1 X150.612 Y112.69 E2477.51922
G1 X150.959 Y112.303 E2477.566
G1 X151.272 Y112.185 E2477.59611
G1 X151.827 Y112.207 E2477.6461
G1 X152.187 Y112.429 E2477.68416
G1 X152.395 Y112.707 E2477.71541
G1 X152.594 Y113.702 E2477.80673
G1 X152.906 Y114.461 E2477.88059
G1 X153.35 Y115.121 E2477.95218
G1 X153.935 Y115.706 E2478.02664
G1 X154.595 Y116.15 E2478.09823
G1 X155.37 Y116.469 E2478.17366
G1 F4586.3 X155.897 Y116.581 E2478.22247
G1 F3970 X156.48 Y116.5 E2478.28321
G1 X156 Y116.281 E2478.33766
G1 F4586.3 X155.723 Y116.004 E2478.37315
G1 F4620 X155.58 Y115.541 E2478.41677
G1 X155.58 Y109.453 E2478.96469
G0 F7200 X155.173 Y109.453
G0 X155.845 Y116.156
G0 X156.48 Y116.5
G1 F3508.3 X186.516 Y116.5 E2482.42483
G1 F3467.4 X186.687 Y116.493 E2482.44475
G10
G0 F7200 X154.486 Y116.378
G0 X152.075 Y112.398
G0 X150.857 Y112.308
G0 X149.324 Y114.68
G0 X146.687 Y116.493
G11
G1 F3467.4 X146.516 Y116.5 E2482.46467
G1 F3508.3 X116.48 Y116.5 E2485.92482
G0 F7200 X112.684 Y114.576
G0 X112.01 Y112.112
G0 X110.879 Y112.15
G0 X109.332 Y114.613
G0 X106.687 Y116.493
G1 F3467.4 X106.516 Y116.5 E2485.94474
G1 F3508.3 X76.48 Y116.5 E2489.40489
G0 F7200 X72.684 Y114.576
G0 X72.112 Y112.094
G0 X71.389 Y111.804
G0 X69.328 Y114.655
G0 X66.687 Y116.493
G1 F3467.4 X66.516 Y116.5 E2489.42481
G1 F3508.3 X36.48 Y116.5 E2492.88496
G0 F7200 X35.172 Y115.876
G0 X35.192 Y115.876
;TYPE:SKIN
G1 F2340 X35.1 Y115.544 E2492.91441
G1 X35.1 Y109.214 E2493.45563
G1 X35.539 Y108.451 E2493.53089
G1 X36.287 Y108.104 E2493.60139
G1 X66.562 Y108.105 E2496.18991
G1 X67.113 Y108.252 E2496.23866
G1 X67.641 Y108.708 E2496.29831
G1 X67.896 Y109.441 E2496.36467
G1 X67.896 Y115.5 E2496.88271
G1 X67.825 Y115.806 E2496.90957
G1 X68.335 Y115.596 E2496.95673
G1 X69.027 Y115.027 E2497.03333
G1 X69.595 Y114.335 E2497.10987
G1 X70.014 Y113.327 E2497.20321
G1 X70.156 Y112.523 E2497.27301
G1 X70.638 Y111.909 E2497.33975
G1 X71.206 Y111.661 E2497.39274
G1 X71.973 Y111.703 E2497.45842
G1 X72.527 Y112.054 E2497.51449
G1 X72.82 Y112.446 E2497.55634
G1 X72.982 Y113.38 E2497.63739
G1 X73.335 Y114.233 E2497.71632
G1 X73.725 Y114.816 E2497.77629
G1 X74.236 Y115.327 E2497.83808
G1 X74.819 Y115.722 E2497.89829
G1 X75.192 Y115.876 E2497.93279
G1 X75.1 Y115.544 E2497.96224
G1 X75.1 Y109.44 E2498.48414
G1 X75.259 Y108.853 E2498.53613
G1 X75.55 Y108.449 E2498.5787
G1 X76.287 Y108.104 E2498.64828
G1 X106.562 Y108.105 E2501.23679
G1 X107.113 Y108.253 E2501.28557
G1 X107.718 Y108.777 E2501.354
G1 X107.896 Y109.45 E2501.41352
G1 X107.896 Y115.5 E2501.9308
G1 X107.825 Y115.806 E2501.95766
G1 X108.335 Y115.596 E2502.00481
G1 X109.027 Y115.027 E2502.08141
G1 X109.595 Y114.335 E2502.15796
G1 X110.014 Y113.327 E2502.25129
G1 X110.148 Y112.567 E2502.31727
G1 X110.644 Y111.947 E2502.38516
G1 X111.183 Y111.705 E2502.43568
G1 X111.948 Y111.742 E2502.50116
G1 X112.47 Y112.048 E2502.55289
G1 X112.859 Y112.576 E2502.60897
G1 X113.057 Y113.556 E2502.69445
G1 X113.335 Y114.238 E2502.75742
G1 X113.725 Y114.816 E2502.81704
G1 X114.236 Y115.327 E2502.87882
G1 X114.819 Y115.722 E2502.93903
G1 X115.192 Y115.876 E2502.97354
G1 X115.1 Y115.544 E2503.00299
G1 X115.1 Y109.224 E2503.54335
G1 X115.539 Y108.451 E2503.61936
G1 X116.287 Y108.104 E2503.68986
G1 X146.562 Y108.105 E2506.27837
G1 X147.113 Y108.253 E2506.32715
G1 X147.718 Y108.777 E2506.39558
G1 X147.896 Y109.45 E2506.4551
G1 X147.896 Y115.5 E2506.97238
G1 X147.825 Y115.806 E2506.99924
G1 X148.335 Y115.596 E2507.04639
G1 X149.027 Y115.027 E2507.12299
G1 X149.595 Y114.336 E2507.19947
G1 X150.014 Y113.318 E2507.29359
G1 X150.157 Y112.56 E2507.35955
G1 X150.643 Y111.948 E2507.42636
G1 X151.206 Y111.706 E2507.47876
G1 X151.948 Y111.742 E2507.54227
G1 X152.47 Y112.048 E2507.59401
G1 X152.839 Y112.503 E2507.6441
G1 X153.057 Y113.56 E2507.73637
G1 X153.335 Y114.237 E2507.79895
G1 X153.725 Y114.816 E2507.85863
G1 X154.236 Y115.327 E2507.92042
G1 X154.819 Y115.722 E2507.98063
G1 X155.192 Y115.876 E2508.01513
G1 X155.1 Y115.544 E2508.04459
G1 X155.1 Y109.224 E2508.58495
G1 X155.539 Y108.451 E2508.66096
G1 X156.287 Y108.104 E2508.73146
G1 X186.562 Y108.105 E2511.31997
G1 X187.075 Y108.225 E2511.36501
G1 X187.495 Y108.528 E2511.40929
G1 X187.896 Y109.214 E2511.47723
G1 X187.896 Y115.5 E2512.01469
G1 X187.825 Y115.806 E2512.04154
G1 X188.336 Y115.595 E2512.08881
G1 X189.03 Y115.027 E2512.16549
G1 X189.591 Y114.336 E2512.24159
G1 X189.943 Y113.496 E2512.31946
G1 X190.104 Y112.663 E2512.392
G1 X190.104 Y106.892 E2512.88542
G1 X32.893 Y106.893 E2526.32696
G1 X32.892 Y112.724 E2526.82551
G1 X33.049 Y113.557 E2526.89799
G1 X33.33 Y114.232 E2526.9605
G1 X33.725 Y114.816 E2527.02078
G1 X34.236 Y115.327 E2527.08257
G1 X34.819 Y115.722 E2527.14278
G1 X35.192 Y115.876 E2527.17728
G0 F7200 X35.172 Y115.876
G0 X35.244 Y108.244
G0 X35.919 Y107.549
G1 F2095.4 X36.176 Y107.498 E2527.20204
G1 F2297.8 X66.504 Y107.496 E2529.8383
G1 F2067.6 X67.01 Y107.56 E2529.88706
G0 F7200 X75.876 Y107.559
G1 F2057.4 X76.176 Y107.498 E2529.91647
G1 F2297.8 X106.504 Y107.496 E2532.55273
G1 F2067.6 X107.009 Y107.559 E2532.60139
G0 F7200 X115.921 Y107.549
G1 F2095.4 X116.176 Y107.498 E2532.62596
G1 F2297.8 X146.504 Y107.496 E2535.26222
G1 F2064.2 X147.006 Y107.559 E2535.31067
G0 F7200 X155.922 Y107.549
G1 F2095.4 X156.176 Y107.498 E2535.33515
G1 F2289.5 X186.555 Y107.498 E2537.9845
G1 F2095.4 X187.14 Y107.549 E2538.03998
G0 F7200 X187.756 Y108.244
G0 X188.197 Y114.727
G1 F2340 X189.687 Y113.237 E2538.22014
G0 F7200 X189.804 Y112.272
G1 F2340 X188.197 Y113.879 E2538.41445
G0 F7200 X188.197 Y113.03
G1 F2340 X189.804 Y111.424 E2538.6087
G0 F7200 X189.804 Y110.575
G1 F2340 X188.197 Y112.182 E2538.80301
G0 F7200 X188.197 Y111.333
G1 F2340 X189.804 Y109.727 E2538.99726
G0 F7200 X189.804 Y108.878
G1 F2340 X188.197 Y110.485 E2539.19157
G0 F7200 X188.197 Y109.636
G1 F2340 X189.804 Y108.03 E2539.38582
G0 F7200 X189.793 Y107.192
G1 F2340 X188.069 Y108.916 E2539.59428
G0 F7200 X187.756 Y108.38
G1 F2340 X188.945 Y107.192 E2539.73799
G0 F7200 X188.096 Y107.192
G1 F2340 X187.443 Y107.845 E2539.81695
G10
G0 F7200 X155.527 Y107.517
G11
G1 F2340 X151.617 Y111.427 E2540.28973
G0 F7200 X152.289 Y111.603
G1 F2340 X154.868 Y109.024 E2540.60157
G0 F7200 X154.8 Y109.941
G1 F2340 X152.775 Y111.965 E2540.84636
G0 F7200 X153.135 Y112.454
G1 F2340 X154.8 Y110.789 E2541.04768
G0 F7200 X154.8 Y111.638
G1 F2340 X153.28 Y113.158 E2541.23147
G0 F7200 X153.482 Y113.805
G1 F2340 X154.8 Y112.487 E2541.39084
G0 F7200 X154.8 Y113.335
G1 F2340 X153.778 Y114.357 E2541.51442
G0 F7200 X154.158 Y114.825
G1 F2340 X154.8 Y114.184 E2541.59198
G0 F7200 X154.8 Y115.032
G1 F2340 X154.612 Y115.22 E2541.61472
G0 F7200 X152.618 Y112.056
G0 X151.626 Y111.315
G0 X150.295 Y111.899
G0 X149.664 Y113.38
G1 F2340 X148.195 Y114.849 E2541.79234
G0 F7200 X148.195 Y114
G1 F2340 X155.003 Y107.192 E2542.61553
G0 F7200 X154.155 Y107.192
G1 F2340 X148.195 Y113.151 E2543.33613
G0 F7200 X148.195 Y112.303
G1 F2340 X153.306 Y107.192 E2543.95412
G0 F7200 X152.458 Y107.192
G1 F2340 X148.196 Y111.453 E2544.4694
G0 F7200 X148.196 Y110.605
G1 F2340 X151.609 Y107.192 E2544.88209
G0 F7200 X150.761 Y107.192
G1 F2340 X148.196 Y109.756 E2545.19218
G0 F7200 X148.089 Y109.015
G1 F2340 X149.912 Y107.192 E2545.4126
G0 F7200 X149.064 Y107.192
G1 F2340 X147.802 Y108.453 E2545.56514
G0 F7200 X147.348 Y108.059
G1 F2340 X148.215 Y107.192 E2545.66997
G1 X148.321 Y107.086
G10
G0 F7200 X115.559 Y107.604
G11
G1 F2340 X111.731 Y111.432 E2546.13284
G0 F7200 X112.365 Y111.647
G1 F2340 X114.799 Y109.212 E2546.4272
G0 F7200 X114.799 Y110.06
G1 F2340 X112.832 Y112.028 E2546.6651
G0 F7200 X113.16 Y112.549
G1 F2340 X114.799 Y110.909 E2546.86335
G0 F7200 X114.799 Y111.758
G1 F2340 X113.303 Y113.254 E2547.04423
G0 F7200 X113.517 Y113.889
G1 F2340 X114.799 Y112.606 E2547.19931
G0 F7200 X114.799 Y113.455
G1 F2340 X113.826 Y114.428 E2547.31696
G0 F7200 X114.218 Y114.885
G1 F2340 X114.799 Y114.303 E2547.38727
G0 F7200 X114.799 Y115.152
G1 F2340 X114.684 Y115.268 E2547.40124
G0 F7200 X112.499 Y111.495
G0 X110.335 Y111.568
G0 X109.584 Y113.579
G1 F2340 X108.195 Y114.968 E2547.56919
G0 F7200 X108.196 Y114.119
G1 F2340 X109.903 Y112.411 E2547.77565
G1 X110.009 Y112.305
G0 F7200 X110.76 Y111.554
G1 F2340 X115.123 Y107.192 E2548.30314
G0 F7200 X114.274 Y107.192
G1 F2340 X108.196 Y113.27 E2549.03807
G0 F7200 X108.196 Y112.421
G1 F2340 X113.426 Y107.192 E2549.67039
G0 F7200 X112.577 Y107.192
G1 F2340 X108.196 Y111.573 E2550.20012
G0 F7200 X108.196 Y110.724
G1 F2340 X111.729 Y107.192 E2550.62726
G0 F7200 X110.88 Y107.192
G1 F2340 X108.196 Y109.876 E2550.95179
G0 F7200 X108.113 Y109.11
G1 F2340 X110.031 Y107.192 E2551.18371
G0 F7200 X109.183 Y107.192
G1 F2340 X107.861 Y108.514 E2551.34356
G0 F7200 X107.41 Y108.116
G1 F2340 X108.334 Y107.192 E2551.45528
G1 X108.44 Y107.086
G10
G0 F7200 X75.552 Y107.731
G11
G1 F2340 X71.884 Y111.398 E2551.89874
G0 F7200 X72.465 Y111.666
G1 F2340 X74.835 Y109.296 E2552.18531
G0 F7200 X74.8 Y110.179
G1 F2340 X72.907 Y112.072 E2552.4142
G0 F7200 X73.162 Y112.665
G1 F2340 X74.8 Y111.028 E2552.6122
G0 F7200 X74.8 Y111.876
G1 F2340 X73.304 Y113.372 E2552.79309
G0 F7200 X73.553 Y113.972
G1 F2340 X74.8 Y112.725 E2552.94387
G0 F7200 X74.8 Y113.573
G1 F2340 X73.875 Y114.498 E2553.05572
G0 F7200 X74.278 Y114.944
G1 F2340 X74.8 Y114.422 E2553.11884
G0 F7200 X72.673 Y111.671
G0 X71.275 Y111.112
G0 X70.992 Y111.441
G1 F2340 X75.24 Y107.193 E2553.63248
G0 F7200 X74.392 Y107.193
G1 F2340 X68.196 Y113.389 E2554.38167
G0 F7200 X68.196 Y114.237
G1 F2340 X69.838 Y112.595 E2554.58022
G1 X69.944 Y112.489
G0 F7200 X69.499 Y113.783
G1 F2340 X68.195 Y115.087 E2554.73789
G1 X68.089 Y115.193
G0 F7200 X68.196 Y112.54
G1 F2340 X73.543 Y107.193 E2555.38443
G0 F7200 X72.695 Y107.193
G1 F2340 X68.196 Y111.692 E2555.92842
G0 F7200 X68.196 Y110.843
G1 F2340 X71.846 Y107.193 E2556.36976
G0 F7200 X70.998 Y107.193
G1 F2340 X68.196 Y109.995 E2556.70857
G0 F7200 X68.137 Y109.206
G1 F2340 X70.149 Y107.193 E2556.95191
G0 F7200 X69.301 Y107.193
G1 F2340 X67.906 Y108.588 E2557.12059
G0 F7200 X67.475 Y108.17
G1 F2340 X68.452 Y107.193 E2557.23872
G0 F7200 X67.604 Y107.193
G1 F2340 X67.505 Y107.292 E2557.25069
G10
G0 F7200 X35.625 Y107.776
G11
G1 F2340 X33.193 Y110.208 E2557.54476
G0 F7200 X33.193 Y109.36
G1 F2340 X35.36 Y107.192 E2557.80684
G0 F7200 X34.512 Y107.192
G1 F2340 X33.193 Y108.511 E2557.96633
G0 F7200 X33.193 Y107.663
G1 F2340 X33.663 Y107.192 E2558.02322
G0 F7200 X34.8 Y109.45
G1 F2340 X33.193 Y111.057 E2558.21753
G0 F7200 X33.193 Y111.905
G1 F2340 X34.8 Y110.299 E2558.41178
G0 F7200 X34.8 Y111.147
G1 F2340 X33.202 Y112.745 E2558.605
G0 F7200 X33.336 Y113.46
G1 F2340 X34.8 Y111.996 E2558.78202
G0 F7200 X34.8 Y112.844
G1 F2340 X33.584 Y114.06 E2558.92906
G0 F7200 X33.921 Y114.571
G1 F2340 X34.8 Y113.693 E2559.03528
G0 F7200 X34.8 Y114.541
G1 F2340 X34.337 Y115.004 E2559.09126
G0 F7200 X34.429 Y114.916
;MESH:NONMESH
G0 F600 X34.429 Y114.916 Z1.3
G0 F7200 X32.195 Y106.195
G0 X31.812 Y105.812
;TIME_ELAPSED:525.732358
;LAYER:6
;TYPE:WALL-OUTER
;MESH:glasses_holder1.stl
G1 F2880 X31.812 Y112.831 E2559.72297
G1 X32.013 Y113.873 E2559.81848
G1 X32.374 Y114.745 E2559.90342
G1 X32.885 Y115.504 E2559.98577
G1 X33.552 Y116.171 E2560.07067
G1 X34.311 Y116.682 E2560.15302
G1 X35.19 Y117.044 E2560.23857
G1 X35.833 Y117.184 E2560.2978
G1 X66.771 Y117.184 E2563.08222
G1 X67.817 Y116.983 E2563.17808
G1 X68.896 Y116.535 E2563.28323
G1 X69.798 Y115.794 E2563.38829
G1 X70.535 Y114.896 E2563.49284
G1 X71.07 Y113.601 E2563.61895
G1 X71.159 Y112.89 E2563.68344
G1 X71.38 Y112.72 E2563.70853
G1 X71.656 Y112.731 E2563.73339
G1 X71.846 Y112.855 E2563.75381
G1 X71.927 Y113.658 E2563.82645
G1 X72.374 Y114.745 E2563.93222
G1 X72.885 Y115.504 E2564.01457
G1 X73.552 Y116.171 E2564.09947
G1 X74.311 Y116.682 E2564.18182
G1 X75.19 Y117.044 E2564.26737
G1 X75.833 Y117.184 E2564.3266
G1 X106.771 Y117.184 E2567.11102
G1 X107.817 Y116.983 E2567.20688
G1 X108.896 Y116.535 E2567.31203
G1 X109.798 Y115.794 E2567.41709
G1 X110.535 Y114.896 E2567.52164
G1 X111.069 Y113.602 E2567.64763
G1 X111.151 Y112.945 E2567.70722
G1 X111.341 Y112.783 E2567.72969
G1 X111.701 Y112.805 E2567.76215
G1 X111.83 Y112.937 E2567.77876
G1 X112.017 Y113.872 E2567.86458
G1 X112.375 Y114.745 E2567.9495
G1 X112.885 Y115.504 E2568.0318
G1 X113.552 Y116.171 E2568.11669
G1 X114.311 Y116.682 E2568.19904
G1 X115.19 Y117.044 E2568.2846
G1 X115.833 Y117.184 E2568.34382
G1 X146.771 Y117.184 E2571.12824
G1 X147.817 Y116.983 E2571.22411
G1 X148.896 Y116.535 E2571.32925
G1 X149.798 Y115.794 E2571.43431
G1 X150.535 Y114.896 E2571.53887
G1 X151.07 Y113.601 E2571.66497
G1 X151.156 Y112.944 E2571.72461
G1 X151.345 Y112.783 E2571.74695
G1 X151.641 Y112.778 E2571.7736
G1 X151.831 Y112.944 E2571.7963
G1 X152.017 Y113.876 E2571.88184
G1 X152.374 Y114.745 E2571.96639
G1 X152.885 Y115.504 E2572.04874
G1 X153.552 Y116.171 E2572.13363
G1 X154.311 Y116.682 E2572.21598
G1 X155.19 Y117.044 E2572.30154
G1 X155.833 Y117.184 E2572.36077
G1 X186.771 Y117.184 E2575.14519
G1 X187.817 Y116.983 E2575.24105
G1 X188.896 Y116.535 E2575.3462
G1 X189.798 Y115.794 E2575.45126
G1 X190.535 Y114.896 E2575.55581
G1 X190.983 Y113.813 E2575.66129
G1 X191.184 Y112.771 E2575.7568
G1 X191.184 Y105.812 E2576.38311
G1 X31.812 Y105.812 E2590.72659
G0 F7200 X31.812 Y106.112
G0 X32.195 Y106.195
G0 X36.428 Y108.772
G0 X36.428 Y109.184
G1 F2880 X66.604 Y109.18 E2593.44243
G1 X66.816 Y109.364 E2593.46769
G1 X66.816 Y115.637 E2594.03226
G1 X66.574 Y115.811 E2594.05909
G1 X36.346 Y115.816 E2596.77961
G1 X36.18 Y115.525 E2596.80976
G1 X36.18 Y109.426 E2597.35867
G1 X36.428 Y109.184 E2597.38986
G0 F7200 X36.728 Y109.184
G10
G0 X36.728 Y108.772
G0 X76.428 Y108.772
G0 X76.428 Y109.184
G11
G1 F2880 X106.596 Y109.18 E2600.10498
G1 X106.816 Y109.427 E2600.13475
G1 X106.816 Y115.637 E2600.69365
G1 X106.574 Y115.811 E2600.72047
G1 X76.346 Y115.816 E2603.44099
G1 X76.18 Y115.525 E2603.47114
G1 X76.18 Y109.426 E2604.02005
G1 X76.428 Y109.184 E2604.05124
G0 F7200 X76.728 Y109.184
G10
G0 X76.728 Y108.772
G0 X107.155 Y108.844
G0 X115.773 Y109.427
G0 X116.18 Y109.427
G11
G1 F2880 X116.428 Y109.184 E2604.08249
G1 X146.596 Y109.18 E2606.79761
G1 X146.816 Y109.427 E2606.82738
G1 X146.816 Y115.637 E2607.38628
G1 X146.574 Y115.811 E2607.4131
G1 X116.346 Y115.816 E2610.13362
G1 X116.18 Y115.525 E2610.16377
G1 X116.18 Y109.427 E2610.71259
G0 F7200 X116.394 Y109.217
G10
G0 X116.394 Y108.772
G0 X147.156 Y108.844
G0 X155.773 Y109.427
G0 X156.18 Y109.427
G11
G1 F2880 X156.428 Y109.184 E2610.74384
G1 X186.596 Y109.18 E2613.45896
G1 X186.816 Y109.426 E2613.48866
G1 X186.816 Y115.637 E2614.04765
G1 X186.574 Y115.811 E2614.07448
G1 X156.346 Y115.816 E2616.795
G1 X156.18 Y115.525 E2616.82515
G1 X156.18 Y109.427 E2617.37397
G0 F7200 X156.394 Y109.217
G0 X155.58 Y109.453
;TYPE:WALL-INNER
G1 F4620 X155.697 Y109.035 E2617.41304
G1 X155.872 Y108.815 E2617.43834
G1 X156.369 Y108.58 E2617.48782
G1 X186.516 Y108.58 E2620.20105
G1 X187.124 Y108.815 E2620.25971
G1 X187.416 Y109.319 E2620.31213
G1 X187.416 Y115.516 E2620.86986
G1 X187.296 Y115.965 E2620.91169
G1 F4258.1 X186.701 Y116.492 E2620.98871
G1 X187.644 Y116.405 E2621.08048
G1 F4620 X188.584 Y116.015 E2621.17207
G1 X189.372 Y115.368 E2621.26383
G1 X190.015 Y114.584 E2621.35509
G1 X190.405 Y113.64 E2621.44701
G1 X190.584 Y112.714 E2621.53189
G1 X190.584 Y106.412 E2622.09907
G1 X32.412 Y106.412 E2636.33455
G1 X32.412 Y112.774 E2636.90713
G1 X32.591 Y113.699 E2636.99193
G1 X32.905 Y114.46 E2637.06602
G1 X33.35 Y115.121 E2637.13774
G1 X33.935 Y115.706 E2637.21219
G1 X34.595 Y116.15 E2637.28378
G1 X35.37 Y116.469 E2637.35921
G1 F4586.3 X35.897 Y116.581 E2637.40802
G1 F3970 X36.48 Y116.5 E2637.46877
G1 X36 Y116.281 E2637.52322
G1 F4586.3 X35.723 Y116.004 E2637.55871
G1 F4620 X35.58 Y115.541 E2637.60232
G1 X35.58 Y109.319 E2638.1623
G1 X35.872 Y108.815 E2638.21472
G1 X36.369 Y108.58 E2638.2642
G1 X66.516 Y108.58 E2640.97743
G1 X66.851 Y108.644 E2641.00813
G1 X67.297 Y109.031 E2641.06127
G1 X67.416 Y109.447 E2641.10021
G1 X67.416 Y115.516 E2641.64642
G1 X67.296 Y115.965 E2641.68825
G1 F4258.1 X66.701 Y116.492 E2641.76527
G1 X67.644 Y116.405 E2641.85703
G1 F4620 X68.584 Y116.015 E2641.94863
G1 X69.372 Y115.368 E2642.04039
G1 X70.015 Y114.584 E2642.13165
G1 X70.482 Y113.453 E2642.24177
G1 X70.614 Y112.64 E2642.3159
G1 X70.952 Y112.254 E2642.36208
G1 X71.276 Y112.129 E2642.39333
G1 X71.817 Y112.153 E2642.44207
G1 X72.229 Y112.412 E2642.48587
G1 X72.379 Y112.642 E2642.51058
G1 X72.515 Y113.511 E2642.58974
G1 X72.906 Y114.46 E2642.68212
G1 X73.35 Y115.121 E2642.75378
G1 X73.935 Y115.706 E2642.82824
G1 X74.595 Y116.15 E2642.89983
G1 X75.37 Y116.469 E2642.97526
G1 F4586.3 X75.897 Y116.581 E2643.02407
G1 F3970 X76.48 Y116.5 E2643.08481
G1 X76 Y116.281 E2643.13926
G1 F4586.3 X75.723 Y116.004 E2643.17475
G1 F4620 X75.58 Y115.541 E2643.21837
G1 X75.58 Y109.447 E2643.76683
G1 X75.699 Y109.031 E2643.80577
G1 X75.875 Y108.813 E2643.83098
G1 X76.37 Y108.58 E2643.88022
G1 X106.516 Y108.58 E2646.59336
G1 X106.853 Y108.645 E2646.62425
G1 X107.299 Y109.036 E2646.67763
G1 X107.416 Y109.453 E2646.71661
G1 X107.416 Y115.516 E2647.26228
G1 X107.296 Y115.965 E2647.30411
G1 F4258.1 X106.701 Y116.492 E2647.38113
G1 X107.644 Y116.405 E2647.47289
G1 F4620 X108.584 Y116.015 E2647.56449
G1 X109.372 Y115.368 E2647.65625
G1 X110.015 Y114.584 E2647.74751
G1 X110.481 Y113.454 E2647.85751
G1 X110.607 Y112.693 E2647.92694
G1 X110.955 Y112.303 E2647.97398
G1 X111.268 Y112.185 E2648.00408
G1 X111.827 Y112.207 E2648.05443
G1 X112.186 Y112.428 E2648.09237
G1 X112.395 Y112.705 E2648.1236
G1 X112.594 Y113.698 E2648.21475
G1 X112.907 Y114.461 E2648.28897
G1 X113.35 Y115.121 E2648.36051
G1 X113.935 Y115.706 E2648.43497
G1 X114.595 Y116.15 E2648.50656
G1 X115.37 Y116.469 E2648.58199
G1 F4586.3 X115.897 Y116.581 E2648.6308
G1 F3970 X116.48 Y116.5 E2648.69155
G1 X116 Y116.281 E2648.746
G1 F4586.3 X115.723 Y116.004 E2648.78149
G1 F4620 X115.58 Y115.541 E2648.8251
G1 X115.58 Y109.453 E2649.37302
G1 X115.697 Y109.035 E2649.41208
G1 X115.872 Y108.815 E2649.43738
G1 X116.369 Y108.58 E2649.48686
G1 X146.516 Y108.58 E2652.20009
G1 X146.853 Y108.645 E2652.23098
G1 X147.299 Y109.036 E2652.28436
G1 X147.416 Y109.453 E2652.32334
G1 X147.416 Y115.516 E2652.86901
G1 X147.296 Y115.965 E2652.91084
G1 F4258.1 X146.701 Y116.492 E2652.98786
G1 X147.644 Y116.405 E2653.07962
G1 F4620 X148.584 Y116.015 E2653.17122
G1 X149.372 Y115.368 E2653.26298
G1 X150.015 Y114.584 E2653.35424
G1 X150.482 Y113.452 E2653.46444
G1 X150.612 Y112.69 E2653.53402
G1 X150.959 Y112.303 E2653.5808
G1 X151.272 Y112.185 E2653.6109
G1 X151.827 Y112.207 E2653.66089
G1 X152.187 Y112.429 E2653.69896
G1 X152.395 Y112.707 E2653.7302
G1 X152.594 Y113.702 E2653.82153
G1 X152.906 Y114.461 E2653.89538
G1 X153.35 Y115.121 E2653.96697
G1 X153.935 Y115.706 E2654.04143
G1 X154.595 Y116.15 E2654.11302
G1 X155.37 Y116.469 E2654.18845
G1 F4586.3 X155.897 Y116.581 E2654.23726
G1 F3970 X156.48 Y116.5 E2654.29801
G1 X156 Y116.281 E2654.35245
G1 F4586.3 X155.723 Y116.004 E2654.38795
G1 F4620 X155.58 Y115.541 E2654.43156
G1 X155.58 Y109.453 E2654.97948
G0 F7200 X155.173 Y109.453
G0 X155.845 Y116.156
G0 X156.48 Y116.5
G1 F3508.3 X186.516 Y116.5 E2658.43963
G1 F3467.4 X186.687 Y116.493 E2658.45955
G10
G0 F7200 X154.486 Y116.378
G0 X152.075 Y112.398
G0 X150.857 Y112.308
G0 X149.324 Y114.68
G0 X146.687 Y116.493
G11
G1 F3467.4 X146.516 Y116.5 E2658.47947
G1 F3508.3 X116.48 Y116.5 E2661.93961
G0 F7200 X112.684 Y114.576
G0 X112.01 Y112.112
G0 X110.879 Y112.15
G0 X109.332 Y114.613
G0 X106.687 Y116.493
G1 F3467.4 X106.516 Y116.5 E2661.95954
G1 F3508.3 X76.48 Y116.5 E2665.41968
G0 F7200 X72.684 Y114.576
G0 X72.109 Y112.048
G0 X71.353 Y111.77
G0 X69.326 Y114.651
G0 X66.687 Y116.493
G1 F3467.4 X66.516 Y116.5 E2665.4396
G1 F3508.3 X36.48 Y116.5 E2668.89975
G0 F7200 X35.172 Y115.876
G0 X35.192 Y115.876
;TYPE:SKIN
G1 F2340 X35.1 Y115.544 E2668.92921
G1 X35.1 Y109.214 E2669.47042
G1 X35.539 Y108.451 E2669.54569
G1 X36.287 Y108.104 E2669.61619
G1 X66.562 Y108.105 E2672.2047
G1 X67.113 Y108.252 E2672.25346
G1 X67.641 Y108.708 E2672.31311
G1 X67.896 Y109.44 E2672.37938
G1 X67.896 Y115.5 E2672.89751
G1 X67.825 Y115.806 E2672.92437
G1 X68.335 Y115.596 E2672.97153
G1 X69.027 Y115.027 E2673.04813
G1 X69.595 Y114.335 E2673.12467
G1 X70.014 Y113.323 E2673.21832
G1 X70.156 Y112.515 E2673.28846
G1 X70.633 Y111.902 E2673.35487
G1 X71.192 Y111.656 E2673.40709
G1 X71.928 Y111.686 E2673.47007
G1 X72.525 Y112.046 E2673.52968
G1 X72.82 Y112.437 E2673.57155
G1 X72.982 Y113.38 E2673.65336
G1 X73.335 Y114.233 E2673.73229
G1 X73.725 Y114.816 E2673.79226
G1 X74.236 Y115.327 E2673.85405
G1 X74.819 Y115.722 E2673.91426
G1 X75.192 Y115.876 E2673.94876
G1 X75.1 Y115.544 E2673.97822
G1 X75.1 Y109.44 E2674.50011
G1 X75.259 Y108.853 E2674.55211
G1 X75.55 Y108.449 E2674.59468
G1 X76.287 Y108.104 E2674.66425
G1 X106.562 Y108.105 E2677.25277
G1 X107.113 Y108.253 E2677.30155
G1 X107.718 Y108.777 E2677.36998
G1 X107.896 Y109.45 E2677.4295
G1 X107.896 Y115.5 E2677.94677
G1 X107.825 Y115.806 E2677.97363
G1 X108.335 Y115.596 E2678.02079
G1 X109.027 Y115.027 E2678.09739
G1 X109.595 Y114.335 E2678.17393
G1 X110.014 Y113.327 E2678.26726
G1 X110.148 Y112.567 E2678.33325
G1 X110.644 Y111.947 E2678.40113
G1 X111.183 Y111.705 E2678.45165
G1 X111.948 Y111.742 E2678.51713
G1 X112.47 Y112.048 E2678.56887
G1 X112.859 Y112.576 E2678.62494
G1 X113.057 Y113.556 E2678.71042
G1 X113.335 Y114.238 E2678.77339
G1 X113.725 Y114.816 E2678.83301
G1 X114.236 Y115.327 E2678.8948
G1 X114.819 Y115.722 E2678.95501
G1 X115.192 Y115.876 E2678.98951
G1 X115.1 Y115.544 E2679.01897
G1 X115.1 Y109.224 E2679.55933
G1 X115.539 Y108.451 E2679.63533
G1 X116.287 Y108.104 E2679.70583
G1 X146.562 Y108.105 E2682.29434
G1 X147.113 Y108.253 E2682.34313
G1 X147.718 Y108.777 E2682.41156
G1 X147.896 Y109.45 E2682.47108
G1 X147.896 Y115.5 E2682.98835
G1 X147.825 Y115.806 E2683.01521
G1 X148.335 Y115.596 E2683.06237
G1 X149.027 Y115.027 E2683.13897
G1 X149.595 Y114.336 E2683.21544
G1 X150.014 Y113.318 E2683.30957
G1 X150.157 Y112.56 E2683.37552
G1 X150.643 Y111.948 E2683.44234
G1 X151.206 Y111.706 E2683.49473
G1 X151.948 Y111.742 E2683.55825
G1 X152.47 Y112.048 E2683.60998
G1 X152.839 Y112.503 E2683.66007
G1 X153.057 Y113.56 E2683.75235
G1 X153.335 Y114.237 E2683.81492
G1 X153.725 Y114.816 E2683.87461
G1 X154.236 Y115.327 E2683.9364
G1 X154.819 Y115.722 E2683.99661
G1 X155.192 Y115.876 E2684.03111
G1 X155.1 Y115.544 E2684.06056
G1 X155.1 Y109.224 E2684.60092
G1 X155.539 Y108.451 E2684.67693
G1 X156.287 Y108.104 E2684.74743
G1 X186.562 Y108.105 E2687.33594
G1 X187.075 Y108.225 E2687.38099
G1 X187.495 Y108.528 E2687.42527
G1 X187.896 Y109.214 E2687.49321
G1 X187.896 Y115.5 E2688.03066
G1 X187.825 Y115.806 E2688.05752
G1 X188.336 Y115.595 E2688.10479
G1 X189.03 Y115.027 E2688.18146
G1 X189.591 Y114.336 E2688.25756
G1 X189.943 Y113.496 E2688.33543
G1 X190.104 Y112.663 E2688.40797
G1 X190.104 Y106.892 E2688.90139
G1 X32.893 Y106.893 E2702.34293
G1 X32.892 Y112.724 E2702.84149
G1 X33.049 Y113.557 E2702.91396
G1 X33.33 Y114.232 E2702.97647
G1 X33.725 Y114.816 E2703.03676
G1 X34.236 Y115.327 E2703.09854
G1 X34.819 Y115.722 E2703.15875
G1 X35.192 Y115.876 E2703.19326
G0 F7200 X35.172 Y115.876
G0 X35.244 Y108.244
G0 X35.919 Y107.549
G1 F2095.4 X36.176 Y107.498 E2703.21801
G1 F2297.8 X66.504 Y107.496 E2705.85427
G1 F2067.6 X67.01 Y107.56 E2705.90304
G0 F7200 X75.876 Y107.559
G1 F2057.4 X76.176 Y107.498 E2705.93244
G1 F2297.8 X106.504 Y107.496 E2708.5687
G1 F2067.6 X107.009 Y107.559 E2708.61736
G0 F7200 X115.921 Y107.549
G1 F2095.4 X116.176 Y107.498 E2708.64193
G1 F2297.8 X146.504 Y107.496 E2711.2782
G1 F2064.2 X147.006 Y107.559 E2711.32664
G0 F7200 X155.922 Y107.549
G1 F2095.4 X156.176 Y107.498 E2711.35112
G1 F2289.5 X186.555 Y107.498 E2714.00047
G1 F2095.4 X187.14 Y107.549 E2714.05595
G0 F7200 X189.499 Y107.192
G1 F2340 X189.804 Y107.497 E2714.09283
G0 F7200 X189.804 Y108.346
G1 F2340 X188.65 Y107.192 E2714.23237
G0 F7200 X187.802 Y107.192
G1 F2340 X189.804 Y109.194 E2714.47444
G0 F7200 X189.804 Y110.043
G1 F2340 X187.465 Y107.704 E2714.75726
G1 X187.359 Y107.598
G0 F7200 X188.192 Y109.278
G1 F2340 X189.804 Y110.891 E2714.95224
G0 F7200 X189.804 Y111.74
G1 F2340 X188.196 Y110.132 E2715.14667
G0 F7200 X188.196 Y110.98
G1 F2340 X189.804 Y112.588 E2715.3411
G0 F7200 X189.674 Y113.307
G1 F2340 X188.196 Y111.829 E2715.51981
G0 F7200 X188.196 Y112.677
G1 F2340 X189.44 Y113.921 E2715.67023
G0 F7200 X189.116 Y114.446
G1 F2340 X188.196 Y113.526 E2715.78147
G0 F7200 X188.196 Y114.375
G1 F2340 X188.717 Y114.895 E2715.84441
G10
G0 F7200 X187.756 Y108.244
G0 X155.58 Y108.063
G11
G1 F2340 X154.71 Y107.192 E2715.94967
G0 F7200 X153.861 Y107.192
G1 F2340 X155.168 Y108.498 E2716.10764
G0 F7200 X154.86 Y109.039
G1 F2340 X153.013 Y107.192 E2716.33097
G0 F7200 X152.164 Y107.192
G1 F2340 X154.801 Y109.829 E2716.64983
G0 F7200 X154.801 Y110.677
G1 F2340 X151.316 Y107.192 E2717.07122
G0 F7200 X150.467 Y107.192
G1 F2340 X154.801 Y111.526 E2717.59526
G0 F7200 X154.801 Y112.374
G1 F2340 X149.619 Y107.192 E2718.22185
G0 F7200 X148.77 Y107.192
G1 F2340 X154.801 Y113.223 E2718.95108
G0 F7200 X154.801 Y114.071
G1 F2340 X153.123 Y112.393 E2719.15398
G0 F7200 X152.387 Y111.658
G1 F2340 X147.922 Y107.192 E2719.69393
G0 F7200 X147.412 Y107.531
G1 F2340 X151.291 Y111.41 E2720.16296
G0 F7200 X150.636 Y111.604
G1 F2340 X148.103 Y109.071 E2720.46924
G0 F7200 X148.195 Y110.012
G1 F2340 X150.205 Y112.021 E2720.71222
G0 F7200 X149.859 Y112.524
G1 F2340 X148.195 Y110.86 E2720.91342
G0 F7200 X148.195 Y111.709
G1 F2340 X149.723 Y113.237 E2721.09818
G0 F7200 X149.476 Y113.838
G1 F2340 X148.195 Y112.557 E2721.25307
G0 F7200 X148.195 Y113.405
G1 F2340 X149.171 Y114.381 E2721.37108
G0 F7200 X148.781 Y114.84
G1 F2340 X148.195 Y114.254 E2721.44194
G0 F7200 X148.195 Y115.102
G1 F2340 X148.316 Y115.223 E2721.45657
G0 F7200 X150.295 Y111.899
G0 X151.626 Y111.315
G0 X152.618 Y112.056
G0 X153.342 Y113.461
G1 F2340 X154.801 Y114.92 E2721.63299
G1 X154.907 Y115.026
G10
G0 F7200 X152.618 Y112.056
G0 X147.756 Y108.244
G0 X115.642 Y108.005
G11
G1 F2340 X114.829 Y107.192 E2721.73129
G0 F7200 X113.981 Y107.192
G1 F2340 X115.21 Y108.422 E2721.87995
G0 F7200 X114.903 Y108.963
G1 F2340 X113.132 Y107.192 E2722.0941
G0 F7200 X112.284 Y107.192
G1 F2340 X114.8 Y109.709 E2722.39838
G0 F7200 X114.8 Y110.558
G1 F2340 X111.435 Y107.192 E2722.80532
G0 F7200 X110.587 Y107.192
G1 F2340 X114.8 Y111.406 E2723.3148
G0 F7200 X114.8 Y112.255
G1 F2340 X109.738 Y107.192 E2723.92693
G0 F7200 X108.889 Y107.192
G1 F2340 X114.8 Y113.103 E2724.64166
G0 F7200 X114.8 Y113.952
G1 F2340 X108.041 Y107.192 E2725.45899
G0 F7200 X107.445 Y107.445
G1 F2340 X111.416 Y111.416 E2725.93914
G0 F7200 X110.718 Y111.567
G1 F2340 X108.062 Y108.911 E2726.26029
G0 F7200 X108.195 Y109.892
G1 F2340 X110.263 Y111.96 E2726.51034
G0 F7200 X109.891 Y112.437
G1 F2340 X108.195 Y110.741 E2726.71542
G0 F7200 X108.195 Y111.589
G1 F2340 X109.743 Y113.137 E2726.90259
G0 F7200 X109.512 Y113.754
G1 F2340 X108.195 Y112.438 E2727.06178
G0 F7200 X108.195 Y113.286
G1 F2340 X109.224 Y114.315 E2727.1862
G0 F7200 X108.841 Y114.781
G1 F2340 X108.195 Y114.135 E2727.26431
G0 F7200 X108.195 Y114.983
G1 F2340 X108.381 Y115.169 E2727.2868
G0 F7200 X110.335 Y111.568
G0 X112.499 Y111.495
G0 X113.313 Y113.313
G1 F2340 X114.8 Y114.8 E2727.4666
G1 X114.906 Y114.906
G10
G0 F7200 X112.499 Y111.495
G0 X107.755 Y108.244
G0 X75.597 Y107.841
G11
G1 F2340 X74.949 Y107.193 E2727.54496
G0 F7200 X74.101 Y107.193
G1 F2340 X75.256 Y108.349 E2727.68467
G0 F7200 X74.942 Y108.883
G1 F2340 X73.252 Y107.193 E2727.88902
G0 F7200 X72.403 Y107.193
G1 F2340 X74.801 Y109.59 E2728.17891
G0 F7200 X74.801 Y110.439
G1 F2340 X71.555 Y107.193 E2728.57141
G0 F7200 X70.706 Y107.193
G1 F2340 X74.801 Y111.287 E2729.06649
G0 F7200 X74.801 Y112.136
G1 F2340 X69.858 Y107.193 E2729.66418
G0 F7200 X69.009 Y107.193
G1 F2340 X74.801 Y112.984 E2730.36446
G0 F7200 X74.801 Y113.833
G1 F2340 X68.161 Y107.193 E2731.16734
G0 F7200 X67.479 Y107.36
G1 F2340 X71.483 Y111.364 E2731.65148
G0 F7200 X70.771 Y111.5
G1 F2340 X67.989 Y108.718 E2731.98787
G0 F7200 X68.195 Y109.773
G1 F2340 X70.3 Y111.878 E2732.24239
G0 F7200 X69.918 Y112.344
G1 F2340 X68.195 Y110.622 E2732.45067
G0 F7200 X68.195 Y111.47
G1 F2340 X69.76 Y113.035 E2732.6399
G0 F7200 X69.546 Y113.67
G1 F2340 X68.195 Y112.319 E2732.80326
G0 F7200 X68.195 Y113.167
G1 F2340 X69.278 Y114.25 E2732.93421
G0 F7200 X68.896 Y114.716
G1 F2340 X68.195 Y114.016 E2733.01891
G0 F7200 X68.195 Y114.864
G1 F2340 X68.447 Y115.116 E2733.04938
G0 F7200 X70.287 Y111.959
G0 X71.207 Y111.077
G0 X72.668 Y111.615
G0 X73.241 Y113.122
G1 F2340 X74.801 Y114.681 E2733.23795
G1 X74.907 Y114.787
G10
G0 F7200 X72.668 Y111.615
G0 X67.755 Y108.244
G0 X35.61 Y107.735
G11
G1 F2340 X35.068 Y107.193 E2733.30348
G0 F7200 X34.22 Y107.193
G1 F2340 X35.325 Y108.298 E2733.4371
G0 F7200 X34.987 Y108.809
G1 F2340 X33.371 Y107.193 E2733.63249
G0 F7200 X33.192 Y107.863
G1 F2340 X34.8 Y109.471 E2733.82693
G0 F7200 X34.8 Y110.319
G1 F2340 X33.192 Y108.711 E2734.02136
G0 F7200 X33.192 Y109.56
G1 F2340 X34.8 Y111.168 E2734.21579
G0 F7200 X34.8 Y112.016
G1 F2340 X33.192 Y110.408 E2734.41022
G0 F7200 X33.192 Y111.257
G1 F2340 X34.8 Y112.865 E2734.60465
G0 F7200 X34.8 Y113.713
G1 F2340 X33.192 Y112.105 E2734.79909
G0 F7200 X33.252 Y113.013
G1 F2340 X34.8 Y114.562 E2734.98632
G0 F7200 X34.6 Y115.21
G1 F2340 X33.839 Y114.449 E2735.07834
G0 F7200 X33.947 Y114.38
;MESH:NONMESH
G0 F600 X33.947 Y114.38 Z1.45
G0 F7200 X32.195 Y106.195
G0 X31.812 Y105.812
;TIME_ELAPSED:577.613516
;LAYER:7
;TYPE:WALL-OUTER
;MESH:glasses_holder1.stl
G1 F2880 X31.812 Y112.831 E2735.71005
G1 X32.013 Y113.873 E2735.80556
G1 X32.374 Y114.745 E2735.8905
G1 X32.885 Y115.504 E2735.97285
G1 X33.552 Y116.171 E2736.05774
G1 X34.311 Y116.682 E2736.14009
G1 X35.19 Y117.044 E2736.22565
G1 X35.833 Y117.184 E2736.28487
G1 X66.771 Y117.184 E2739.06929
G1 X67.817 Y116.983 E2739.16515
G1 X68.896 Y116.535 E2739.2703
G1 X69.798 Y115.794 E2739.37536
G1 X70.535 Y114.896 E2739.47992
G1 X71.07 Y113.601 E2739.60602
G1 X71.159 Y112.89 E2739.67051
G1 X71.38 Y112.72 E2739.6956
G1 X71.656 Y112.731 E2739.72046
G1 X71.846 Y112.855 E2739.74088
G1 X71.927 Y113.658 E2739.81352
G1 X72.374 Y114.745 E2739.9193
G1 X72.885 Y115.504 E2740.00165
G1 X73.552 Y116.171 E2740.08654
G1 X74.311 Y116.682 E2740.16889
G1 X75.19 Y117.044 E2740.25445
G1 X75.833 Y117.184 E2740.31367
G1 X106.771 Y117.184 E2743.09809
G1 X107.817 Y116.983 E2743.19396
G1 X108.896 Y116.535 E2743.2991
G1 X109.798 Y115.794 E2743.40417
G1 X110.535 Y114.896 E2743.50872
G1 X111.069 Y113.602 E2743.63471
G1 X111.151 Y112.945 E2743.6943
G1 X111.341 Y112.783 E2743.71677
G1 X111.701 Y112.805 E2743.74923
G1 X111.83 Y112.937 E2743.76584
G1 X112.017 Y113.872 E2743.85165
G1 X112.375 Y114.745 E2743.93657
G1 X112.885 Y115.504 E2744.01887
G1 X113.552 Y116.171 E2744.10377
G1 X114.311 Y116.682 E2744.18612
G1 X115.19 Y117.044 E2744.27167
G1 X115.833 Y117.184 E2744.3309
G1 X146.771 Y117.184 E2747.11532
G1 X147.817 Y116.983 E2747.21118
G1 X148.896 Y116.535 E2747.31633
G1 X149.798 Y115.794 E2747.42139
G1 X150.535 Y114.896 E2747.52594
G1 X151.07 Y113.601 E2747.65205
G1 X151.156 Y112.944 E2747.71168
G1 X151.345 Y112.783 E2747.73403
G1 X151.641 Y112.778 E2747.76067
G1 X151.831 Y112.944 E2747.78338
G1 X152.017 Y113.876 E2747.86891
G1 X152.374 Y114.745 E2747.95347
G1 X152.885 Y115.504 E2748.03581
G1 X153.552 Y116.171 E2748.12071
G1 X154.311 Y116.682 E2748.20306
G1 X155.19 Y117.044 E2748.28861
G1 X155.833 Y117.184 E2748.34784
G1 X186.771 Y117.184 E2751.13226
G1 X187.817 Y116.983 E2751.22812
G1 X188.896 Y116.535 E2751.33327
G1 X189.798 Y115.794 E2751.43833
G1 X190.535 Y114.896 E2751.54289
G1 X190.983 Y113.813 E2751.64837
G1 X191.184 Y112.771 E2751.74387
G1 X191.184 Y105.812 E2752.37018
G1 X31.812 Y105.812 E2766.71366
G0 F7200 X31.812 Y106.112
G0 X32.195 Y106.195
G0 X36.428 Y108.772
G0 X36.428 Y109.184
G1 F2880 X66.604 Y109.18 E2769.4295
G1 X66.816 Y109.364 E2769.45477
G1 X66.816 Y115.637 E2770.01934
G1 X66.574 Y115.811 E2770.04616
G1 X36.346 Y115.816 E2772.76668
G1 X36.18 Y115.525 E2772.79684
G1 X36.18 Y109.426 E2773.34575
G1 X36.428 Y109.184 E2773.37693
G0 F7200 X36.728 Y109.184
G10
G0 X36.728 Y108.772
G0 X76.428 Y108.772
G0 X76.428 Y109.184
G11
G1 F2880 X106.596 Y109.18 E2776.09205
G1 X106.816 Y109.427 E2776.12182
G1 X106.816 Y115.637 E2776.68072
G1 X106.574 Y115.811 E2776.70755
G1 X76.346 Y115.816 E2779.42807
G1 X76.18 Y115.525 E2779.45822
G1 X76.18 Y109.426 E2780.00713
G1 X76.428 Y109.184 E2780.03831
G0 F7200 X76.728 Y109.184
G10
G0 X76.728 Y108.772
G0 X107.155 Y108.844
G0 X115.773 Y109.427
G0 X116.18 Y109.427
G11
G1 F2880 X116.428 Y109.184 E2780.06956
G1 X146.596 Y109.18 E2782.78468
G1 X146.816 Y109.427 E2782.81445
G1 X146.816 Y115.637 E2783.37335
G1 X146.574 Y115.811 E2783.40018
G1 X116.346 Y115.816 E2786.1207
G1 X116.18 Y115.525 E2786.15085
G1 X116.18 Y109.427 E2786.69967
G0 F7200 X116.394 Y109.217
G10
G0 X116.394 Y108.772
G0 X147.156 Y108.844
G0 X155.773 Y109.427
G0 X156.18 Y109.427
G11
G1 F2880 X156.428 Y109.184 E2786.73092
G1 X186.596 Y109.18 E2789.44604
G1 X186.816 Y109.426 E2789.47574
G1 X186.816 Y115.637 E2790.03473
G1 X186.574 Y115.811 E2790.06156
G1 X156.346 Y115.816 E2792.78208
G1 X156.18 Y115.525 E2792.81223
G1 X156.18 Y109.427 E2793.36105
G0 F7200 X156.394 Y109.217
G0 X155.58 Y109.453
;TYPE:WALL-INNER
G1 F4620 X155.697 Y109.035 E2793.40011
G1 X155.872 Y108.815 E2793.42541
G1 X156.369 Y108.58 E2793.47489
G1 X186.516 Y108.58 E2796.18812
G1 X187.124 Y108.815 E2796.24679
G1 X187.416 Y109.319 E2796.29921
G1 X187.416 Y115.516 E2796.85694
G1 X187.296 Y115.965 E2796.89877
G1 F4258.1 X186.701 Y116.492 E2796.97579
G1 X187.644 Y116.405 E2797.06755
G1 F4620 X188.584 Y116.015 E2797.15914
G1 X189.372 Y115.368 E2797.25091
G1 X190.015 Y114.584 E2797.34216
G1 X190.405 Y113.64 E2797.43409
G1 X190.584 Y112.714 E2797.51897
G1 X190.584 Y106.412 E2798.08615
G1 X32.412 Y106.412 E2812.32163
G1 X32.412 Y112.774 E2812.89421
G1 X32.591 Y113.699 E2812.979
G1 X32.905 Y114.46 E2813.0531
G1 X33.35 Y115.121 E2813.12481
G1 X33.935 Y115.706 E2813.19927
G1 X34.595 Y116.15 E2813.27086
G1 X35.37 Y116.469 E2813.34629
G1 F4586.3 X35.897 Y116.581 E2813.3951
G1 F3970 X36.48 Y116.5 E2813.45584
G1 X36 Y116.281 E2813.51029
G1 F4586.3 X35.723 Y116.004 E2813.54578
G1 F4620 X35.58 Y115.541 E2813.5894
G1 X35.58 Y109.319 E2814.14938
G1 X35.872 Y108.815 E2814.2018
G1 X36.369 Y108.58 E2814.25128
G1 X66.516 Y108.58 E2816.96451
G1 X66.851 Y108.644 E2816.9952
G1 X67.297 Y109.031 E2817.04835
G1 X67.416 Y109.447 E2817.08729
G1 X67.416 Y115.516 E2817.6335
G1 X67.296 Y115.965 E2817.67533
G1 F4258.1 X66.701 Y116.492 E2817.75235
G1 X67.644 Y116.405 E2817.84411
G1 F4620 X68.584 Y116.015 E2817.9357
G1 X69.372 Y115.368 E2818.02747
G1 X70.015 Y114.584 E2818.11872
G1 X70.482 Y113.453 E2818.22885
G1 X70.614 Y112.64 E2818.30298
G1 X70.952 Y112.254 E2818.34915
G1 X71.276 Y112.129 E2818.38041
G1 X71.817 Y112.153 E2818.42914
G1 X72.229 Y112.412 E2818.47294
G1 X72.379 Y112.642 E2818.49766
G1 X72.515 Y113.511 E2818.57682
G1 X72.906 Y114.46 E2818.66919
G1 X73.35 Y115.121 E2818.74086
G1 X73.935 Y115.706 E2818.81532
G1 X74.595 Y116.15 E2818.88691
G1 X75.37 Y116.469 E2818.96233
G1 F4586.3 X75.897 Y116.581 E2819.01115
G1 F3970 X76.48 Y116.5 E2819.07189
G1 X76 Y116.281 E2819.12634
G1 F4586.3 X75.723 Y116.004 E2819.16183
G1 F4620 X75.58 Y115.541 E2819.20544
G1 X75.58 Y109.447 E2819.7539
G1 X75.699 Y109.031 E2819.79284
G1 X75.875 Y108.813 E2819.81806
G1 X76.37 Y108.58 E2819.8673
G1 X106.516 Y108.58 E2822.58044
G1 X106.853 Y108.645 E2822.61133
G1 X107.299 Y109.036 E2822.66471
G1 X107.416 Y109.453 E2822.70369
G1 X107.416 Y115.516 E2823.24936
G1 X107.296 Y115.965 E2823.29119
G1 F4258.1 X106.701 Y116.492 E2823.36821
G1 X107.644 Y116.405 E2823.45997
G1 F4620 X108.584 Y116.015 E2823.55156
G1 X109.372 Y115.368 E2823.64332
G1 X110.015 Y114.584 E2823.73458
G1 X110.481 Y113.454 E2823.84459
G1 X110.607 Y112.693 E2823.91401
G1 X110.955 Y112.303 E2823.96105
G1 X111.268 Y112.185 E2823.99116
G1 X111.827 Y112.207 E2824.04151
G1 X112.186 Y112.428 E2824.07945
G1 X112.395 Y112.705 E2824.11068
G1 X112.594 Y113.698 E2824.20183
G1 X112.907 Y114.461 E2824.27605
G1 X113.35 Y115.121 E2824.34759
G1 X113.935 Y115.706 E2824.42205
G1 X114.595 Y116.15 E2824.49364
G1 X115.37 Y116.469 E2824.56907
G1 F4586.3 X115.897 Y116.581 E2824.61788
G1 F3970 X116.48 Y116.5 E2824.67862
G1 X116 Y116.281 E2824.73307
G1 F4586.3 X115.723 Y116.004 E2824.76856
G1 F4620 X115.58 Y115.541 E2824.81217
G1 X115.58 Y109.453 E2825.36009
G1 X115.697 Y109.035 E2825.39916
G1 X115.872 Y108.815 E2825.42446
G1 X116.369 Y108.58 E2825.47394
G1 X146.516 Y108.58 E2828.18717
G1 X146.853 Y108.645 E2828.21806
G1 X147.299 Y109.036 E2828.27144
G1 X147.416 Y109.453 E2828.31042
G1 X147.416 Y115.516 E2828.85609
G1 X147.296 Y115.965 E2828.89792
G1 F4258.1 X146.701 Y116.492 E2828.97494
G1 X147.644 Y116.405 E2829.0667
G1 F4620 X148.584 Y116.015 E2829.15829
G1 X149.372 Y115.368 E2829.25006
G1 X150.015 Y114.584 E2829.34131
G1 X150.482 Y113.452 E2829.45152
G1 X150.612 Y112.69 E2829.52109
G1 X150.959 Y112.303 E2829.56787
G1 X151.272 Y112.185 E2829.59798
G1 X151.827 Y112.207 E2829.64797
G1 X152.187 Y112.429 E2829.68603
G1 X152.395 Y112.707 E2829.71728
G1 X152.594 Y113.702 E2829.8086
G1 X152.906 Y114.461 E2829.88246
G1 X153.35 Y115.121 E2829.95405
G1 X153.935 Y115.706 E2830.02851
G1 X154.595 Y116.15 E2830.1001
G1 X155.37 Y116.469 E2830.17553
G1 F4586.3 X155.897 Y116.581 E2830.22434
G1 F3970 X156.48 Y116.5 E2830.28508
G1 X156 Y116.281 E2830.33953
G1 F4586.3 X155.723 Y116.004 E2830.37502
G1 F4620 X155.58 Y115.541 E2830.41863
G1 X155.58 Y109.453 E2830.96655
G0 F7200 X155.173 Y109.453
G0 X155.845 Y116.156
G0 X156.48 Y116.5
G1 F3508.3 X186.516 Y116.5 E2834.4267
G1 F3467.4 X186.687 Y116.493 E2834.44662
G10
G0 F7200 X154.486 Y116.378
G0 X152.075 Y112.398
G0 X150.857 Y112.308
G0 X149.324 Y114.68
G0 X146.687 Y116.493
G11
G1 F3467.4 X146.516 Y116.5 E2834.46654
G1 F3508.3 X116.48 Y116.5 E2837.92669
G0 F7200 X112.684 Y114.576
G0 X112.01 Y112.112
G0 X110.879 Y112.15
G0 X109.332 Y114.613
G0 X106.687 Y116.493
G1 F3467.4 X106.516 Y116.5 E2837.94661
G1 F3508.3 X76.48 Y116.5 E2841.40676
G0 F7200 X72.684 Y114.576
G0 X72.109 Y112.048
G0 X71.353 Y111.77
G0 X69.326 Y114.651
G0 X66.687 Y116.493
G1 F3467.4 X66.516 Y116.5 E2841.42668
G1 F3508.3 X36.48 Y116.5 E2844.88683
G0 F7200 X35.172 Y115.876
G0 X35.192 Y115.876
;TYPE:SKIN
G1 F2340 X35.1 Y115.544 E2844.91628
G1 X35.1 Y109.214 E2845.4575
G1 X35.539 Y108.451 E2845.53276
G1 X36.287 Y108.104 E2845.60326
G1 X66.562 Y108.105 E2848.19177
G1 X67.113 Y108.252 E2848.24053
G1 X67.641 Y108.708 E2848.30018
G1 X67.896 Y109.44 E2848.36646
G1 X67.896 Y115.5 E2848.88459
G1 X67.825 Y115.806 E2848.91144
G1 X68.335 Y115.596 E2848.9586
G1 X69.027 Y115.027 E2849.0352
G1 X69.595 Y114.335 E2849.11175
G1 X70.014 Y113.323 E2849.20539
G1 X70.156 Y112.515 E2849.27554
G1 X70.633 Y111.902 E2849.34195
G1 X71.192 Y111.656 E2849.39416
G1 X71.928 Y111.686 E2849.45715
G1 X72.525 Y112.046 E2849.51675
G1 X72.82 Y112.437 E2849.55863
G1 X72.982 Y113.38 E2849.64044
G1 X73.335 Y114.233 E2849.71937
G1 X73.725 Y114.816 E2849.77934
G1 X74.236 Y115.327 E2849.84113
G1 X74.819 Y115.722 E2849.90134
G1 X75.192 Y115.876 E2849.93584
G1 X75.1 Y115.544 E2849.96529
G1 X75.1 Y109.44 E2850.48719
G1 X75.259 Y108.853 E2850.53918
G1 X75.55 Y108.449 E2850.58175
G1 X76.287 Y108.104 E2850.65133
G1 X106.562 Y108.105 E2853.23984
G1 X107.113 Y108.253 E2853.28862
G1 X107.718 Y108.777 E2853.35705
G1 X107.896 Y109.45 E2853.41657
G1 X107.896 Y115.5 E2853.93385
G1 X107.825 Y115.806 E2853.96071
G1 X108.335 Y115.596 E2854.00786
G1 X109.027 Y115.027 E2854.08446
G1 X109.595 Y114.335 E2854.16101
G1 X110.014 Y113.327 E2854.25434
G1 X110.148 Y112.567 E2854.32032
G1 X110.644 Y111.947 E2854.38821
G1 X111.183 Y111.705 E2854.43872
G1 X111.948 Y111.742 E2854.50421
G1 X112.47 Y112.048 E2854.55594
G1 X112.859 Y112.576 E2854.61202
G1 X113.057 Y113.556 E2854.6975
G1 X113.335 Y114.238 E2854.76047
G1 X113.725 Y114.816 E2854.82008
G1 X114.236 Y115.327 E2854.88187
G1 X114.819 Y115.722 E2854.94208
G1 X115.192 Y115.876 E2854.97659
G1 X115.1 Y115.544 E2855.00604
G1 X115.1 Y109.224 E2855.5464
G1 X115.539 Y108.451 E2855.62241
G1 X116.287 Y108.104 E2855.69291
G1 X146.562 Y108.105 E2858.28142
G1 X147.113 Y108.253 E2858.3302
G1 X147.718 Y108.777 E2858.39863
G1 X147.896 Y109.45 E2858.45815
G1 X147.896 Y115.5 E2858.97543
G1 X147.825 Y115.806 E2859.00229
G1 X148.335 Y115.596 E2859.04944
G1 X149.027 Y115.027 E2859.12604
G1 X149.595 Y114.336 E2859.20252
G1 X150.014 Y113.318 E2859.29664
G1 X150.157 Y112.56 E2859.3626
G1 X150.643 Y111.948 E2859.42941
G1 X151.206 Y111.706 E2859.48181
G1 X151.948 Y111.742 E2859.54532
G1 X152.47 Y112.048 E2859.59706
G1 X152.839 Y112.503 E2859.64715
G1 X153.057 Y113.56 E2859.73942
G1 X153.335 Y114.237 E2859.802
G1 X153.725 Y114.816 E2859.86168
G1 X154.236 Y115.327 E2859.92347
G1 X154.819 Y115.722 E2859.98368
G1 X155.192 Y115.876 E2860.01818
G1 X155.1 Y115.544 E2860.04764
G1 X155.1 Y109.224 E2860.588
G1 X155.539 Y108.451 E2860.66401
G1 X156.287 Y108.104 E2860.73451
G1 X186.562 Y108.105 E2863.32302
G1 X187.075 Y108.225 E2863.36806
G1 X187.495 Y108.528 E2863.41234
G1 X187.896 Y109.214 E2863.48028
G1 X187.896 Y115.5 E2864.01774
G1 X187.825 Y115.806 E2864.04459
G1 X188.336 Y115.595 E2864.09186
G1 X189.03 Y115.027 E2864.16854
G1 X189.591 Y114.336 E2864.24464
G1 X189.943 Y113.496 E2864.32251
G1 X190.104 Y112.663 E2864.39505
G1 X190.104 Y106.892 E2864.88847
G1 X32.893 Y106.893 E2878.33001
G1 X32.892 Y112.724 E2878.82856
G1 X33.049 Y113.557 E2878.90104
G1 X33.33 Y114.232 E2878.96355
G1 X33.725 Y114.816 E2879.02383
G1 X34.236 Y115.327 E2879.08562
G1 X34.819 Y115.722 E2879.14583
G1 X35.192 Y115.876 E2879.18033
G0 F7200 X35.172 Y115.876
G0 X35.244 Y108.244
G0 X35.919 Y107.549
G1 F2095.4 X36.176 Y107.498 E2879.20509
G1 F2297.8 X66.504 Y107.496 E2881.84135
G1 F2067.6 X67.01 Y107.56 E2881.89011
G0 F7200 X75.876 Y107.559
G1 F2057.4 X76.176 Y107.498 E2881.91952
G1 F2297.8 X106.504 Y107.496 E2884.55578
G1 F2067.6 X107.009 Y107.559 E2884.60444
G0 F7200 X115.921 Y107.549
G1 F2095.4 X116.176 Y107.498 E2884.62901
G1 F2297.8 X146.504 Y107.496 E2887.26527
G1 F2064.2 X147.006 Y107.559 E2887.31372
G0 F7200 X155.922 Y107.549
G1 F2095.4 X156.176 Y107.498 E2887.3382
G1 F2289.5 X186.555 Y107.498 E2889.98755
G1 F2095.4 X187.14 Y107.549 E2890.04303
G0 F7200 X187.756 Y108.244
G0 X188.197 Y114.727
G1 F2340 X189.687 Y113.237 E2890.22319
G0 F7200 X189.804 Y112.272
G1 F2340 X188.197 Y113.879 E2890.4175
G0 F7200 X188.197 Y113.03
G1 F2340 X189.804 Y111.424 E2890.61175
G0 F7200 X189.804 Y110.575
G1 F2340 X188.197 Y112.182 E2890.80606
G0 F7200 X188.197 Y111.333
G1 F2340 X189.804 Y109.727 E2891.00031
G0 F7200 X189.804 Y108.878
G1 F2340 X188.197 Y110.485 E2891.19462
G0 F7200 X188.197 Y109.636
G1 F2340 X189.804 Y108.03 E2891.38887
G0 F7200 X189.793 Y107.192
G1 F2340 X188.069 Y108.916 E2891.59733
G0 F7200 X187.756 Y108.38
G1 F2340 X188.945 Y107.192 E2891.74104
G0 F7200 X188.096 Y107.192
G1 F2340 X187.443 Y107.845 E2891.82
G10
G0 F7200 X155.527 Y107.517
G11
G1 F2340 X151.617 Y111.427 E2892.29278
G0 F7200 X152.289 Y111.603
G1 F2340 X154.868 Y109.024 E2892.60462
G0 F7200 X154.8 Y109.941
G1 F2340 X152.775 Y111.965 E2892.84941
G0 F7200 X153.135 Y112.454
G1 F2340 X154.8 Y110.789 E2893.05073
G0 F7200 X154.8 Y111.638
G1 F2340 X153.28 Y113.158 E2893.23452
G0 F7200 X153.482 Y113.805
G1 F2340 X154.8 Y112.487 E2893.39389
G0 F7200 X154.8 Y113.335
G1 F2340 X153.778 Y114.357 E2893.51747
G0 F7200 X154.158 Y114.825
G1 F2340 X154.8 Y114.184 E2893.59503
G0 F7200 X154.8 Y115.032
G1 F2340 X154.612 Y115.22 E2893.61777
G0 F7200 X152.618 Y112.056
G0 X151.626 Y111.315
G0 X150.295 Y111.899
G0 X149.664 Y113.38
G1 F2340 X148.195 Y114.849 E2893.79539
G0 F7200 X148.195 Y114
G1 F2340 X155.003 Y107.192 E2894.61858
G0 F7200 X154.155 Y107.192
G1 F2340 X148.195 Y113.151 E2895.33918
G0 F7200 X148.195 Y112.303
G1 F2340 X153.306 Y107.192 E2895.95717
G0 F7200 X152.458 Y107.192
G1 F2340 X148.196 Y111.453 E2896.47245
G0 F7200 X148.196 Y110.605
G1 F2340 X151.609 Y107.192 E2896.88514
G0 F7200 X150.761 Y107.192
G1 F2340 X148.196 Y109.756 E2897.19523
G0 F7200 X148.089 Y109.015
G1 F2340 X149.912 Y107.192 E2897.41565
G0 F7200 X149.064 Y107.192
G1 F2340 X147.802 Y108.453 E2897.56819
G0 F7200 X147.348 Y108.059
G1 F2340 X148.215 Y107.192 E2897.67302
G1 X148.321 Y107.086
G10
G0 F7200 X115.559 Y107.604
G11
G1 F2340 X111.731 Y111.432 E2898.13589
G0 F7200 X112.365 Y111.647
G1 F2340 X114.799 Y109.212 E2898.43025
G0 F7200 X114.799 Y110.06
G1 F2340 X112.832 Y112.028 E2898.66815
G0 F7200 X113.16 Y112.549
G1 F2340 X114.799 Y110.909 E2898.8664
G0 F7200 X114.799 Y111.758
G1 F2340 X113.303 Y113.254 E2899.04728
G0 F7200 X113.517 Y113.889
G1 F2340 X114.799 Y112.606 E2899.20236
G0 F7200 X114.799 Y113.455
G1 F2340 X113.826 Y114.428 E2899.32001
G0 F7200 X114.218 Y114.885
G1 F2340 X114.799 Y114.303 E2899.39032
G0 F7200 X114.799 Y115.152
G1 F2340 X114.684 Y115.268 E2899.40429
G0 F7200 X112.499 Y111.495
G0 X110.335 Y111.568
G0 X109.584 Y113.579
G1 F2340 X108.195 Y114.968 E2899.57224
G0 F7200 X108.196 Y114.119
G1 F2340 X109.903 Y112.411 E2899.7787
G1 X110.009 Y112.305
G0 F7200 X110.76 Y111.554
G1 F2340 X115.123 Y107.192 E2900.30619
G0 F7200 X114.274 Y107.192
G1 F2340 X108.196 Y113.27 E2901.04112
G0 F7200 X108.196 Y112.421
G1 F2340 X113.426 Y107.192 E2901.67344
G0 F7200 X112.577 Y107.192
G1 F2340 X108.196 Y111.573 E2902.20317
G0 F7200 X108.196 Y110.724
G1 F2340 X111.729 Y107.192 E2902.63031
G0 F7200 X110.88 Y107.192
G1 F2340 X108.196 Y109.876 E2902.95484
G0 F7200 X108.113 Y109.11
G1 F2340 X110.031 Y107.192 E2903.18676
G0 F7200 X109.183 Y107.192
G1 F2340 X107.861 Y108.514 E2903.34661
G0 F7200 X107.41 Y108.116
G1 F2340 X108.334 Y107.192 E2903.45833
G1 X108.44 Y107.086
G10
G0 F7200 X75.552 Y107.731
G11
G1 F2340 X71.898 Y111.384 E2903.9001
G0 F7200 X72.466 Y111.665
G1 F2340 X74.835 Y109.296 E2904.18655
G0 F7200 X74.801 Y110.179
G1 F2340 X72.91 Y112.069 E2904.41514
G0 F7200 X73.163 Y112.665
G1 F2340 X74.801 Y111.027 E2904.6132
G0 F7200 X74.801 Y111.876
G1 F2340 X73.304 Y113.372 E2904.79414
G0 F7200 X73.553 Y113.972
G1 F2340 X74.801 Y112.724 E2904.94505
G0 F7200 X74.801 Y113.573
G1 F2340 X73.875 Y114.498 E2905.05695
G0 F7200 X74.278 Y114.944
G1 F2340 X74.801 Y114.421 E2905.12019
G0 F7200 X72.668 Y111.615
G0 X71.207 Y111.077
G0 X71.006 Y111.427
G1 F2340 X75.24 Y107.193 E2905.63215
G0 F7200 X74.392 Y107.193
G1 F2340 X68.196 Y113.389 E2906.38134
G0 F7200 X68.196 Y114.237
G1 F2340 X69.837 Y112.596 E2906.57976
G1 X69.943 Y112.49
G0 F7200 X69.498 Y113.784
G1 F2340 X68.195 Y115.087 E2906.73731
G1 X68.089 Y115.193
G0 F7200 X68.196 Y112.54
G1 F2340 X73.543 Y107.193 E2907.38385
G0 F7200 X72.695 Y107.193
G1 F2340 X68.196 Y111.692 E2907.92785
G0 F7200 X68.196 Y110.843
G1 F2340 X71.846 Y107.193 E2908.36919
G0 F7200 X70.998 Y107.193
G1 F2340 X68.196 Y109.995 E2908.70799
G0 F7200 X68.137 Y109.206
G1 F2340 X70.149 Y107.193 E2908.95133
G0 F7200 X69.301 Y107.193
G1 F2340 X67.906 Y108.588 E2909.12001
G0 F7200 X67.475 Y108.17
G1 F2340 X68.452 Y107.193 E2909.23814
G0 F7200 X67.604 Y107.193
G1 F2340 X67.505 Y107.292 E2909.25011
G10
G0 F7200 X35.625 Y107.776
G11
G1 F2340 X33.193 Y110.208 E2909.54418
G0 F7200 X33.193 Y109.36
G1 F2340 X35.36 Y107.192 E2909.80626
G0 F7200 X34.512 Y107.192
G1 F2340 X33.193 Y108.511 E2909.96575
G0 F7200 X33.193 Y107.663
G1 F2340 X33.663 Y107.192 E2910.02264
G0 F7200 X34.8 Y109.45
G1 F2340 X33.193 Y111.057 E2910.21695
G0 F7200 X33.193 Y111.905
G1 F2340 X34.8 Y110.299 E2910.4112
G0 F7200 X34.8 Y111.147
G1 F2340 X33.202 Y112.745 E2910.60443
G0 F7200 X33.336 Y113.46
G1 F2340 X34.8 Y111.996 E2910.78145
G0 F7200 X34.8 Y112.844
G1 F2340 X33.584 Y114.06 E2910.92848
G0 F7200 X33.921 Y114.571
G1 F2340 X34.8 Y113.693 E2911.0347
G0 F7200 X34.8 Y114.541
G1 F2340 X34.337 Y115.004 E2911.09069
G0 F7200 X34.429 Y114.916
;MESH:NONMESH
G0 F600 X34.429 Y114.916 Z1.6
G0 F7200 X32.195 Y106.195
G0 X31.812 Y105.812
;TIME_ELAPSED:628.803933
;LAYER:8
;TYPE:WALL-OUTER
;MESH:glasses_holder1.stl
G1 F2880 X31.812 Y112.831 E2911.7224
G1 X32.013 Y113.873 E2911.81791
G1 X32.374 Y114.745 E2911.90284
G1 X32.885 Y115.504 E2911.98519
G1 X33.552 Y116.171 E2912.07009
G1 X34.311 Y116.682 E2912.15244
G1 X35.19 Y117.044 E2912.23799
G1 X35.833 Y117.184 E2912.29722
G1 X66.771 Y117.184 E2915.08164
G1 X67.817 Y116.983 E2915.1775
G1 X68.896 Y116.535 E2915.28265
G1 X69.798 Y115.794 E2915.38771
G1 X70.535 Y114.896 E2915.49226
G1 X71.07 Y113.601 E2915.61837
G1 X71.159 Y112.898 E2915.68214
G1 X71.272 Y112.769 E2915.69758
G1 X71.656 Y112.739 E2915.73224
G1 X71.846 Y112.863 E2915.75266
G1 X71.927 Y113.658 E2915.82458
G1 X72.374 Y114.745 E2915.93036
G1 X72.885 Y115.504 E2916.01271
G1 X73.552 Y116.171 E2916.09761
G1 X74.311 Y116.682 E2916.17996
G1 X75.19 Y117.044 E2916.26551
G1 X75.833 Y117.184 E2916.32474
G1 X106.771 Y117.184 E2919.10916
G1 X107.817 Y116.983 E2919.20502
G1 X108.896 Y116.535 E2919.31017
G1 X109.798 Y115.794 E2919.41523
G1 X110.535 Y114.896 E2919.51978
G1 X111.069 Y113.602 E2919.64577
G1 X111.151 Y112.945 E2919.70536
G1 X111.341 Y112.783 E2919.72783
G1 X111.701 Y112.805 E2919.76029
G1 X111.83 Y112.937 E2919.7769
G1 X112.017 Y113.872 E2919.86272
G1 X112.375 Y114.745 E2919.94764
G1 X112.885 Y115.504 E2920.02994
G1 X113.552 Y116.171 E2920.11483
G1 X114.311 Y116.682 E2920.19718
G1 X115.19 Y117.044 E2920.28274
G1 X115.833 Y117.184 E2920.34196
G1 X146.771 Y117.184 E2923.12638
G1 X147.817 Y116.983 E2923.22224
G1 X148.896 Y116.535 E2923.32739
G1 X149.798 Y115.794 E2923.43245
G1 X150.535 Y114.896 E2923.53701
G1 X151.07 Y113.601 E2923.66311
G1 X151.156 Y112.944 E2923.72275
G1 X151.345 Y112.783 E2923.74509
G1 X151.641 Y112.782 E2923.77173
G1 X151.831 Y112.948 E2923.79444
G1 X152.017 Y113.876 E2923.87962
G1 X152.374 Y114.745 E2923.96417
G1 X152.885 Y115.504 E2924.04652
G1 X153.552 Y116.171 E2924.13142
G1 X154.311 Y116.682 E2924.21376
G1 X155.19 Y117.044 E2924.29932
G1 X155.833 Y117.184 E2924.35855
G1 X186.771 Y117.184 E2927.14297
G1 X187.817 Y116.983 E2927.23883
G1 X188.896 Y116.535 E2927.34398
G1 X189.798 Y115.794 E2927.44904
G1 X190.535 Y114.896 E2927.55359
G1 X190.983 Y113.813 E2927.65907
G1 X191.184 Y112.771 E2927.75458
G1 X191.184 Y105.812 E2928.38089
G1 X31.812 Y105.812 E2942.72437
G0 F7200 X31.812 Y106.112
G0 X32.195 Y106.195
G0 X36.428 Y108.772
G0 X36.428 Y109.184
G1 F2880 X66.604 Y109.18 E2945.44021
G1 X66.816 Y109.364 E2945.46547
G1 X66.816 Y115.637 E2946.03004
G1 X66.574 Y115.811 E2946.05687
G1 X36.346 Y115.816 E2948.77739
G1 X36.18 Y115.525 E2948.80754
G1 X36.18 Y109.426 E2949.35645
G1 X36.428 Y109.184 E2949.38764
G0 F7200 X36.728 Y109.184
G10
G0 X36.728 Y108.772
G0 X76.428 Y108.772
G0 X76.428 Y109.184
G11
G1 F2880 X106.596 Y109.18 E2952.10276
G1 X106.816 Y109.427 E2952.13253
G1 X106.816 Y115.637 E2952.69143
G1 X106.574 Y115.811 E2952.71825
G1 X76.346 Y115.816 E2955.43877
G1 X76.18 Y115.525 E2955.46892
G1 X76.18 Y109.426 E2956.01783
G1 X76.428 Y109.184 E2956.04902
G0 F7200 X76.728 Y109.184
G10
G0 X76.728 Y108.772
G0 X107.155 Y108.844
G0 X115.773 Y109.427
G0 X116.18 Y109.427
G11
G1 F2880 X116.428 Y109.184 E2956.08027
G1 X146.596 Y109.18 E2958.79539
G1 X146.816 Y109.427 E2958.82516
G1 X146.816 Y115.637 E2959.38406
G1 X146.574 Y115.811 E2959.41088
G1 X116.346 Y115.816 E2962.1314
G1 X116.18 Y115.525 E2962.16155
G1 X116.18 Y109.427 E2962.71037
G0 F7200 X116.394 Y109.217
G10
G0 X116.394 Y108.772
G0 X147.156 Y108.844
G0 X155.773 Y109.427
G0 X156.18 Y109.427
G11
G1 F2880 X156.428 Y109.184 E2962.74162
G1 X186.596 Y109.18 E2965.45674
G1 X186.816 Y109.426 E2965.48645
G1 X186.816 Y115.637 E2966.04544
G1 X186.574 Y115.811 E2966.07226
G1 X156.346 Y115.816 E2968.79278
G1 X156.18 Y115.525 E2968.82293
G1 X156.18 Y109.427 E2969.37175
G0 F7200 X156.394 Y109.217
G0 X155.58 Y109.453
;TYPE:WALL-INNER
G1 F4620 X155.697 Y109.035 E2969.41082
G1 X155.872 Y108.815 E2969.43612
G1 X156.369 Y108.58 E2969.4856
G1 X186.516 Y108.58 E2972.19883
G1 X187.124 Y108.815 E2972.25749
G1 X187.416 Y109.319 E2972.30992
G1 X187.416 Y115.516 E2972.86765
G1 X187.296 Y115.965 E2972.90947
G1 F4258.1 X186.701 Y116.492 E2972.98649
G1 X187.644 Y116.405 E2973.07826
G1 F4620 X188.584 Y116.015 E2973.16985
G1 X189.372 Y115.368 E2973.26161
G1 X190.015 Y114.584 E2973.35287
G1 X190.405 Y113.64 E2973.44479
G1 X190.584 Y112.714 E2973.52968
G1 X190.584 Y106.412 E2974.09686
G1 X32.412 Y106.412 E2988.33234
G1 X32.412 Y112.774 E2988.90492
G1 X32.591 Y113.699 E2988.98971
G1 X32.905 Y114.46 E2989.0638
G1 X33.35 Y115.121 E2989.13552
G1 X33.935 Y115.706 E2989.20998
G1 X34.595 Y116.15 E2989.28157
G1 X35.37 Y116.469 E2989.35699
G1 F4586.3 X35.897 Y116.581 E2989.40581
G1 F3970 X36.48 Y116.5 E2989.46655
G1 X36 Y116.281 E2989.521
G1 F4586.3 X35.723 Y116.004 E2989.55649
G1 F4620 X35.58 Y115.541 E2989.6001
G1 X35.58 Y109.319 E2990.16008
G1 X35.872 Y108.815 E2990.2125
G1 X36.369 Y108.58 E2990.26198
G1 X66.516 Y108.58 E2992.97521
G1 X66.852 Y108.644 E2993.006
G1 X67.297 Y109.032 E2993.05913
G1 X67.416 Y109.448 E2993.09807
G1 X67.416 Y115.516 E2993.64419
G1 X67.296 Y115.965 E2993.68602
G1 F4258.1 X66.701 Y116.492 E2993.76304
G1 X67.644 Y116.405 E2993.85481
G1 F4620 X68.584 Y116.015 E2993.9464
G1 X69.372 Y115.368 E2994.03816
G1 X70.015 Y114.584 E2994.12942
G1 X70.482 Y113.452 E2994.23963
G1 X70.614 Y112.647 E2994.31304
G1 X70.954 Y112.261 E2994.35934
G1 X71.276 Y112.137 E2994.39039
G1 X71.816 Y112.16 E2994.43904
G1 X72.228 Y112.419 E2994.48283
G1 X72.379 Y112.648 E2994.50752
G1 X72.515 Y113.51 E2994.58606
G1 X72.906 Y114.46 E2994.67852
G1 X73.35 Y115.121 E2994.75019
G1 X73.935 Y115.706 E2994.82464
G1 X74.595 Y116.15 E2994.89623
G1 X75.37 Y116.469 E2994.97166
G1 F4586.3 X75.897 Y116.581 E2995.02047
G1 F3970 X76.48 Y116.5 E2995.08122
G1 X76 Y116.281 E2995.13567
G1 F4586.3 X75.723 Y116.004 E2995.17116
G1 F4620 X75.58 Y115.541 E2995.21477
G1 X75.58 Y109.448 E2995.76314
G1 X75.699 Y109.032 E2995.80208
G1 X75.875 Y108.813 E2995.82737
G1 X76.37 Y108.58 E2995.87661
G1 X106.516 Y108.58 E2998.58975
G1 X106.853 Y108.645 E2998.62064
G1 X107.299 Y109.036 E2998.67402
G1 X107.416 Y109.453 E2998.713
G1 X107.416 Y115.516 E2999.25867
G1 X107.296 Y115.965 E2999.30049
G1 F4258.1 X106.701 Y116.492 E2999.37751
G1 X107.644 Y116.405 E2999.46928
G1 F4620 X108.584 Y116.015 E2999.56087
G1 X109.372 Y115.368 E2999.65263
G1 X110.015 Y114.584 E2999.74389
G1 X110.481 Y113.454 E2999.8539
G1 X110.607 Y112.693 E2999.92332
G1 X110.955 Y112.303 E2999.97036
G1 X111.268 Y112.185 E3000.00047
G1 X111.827 Y112.207 E3000.05082
G1 X112.186 Y112.428 E3000.08876
G1 X112.395 Y112.705 E3000.11999
G1 X112.594 Y113.698 E3000.21113
G1 X112.907 Y114.461 E3000.28536
G1 X113.35 Y115.121 E3000.3569
G1 X113.935 Y115.706 E3000.43136
G1 X114.595 Y116.15 E3000.50295
G1 X115.37 Y116.469 E3000.57837
G1 F4586.3 X115.897 Y116.581 E3000.62719
G1 F3970 X116.48 Y116.5 E3000.68793
G1 X116 Y116.281 E3000.74238
G1 F4586.3 X115.723 Y116.004 E3000.77787
G1 F4620 X115.58 Y115.541 E3000.82148
G1 X115.58 Y109.453 E3001.3694
G1 X115.697 Y109.035 E3001.40847
G1 X115.872 Y108.815 E3001.43377
G1 X116.369 Y108.58 E3001.48325
G1 X146.516 Y108.58 E3004.19648
G1 X146.853 Y108.645 E3004.22737
G1 X147.299 Y109.036 E3004.28075
G1 X147.416 Y109.453 E3004.31973
G1 X147.416 Y115.516 E3004.8654
G1 X147.296 Y115.965 E3004.90722
G1 F4258.1 X146.701 Y116.492 E3004.98424
G1 X147.644 Y116.405 E3005.07601
G1 F4620 X148.584 Y116.015 E3005.1676
G1 X149.372 Y115.368 E3005.25936
G1 X150.015 Y114.584 E3005.35062
G1 X150.482 Y113.452 E3005.46083
G1 X150.612 Y112.69 E3005.5304
G1 X150.959 Y112.303 E3005.57718
G1 X151.272 Y112.185 E3005.60728
G1 X151.826 Y112.211 E3005.6572
G1 X152.186 Y112.432 E3005.69522
G1 X152.395 Y112.709 E3005.72645
G1 X152.594 Y113.701 E3005.81751
G1 X152.906 Y114.461 E3005.89145
G1 X153.35 Y115.121 E3005.96304
G1 X153.935 Y115.706 E3006.03749
G1 X154.595 Y116.15 E3006.10908
G1 X155.37 Y116.469 E3006.18451
G1 F4586.3 X155.897 Y116.581 E3006.23333
G1 F3970 X156.48 Y116.5 E3006.29407
G1 X156 Y116.281 E3006.34852
G1 F4586.3 X155.723 Y116.004 E3006.38401
G1 F4620 X155.58 Y115.541 E3006.42762
G1 X155.58 Y109.453 E3006.97554
G0 F7200 X155.173 Y109.453
G0 X155.845 Y116.156
G0 X156.48 Y116.5
G1 F3508.3 X186.516 Y116.5 E3010.43569
G1 F3467.4 X186.687 Y116.493 E3010.45561
G10
G0 F7200 X154.486 Y116.378
G0 X152.011 Y112.114
G0 X150.881 Y112.152
G0 X149.335 Y114.613
G0 X146.687 Y116.493
G11
G1 F3467.4 X146.516 Y116.5 E3010.47553
G1 F3508.3 X116.48 Y116.5 E3013.93568
G0 F7200 X112.684 Y114.576
G0 X112.01 Y112.112
G0 X110.879 Y112.15
G0 X109.332 Y114.613
G0 X106.687 Y116.493
G1 F3467.4 X106.516 Y116.5 E3013.9556
G1 F3508.3 X76.48 Y116.5 E3017.41575
G0 F7200 X72.684 Y114.576
G0 X72.113 Y112.087
G0 X71.39 Y111.797
G0 X69.328 Y114.653
G0 X66.687 Y116.493
G1 F3467.4 X66.516 Y116.5 E3017.43567
G1 F3508.3 X36.48 Y116.5 E3020.89581
G0 F7200 X35.172 Y115.876
G0 X35.192 Y115.876
;TYPE:SKIN
G1 F2340 X35.1 Y115.544 E3020.92527
G1 X35.1 Y109.214 E3021.46648
G1 X35.539 Y108.451 E3021.54175
G1 X36.287 Y108.104 E3021.61225
G1 X66.562 Y108.105 E3024.20076
G1 X67.113 Y108.252 E3024.24952
G1 X67.641 Y108.708 E3024.30917
G1 X67.896 Y109.441 E3024.37552
G1 X67.896 Y115.5 E3024.89357
G1 X67.825 Y115.806 E3024.92043
G1 X68.335 Y115.596 E3024.96758
G1 X69.027 Y115.027 E3025.04418
G1 X69.595 Y114.336 E3025.12066
G1 X70.014 Y113.319 E3025.21471
G1 X70.172 Y112.429 E3025.29199
G1 X70.756 Y111.827 E3025.3637
G1 X71.206 Y111.661 E3025.40471
G1 X71.973 Y111.703 E3025.47039
G1 X72.527 Y112.054 E3025.52646
G1 X72.82 Y112.446 E3025.5683
G1 X72.982 Y113.38 E3025.64935
G1 X73.335 Y114.233 E3025.72828
G1 X73.725 Y114.816 E3025.78826
G1 X74.236 Y115.327 E3025.85004
G1 X74.819 Y115.722 E3025.91025
G1 X75.192 Y115.876 E3025.94476
G1 X75.1 Y115.544 E3025.97421
G1 X75.1 Y109.44 E3026.4961
G1 X75.259 Y108.853 E3026.5481
G1 X75.55 Y108.449 E3026.59067
G1 X76.287 Y108.104 E3026.66025
G1 X106.562 Y108.105 E3029.24876
G1 X107.113 Y108.253 E3029.29754
G1 X107.718 Y108.777 E3029.36597
G1 X107.896 Y109.45 E3029.42549
G1 X107.896 Y115.5 E3029.94277
G1 X107.825 Y115.806 E3029.96962
G1 X108.335 Y115.596 E3030.01678
G1 X109.027 Y115.027 E3030.09338
G1 X109.595 Y114.335 E3030.16992
G1 X110.014 Y113.327 E3030.26326
G1 X110.148 Y112.567 E3030.32924
G1 X110.644 Y111.947 E3030.39713
G1 X111.183 Y111.705 E3030.44764
G1 X111.948 Y111.742 E3030.51313
G1 X112.47 Y112.048 E3030.56486
G1 X112.859 Y112.576 E3030.62093
G1 X113.057 Y113.556 E3030.70642
G1 X113.335 Y114.238 E3030.76939
G1 X113.725 Y114.816 E3030.829
G1 X114.236 Y115.327 E3030.89079
G1 X114.819 Y115.722 E3030.951
G1 X115.192 Y115.876 E3030.9855
G1 X115.1 Y115.544 E3031.01496
G1 X115.1 Y109.224 E3031.55532
G1 X115.539 Y108.451 E3031.63132
G1 X116.287 Y108.104 E3031.70183
G1 X146.562 Y108.105 E3034.29034
G1 X147.113 Y108.253 E3034.33912
G1 X147.718 Y108.777 E3034.40755
G1 X147.896 Y109.45 E3034.46707
G1 X147.896 Y115.5 E3034.98435
G1 X147.825 Y115.806 E3035.0112
G1 X148.335 Y115.596 E3035.05836
G1 X149.027 Y115.027 E3035.13496
G1 X149.595 Y114.336 E3035.21144
G1 X150.014 Y113.318 E3035.30556
G1 X150.157 Y112.56 E3035.37151
G1 X150.643 Y111.948 E3035.43833
G1 X151.188 Y111.704 E3035.48939
G1 X151.941 Y111.746 E3035.55387
G1 X152.472 Y112.051 E3035.60622
G1 X152.845 Y112.509 E3035.65673
G1 X153.057 Y113.56 E3035.7484
G1 X153.335 Y114.237 E3035.81097
G1 X153.725 Y114.816 E3035.87066
G1 X154.236 Y115.327 E3035.93245
G1 X154.819 Y115.722 E3035.99266
G1 X155.192 Y115.876 E3036.02716
G1 X155.1 Y115.544 E3036.05661
G1 X155.1 Y109.223 E3036.59706
G1 X155.538 Y108.456 E3036.67258
G1 X156.287 Y108.104 E3036.74334
G1 X186.562 Y108.105 E3039.33185
G1 X187.075 Y108.225 E3039.37689
G1 X187.495 Y108.528 E3039.42117
G1 X187.896 Y109.214 E3039.48911
G1 X187.896 Y115.5 E3040.02657
G1 X187.825 Y115.806 E3040.05342
G1 X188.336 Y115.595 E3040.10069
G1 X189.03 Y115.027 E3040.17737
G1 X189.591 Y114.336 E3040.25347
G1 X189.943 Y113.496 E3040.33134
G1 X190.104 Y112.663 E3040.40388
G1 X190.104 Y106.892 E3040.8973
G1 X32.893 Y106.893 E3054.33884
G1 X32.892 Y112.724 E3054.83739
G1 X33.049 Y113.557 E3054.90987
G1 X33.33 Y114.232 E3054.97238
G1 X33.725 Y114.816 E3055.03266
G1 X34.236 Y115.327 E3055.09445
G1 X34.819 Y115.722 E3055.15466
G1 X35.192 Y115.876 E3055.18916
G0 F7200 X35.172 Y115.876
G0 X35.244 Y108.244
G0 X35.919 Y107.549
G1 F2095.4 X36.176 Y107.498 E3055.21392
G1 F2297.8 X66.504 Y107.496 E3057.85018
G1 F2067.6 X67.01 Y107.56 E3057.89895
G0 F7200 X75.876 Y107.559
G1 F2057.4 X76.176 Y107.498 E3057.92835
G1 F2297.8 X106.504 Y107.496 E3060.56461
G1 F2067.6 X107.009 Y107.559 E3060.61327
G0 F7200 X115.921 Y107.549
G1 F2095.4 X116.176 Y107.498 E3060.63784
G1 F2297.8 X146.504 Y107.496 E3063.2741
G1 F2064.2 X147.006 Y107.559 E3063.32255
G0 F7200 X155.925 Y107.548
G1 F2102.5 X156.172 Y107.498 E3063.34629
G1 F2289.5 X186.555 Y107.498 E3065.99599
G1 F2095.4 X187.14 Y107.549 E3066.05147
G0 F7200 X189.499 Y107.192
G1 F2340 X189.804 Y107.497 E3066.08835
G0 F7200 X189.804 Y108.346
G1 F2340 X188.65 Y107.192 E3066.22788
G0 F7200 X187.802 Y107.192
G1 F2340 X189.804 Y109.194 E3066.46996
G0 F7200 X189.804 Y110.043
G1 F2340 X187.465 Y107.704 E3066.75278
G1 X187.359 Y107.598
G0 F7200 X188.192 Y109.278
G1 F2340 X189.804 Y110.891 E3066.94775
G0 F7200 X189.804 Y111.74
G1 F2340 X188.196 Y110.132 E3067.14218
G0 F7200 X188.196 Y110.98
G1 F2340 X189.804 Y112.588 E3067.33662
G0 F7200 X189.674 Y113.307
G1 F2340 X188.196 Y111.829 E3067.51533
G0 F7200 X188.196 Y112.677
G1 F2340 X189.44 Y113.921 E3067.66575
G0 F7200 X189.116 Y114.446
G1 F2340 X188.196 Y113.526 E3067.77699
G0 F7200 X188.196 Y114.375
G1 F2340 X188.717 Y114.895 E3067.83993
G10
G0 F7200 X187.756 Y108.244
G0 X155.583 Y108.065
G11
G1 F2340 X154.71 Y107.192 E3067.94548
G0 F7200 X153.861 Y107.192
G1 F2340 X155.169 Y108.5 E3068.10364
G0 F7200 X154.861 Y109.04
G1 F2340 X153.013 Y107.192 E3068.32709
G0 F7200 X152.164 Y107.192
G1 F2340 X154.801 Y109.829 E3068.64595
G0 F7200 X154.801 Y110.677
G1 F2340 X151.316 Y107.192 E3069.06734
G0 F7200 X150.467 Y107.192
G1 F2340 X154.801 Y111.526 E3069.59138
G0 F7200 X154.801 Y112.374
G1 F2340 X149.619 Y107.192 E3070.21797
G0 F7200 X148.77 Y107.192
G1 F2340 X154.801 Y113.223 E3070.94721
G0 F7200 X154.801 Y114.071
G1 F2340 X153.128 Y112.398 E3071.1495
G0 F7200 X152.396 Y111.667
G1 F2340 X147.922 Y107.192 E3071.69053
G0 F7200 X147.412 Y107.531
G1 F2340 X151.291 Y111.41 E3072.15956
G0 F7200 X150.636 Y111.603
G1 F2340 X148.103 Y109.071 E3072.46578
G0 F7200 X148.195 Y110.012
G1 F2340 X150.204 Y112.021 E3072.7087
G0 F7200 X149.859 Y112.523
G1 F2340 X148.195 Y110.86 E3072.90984
G0 F7200 X148.195 Y111.709
G1 F2340 X149.723 Y113.237 E3073.0946
G0 F7200 X149.476 Y113.838
G1 F2340 X148.195 Y112.557 E3073.24949
G0 F7200 X148.195 Y113.405
G1 F2340 X149.171 Y114.381 E3073.36751
G0 F7200 X148.781 Y114.84
G1 F2340 X148.195 Y114.254 E3073.43836
G0 F7200 X148.195 Y115.102
G1 F2340 X148.316 Y115.223 E3073.45299
G0 F7200 X150.337 Y111.57
G0 X152.5 Y111.497
G0 X153.342 Y113.462
G1 F2340 X154.801 Y114.92 E3073.62935
G1 X154.907 Y115.026
G10
G0 F7200 X152.5 Y111.497
G0 X147.756 Y108.244
G0 X115.642 Y108.005
G11
G1 F2340 X114.829 Y107.192 E3073.72765
G0 F7200 X113.981 Y107.192
G1 F2340 X115.21 Y108.422 E3073.87632
G0 F7200 X114.903 Y108.963
G1 F2340 X113.132 Y107.192 E3074.09046
G0 F7200 X112.284 Y107.192
G1 F2340 X114.8 Y109.709 E3074.39474
G0 F7200 X114.8 Y110.558
G1 F2340 X111.435 Y107.192 E3074.80168
G0 F7200 X110.587 Y107.192
G1 F2340 X114.8 Y111.406 E3075.31116
G0 F7200 X114.8 Y112.255
G1 F2340 X109.738 Y107.192 E3075.92329
G0 F7200 X108.889 Y107.192
G1 F2340 X114.8 Y113.103 E3076.63802
G0 F7200 X114.8 Y113.952
G1 F2340 X108.041 Y107.192 E3077.45535
G0 F7200 X107.445 Y107.445
G1 F2340 X111.416 Y111.416 E3077.9355
G0 F7200 X110.718 Y111.567
G1 F2340 X108.062 Y108.911 E3078.25665
G0 F7200 X108.195 Y109.892
G1 F2340 X110.263 Y111.96 E3078.50671
G0 F7200 X109.891 Y112.437
G1 F2340 X108.195 Y110.741 E3078.71178
G0 F7200 X108.195 Y111.589
G1 F2340 X109.743 Y113.137 E3078.89896
G0 F7200 X109.512 Y113.754
G1 F2340 X108.195 Y112.438 E3079.05814
G0 F7200 X108.195 Y113.286
G1 F2340 X109.224 Y114.315 E3079.18256
G0 F7200 X108.841 Y114.781
G1 F2340 X108.195 Y114.135 E3079.26067
G0 F7200 X108.195 Y114.983
G1 F2340 X108.381 Y115.169 E3079.28316
G0 F7200 X110.335 Y111.568
G0 X112.499 Y111.495
G0 X113.313 Y113.313
G1 F2340 X114.8 Y114.8 E3079.46297
G1 X114.906 Y114.906
G10
G0 F7200 X112.499 Y111.495
G0 X107.755 Y108.244
G0 X75.597 Y107.841
G11
G1 F2340 X74.949 Y107.193 E3079.54132
G0 F7200 X74.101 Y107.193
G1 F2340 X75.256 Y108.349 E3079.68104
G0 F7200 X74.942 Y108.883
G1 F2340 X73.252 Y107.193 E3079.88538
G0 F7200 X72.403 Y107.193
G1 F2340 X74.801 Y109.59 E3080.17528
G0 F7200 X74.801 Y110.439
G1 F2340 X71.555 Y107.193 E3080.56777
G0 F7200 X70.706 Y107.193
G1 F2340 X74.801 Y111.287 E3081.06286
G0 F7200 X74.801 Y112.136
G1 F2340 X69.858 Y107.193 E3081.66054
G0 F7200 X69.009 Y107.193
G1 F2340 X74.801 Y112.984 E3082.36082
G0 F7200 X74.801 Y113.833
G1 F2340 X68.161 Y107.193 E3083.1637
G0 F7200 X67.479 Y107.36
G1 F2340 X71.496 Y111.377 E3083.64941
G0 F7200 X70.777 Y111.506
G1 F2340 X67.989 Y108.718 E3083.98653
G0 F7200 X68.195 Y109.773
G1 F2340 X70.303 Y111.881 E3084.24142
G0 F7200 X69.92 Y112.347
G1 F2340 X68.195 Y110.622 E3084.44999
G0 F7200 X68.195 Y111.47
G1 F2340 X69.76 Y113.035 E3084.63923
G0 F7200 X69.546 Y113.67
G1 F2340 X68.195 Y112.318 E3084.80264
G0 F7200 X68.195 Y113.167
G1 F2340 X69.278 Y114.25 E3084.9336
G0 F7200 X68.896 Y114.716
G1 F2340 X68.195 Y114.015 E3085.01836
G0 F7200 X68.195 Y114.864
G1 F2340 X68.447 Y115.116 E3085.04883
G0 F7200 X70.296 Y111.94
G0 X71.275 Y111.105
G0 X72.674 Y111.665
G0 X73.241 Y113.122
G1 F2340 X74.801 Y114.681 E3085.23739
G1 X74.907 Y114.787
G10
G0 F7200 X72.674 Y111.665
G0 X67.755 Y108.244
G0 X35.61 Y107.735
G11
G1 F2340 X35.068 Y107.193 E3085.30293
G0 F7200 X34.22 Y107.193
G1 F2340 X35.325 Y108.298 E3085.43654
G0 F7200 X34.987 Y108.809
G1 F2340 X33.371 Y107.193 E3085.63194
G0 F7200 X33.192 Y107.863
G1 F2340 X34.8 Y109.471 E3085.82637
G0 F7200 X34.8 Y110.319
G1 F2340 X33.192 Y108.711 E3086.0208
G0 F7200 X33.192 Y109.56
G1 F2340 X34.8 Y111.168 E3086.21524
G0 F7200 X34.8 Y112.016
G1 F2340 X33.192 Y110.408 E3086.40967
G0 F7200 X33.192 Y111.257
G1 F2340 X34.8 Y112.865 E3086.6041
G0 F7200 X34.8 Y113.713
G1 F2340 X33.192 Y112.105 E3086.79853
G0 F7200 X33.252 Y113.013
G1 F2340 X34.8 Y114.562 E3086.98577
G0 F7200 X34.6 Y115.21
G1 F2340 X33.839 Y114.449 E3087.07779
G0 F7200 X33.947 Y114.38
;MESH:NONMESH
G0 F600 X33.947 Y114.38 Z1.75
G0 F7200 X32.195 Y106.195
G0 X31.812 Y105.812
;TIME_ELAPSED:680.688603
;LAYER:9
;TYPE:WALL-OUTER
;MESH:glasses_holder1.stl
G1 F2880 X31.812 Y112.831 E3087.7095
G1 X32.013 Y113.873 E3087.805
G1 X32.374 Y114.745 E3087.88994
G1 X32.885 Y115.504 E3087.97229
G1 X33.552 Y116.171 E3088.05719
G1 X34.311 Y116.682 E3088.13954
G1 X35.19 Y117.044 E3088.22509
G1 X35.833 Y117.184 E3088.28432
G1 X66.771 Y117.184 E3091.06874
G1 X67.817 Y116.983 E3091.1646
G1 X68.896 Y116.535 E3091.26975
G1 X69.798 Y115.794 E3091.37481
G1 X70.535 Y114.896 E3091.47936
G1 X71.069 Y113.602 E3091.60535
G1 X71.151 Y112.945 E3091.66494
G1 X71.341 Y112.783 E3091.68741
G1 X71.701 Y112.805 E3091.71987
G1 X71.83 Y112.937 E3091.73648
G1 X72.017 Y113.872 E3091.8223
G1 X72.375 Y114.745 E3091.90722
G1 X72.885 Y115.504 E3091.98952
G1 X73.552 Y116.171 E3092.07441
G1 X74.311 Y116.682 E3092.15676
G1 X75.19 Y117.044 E3092.24232
G1 X75.833 Y117.184 E3092.30154
G1 X106.771 Y117.184 E3095.08596
G1 X107.817 Y116.983 E3095.18183
G1 X108.896 Y116.535 E3095.28697
G1 X109.798 Y115.794 E3095.39203
G1 X110.535 Y114.896 E3095.49659
G1 X111.069 Y113.602 E3095.62258
G1 X111.151 Y112.945 E3095.68216
G1 X111.341 Y112.783 E3095.70464
G1 X111.701 Y112.805 E3095.7371
G1 X111.83 Y112.937 E3095.75371
G1 X112.017 Y113.872 E3095.83952
G1 X112.375 Y114.745 E3095.92444
G1 X112.885 Y115.504 E3096.00674
G1 X113.552 Y116.171 E3096.09164
G1 X114.311 Y116.682 E3096.17399
G1 X115.19 Y117.044 E3096.25954
G1 X115.833 Y117.184 E3096.31877
G1 X146.771 Y117.184 E3099.10319
G1 X147.817 Y116.983 E3099.19905
G1 X148.896 Y116.535 E3099.3042
G1 X149.798 Y115.794 E3099.40926
G1 X150.535 Y114.896 E3099.51381
G1 X151.07 Y113.601 E3099.63992
G1 X151.156 Y112.944 E3099.69955
G1 X151.345 Y112.783 E3099.7219
G1 X151.641 Y112.778 E3099.74854
G1 X151.831 Y112.944 E3099.77125
G1 X152.017 Y113.876 E3099.85678
G1 X152.374 Y114.745 E3099.94133
G1 X152.885 Y115.504 E3100.02368
G1 X153.552 Y116.171 E3100.10858
G1 X154.311 Y116.682 E3100.19093
G1 X155.19 Y117.044 E3100.27648
G1 X155.833 Y117.184 E3100.33571
G1 X186.771 Y117.184 E3103.12013
G1 X187.817 Y116.983 E3103.21599
G1 X188.896 Y116.535 E3103.32114
G1 X189.798 Y115.794 E3103.4262
G1 X190.535 Y114.896 E3103.53075
G1 X190.983 Y113.813 E3103.63623
G1 X191.18 Y112.787 E3103.73026
G1 X191.183 Y105.812 E3104.35801
G1 X31.812 Y105.812 E3118.7014
G0 F7200 X31.812 Y106.112
G0 X32.195 Y106.195
G0 X36.428 Y108.772
G0 X36.428 Y109.184
G1 F2880 X66.596 Y109.18 E3121.41652
G1 X66.816 Y109.427 E3121.44629
G1 X66.816 Y115.637 E3122.00519
G1 X66.574 Y115.811 E3122.03202
G1 X36.346 Y115.816 E3124.75254
G1 X36.18 Y115.525 E3124.78269
G1 X36.18 Y109.426 E3125.3316
G1 X36.428 Y109.184 E3125.36278
G0 F7200 X36.728 Y109.184
G10
G0 X36.728 Y108.772
G0 X76.428 Y108.772
G0 X76.428 Y109.184
G11
G1 F2880 X106.596 Y109.18 E3128.0779
G1 X106.816 Y109.427 E3128.10767
G1 X106.816 Y115.637 E3128.66657
G1 X106.574 Y115.811 E3128.6934
G1 X76.346 Y115.816 E3131.41392
G1 X76.18 Y115.525 E3131.44407
G1 X76.18 Y109.427 E3131.99289
G1 X76.428 Y109.184 E3132.02414
G0 F7200 X76.728 Y109.184
G10
G0 X76.728 Y108.772
G0 X107.155 Y108.844
G0 X115.773 Y109.427
G0 X116.18 Y109.427
G11
G1 F2880 X116.428 Y109.184 E3132.05539
G1 X146.596 Y109.18 E3134.77051
G1 X146.816 Y109.427 E3134.80028
G1 X146.816 Y115.637 E3135.35918
G1 X146.574 Y115.811 E3135.386
G1 X116.346 Y115.816 E3138.10652
G1 X116.18 Y115.525 E3138.13667
G1 X116.18 Y109.427 E3138.68549
G0 F7200 X116.394 Y109.217
G10
G0 X116.394 Y108.772
G0 X147.156 Y108.844
G0 X155.773 Y109.427
G0 X156.18 Y109.427
G11
G1 F2880 X156.428 Y109.184 E3138.71674
G1 X186.605 Y109.18 E3141.43267
G1 X186.817 Y109.366 E3141.45806
G1 X186.816 Y115.637 E3142.02245
G1 X186.574 Y115.811 E3142.04927
G1 X156.346 Y115.816 E3144.76979
G1 X156.18 Y115.525 E3144.79994
G1 X156.18 Y109.427 E3145.34876
G0 F7200 X156.394 Y109.217
G0 X155.58 Y109.453
;TYPE:WALL-INNER
G1 F4620 X155.697 Y109.035 E3145.38783
G1 X155.872 Y108.815 E3145.41313
G1 X156.369 Y108.58 E3145.46261
G1 X186.516 Y108.58 E3148.17584
G1 X187.124 Y108.815 E3148.2345
G1 X187.417 Y109.321 E3148.28713
G1 X187.416 Y115.516 E3148.84468
G1 X187.296 Y115.965 E3148.8865
G1 F4258.1 X186.701 Y116.492 E3148.96352
G1 X187.644 Y116.405 E3149.05529
G1 F4620 X188.584 Y116.015 E3149.14688
G1 X189.372 Y115.368 E3149.23864
G1 X190.015 Y114.584 E3149.3299
G1 X190.405 Y113.64 E3149.42182
G1 X190.58 Y112.73 E3149.50522
G1 X190.583 Y106.412 E3150.07384
G1 X32.412 Y106.412 E3164.30923
G1 X32.412 Y112.774 E3164.88181
G1 X32.591 Y113.699 E3164.96661
G1 X32.905 Y114.46 E3165.0407
G1 X33.35 Y115.121 E3165.11242
G1 X33.935 Y115.706 E3165.18687
G1 X34.595 Y116.15 E3165.25846
G1 X35.37 Y116.469 E3165.33389
G1 F4586.3 X35.897 Y116.581 E3165.3827
G1 F3970 X36.48 Y116.5 E3165.44345
G1 X36 Y116.281 E3165.4979
G1 F4586.3 X35.723 Y116.004 E3165.53339
G1 F4620 X35.58 Y115.541 E3165.577
G1 X35.58 Y109.319 E3166.13698
G1 X35.872 Y108.815 E3166.1894
G1 X36.369 Y108.58 E3166.23888
G1 X66.516 Y108.58 E3168.95211
G1 X66.853 Y108.645 E3168.983
G1 X67.299 Y109.036 E3169.03638
G1 X67.416 Y109.453 E3169.07536
G1 X67.416 Y115.516 E3169.62103
G1 X67.296 Y115.965 E3169.66286
G1 F4258.1 X66.701 Y116.492 E3169.73988
G1 X67.644 Y116.405 E3169.83164
G1 F4620 X68.584 Y116.015 E3169.92323
G1 X69.372 Y115.368 E3170.015
G1 X70.015 Y114.584 E3170.10625
G1 X70.481 Y113.454 E3170.21626
G1 X70.607 Y112.693 E3170.28568
G1 X70.955 Y112.303 E3170.33273
G1 X71.268 Y112.185 E3170.36283
G1 X71.827 Y112.207 E3170.41318
G1 X72.186 Y112.428 E3170.45112
G1 X72.395 Y112.705 E3170.48235
G1 X72.594 Y113.698 E3170.5735
G1 X72.907 Y114.461 E3170.64772
G1 X73.35 Y115.121 E3170.71926
G1 X73.935 Y115.706 E3170.79372
G1 X74.595 Y116.15 E3170.86531
G1 X75.37 Y116.469 E3170.94074
G1 F4586.3 X75.897 Y116.581 E3170.98955
G1 F3970 X76.48 Y116.5 E3171.05029
G1 X76 Y116.281 E3171.10474
G1 F4586.3 X75.723 Y116.004 E3171.14023
G1 F4620 X75.58 Y115.541 E3171.18385
G1 X75.58 Y109.453 E3171.73177
G1 X75.697 Y109.035 E3171.77083
G1 X75.872 Y108.815 E3171.79613
G1 X76.369 Y108.58 E3171.84561
G1 X106.516 Y108.58 E3174.55884
G1 X106.853 Y108.645 E3174.58973
G1 X107.299 Y109.036 E3174.64311
G1 X107.416 Y109.453 E3174.68209
G1 X107.416 Y115.516 E3175.22776
G1 X107.296 Y115.965 E3175.26959
G1 F4258.1 X106.701 Y116.492 E3175.34661
G1 X107.644 Y116.405 E3175.43837
G1 F4620 X108.584 Y116.015 E3175.52996
G1 X109.372 Y115.368 E3175.62173
G1 X110.015 Y114.584 E3175.71298
G1 X110.481 Y113.454 E3175.82299
G1 X110.607 Y112.693 E3175.89241
G1 X110.955 Y112.303 E3175.93946
G1 X111.268 Y112.185 E3175.96956
G1 X111.827 Y112.207 E3176.01991
G1 X112.186 Y112.428 E3176.05785
G1 X112.395 Y112.705 E3176.08908
G1 X112.594 Y113.698 E3176.18023
G1 X112.907 Y114.461 E3176.25445
G1 X113.35 Y115.121 E3176.32599
G1 X113.935 Y115.706 E3176.40045
G1 X114.595 Y116.15 E3176.47204
G1 X115.37 Y116.469 E3176.54747
G1 F4586.3 X115.897 Y116.581 E3176.59628
G1 F3970 X116.48 Y116.5 E3176.65702
G1 X116 Y116.281 E3176.71147
G1 F4586.3 X115.723 Y116.004 E3176.74696
G1 F4620 X115.58 Y115.541 E3176.79058
G1 X115.58 Y109.453 E3177.3385
G1 X115.697 Y109.035 E3177.37756
G1 X115.872 Y108.815 E3177.40286
G1 X116.369 Y108.58 E3177.45234
G1 X146.516 Y108.58 E3180.16557
G1 X146.853 Y108.645 E3180.19646
G1 X147.299 Y109.036 E3180.24984
G1 X147.416 Y109.453 E3180.28882
G1 X147.416 Y115.516 E3180.83449
G1 X147.296 Y115.965 E3180.87632
G1 F4258.1 X146.701 Y116.492 E3180.95334
G1 X147.644 Y116.405 E3181.0451
G1 F4620 X148.584 Y116.015 E3181.13669
G1 X149.372 Y115.368 E3181.22846
G1 X150.015 Y114.584 E3181.31971
G1 X150.482 Y113.452 E3181.42992
G1 X150.612 Y112.69 E3181.49949
G1 X150.959 Y112.303 E3181.54627
G1 X151.272 Y112.185 E3181.57638
G1 X151.827 Y112.207 E3181.62637
G1 X152.187 Y112.429 E3181.66443
G1 X152.395 Y112.707 E3181.69568
G1 X152.594 Y113.702 E3181.78701
G1 X152.906 Y114.461 E3181.86086
G1 X153.35 Y115.121 E3181.93245
G1 X153.935 Y115.706 E3182.00691
G1 X154.595 Y116.15 E3182.0785
G1 X155.37 Y116.469 E3182.15393
G1 F4586.3 X155.897 Y116.581 E3182.20274
G1 F3970 X156.48 Y116.5 E3182.26348
G1 X156 Y116.281 E3182.31793
G1 F4586.3 X155.723 Y116.004 E3182.35342
G1 F4620 X155.58 Y115.541 E3182.39704
G1 X155.58 Y109.453 E3182.94496
G0 F7200 X155.173 Y109.453
G0 X155.845 Y116.156
G0 X156.48 Y116.5
G1 F3508.3 X186.516 Y116.5 E3186.4051
G1 F3467.4 X186.687 Y116.493 E3186.42502
G10
G0 F7200 X154.486 Y116.378
G0 X152.011 Y112.112
G0 X150.881 Y112.15
G0 X149.335 Y114.613
G0 X146.687 Y116.493
G11
G1 F3467.4 X146.516 Y116.5 E3186.44495
G1 F3508.3 X116.48 Y116.5 E3189.90509
G0 F7200 X112.684 Y114.576
G0 X112.01 Y112.112
G0 X110.879 Y112.15
G0 X109.332 Y114.613
G0 X106.687 Y116.493
G1 F3467.4 X106.516 Y116.5 E3189.92501
G1 F3508.3 X76.48 Y116.5 E3193.38516
G0 F7200 X72.684 Y114.576
G0 X72.01 Y112.112
G0 X70.879 Y112.15
G0 X69.333 Y114.613
G0 X66.687 Y116.493
G1 F3467.4 X66.516 Y116.5 E3193.40508
G1 F3508.3 X36.48 Y116.5 E3196.86523
G0 F7200 X35.172 Y115.876
G0 X35.192 Y115.876
;TYPE:SKIN
G1 F2340 X35.1 Y115.544 E3196.89468
G1 X35.1 Y109.214 E3197.4359
G1 X35.539 Y108.451 E3197.51116
G1 X36.287 Y108.104 E3197.58166
G1 X66.562 Y108.105 E3200.17018
G1 X67.113 Y108.253 E3200.21896
G1 X67.718 Y108.777 E3200.28739
G1 X67.896 Y109.45 E3200.34691
G1 X67.896 Y115.5 E3200.86418
G1 X67.825 Y115.806 E3200.89104
G1 X68.335 Y115.596 E3200.9382
G1 X69.027 Y115.027 E3201.0148
G1 X69.595 Y114.335 E3201.09134
G1 X70.014 Y113.327 E3201.18468
G1 X70.148 Y112.567 E3201.25066
G1 X70.644 Y111.947 E3201.31854
G1 X71.183 Y111.705 E3201.36906
G1 X71.948 Y111.742 E3201.43454
G1 X72.47 Y112.048 E3201.48628
G1 X72.859 Y112.576 E3201.54235
G1 X73.057 Y113.556 E3201.62783
G1 X73.335 Y114.238 E3201.6908
G1 X73.725 Y114.816 E3201.75042
G1 X74.236 Y115.327 E3201.81221
G1 X74.819 Y115.722 E3201.87242
G1 X75.192 Y115.876 E3201.90692
G1 X75.1 Y115.544 E3201.93638
G1 X75.1 Y109.224 E3202.47674
G1 X75.539 Y108.451 E3202.55274
G1 X76.287 Y108.104 E3202.62324
G1 X106.562 Y108.105 E3205.21176
G1 X107.113 Y108.253 E3205.26054
G1 X107.718 Y108.777 E3205.32897
G1 X107.896 Y109.45 E3205.38849
G1 X107.896 Y115.5 E3205.90576
G1 X107.825 Y115.806 E3205.93262
G1 X108.335 Y115.596 E3205.97978
G1 X109.027 Y115.027 E3206.05638
G1 X109.595 Y114.335 E3206.13292
G1 X110.014 Y113.327 E3206.22626
G1 X110.148 Y112.567 E3206.29224
G1 X110.644 Y111.947 E3206.36012
G1 X111.183 Y111.705 E3206.41064
G1 X111.948 Y111.742 E3206.47612
G1 X112.47 Y112.048 E3206.52786
G1 X112.859 Y112.576 E3206.58393
G1 X113.057 Y113.556 E3206.66941
G1 X113.335 Y114.238 E3206.73238
G1 X113.725 Y114.816 E3206.792
G1 X114.236 Y115.327 E3206.85379
G1 X114.819 Y115.722 E3206.914
G1 X115.192 Y115.876 E3206.9485
G1 X115.1 Y115.544 E3206.97796
G1 X115.1 Y109.224 E3207.51832
G1 X115.539 Y108.451 E3207.59432
G1 X116.287 Y108.104 E3207.66482
G1 X146.562 Y108.105 E3210.25334
G1 X147.113 Y108.253 E3210.30212
G1 X147.718 Y108.777 E3210.37055
G1 X147.896 Y109.45 E3210.43007
G1 X147.896 Y115.5 E3210.94734
G1 X147.825 Y115.806 E3210.9742
G1 X148.335 Y115.596 E3211.02136
G1 X149.027 Y115.027 E3211.09796
G1 X149.595 Y114.336 E3211.17444
G1 X150.014 Y113.318 E3211.26856
G1 X150.157 Y112.56 E3211.33451
G1 X150.643 Y111.948 E3211.40133
G1 X151.206 Y111.706 E3211.45372
G1 X151.948 Y111.742 E3211.51724
G1 X152.47 Y112.048 E3211.56897
G1 X152.839 Y112.503 E3211.61906
G1 X153.057 Y113.56 E3211.71134
G1 X153.335 Y114.237 E3211.77391
G1 X153.725 Y114.816 E3211.8336
G1 X154.236 Y115.327 E3211.89539
G1 X154.819 Y115.722 E3211.9556
G1 X155.192 Y115.876 E3211.9901
G1 X155.1 Y115.544 E3212.01955
G1 X155.1 Y109.224 E3212.55991
G1 X155.539 Y108.451 E3212.63592
G1 X156.287 Y108.104 E3212.70642
G1 X186.562 Y108.105 E3215.29493
G1 X187.075 Y108.225 E3215.33998
G1 X187.495 Y108.528 E3215.38426
G1 X187.896 Y109.214 E3215.4522
G1 X187.896 Y115.5 E3215.98965
G1 X187.825 Y115.806 E3216.01651
G1 X188.336 Y115.595 E3216.06378
G1 X189.03 Y115.027 E3216.14045
G1 X189.591 Y114.336 E3216.21655
G1 X189.943 Y113.496 E3216.29442
G1 X190.1 Y112.679 E3216.36556
G1 X190.1 Y106.892 E3216.86034
G1 X32.893 Y106.893 E3230.30154
G1 X32.892 Y112.724 E3230.80009
G1 X33.049 Y113.557 E3230.87257
G1 X33.33 Y114.232 E3230.93508
G1 X33.725 Y114.816 E3230.99536
G1 X34.236 Y115.327 E3231.05715
G1 X34.819 Y115.722 E3231.11736
G1 X35.192 Y115.876 E3231.15186
G0 F7200 X35.172 Y115.876
G0 X35.244 Y108.244
G0 X35.919 Y107.549
G1 F2095.4 X36.176 Y107.498 E3231.17662
G1 F2297.8 X66.504 Y107.496 E3233.81288
G1 F2067.6 X67.009 Y107.559 E3233.86154
G0 F7200 X75.921 Y107.549
G1 F2095.4 X76.176 Y107.498 E3233.88611
G1 F2297.8 X106.504 Y107.496 E3236.52237
G1 F2067.6 X107.009 Y107.559 E3236.57103
G0 F7200 X115.921 Y107.549
G1 F2095.4 X116.176 Y107.498 E3236.5956
G1 F2297.8 X146.504 Y107.496 E3239.23186
G1 F2064.2 X147.006 Y107.559 E3239.28031
G0 F7200 X155.922 Y107.549
G1 F2095.4 X156.176 Y107.498 E3239.30479
G1 F2289.5 X186.555 Y107.498 E3241.95414
G1 F2095.4 X187.14 Y107.549 E3242.00962
G0 F7200 X187.756 Y108.244
G0 X188.197 Y114.727
G1 F2340 X189.686 Y113.238 E3242.18966
G0 F7200 X189.8 Y112.276
G1 F2340 X188.197 Y113.879 E3242.38349
G0 F7200 X188.197 Y113.03
G1 F2340 X189.8 Y111.427 E3242.57732
G0 F7200 X189.8 Y110.579
G1 F2340 X188.197 Y112.182 E3242.77114
G0 F7200 X188.197 Y111.333
G1 F2340 X189.8 Y109.73 E3242.96497
G0 F7200 X189.8 Y108.882
G1 F2340 X188.197 Y110.485 E3243.1588
G0 F7200 X188.197 Y109.636
G1 F2340 X189.8 Y108.033 E3243.35262
G0 F7200 X189.793 Y107.192
G1 F2340 X188.069 Y108.916 E3243.56108
G0 F7200 X187.756 Y108.38
G1 F2340 X188.945 Y107.192 E3243.70479
G0 F7200 X188.096 Y107.192
G1 F2340 X187.443 Y107.845 E3243.78375
G10
G0 F7200 X155.527 Y107.517
G11
G1 F2340 X151.617 Y111.427 E3244.25653
G0 F7200 X152.289 Y111.603
G1 F2340 X154.868 Y109.024 E3244.56837
G0 F7200 X154.8 Y109.941
G1 F2340 X152.775 Y111.965 E3244.81316
G0 F7200 X153.135 Y112.454
G1 F2340 X154.8 Y110.789 E3245.01448
G0 F7200 X154.8 Y111.638
G1 F2340 X153.28 Y113.158 E3245.19828
G0 F7200 X153.482 Y113.805
G1 F2340 X154.8 Y112.487 E3245.35764
G0 F7200 X154.8 Y113.335
G1 F2340 X153.778 Y114.357 E3245.48122
G0 F7200 X154.158 Y114.825
G1 F2340 X154.8 Y114.184 E3245.55878
G0 F7200 X154.8 Y115.032
G1 F2340 X154.612 Y115.22 E3245.58152
G0 F7200 X152.501 Y111.495
G0 X150.337 Y111.568
G0 X149.664 Y113.38
G1 F2340 X148.195 Y114.849 E3245.75914
G0 F7200 X148.195 Y114
G1 F2340 X155.003 Y107.192 E3246.58233
G0 F7200 X154.155 Y107.192
G1 F2340 X148.195 Y113.151 E3247.30293
G0 F7200 X148.195 Y112.303
G1 F2340 X153.306 Y107.192 E3247.92092
G0 F7200 X152.458 Y107.192
G1 F2340 X148.196 Y111.453 E3248.4362
G0 F7200 X148.196 Y110.605
G1 F2340 X151.609 Y107.192 E3248.84889
G0 F7200 X150.761 Y107.192
G1 F2340 X148.196 Y109.756 E3249.15898
G0 F7200 X148.089 Y109.015
G1 F2340 X149.912 Y107.192 E3249.3794
G0 F7200 X149.064 Y107.192
G1 F2340 X147.802 Y108.453 E3249.53194
G0 F7200 X147.348 Y108.059
G1 F2340 X148.215 Y107.192 E3249.63677
G1 X148.321 Y107.086
G10
G0 F7200 X115.559 Y107.604
G11
G1 F2340 X111.731 Y111.432 E3250.09964
G0 F7200 X112.365 Y111.647
G1 F2340 X114.799 Y109.212 E3250.394
G0 F7200 X114.799 Y110.06
G1 F2340 X112.832 Y112.028 E3250.6319
G0 F7200 X113.16 Y112.549
G1 F2340 X114.799 Y110.909 E3250.83015
G0 F7200 X114.799 Y111.758
G1 F2340 X113.303 Y113.254 E3251.01103
G0 F7200 X113.517 Y113.889
G1 F2340 X114.799 Y112.606 E3251.16611
G0 F7200 X114.799 Y113.455
G1 F2340 X113.826 Y114.428 E3251.28376
G0 F7200 X114.218 Y114.885
G1 F2340 X114.799 Y114.303 E3251.35407
G0 F7200 X114.799 Y115.152
G1 F2340 X114.684 Y115.268 E3251.36804
G0 F7200 X112.499 Y111.495
G0 X110.335 Y111.568
G0 X109.584 Y113.579
G1 F2340 X108.195 Y114.968 E3251.53599
G0 F7200 X108.196 Y114.119
G1 F2340 X109.903 Y112.411 E3251.74245
G1 X110.009 Y112.305
G0 F7200 X110.76 Y111.554
G1 F2340 X115.123 Y107.192 E3252.26994
G0 F7200 X114.274 Y107.192
G1 F2340 X108.196 Y113.27 E3253.00487
G0 F7200 X108.196 Y112.421
G1 F2340 X113.426 Y107.192 E3253.63719
G0 F7200 X112.577 Y107.192
G1 F2340 X108.196 Y111.573 E3254.16692
G0 F7200 X108.196 Y110.724
G1 F2340 X111.729 Y107.192 E3254.59406
G0 F7200 X110.88 Y107.192
G1 F2340 X108.196 Y109.876 E3254.91859
G0 F7200 X108.113 Y109.11
G1 F2340 X110.031 Y107.192 E3255.15051
G0 F7200 X109.183 Y107.192
G1 F2340 X107.861 Y108.514 E3255.31036
G0 F7200 X107.41 Y108.116
G1 F2340 X108.334 Y107.192 E3255.42208
G1 X108.44 Y107.086
G10
G0 F7200 X75.592 Y107.69
G11
G1 F2340 X71.846 Y111.436 E3255.87503
G0 F7200 X72.441 Y111.69
G1 F2340 X74.8 Y109.331 E3256.16027
G0 F7200 X74.8 Y110.179
G1 F2340 X72.886 Y112.093 E3256.3917
G0 F7200 X73.18 Y112.648
G1 F2340 X74.8 Y111.028 E3256.58759
G0 F7200 X74.8 Y111.876
G1 F2340 X73.322 Y113.354 E3256.7663
G0 F7200 X73.552 Y113.973
G1 F2340 X74.8 Y112.725 E3256.9172
G0 F7200 X74.8 Y113.573
G1 F2340 X73.874 Y114.5 E3257.02923
G0 F7200 X74.277 Y114.944
G1 F2340 X74.8 Y114.422 E3257.09241
G0 F7200 X72.499 Y111.495
G0 X70.933 Y111.478
G0 X70.933 Y111.5
G1 F2340 X75.24 Y107.193 E3257.61319
G0 F7200 X74.392 Y107.193
G1 F2340 X68.196 Y113.389 E3258.36238
G0 F7200 X68.196 Y114.237
G1 F2340 X69.839 Y112.595 E3258.56098
G1 X69.945 Y112.489
G0 F7200 X69.499 Y113.783
G1 F2340 X68.195 Y115.087 E3258.71866
G1 X68.089 Y115.193
G0 F7200 X68.196 Y112.54
G1 F2340 X73.543 Y107.193 E3259.36519
G0 F7200 X72.695 Y107.193
G1 F2340 X68.196 Y111.692 E3259.90919
G0 F7200 X68.196 Y110.843
G1 F2340 X71.846 Y107.193 E3260.35053
G0 F7200 X70.998 Y107.193
G1 F2340 X68.196 Y109.995 E3260.68933
G0 F7200 X68.137 Y109.206
G1 F2340 X70.149 Y107.193 E3260.93268
G0 F7200 X69.301 Y107.193
G1 F2340 X67.907 Y108.587 E3261.10123
G0 F7200 X67.475 Y108.17
G1 F2340 X68.452 Y107.193 E3261.21937
G0 F7200 X67.604 Y107.193
G1 F2340 X67.5 Y107.296 E3261.23188
G10
G0 F7200 X35.625 Y107.776
G11
G1 F2340 X33.193 Y110.208 E3261.52595
G0 F7200 X33.193 Y109.36
G1 F2340 X35.36 Y107.192 E3261.78803
G0 F7200 X34.512 Y107.192
G1 F2340 X33.193 Y108.511 E3261.94752
G0 F7200 X33.193 Y107.663
G1 F2340 X33.663 Y107.192 E3262.00441
G0 F7200 X34.8 Y109.45
G1 F2340 X33.193 Y111.057 E3262.19872
G0 F7200 X33.193 Y111.905
G1 F2340 X34.8 Y110.299 E3262.39297
G0 F7200 X34.8 Y111.147
G1 F2340 X33.202 Y112.745 E3262.58619
G0 F7200 X33.336 Y113.46
G1 F2340 X34.8 Y111.996 E3262.76321
G0 F7200 X34.8 Y112.844
G1 F2340 X33.584 Y114.06 E3262.91025
G0 F7200 X33.922 Y114.57
G1 F2340 X34.8 Y113.693 E3263.01635
G0 F7200 X34.8 Y114.541
G1 F2340 X34.337 Y115.004 E3263.07233
G0 F7200 X34.429 Y114.916
;MESH:NONMESH
G0 F600 X34.429 Y114.916 Z1.9
G0 F7200 X32.195 Y106.195
G0 X31.812 Y105.812
;TIME_ELAPSED:731.878626
;LAYER:10
;TYPE:WALL-OUTER
;MESH:glasses_holder1.stl
G1 F2880 X31.812 Y112.831 E3263.70404
G1 X32.013 Y113.873 E3263.79955
G1 X32.374 Y114.745 E3263.88449
G1 X32.885 Y115.504 E3263.96684
G1 X33.552 Y116.171 E3264.05173
G1 X34.311 Y116.682 E3264.13408
G1 X35.19 Y117.044 E3264.21964
G1 X35.833 Y117.184 E3264.27887
G1 X66.771 Y117.184 E3267.06329
G1 X67.817 Y116.983 E3267.15915
G1 X68.896 Y116.535 E3267.2643
G1 X69.798 Y115.794 E3267.36936
G1 X70.535 Y114.896 E3267.47391
G1 X71.07 Y113.601 E3267.60001
G1 X71.159 Y112.898 E3267.66379
G1 X71.272 Y112.769 E3267.67922
G1 X71.656 Y112.739 E3267.71389
G1 X71.846 Y112.863 E3267.73431
G1 X71.927 Y113.658 E3267.80623
G1 X72.374 Y114.745 E3267.91201
G1 X72.885 Y115.504 E3267.99436
G1 X73.552 Y116.171 E3268.07925
G1 X74.311 Y116.682 E3268.1616
G1 X75.19 Y117.044 E3268.24716
G1 X75.833 Y117.184 E3268.30638
G1 X106.771 Y117.184 E3271.0908
G1 X107.817 Y116.983 E3271.18667
G1 X108.896 Y116.535 E3271.29181
G1 X109.798 Y115.794 E3271.39687
G1 X110.535 Y114.896 E3271.50143
G1 X111.069 Y113.602 E3271.62741
G1 X111.151 Y112.945 E3271.687
G1 X111.341 Y112.783 E3271.70948
G1 X111.701 Y112.805 E3271.74194
G1 X111.83 Y112.937 E3271.75855
G1 X112.017 Y113.872 E3271.84436
G1 X112.375 Y114.745 E3271.92928
G1 X112.885 Y115.504 E3272.01158
G1 X113.552 Y116.171 E3272.09648
G1 X114.311 Y116.682 E3272.17883
G1 X115.19 Y117.044 E3272.26438
G1 X115.833 Y117.184 E3272.32361
G1 X146.771 Y117.184 E3275.10803
G1 X147.817 Y116.983 E3275.20389
G1 X148.896 Y116.535 E3275.30904
G1 X149.798 Y115.794 E3275.4141
G1 X150.535 Y114.896 E3275.51865
G1 X151.07 Y113.601 E3275.64476
G1 X151.156 Y112.944 E3275.70439
G1 X151.345 Y112.783 E3275.72674
G1 X151.641 Y112.782 E3275.75338
G1 X151.831 Y112.948 E3275.77608
G1 X152.017 Y113.876 E3275.86126
G1 X152.374 Y114.745 E3275.94582
G1 X152.885 Y115.504 E3276.02817
G1 X153.552 Y116.171 E3276.11306
G1 X154.311 Y116.682 E3276.19541
G1 X155.19 Y117.044 E3276.28097
G1 X155.833 Y117.184 E3276.34019
G1 X186.771 Y117.184 E3279.12461
G1 X187.817 Y116.983 E3279.22047
G1 X188.896 Y116.535 E3279.32562
G1 X189.798 Y115.794 E3279.43068
G1 X190.535 Y114.896 E3279.53524
G1 X190.983 Y113.813 E3279.64072
G1 X191.184 Y112.779 E3279.73552
G1 X191.184 Y105.812 E3280.36255
G1 X31.812 Y105.812 E3294.70603
G0 F7200 X31.812 Y106.112
G0 X32.195 Y106.195
G0 X36.428 Y108.772
G0 X36.428 Y109.184
G1 F2880 X66.604 Y109.18 E3297.42187
G1 X66.816 Y109.364 E3297.44713
G1 X66.816 Y115.637 E3298.0117
G1 X66.574 Y115.811 E3298.03853
G1 X36.346 Y115.816 E3300.75905
G1 X36.18 Y115.525 E3300.7892
G1 X36.18 Y109.426 E3301.33811
G1 X36.428 Y109.184 E3301.3693
G0 F7200 X36.728 Y109.184
G10
G0 X36.728 Y108.772
G0 X76.428 Y108.772
G0 X76.428 Y109.184
G11
G1 F2880 X106.596 Y109.18 E3304.08442
G1 X106.816 Y109.427 E3304.11419
G1 X106.816 Y115.637 E3304.67309
G1 X106.574 Y115.811 E3304.69991
G1 X76.346 Y115.816 E3307.42043
G1 X76.18 Y115.525 E3307.45058
G1 X76.18 Y109.426 E3307.99949
G1 X76.428 Y109.184 E3308.03068
G0 F7200 X76.728 Y109.184
G10
G0 X76.728 Y108.772
G0 X107.155 Y108.844
G0 X115.773 Y109.427
G0 X116.18 Y109.427
G11
G1 F2880 X116.428 Y109.184 E3308.06193
G1 X146.596 Y109.18 E3310.77705
G1 X146.816 Y109.427 E3310.80682
G1 X146.816 Y115.637 E3311.36572
G1 X146.574 Y115.811 E3311.39254
G1 X116.346 Y115.816 E3314.11306
G1 X116.18 Y115.525 E3314.14321
G1 X116.18 Y109.427 E3314.69203
G0 F7200 X116.394 Y109.217
G10
G0 X116.394 Y108.772
G0 X147.156 Y108.844
G0 X155.773 Y109.427
G0 X156.18 Y109.427
G11
G1 F2880 X156.428 Y109.184 E3314.72328
G1 X186.596 Y109.18 E3317.4384
G1 X186.816 Y109.426 E3317.4681
G1 X186.816 Y115.637 E3318.02709
G1 X186.574 Y115.811 E3318.05392
G1 X156.346 Y115.816 E3320.77444
G1 X156.18 Y115.525 E3320.80459
G1 X156.18 Y109.427 E3321.35341
G0 F7200 X156.394 Y109.217
G0 X155.58 Y109.453
;TYPE:WALL-INNER
G1 F4620 X155.697 Y109.035 E3321.39248
G1 X155.872 Y108.815 E3321.41778
G1 X156.369 Y108.58 E3321.46726
G1 X186.516 Y108.58 E3324.18049
G1 X187.124 Y108.815 E3324.23915
G1 X187.416 Y109.319 E3324.29157
G1 X187.416 Y115.516 E3324.8493
G1 X187.296 Y115.965 E3324.89113
G1 F4258.1 X186.701 Y116.492 E3324.96815
G1 X187.644 Y116.405 E3325.05992
G1 F4620 X188.584 Y116.015 E3325.15151
G1 X189.372 Y115.368 E3325.24327
G1 X190.015 Y114.584 E3325.33453
G1 X190.405 Y113.639 E3325.42654
G1 X190.584 Y112.721 E3325.51071
G1 X190.584 Y106.412 E3326.07852
G1 X32.412 Y106.412 E3340.314
G1 X32.412 Y112.774 E3340.88658
G1 X32.591 Y113.699 E3340.97138
G1 X32.905 Y114.46 E3341.04547
G1 X33.35 Y115.121 E3341.11718
G1 X33.935 Y115.706 E3341.19164
G1 X34.595 Y116.15 E3341.26323
G1 X35.37 Y116.469 E3341.33866
G1 F4586.3 X35.897 Y116.581 E3341.38747
G1 F3970 X36.48 Y116.5 E3341.44821
G1 X36 Y116.281 E3341.50266
G1 F4586.3 X35.723 Y116.004 E3341.53815
G1 F4620 X35.58 Y115.541 E3341.58177
G1 X35.58 Y109.319 E3342.14175
G1 X35.872 Y108.815 E3342.19417
G1 X36.369 Y108.58 E3342.24365
G1 X66.516 Y108.58 E3344.95688
G1 X66.852 Y108.644 E3344.98766
G1 X67.297 Y109.032 E3345.0408
G1 X67.416 Y109.448 E3345.07974
G1 X67.416 Y115.516 E3345.62586
G1 X67.296 Y115.965 E3345.66769
G1 F4258.1 X66.701 Y116.492 E3345.74471
G1 X67.644 Y116.405 E3345.83647
G1 F4620 X68.584 Y116.015 E3345.92806
G1 X69.372 Y115.368 E3346.01983
G1 X70.015 Y114.584 E3346.11108
G1 X70.482 Y113.452 E3346.22129
G1 X70.614 Y112.647 E3346.29471
G1 X70.954 Y112.261 E3346.341
G1 X71.276 Y112.137 E3346.37206
G1 X71.816 Y112.16 E3346.4207
G1 X72.228 Y112.419 E3346.4645
G1 X72.379 Y112.648 E3346.48919
G1 X72.515 Y113.51 E3346.56773
G1 X72.906 Y114.46 E3346.66019
G1 X73.35 Y115.121 E3346.73185
G1 X73.935 Y115.706 E3346.80631
G1 X74.595 Y116.15 E3346.8779
G1 X75.37 Y116.469 E3346.95333
G1 F4586.3 X75.897 Y116.581 E3347.00214
G1 F3970 X76.48 Y116.5 E3347.06288
G1 X76 Y116.281 E3347.11733
G1 F4586.3 X75.723 Y116.004 E3347.15282
G1 F4620 X75.58 Y115.541 E3347.19643
G1 X75.58 Y109.448 E3347.7448
G1 X75.699 Y109.032 E3347.78375
G1 X75.875 Y108.813 E3347.80903
G1 X76.37 Y108.58 E3347.85827
G1 X106.516 Y108.58 E3350.57141
G1 X106.853 Y108.645 E3350.6023
G1 X107.299 Y109.036 E3350.65568
G1 X107.416 Y109.453 E3350.69466
G1 X107.416 Y115.516 E3351.24033
G1 X107.296 Y115.965 E3351.28216
G1 F4258.1 X106.701 Y116.492 E3351.35918
G1 X107.644 Y116.405 E3351.45094
G1 F4620 X108.584 Y116.015 E3351.54254
G1 X109.372 Y115.368 E3351.6343
G1 X110.015 Y114.584 E3351.72555
G1 X110.481 Y113.454 E3351.83556
G1 X110.607 Y112.693 E3351.90498
G1 X110.955 Y112.303 E3351.95203
G1 X111.268 Y112.185 E3351.98213
G1 X111.827 Y112.207 E3352.03248
G1 X112.186 Y112.428 E3352.07042
G1 X112.395 Y112.705 E3352.10165
G1 X112.594 Y113.698 E3352.1928
G1 X112.907 Y114.461 E3352.26702
G1 X113.35 Y115.121 E3352.33856
G1 X113.935 Y115.706 E3352.41302
G1 X114.595 Y116.15 E3352.48461
G1 X115.37 Y116.469 E3352.56004
G1 F4586.3 X115.897 Y116.581 E3352.60885
G1 F3970 X116.48 Y116.5 E3352.6696
G1 X116 Y116.281 E3352.72404
G1 F4586.3 X115.723 Y116.004 E3352.75953
G1 F4620 X115.58 Y115.541 E3352.80315
G1 X115.58 Y109.453 E3353.35107
G1 X115.697 Y109.035 E3353.39013
G1 X115.872 Y108.815 E3353.41543
G1 X116.369 Y108.58 E3353.46491
G1 X146.516 Y108.58 E3356.17814
G1 X146.853 Y108.645 E3356.20903
G1 X147.299 Y109.036 E3356.26241
G1 X147.416 Y109.453 E3356.30139
G1 X147.416 Y115.516 E3356.84706
G1 X147.296 Y115.965 E3356.88889
G1 F4258.1 X146.701 Y116.492 E3356.96591
G1 X147.644 Y116.405 E3357.05767
G1 F4620 X148.584 Y116.015 E3357.14927
G1 X149.372 Y115.368 E3357.24103
G1 X150.015 Y114.584 E3357.33228
G1 X150.482 Y113.452 E3357.44249
G1 X150.612 Y112.69 E3357.51206
G1 X150.959 Y112.303 E3357.55884
G1 X151.272 Y112.185 E3357.58895
G1 X151.826 Y112.211 E3357.63887
G1 X152.186 Y112.432 E3357.67688
G1 X152.395 Y112.709 E3357.70811
G1 X152.594 Y113.701 E3357.79917
G1 X152.906 Y114.461 E3357.87311
G1 X153.35 Y115.121 E3357.9447
G1 X153.935 Y115.706 E3358.01916
G1 X154.595 Y116.15 E3358.09075
G1 X155.37 Y116.469 E3358.16618
G1 F4586.3 X155.897 Y116.581 E3358.21499
G1 F3970 X156.48 Y116.5 E3358.27573
G1 X156 Y116.281 E3358.33018
G1 F4586.3 X155.723 Y116.004 E3358.36567
G1 F4620 X155.58 Y115.541 E3358.40929
G1 X155.58 Y109.453 E3358.95721
G0 F7200 X155.173 Y109.453
G0 X155.845 Y116.156
G0 X156.48 Y116.5
G1 F3508.3 X186.516 Y116.5 E3362.41735
G1 F3467.4 X186.687 Y116.493 E3362.43727
G10
G0 F7200 X154.486 Y116.378
G0 X152.075 Y112.4
G0 X150.858 Y112.31
G0 X149.324 Y114.682
G0 X146.687 Y116.493
G11
G1 F3467.4 X146.516 Y116.5 E3362.4572
G1 F3508.3 X116.48 Y116.5 E3365.91734
G0 F7200 X112.684 Y114.576
G0 X112.01 Y112.112
G0 X110.879 Y112.15
G0 X109.332 Y114.613
G0 X106.687 Y116.493
G1 F3467.4 X106.516 Y116.5 E3365.93726
G1 F3508.3 X76.48 Y116.5 E3369.39741
G0 F7200 X72.684 Y114.576
G0 X72.112 Y112.092
G0 X71.389 Y111.802
G0 X69.328 Y114.655
G0 X66.687 Y116.493
G1 F3467.4 X66.516 Y116.5 E3369.41733
G1 F3508.3 X36.48 Y116.5 E3372.87748
G0 F7200 X35.172 Y115.876
G0 X35.192 Y115.876
;TYPE:SKIN
G1 F2340 X35.1 Y115.544 E3372.90693
G1 X35.1 Y109.214 E3373.44815
G1 X35.539 Y108.451 E3373.52341
G1 X36.287 Y108.104 E3373.59391
G1 X66.562 Y108.105 E3376.18243
G1 X67.113 Y108.252 E3376.23118
G1 X67.641 Y108.708 E3376.29083
G1 X67.896 Y109.441 E3376.35719
G1 X67.896 Y115.5 E3376.87523
G1 X67.825 Y115.806 E3376.90209
G1 X68.335 Y115.596 E3376.94925
G1 X69.027 Y115.027 E3377.02585
G1 X69.595 Y114.336 E3377.10233
G1 X70.014 Y113.319 E3377.19637
G1 X70.172 Y112.429 E3377.27366
G1 X70.756 Y111.827 E3377.34537
G1 X71.206 Y111.661 E3377.38638
G1 X71.973 Y111.703 E3377.45205
G1 X72.527 Y112.054 E3377.50813
G1 X72.82 Y112.446 E3377.54997
G1 X72.982 Y113.38 E3377.63102
G1 X73.335 Y114.233 E3377.70995
G1 X73.725 Y114.816 E3377.76992
G1 X74.236 Y115.327 E3377.83171
G1 X74.819 Y115.722 E3377.89192
G1 X75.192 Y115.876 E3377.92642
G1 X75.1 Y115.544 E3377.95588
G1 X75.1 Y109.44 E3378.47777
G1 X75.259 Y108.853 E3378.52977
G1 X75.55 Y108.449 E3378.57234
G1 X76.287 Y108.104 E3378.64191
G1 X106.562 Y108.105 E3381.23042
G1 X107.113 Y108.253 E3381.2792
G1 X107.718 Y108.777 E3381.34764
G1 X107.896 Y109.45 E3381.40716
G1 X107.896 Y115.5 E3381.92443
G1 X107.825 Y115.806 E3381.95129
G1 X108.335 Y115.596 E3381.99845
G1 X109.027 Y115.027 E3382.07505
G1 X109.595 Y114.335 E3382.15159
G1 X110.014 Y113.327 E3382.24492
G1 X110.148 Y112.567 E3382.31091
G1 X110.644 Y111.947 E3382.37879
G1 X111.183 Y111.705 E3382.42931
G1 X111.948 Y111.742 E3382.49479
G1 X112.47 Y112.048 E3382.54653
G1 X112.859 Y112.576 E3382.6026
G1 X113.057 Y113.556 E3382.68808
G1 X113.335 Y114.238 E3382.75105
G1 X113.725 Y114.816 E3382.81067
G1 X114.236 Y115.327 E3382.87246
G1 X114.819 Y115.722 E3382.93267
G1 X115.192 Y115.876 E3382.96717
G1 X115.1 Y115.544 E3382.99662
G1 X115.1 Y109.224 E3383.53698
G1 X115.539 Y108.451 E3383.61299
G1 X116.287 Y108.104 E3383.68349
G1 X146.562 Y108.105 E3386.272
G1 X147.113 Y108.253 E3386.32078
G1 X147.718 Y108.777 E3386.38922
G1 X147.896 Y109.45 E3386.44874
G1 X147.896 Y115.5 E3386.96601
G1 X147.825 Y115.806 E3386.99287
G1 X148.335 Y115.596 E3387.04003
G1 X149.027 Y115.027 E3387.11662
G1 X149.595 Y114.336 E3387.1931
G1 X150.014 Y113.318 E3387.28723
G1 X150.157 Y112.56 E3387.35318
G1 X150.643 Y111.948 E3387.42
G1 X151.188 Y111.704 E3387.47105
G1 X151.941 Y111.746 E3387.53553
G1 X152.472 Y112.051 E3387.58789
G1 X152.845 Y112.509 E3387.63839
G1 X153.057 Y113.56 E3387.73006
G1 X153.335 Y114.237 E3387.79264
G1 X153.725 Y114.816 E3387.85232
G1 X154.236 Y115.327 E3387.91411
G1 X154.819 Y115.722 E3387.97432
G1 X155.192 Y115.876 E3388.00882
G1 X155.1 Y115.544 E3388.03828
G1 X155.1 Y109.223 E3388.57873
G1 X155.538 Y108.456 E3388.65424
G1 X156.287 Y108.104 E3388.725
G1 X186.562 Y108.105 E3391.31351
G1 X187.075 Y108.225 E3391.35856
G1 X187.495 Y108.528 E3391.40284
G1 X187.896 Y109.214 E3391.47078
G1 X187.896 Y115.5 E3392.00823
G1 X187.825 Y115.806 E3392.03509
G1 X188.336 Y115.595 E3392.08236
G1 X189.03 Y115.027 E3392.15904
G1 X189.591 Y114.336 E3392.23513
G1 X189.943 Y113.496 E3392.31301
G1 X190.104 Y112.671 E3392.38487
G1 X190.104 Y106.892 E3392.87898
G1 X32.893 Y106.893 E3406.32052
G1 X32.892 Y112.724 E3406.81907
G1 X33.049 Y113.557 E3406.89154
G1 X33.33 Y114.232 E3406.95406
G1 X33.725 Y114.816 E3407.01434
G1 X34.236 Y115.327 E3407.07613
G1 X34.819 Y115.722 E3407.13634
G1 X35.192 Y115.876 E3407.17084
G0 F7200 X35.172 Y115.876
G0 X35.244 Y108.244
G0 X35.919 Y107.549
G1 F2095.4 X36.176 Y107.498 E3407.19559
G1 F2297.8 X66.504 Y107.496 E3409.83186
G1 F2067.6 X67.01 Y107.56 E3409.88062
G0 F7200 X75.876 Y107.559
G1 F2057.4 X76.176 Y107.498 E3409.91003
G1 F2297.8 X106.504 Y107.496 E3412.54629
G1 F2067.6 X107.009 Y107.559 E3412.59495
G0 F7200 X115.921 Y107.549
G1 F2095.4 X116.176 Y107.498 E3412.61952
G1 F2297.8 X146.504 Y107.496 E3415.25578
G1 F2064.2 X147.006 Y107.559 E3415.30423
G0 F7200 X155.925 Y107.548
G1 F2102.5 X156.172 Y107.498 E3415.32797
G1 F2289.5 X186.555 Y107.498 E3417.97767
G1 F2095.4 X187.14 Y107.549 E3418.03315
G0 F7200 X189.499 Y107.192
G1 F2340 X189.804 Y107.497 E3418.07003
G0 F7200 X189.804 Y108.346
G1 F2340 X188.65 Y107.192 E3418.20956
G0 F7200 X187.802 Y107.192
G1 F2340 X189.804 Y109.194 E3418.45163
G0 F7200 X189.804 Y110.043
G1 F2340 X187.465 Y107.704 E3418.73445
G1 X187.359 Y107.598
G0 F7200 X188.192 Y109.278
G1 F2340 X189.804 Y110.891 E3418.92943
G0 F7200 X189.804 Y111.74
G1 F2340 X188.196 Y110.132 E3419.12386
G0 F7200 X188.196 Y110.98
G1 F2340 X189.804 Y112.588 E3419.31829
G0 F7200 X189.673 Y113.305
G1 F2340 X188.196 Y111.829 E3419.49683
G0 F7200 X188.196 Y112.677
G1 F2340 X189.44 Y113.921 E3419.64724
G0 F7200 X189.116 Y114.446
G1 F2340 X188.196 Y113.526 E3419.75849
G0 F7200 X188.196 Y114.375
G1 F2340 X188.717 Y114.895 E3419.82142
G10
G0 F7200 X187.756 Y108.244
G0 X155.583 Y108.065
G11
G1 F2340 X154.71 Y107.192 E3419.92698
G0 F7200 X153.861 Y107.192
G1 F2340 X155.169 Y108.5 E3420.08514
G0 F7200 X154.861 Y109.04
G1 F2340 X153.013 Y107.192 E3420.30859
G0 F7200 X152.164 Y107.192
G1 F2340 X154.801 Y109.829 E3420.62744
G0 F7200 X154.801 Y110.677
G1 F2340 X151.316 Y107.192 E3421.04883
G0 F7200 X150.467 Y107.192
G1 F2340 X154.801 Y111.526 E3421.57288
G0 F7200 X154.801 Y112.374
G1 F2340 X149.619 Y107.192 E3422.19946
G0 F7200 X148.77 Y107.192
G1 F2340 X154.801 Y113.223 E3422.9287
G0 F7200 X154.801 Y114.071
G1 F2340 X153.128 Y112.398 E3423.13099
G0 F7200 X152.396 Y111.667
G1 F2340 X147.922 Y107.192 E3423.67203
G0 F7200 X147.412 Y107.531
G1 F2340 X151.291 Y111.41 E3424.14106
G0 F7200 X150.636 Y111.603
G1 F2340 X148.103 Y109.071 E3424.44728
G0 F7200 X148.195 Y110.012
G1 F2340 X150.204 Y112.021 E3424.6902
G0 F7200 X149.859 Y112.523
G1 F2340 X148.195 Y110.86 E3424.89134
G0 F7200 X148.195 Y111.709
G1 F2340 X149.723 Y113.237 E3425.0761
G0 F7200 X149.476 Y113.838
G1 F2340 X148.195 Y112.557 E3425.23099
G0 F7200 X148.195 Y113.405
G1 F2340 X149.171 Y114.381 E3425.349
G0 F7200 X148.781 Y114.84
G1 F2340 X148.195 Y114.254 E3425.41986
G0 F7200 X148.195 Y115.102
G1 F2340 X148.316 Y115.223 E3425.43449
G0 F7200 X150.295 Y111.901
G0 X151.626 Y111.317
G0 X152.618 Y112.058
G0 X153.342 Y113.462
G1 F2340 X154.801 Y114.92 E3425.61084
G1 X154.907 Y115.026
G10
G0 F7200 X152.618 Y112.058
G0 X147.756 Y108.244
G0 X115.642 Y108.005
G11
G1 F2340 X114.829 Y107.192 E3425.70915
G0 F7200 X113.981 Y107.192
G1 F2340 X115.21 Y108.422 E3425.85781
G0 F7200 X114.903 Y108.963
G1 F2340 X113.132 Y107.192 E3426.07196
G0 F7200 X112.284 Y107.192
G1 F2340 X114.8 Y109.709 E3426.37624
G0 F7200 X114.8 Y110.558
G1 F2340 X111.435 Y107.192 E3426.78318
G0 F7200 X110.587 Y107.192
G1 F2340 X114.8 Y111.406 E3427.29266
G0 F7200 X114.8 Y112.255
G1 F2340 X109.738 Y107.192 E3427.90479
G0 F7200 X108.889 Y107.192
G1 F2340 X114.8 Y113.103 E3428.61952
G0 F7200 X114.8 Y113.952
G1 F2340 X108.041 Y107.192 E3429.43685
G0 F7200 X107.445 Y107.445
G1 F2340 X111.416 Y111.416 E3429.917
G0 F7200 X110.718 Y111.567
G1 F2340 X108.062 Y108.911 E3430.23815
G0 F7200 X108.195 Y109.892
G1 F2340 X110.263 Y111.96 E3430.4882
G0 F7200 X109.891 Y112.437
G1 F2340 X108.195 Y110.741 E3430.69328
G0 F7200 X108.195 Y111.589
G1 F2340 X109.743 Y113.137 E3430.88045
G0 F7200 X109.512 Y113.754
G1 F2340 X108.195 Y112.438 E3431.03964
G0 F7200 X108.195 Y113.286
G1 F2340 X109.224 Y114.315 E3431.16406
G0 F7200 X108.841 Y114.781
G1 F2340 X108.195 Y114.135 E3431.24217
G0 F7200 X108.195 Y114.983
G1 F2340 X108.381 Y115.169 E3431.26466
G0 F7200 X110.335 Y111.568
G0 X112.499 Y111.495
G0 X113.313 Y113.313
G1 F2340 X114.8 Y114.8 E3431.44446
G1 X114.906 Y114.906
G10
G0 F7200 X112.499 Y111.495
G0 X107.755 Y108.244
G0 X75.597 Y107.841
G11
G1 F2340 X74.949 Y107.193 E3431.52282
G0 F7200 X74.101 Y107.193
G1 F2340 X75.256 Y108.349 E3431.66253
G0 F7200 X74.942 Y108.883
G1 F2340 X73.252 Y107.193 E3431.86688
G0 F7200 X72.403 Y107.193
G1 F2340 X74.801 Y109.59 E3432.15677
G0 F7200 X74.801 Y110.439
G1 F2340 X71.555 Y107.193 E3432.54926
G0 F7200 X70.706 Y107.193
G1 F2340 X74.801 Y111.287 E3433.04435
G0 F7200 X74.801 Y112.136
G1 F2340 X69.858 Y107.193 E3433.64204
G0 F7200 X69.009 Y107.193
G1 F2340 X74.801 Y112.984 E3434.34232
G0 F7200 X74.801 Y113.833
G1 F2340 X68.161 Y107.193 E3435.14519
G0 F7200 X67.479 Y107.36
G1 F2340 X71.496 Y111.377 E3435.63091
G0 F7200 X70.777 Y111.506
G1 F2340 X67.989 Y108.718 E3435.96802
G0 F7200 X68.195 Y109.773
G1 F2340 X70.303 Y111.881 E3436.22291
G0 F7200 X69.92 Y112.347
G1 F2340 X68.195 Y110.622 E3436.43149
G0 F7200 X68.195 Y111.47
G1 F2340 X69.76 Y113.035 E3436.62072
G0 F7200 X69.546 Y113.67
G1 F2340 X68.195 Y112.318 E3436.78414
G0 F7200 X68.195 Y113.167
G1 F2340 X69.278 Y114.25 E3436.91509
G0 F7200 X68.896 Y114.716
G1 F2340 X68.195 Y114.015 E3436.99985
G0 F7200 X68.195 Y114.864
G1 F2340 X68.447 Y115.116 E3437.03032
G0 F7200 X70.297 Y111.945
G0 X71.275 Y111.11
G0 X72.673 Y111.67
G0 X73.241 Y113.122
G1 F2340 X74.801 Y114.681 E3437.21889
G1 X74.907 Y114.787
G10
G0 F7200 X72.673 Y111.67
G0 X67.755 Y108.244
G0 X35.61 Y107.735
G11
G1 F2340 X35.068 Y107.193 E3437.28443
G0 F7200 X34.22 Y107.193
G1 F2340 X35.325 Y108.298 E3437.41804
G0 F7200 X34.987 Y108.809
G1 F2340 X33.371 Y107.193 E3437.61344
G0 F7200 X33.192 Y107.863
G1 F2340 X34.8 Y109.471 E3437.80787
G0 F7200 X34.8 Y110.319
G1 F2340 X33.192 Y108.711 E3438.0023
G0 F7200 X33.192 Y109.56
G1 F2340 X34.8 Y111.168 E3438.19673
G0 F7200 X34.8 Y112.016
G1 F2340 X33.192 Y110.408 E3438.39116
G0 F7200 X33.192 Y111.257
G1 F2340 X34.8 Y112.865 E3438.5856
G0 F7200 X34.8 Y113.713
G1 F2340 X33.192 Y112.105 E3438.78003
G0 F7200 X33.252 Y113.013
G1 F2340 X34.8 Y114.562 E3438.96727
G0 F7200 X34.6 Y115.21
G1 F2340 X33.839 Y114.449 E3439.05928
G0 F7200 X33.947 Y114.38
;MESH:NONMESH
G0 F600 X33.947 Y114.38 Z2.05
G0 F7200 X32.195 Y106.195
G0 X31.812 Y105.812
;TIME_ELAPSED:783.758689
;LAYER:11
;TYPE:WALL-OUTER
;MESH:glasses_holder1.stl
G1 F2880 X31.812 Y112.827 E3439.69063
G1 X32.013 Y113.869 E3439.78614
G1 X32.374 Y114.742 E3439.87116
G1 X32.878 Y115.496 E3439.95279
G1 X33.552 Y116.171 E3440.03864
G1 X34.307 Y116.678 E3440.12049
G1 X35.187 Y117.044 E3440.20626
G1 X35.833 Y117.184 E3440.26575
G1 X66.771 Y117.184 E3443.05017
G1 X67.817 Y116.983 E3443.14604
G1 X68.896 Y116.535 E3443.25118
G1 X69.975 Y115.651 E3443.37672
G1 X70.622 Y114.689 E3443.48106
G1 X71.07 Y113.609 E3443.58629
G1 X71.159 Y112.898 E3443.65078
G1 X71.272 Y112.769 E3443.66622
G1 X71.656 Y112.739 E3443.70088
G1 X71.846 Y112.863 E3443.7213
G1 X71.927 Y113.654 E3443.79286
G1 X72.375 Y114.742 E3443.89876
G1 X72.878 Y115.496 E3443.98034
G1 X73.552 Y116.171 E3444.06618
G1 X74.307 Y116.678 E3444.14803
G1 X75.19 Y117.044 E3444.23406
G1 X75.833 Y117.184 E3444.29329
G1 X106.771 Y117.184 E3447.07771
G1 X107.817 Y116.983 E3447.17357
G1 X108.896 Y116.531 E3447.27885
G1 X109.975 Y115.651 E3447.40417
G1 X110.622 Y114.685 E3447.50881
G1 X111.07 Y113.605 E3447.61404
G1 X111.156 Y112.941 E3447.6743
G1 X111.345 Y112.779 E3447.6967
G1 X111.641 Y112.774 E3447.72334
G1 X111.843 Y113.002 E3447.75076
G1 X112.013 Y113.868 E3447.83019
G1 X112.374 Y114.742 E3447.91529
G1 X112.878 Y115.496 E3447.99692
G1 X113.552 Y116.171 E3448.08277
G1 X114.307 Y116.678 E3448.16461
G1 X115.187 Y117.044 E3448.25039
G1 X115.829 Y117.184 E3448.30953
G1 X146.771 Y117.184 E3451.09431
G1 X147.817 Y116.983 E3451.19017
G1 X148.896 Y116.531 E3451.29546
G1 X149.975 Y115.651 E3451.42077
G1 X150.622 Y114.685 E3451.52541
G1 X151.07 Y113.605 E3451.63064
G1 X151.156 Y112.941 E3451.6909
G1 X151.345 Y112.779 E3451.7133
G1 X151.641 Y112.778 E3451.73994
G1 X151.843 Y113.005 E3451.76729
G1 X152.013 Y113.868 E3451.84645
G1 X152.374 Y114.742 E3451.93156
G1 X152.878 Y115.496 E3452.01318
G1 X153.552 Y116.171 E3452.09903
G1 X154.307 Y116.678 E3452.18088
G1 X155.187 Y117.044 E3452.26666
G1 X155.833 Y117.184 E3452.32615
G1 X186.771 Y117.184 E3455.11057
G1 X187.817 Y116.983 E3455.20643
G1 X188.896 Y116.531 E3455.31172
G1 X189.975 Y115.651 E3455.43703
G1 X190.622 Y114.689 E3455.54137
G1 X190.983 Y113.821 E3455.62598
G1 X191.184 Y112.779 E3455.72148
G1 X191.184 Y105.812 E3456.34851
G1 X31.812 Y105.812 E3470.69199
G0 F7200 X31.812 Y106.112
G10
G0 X32.195 Y106.195
G0 X36.428 Y107.465
G0 X36.428 Y109.184
G11
G1 F2880 X66.604 Y109.18 E3473.40783
G1 X66.816 Y109.364 E3473.4331
G1 X66.816 Y115.637 E3473.99767
G1 X66.574 Y115.811 E3474.02449
G1 X36.346 Y115.816 E3476.74501
G1 X36.18 Y115.524 E3476.77524
G1 X36.18 Y109.426 E3477.32406
G1 X36.428 Y109.184 E3477.35525
G0 F7200 X36.728 Y109.184
G10
G0 X76.428 Y109.184
G11
G1 F2880 X106.596 Y109.18 E3480.07037
G1 X106.816 Y109.427 E3480.10014
G1 X106.816 Y115.637 E3480.65904
G1 X106.574 Y115.811 E3480.68586
G1 X76.346 Y115.816 E3483.40638
G1 X76.18 Y115.524 E3483.43661
G1 X76.18 Y109.426 E3483.98543
G1 X76.428 Y109.184 E3484.01662
G0 F7200 X76.728 Y109.184
G10
G0 X116.18 Y109.427
G11
G1 F2880 X116.428 Y109.184 E3484.04787
G1 X146.596 Y109.18 E3486.76299
G1 X146.816 Y109.427 E3486.79276
G1 X146.816 Y115.637 E3487.35166
G1 X146.574 Y115.811 E3487.37848
G1 X116.345 Y115.816 E3490.09909
G1 X116.18 Y115.524 E3490.12928
G1 X116.18 Y109.427 E3490.67801
G0 F7200 X116.394 Y109.217
G10
G0 X156.18 Y109.427
G11
G1 F2880 X156.428 Y109.184 E3490.70926
G1 X186.596 Y109.18 E3493.42438
G1 X186.816 Y109.426 E3493.45408
G1 X186.816 Y115.637 E3494.01307
G1 X186.574 Y115.811 E3494.0399
G1 X156.346 Y115.816 E3496.76042
G1 X156.18 Y115.524 E3496.79064
G1 X156.18 Y109.427 E3497.33937
G0 F7200 X156.394 Y109.217
G0 X155.58 Y109.453
;TYPE:WALL-INNER
G1 F4620 X155.697 Y109.035 E3497.37844
G1 X155.872 Y108.815 E3497.40374
G1 X156.369 Y108.58 E3497.45322
G1 X186.516 Y108.58 E3500.16645
G1 X187.124 Y108.815 E3500.22511
G1 X187.416 Y109.319 E3500.27754
G1 X187.416 Y115.516 E3500.83527
G1 X187.296 Y115.966 E3500.87718
G1 F4258.1 X186.701 Y116.492 E3500.95414
G1 X187.643 Y116.405 E3501.04581
G1 F4620 X188.584 Y116.011 E3501.13762
G1 X189.527 Y115.242 E3501.24713
G1 X190.09 Y114.404 E3501.33799
G1 X190.405 Y113.647 E3501.41179
G1 X190.584 Y112.722 E3501.49658
G1 X190.584 Y106.412 E3502.06448
G1 X32.412 Y106.412 E3516.29996
G1 X32.412 Y112.77 E3516.87218
G1 X32.591 Y113.695 E3516.95697
G1 X32.906 Y114.458 E3517.03127
G1 X33.344 Y115.114 E3517.10226
G1 X33.935 Y115.705 E3517.17748
G1 X34.593 Y116.146 E3517.24877
G1 X35.367 Y116.469 E3517.32425
G1 F4586.3 X35.897 Y116.581 E3517.37333
G1 F3970 X36.48 Y116.5 E3517.43407
G1 X36 Y116.281 E3517.48852
G1 F4586.3 X35.722 Y116.003 E3517.52414
G1 F4620 X35.58 Y115.538 E3517.5679
G1 X35.58 Y109.319 E3518.12761
G1 X35.872 Y108.815 E3518.18003
G1 X36.369 Y108.58 E3518.22951
G1 X66.516 Y108.58 E3520.94274
G1 X66.852 Y108.644 E3520.97352
G1 X67.297 Y109.032 E3521.02666
G1 X67.416 Y109.448 E3521.0656
G1 X67.416 Y115.516 E3521.61172
G1 X67.296 Y115.965 E3521.65355
G1 F4258.1 X66.701 Y116.492 E3521.73057
G1 X67.644 Y116.405 E3521.82233
G1 F4620 X68.584 Y116.015 E3521.91393
G1 X69.527 Y115.243 E3522.02361
G1 X70.09 Y114.404 E3522.11454
G1 X70.482 Y113.46 E3522.20654
G1 X70.614 Y112.648 E3522.28058
G1 X70.954 Y112.261 E3522.32694
G1 X71.276 Y112.137 E3522.35799
G1 X71.816 Y112.16 E3522.40664
G1 X72.227 Y112.419 E3522.45036
G1 X72.379 Y112.648 E3522.4751
G1 X72.515 Y113.506 E3522.55328
G1 X72.907 Y114.459 E3522.64602
G1 X73.344 Y115.114 E3522.71689
G1 X73.935 Y115.705 E3522.79211
G1 X74.592 Y116.146 E3522.86333
G1 X75.37 Y116.469 E3522.93914
G1 F4586.3 X75.897 Y116.581 E3522.98795
G1 F3970 X76.48 Y116.5 E3523.0487
G1 X76 Y116.281 E3523.10315
G1 F4586.3 X75.723 Y116.004 E3523.13864
G1 F4620 X75.58 Y115.538 E3523.18251
G1 X75.58 Y109.448 E3523.73061
G1 X75.699 Y109.032 E3523.76955
G1 X75.875 Y108.813 E3523.79484
G1 X76.37 Y108.58 E3523.84407
G1 X106.516 Y108.58 E3526.55721
G1 X106.853 Y108.645 E3526.5881
G1 X107.299 Y109.035 E3526.64143
G1 X107.416 Y109.453 E3526.68049
G1 X107.416 Y115.516 E3527.22616
G1 X107.296 Y115.966 E3527.26808
G1 F4258.1 X106.701 Y116.492 E3527.34503
G1 X107.643 Y116.405 E3527.4367
G1 F4620 X108.584 Y116.011 E3527.52851
G1 X109.527 Y115.243 E3527.63797
G1 X110.09 Y114.401 E3527.72913
G1 X110.482 Y113.456 E3527.82121
G1 X110.612 Y112.687 E3527.8914
G1 X110.766 Y112.457 E3527.91631
G1 X111.154 Y112.21 E3527.9577
G1 X111.827 Y112.204 E3528.01828
G1 X112.188 Y112.426 E3528.05642
G1 X112.397 Y112.707 E3528.08794
G1 X112.59 Y113.694 E3528.17845
G1 X112.906 Y114.458 E3528.25286
G1 X113.344 Y115.114 E3528.32385
G1 X113.935 Y115.705 E3528.39907
G1 X114.593 Y116.146 E3528.47036
G1 X115.367 Y116.469 E3528.54584
G1 F4594.7 X115.893 Y116.581 E3528.59449
G1 F3976.4 X116.48 Y116.5 E3528.65555
G1 X115.997 Y116.28 E3528.71024
G1 F4594.7 X115.722 Y116.003 E3528.74555
G1 F4620 X115.58 Y115.538 E3528.78931
G1 X115.58 Y109.452 E3529.33705
G1 X115.697 Y109.035 E3529.37603
G1 X115.872 Y108.815 E3529.40133
G1 X116.369 Y108.58 E3529.4508
G1 X146.516 Y108.58 E3532.16403
G1 X146.853 Y108.645 E3532.19492
G1 X147.299 Y109.035 E3532.24825
G1 X147.416 Y109.453 E3532.28731
G1 X147.416 Y115.516 E3532.83298
G1 X147.296 Y115.966 E3532.8749
G1 F4258.1 X146.701 Y116.492 E3532.95185
G1 X147.643 Y116.405 E3533.04352
G1 F4620 X148.584 Y116.011 E3533.13533
G1 X149.527 Y115.243 E3533.24479
G1 X150.09 Y114.401 E3533.33595
G1 X150.482 Y113.456 E3533.42803
G1 X150.612 Y112.687 E3533.49822
G1 X150.958 Y112.3 E3533.54494
G1 X151.272 Y112.181 E3533.57516
G1 X151.827 Y112.207 E3533.62516
G1 X152.187 Y112.429 E3533.66323
G1 X152.395 Y112.707 E3533.69448
G1 X152.59 Y113.694 E3533.78503
G1 X152.906 Y114.458 E3533.85943
G1 X153.344 Y115.114 E3533.93043
G1 X153.935 Y115.705 E3534.00565
G1 X154.593 Y116.146 E3534.07694
G1 X155.367 Y116.469 E3534.15242
G1 F4586.3 X155.897 Y116.581 E3534.2015
G1 F3970 X156.48 Y116.5 E3534.26224
G1 X156 Y116.281 E3534.31669
G1 F4586.3 X155.722 Y116.003 E3534.35231
G1 F4620 X155.58 Y115.538 E3534.39607
G1 X155.58 Y109.453 E3534.94372
G10
G0 F7200 X157.292 Y110.291
G0 X157.292 Y114.709
G0 X156.48 Y116.5
G11
G1 F3508.3 X186.516 Y116.5 E3538.40386
G1 F3467.4 X186.687 Y116.493 E3538.42379
G10
G0 F7200 X186.687 Y118.306
G0 X147.032 Y118.277
G0 X146.687 Y116.493
G11
G1 F3467.4 X146.516 Y116.5 E3538.44371
G1 F3508.3 X116.48 Y116.5 E3541.90385
G10
G0 F7200 X116.48 Y118.306
G0 X107.032 Y118.277
G0 X106.687 Y116.493
G11
G1 F3467.4 X106.516 Y116.5 E3541.92377
G1 F3508.3 X76.48 Y116.5 E3545.38392
G10
G0 F7200 X76.48 Y118.306
G0 X67.032 Y118.277
G0 X66.687 Y116.493
G11
G1 F3467.4 X66.516 Y116.5 E3545.40384
G1 F3508.3 X36.48 Y116.5 E3548.86399
G0 F7200 X35.192 Y115.874
;TYPE:SKIN
G1 F2340 X35.1 Y115.538 E3548.89534
G1 X35.1 Y109.225 E3549.46351
G1 X35.541 Y108.445 E3549.54416
G1 F2428.8 X36.282 Y108.142 E3549.61381
G1 F2533.7 X41.327 Y108.142 E3550.03607
G1 F2563.8 X46.372 Y108.142 E3550.4538
G1 F2599.8 X51.417 Y108.142 E3550.86623
G1 F2631.3 X56.462 Y108.143 E3551.27411
G1 F2669 X61.507 Y108.143 E3551.67671
G1 F2702.1 X66.552 Y108.143 E3552.07476
G1 F2514 X67.113 Y108.252 E3552.12293
G1 F2340 X67.709 Y108.768 E3552.19388
G1 X67.896 Y109.452 E3552.2577
G1 X67.896 Y115.5 E3552.80202
G1 X67.825 Y115.807 E3552.83038
G1 X68.34 Y115.595 E3552.8805
G1 X69.164 Y114.915 E3552.97666
G1 X69.662 Y114.18 E3553.05656
G1 X70.014 Y113.331 E3553.13928
G1 X70.156 Y112.523 E3553.21311
G1 X70.638 Y111.909 E3553.28337
G1 X71.206 Y111.661 E3553.33915
G1 X71.997 Y111.704 E3553.41044
G1 X72.527 Y112.054 E3553.4676
G1 X72.82 Y112.446 E3553.51165
G1 X72.982 Y113.376 E3553.59661
G1 X73.335 Y114.234 E3553.68011
G1 X73.718 Y114.812 E3553.74251
G1 X74.235 Y115.326 E3553.80813
G1 X74.819 Y115.718 E3553.87143
G1 X75.193 Y115.873 E3553.90787
G1 X75.1 Y115.539 E3553.93907
G1 X75.1 Y109.407 E3554.49095
G1 X75.259 Y108.853 E3554.54282
G1 X75.62 Y108.416 E3554.59384
G1 F2494.6 X76.28 Y108.142 E3554.65451
G1 F2680 X91.417 Y108.142 E3555.8579
G1 F2707.7 X106.554 Y108.143 E3557.04994
G1 F2514 X107.112 Y108.252 E3557.09787
G1 F2340 X107.648 Y108.712 E3557.16143
G1 X107.896 Y109.415 E3557.22853
G1 X107.896 Y115.5 E3557.77618
G1 X107.826 Y115.804 E3557.80425
G1 X108.336 Y115.591 E3557.85399
G1 X109.163 Y114.915 E3557.95013
G1 X109.662 Y114.177 E3558.0303
G1 X110.014 Y113.322 E3558.11352
G1 X110.173 Y112.473 E3558.19126
G1 X110.643 Y111.944 E3558.25495
G1 X111.206 Y111.702 E3558.3101
G1 X111.972 Y111.74 E3558.37912
G1 X112.473 Y112.043 E3558.43182
G1 X112.845 Y112.505 E3558.4852
G1 X113.053 Y113.552 E3558.58127
G1 X113.335 Y114.234 E3558.64769
G1 X113.714 Y114.804 E3558.7093
G1 X114.24 Y115.331 E3558.77631
G1 X114.815 Y115.718 E3558.83869
G1 X115.192 Y115.874 E3558.87541
G1 X115.1 Y115.538 E3558.90676
G1 X115.1 Y109.415 E3559.45783
G1 X115.254 Y108.859 E3559.50976
G1 X115.617 Y108.416 E3559.5613
G1 F2428.8 X116.282 Y108.142 E3559.62388
G1 F2533.7 X121.327 Y108.142 E3560.04614
G1 F2563.8 X126.372 Y108.142 E3560.46387
G1 F2599.8 X131.417 Y108.142 E3560.8763
G1 F2631.3 X136.462 Y108.143 E3561.28419
G1 F2669 X141.507 Y108.143 E3561.68678
G1 F2702.1 X146.552 Y108.143 E3562.08483
G1 F2514 X147.112 Y108.252 E3562.13292
G1 F2340 X147.648 Y108.712 E3562.19649
G1 X147.896 Y109.415 E3562.26358
G1 X147.896 Y115.5 E3562.81123
G1 X147.826 Y115.804 E3562.83931
G1 X148.336 Y115.591 E3562.88905
G1 X149.163 Y114.915 E3562.98518
G1 X149.662 Y114.177 E3563.06536
G1 X150.014 Y113.322 E3563.14858
G1 X150.173 Y112.473 E3563.22632
G1 X150.643 Y111.944 E3563.29
G1 X151.203 Y111.701 E3563.34494
G1 X151.973 Y111.744 E3563.41435
G1 X152.473 Y112.047 E3563.46697
G1 X152.845 Y112.509 E3563.52035
G1 X153.053 Y113.552 E3563.61607
G1 X153.335 Y114.234 E3563.68249
G1 X153.714 Y114.804 E3563.7441
G1 X154.24 Y115.331 E3563.81111
G1 X154.815 Y115.718 E3563.87349
G1 X155.192 Y115.874 E3563.91021
G1 X155.1 Y115.538 E3563.94156
G1 X155.1 Y109.224 E3564.50982
G1 X155.542 Y108.445 E3564.59043
G1 F2428.8 X156.282 Y108.142 E3564.66
G1 F2533.7 X161.327 Y108.142 E3565.08226
G1 F2563.8 X166.372 Y108.142 E3565.49999
G1 F2599.8 X171.417 Y108.142 E3565.91242
G1 F2631.3 X176.462 Y108.143 E3566.32031
G1 F2669 X181.507 Y108.143 E3566.7229
G1 F2702.1 X186.552 Y108.143 E3567.12095
G1 F2514 X187.075 Y108.225 E3567.16558
G1 F2340 X187.496 Y108.528 E3567.21226
G1 X187.896 Y109.225 E3567.28459
G1 X187.896 Y115.5 E3567.84934
G1 X187.826 Y115.804 E3567.87741
G1 X188.336 Y115.591 E3567.92715
G1 X189.167 Y114.915 E3568.02356
G1 X189.662 Y114.177 E3568.10354
G1 X189.943 Y113.504 E3568.16918
G1 X190.104 Y112.671 E3568.24554
G1 X190.104 Y107.664 E3568.69617
G1 X187.236 Y107.664 E3568.95429
G1 F2514 X186.604 Y107.625 E3569.00767
G1 F2719 X156.274 Y107.625 E3571.38705
G1 F2514 X155.461 Y107.664 E3571.45567
G1 F2340 X147.329 Y107.665 E3572.18755
G1 F2514 X146.604 Y107.625 E3572.24876
G1 F2719 X116.274 Y107.625 E3574.62815
G1 F2514 X115.451 Y107.664 E3574.6976
G1 F2340 X107.329 Y107.665 E3575.42859
G1 F2514 X106.604 Y107.625 E3575.4898
G1 F2719 X76.274 Y107.625 E3577.86918
G1 F2514 X75.454 Y107.665 E3577.93839
G1 F2340 X67.331 Y107.664 E3578.66946
G1 F2514 X66.604 Y107.625 E3578.73084
G1 F2719 X36.274 Y107.625 E3581.11022
G1 F2514 X35.461 Y107.664 E3581.17884
G1 F2340 X32.892 Y107.664 E3581.41005
G1 X32.892 Y112.72 E3581.86509
G1 X33.049 Y113.553 E3581.94138
G1 X33.334 Y114.233 E3582.00774
G1 X33.714 Y114.804 E3582.06947
G1 X34.24 Y115.331 E3582.13648
G1 X34.815 Y115.718 E3582.19886
G1 X35.192 Y115.874 E3582.23558
G10
G0 F7200 X33.192 Y108.512
G11
G1 F2340 X33.74 Y107.964 E3582.30533
G0 F7200 X34.589 Y107.964
G1 F2340 X33.192 Y109.36 E3582.48307
G0 F7200 X33.192 Y110.209
G1 F2340 X35.437 Y107.964 E3582.76882
G1 X35.543 Y107.858
G0 F7200 X35.543 Y107.385
G0 X34.8 Y107.465
G0 X34.8 Y109.45
G1 F2340 X33.192 Y111.057 E3582.97342
G0 F7200 X33.192 Y111.906
G1 F2340 X34.8 Y110.299 E3583.17802
G0 F7200 X34.8 Y111.147
G1 F2340 X33.202 Y112.745 E3583.38141
G0 F7200 X33.337 Y113.458
G1 F2340 X34.8 Y111.996 E3583.56756
G0 F7200 X34.8 Y112.844
G1 F2340 X33.586 Y114.058 E3583.72207
G0 F7200 X33.921 Y114.572
G1 F2340 X34.8 Y113.693 E3583.83395
G0 F7200 X34.8 Y114.541
G1 F2340 X34.338 Y115.003 E3583.89275
G10
G0 F7200 X32.567 Y116.773
G0 X32.015 Y116.22
G0 X31.377 Y115.263
G0 X30.936 Y114.194
G0 X30.695 Y112.937
G0 X30.706 Y104.706
G0 X59.856 Y104.694
G0 X59.856 Y106.165
G0 X67.476 Y107.385
G0 X67.476 Y108.17
G11
G1 F2340 X67.681 Y107.964 E3583.91891
G0 F7200 X67.906 Y108.588
G1 F2340 X68.53 Y107.964 E3583.99833
G0 F7200 X69.378 Y107.964
G1 F2340 X68.134 Y109.208 E3584.15667
G0 F7200 X68.196 Y109.995
G1 F2340 X70.227 Y107.964 E3584.41517
G0 F7200 X71.076 Y107.964
G1 F2340 X68.196 Y110.843 E3584.78167
G0 F7200 X68.196 Y111.692
G1 F2340 X71.923 Y107.965 E3585.25604
G0 F7200 X72.772 Y107.965
G1 F2340 X68.196 Y112.54 E3585.83841
G0 F7200 X68.196 Y113.389
G1 F2340 X73.62 Y107.965 E3586.52877
G1 X73.726 Y107.859
G10
G0 F7200 X73.726 Y107.385
G0 X72.461 Y106.165
G0 X72.461 Y104.694
G0 X30.706 Y104.706
G0 X30.695 Y112.937
G0 X30.936 Y114.194
G0 X31.377 Y115.263
G0 X32.015 Y116.22
G0 X32.83 Y117.036
G0 X33.784 Y117.678
G0 X34.843 Y118.116
G0 X35.715 Y118.305
G0 X66.884 Y118.305
G0 X68.144 Y118.062
G0 X69.475 Y117.51
G0 X70.814 Y116.412
G0 X71.482 Y115.39
G0 X69.839 Y112.595
G11
G1 F2340 X68.196 Y114.237 E3586.73783
G0 F7200 X68.196 Y115.086
G1 F2340 X69.503 Y113.779 E3586.90418
G1 X69.609 Y113.673
G0 F7200 X71.019 Y111.415
G1 F2340 X74.469 Y107.965 E3587.34329
G0 F7200 X75.317 Y107.965
G1 F2340 X71.884 Y111.398 E3587.78024
G0 F7200 X72.471 Y111.66
G1 F2340 X74.84 Y109.29 E3588.08183
G0 F7200 X74.8 Y110.179
G1 F2340 X72.907 Y112.072 E3588.32277
G0 F7200 X73.162 Y112.665
G1 F2340 X74.8 Y111.028 E3588.53119
G0 F7200 X74.8 Y111.876
G1 F2340 X73.305 Y113.371 E3588.72147
G0 F7200 X73.553 Y113.972
G1 F2340 X74.8 Y112.725 E3588.88019
G0 F7200 X74.8 Y113.573
G1 F2340 X73.872 Y114.501 E3588.99831
G0 F7200 X74.277 Y114.945
G1 F2340 X74.8 Y114.422 E3589.06487
G10
G0 F7200 X100.192 Y106.165
G0 X107.412 Y107.385
G0 X107.412 Y108.115
G11
G1 F2340 X107.562 Y107.965 E3589.08397
G0 F7200 X107.862 Y108.513
G1 F2340 X108.41 Y107.965 E3589.15371
G0 F7200 X109.259 Y107.965
G1 F2340 X108.112 Y109.112 E3589.2997
G0 F7200 X108.197 Y109.875
G1 F2340 X110.107 Y107.965 E3589.54281
G0 F7200 X110.956 Y107.965
G1 F2340 X108.197 Y110.724 E3589.89397
G0 F7200 X108.197 Y111.572
G1 F2340 X111.805 Y107.964 E3590.35319
G0 F7200 X112.653 Y107.964
G1 F2340 X108.197 Y112.421 E3590.92041
G0 F7200 X108.197 Y113.269
G1 F2340 X113.502 Y107.964 E3591.59563
G0 F7200 X114.35 Y107.964
G1 F2340 X110.774 Y111.54 E3592.05078
G0 F7200 X111.736 Y111.427
G1 F2340 X115.199 Y107.964 E3592.49155
G1 X115.305 Y107.858
G0 F7200 X115.305 Y107.385
G0 X114.879 Y109.132
G1 F2340 X112.376 Y111.635 E3592.81013
G0 F7200 X112.833 Y112.027
G1 F2340 X114.8 Y110.06 E3593.06049
G0 F7200 X114.8 Y110.908
G1 F2340 X113.159 Y112.549 E3593.26935
G0 F7200 X113.3 Y113.257
G1 F2340 X114.8 Y111.757 E3593.46027
G0 F7200 X114.8 Y112.605
G1 F2340 X113.517 Y113.889 E3593.62363
G0 F7200 X113.825 Y114.429
G1 F2340 X114.8 Y113.454 E3593.74773
G0 F7200 X114.8 Y114.302
G1 F2340 X114.218 Y114.884 E3593.82181
G0 F7200 X114.683 Y115.268
G1 F2340 X114.8 Y115.151 E3593.8367
G10
G0 F7200 X109.873 Y112.441
G11
G1 F2340 X108.197 Y114.118 E3594.05008
G0 F7200 X108.197 Y114.966
G1 F2340 X109.582 Y113.58 E3594.22643
G1 X109.688 Y113.474
G10
G0 F7200 X111.481 Y115.389
G0 X112.015 Y116.22
G0 X112.83 Y117.036
G0 X113.784 Y117.678
G0 X114.843 Y118.116
G0 X115.713 Y118.305
G0 X186.884 Y118.305
G0 X188.144 Y118.062
G0 X189.475 Y117.509
G0 X190.816 Y116.412
G0 X191.619 Y115.216
G0 X192.062 Y114.147
G0 X192.305 Y112.891
G0 X192.294 Y104.706
G0 X140.528 Y104.694
G0 X140.528 Y106.165
G0 X147.348 Y107.385
G0 X147.348 Y108.059
G11
G1 F2340 X147.442 Y107.965 E3594.23839
G0 F7200 X147.805 Y108.45
G1 F2340 X148.291 Y107.965 E3594.30019
G0 F7200 X149.139 Y107.965
G1 F2340 X148.089 Y109.015 E3594.43383
G0 F7200 X148.196 Y109.756
G1 F2340 X149.988 Y107.965 E3594.66185
G0 F7200 X150.836 Y107.965
G1 F2340 X148.196 Y110.605 E3594.99787
G0 F7200 X148.197 Y111.453
G1 F2340 X151.685 Y107.965 E3595.44182
G0 F7200 X152.534 Y107.965
G1 F2340 X148.197 Y112.301 E3595.99376
G0 F7200 X148.197 Y113.15
G1 F2340 X153.382 Y107.965 E3596.65371
G0 F7200 X154.231 Y107.965
G1 F2340 X148.198 Y113.998 E3597.42158
G0 F7200 X148.198 Y114.846
G1 F2340 X149.668 Y113.376 E3597.60868
G1 X149.774 Y113.27
G0 F7200 X151.619 Y111.425
G1 F2340 X155.079 Y107.965 E3598.04907
G0 F7200 X154.868 Y109.024
G1 F2340 X152.299 Y111.593 E3598.37605
G0 F7200 X152.777 Y111.964
G1 F2340 X154.8 Y109.941 E3598.63353
G0 F7200 X154.8 Y110.789
G1 F2340 X153.139 Y112.45 E3598.84495
G0 F7200 X153.28 Y113.158
G1 F2340 X154.8 Y111.638 E3599.03841
G0 F7200 X154.8 Y112.487
G1 F2340 X153.482 Y113.804 E3599.2061
G0 F7200 X153.777 Y114.358
G1 F2340 X154.8 Y113.335 E3599.33631
G0 F7200 X154.8 Y114.184
G1 F2340 X154.158 Y114.825 E3599.41796
G0 F7200 X154.612 Y115.22
G1 F2340 X154.8 Y115.032 E3599.44188
G10
G0 F7200 X180.864 Y106.165
G0 X187.757 Y107.385
G0 X187.757 Y108.379
G11
G1 F2340 X188.17 Y107.966 E3599.49445
G0 F7200 X189.02 Y107.965
G1 F2340 X188.07 Y108.915 E3599.61537
G0 F7200 X188.196 Y109.637
G1 F2340 X189.804 Y108.029 E3599.82003
G0 F7200 X189.804 Y108.877
G1 F2340 X188.196 Y110.485 E3600.0247
G0 F7200 X188.196 Y111.334
G1 F2340 X189.804 Y109.726 E3600.22936
G0 F7200 X189.804 Y110.575
G1 F2340 X188.196 Y112.182 E3600.43396
G0 F7200 X188.196 Y113.031
G1 F2340 X189.804 Y111.423 E3600.63863
G0 F7200 X189.804 Y112.272
G1 F2340 X188.196 Y113.88 E3600.84329
G0 F7200 X188.196 Y114.728
G1 F2340 X189.689 Y113.235 E3601.03332
G1 X189.795 Y113.129
G10
G0 F7200 X192.171 Y113.589
G0 X192.306 Y107.485
G0 X190.847 Y107.457
G0 X189.958 Y107.038
G11
G1 F1497.4 X33.038 Y107.038 E3620.97942
G0 F7200 X33.325 Y107.325
;MESH:NONMESH
G0 F600 X33.325 Y107.325 Z2.2
G0 F7200 X32.195 Y106.195
G0 X31.812 Y105.812
;TIME_ELAPSED:840.918634
;LAYER:12
;TYPE:WALL-OUTER
;MESH:glasses_holder1.stl
G1 F2880 X31.812 Y107.184 E3621.1029
G1 X191.184 Y107.184 E3635.44638
G1 X191.184 Y105.812 E3635.56986
G1 X31.812 Y105.812 E3649.91334
G0 F7200 X31.812 Y106.112
G0 X32.498 Y106.498
;TYPE:WALL-INNER
G1 F3487.7 X190.498 Y106.498 E3668.20974
G10
;MESH:NONMESH
G0 F600 X190.498 Y106.498 Z2.35
G0 F7200 X32.195 Y106.195
G0 X31.812 Y105.812
;TIME_ELAPSED:852.201021
;LAYER:13
;TYPE:WALL-OUTER
;MESH:glasses_holder1.stl
G11
G1 F2880 X31.812 Y107.184 E3668.33322
G1 X191.184 Y107.184 E3682.6767
G1 X191.184 Y105.812 E3682.80018
G1 X31.812 Y105.812 E3697.14366
G0 F7200 X31.812 Y106.112
G0 X32.498 Y106.498
;TYPE:WALL-INNER
G1 F3487.7 X190.498 Y106.498 E3715.44006
G10
;MESH:NONMESH
G0 F600 X190.498 Y106.498 Z2.5
G0 F7200 X32.195 Y106.195
G0 X31.812 Y105.812
;TIME_ELAPSED:863.483408
;LAYER:14
;TYPE:WALL-OUTER
;MESH:glasses_holder1.stl
G11
G1 F2880 X31.812 Y107.184 E3715.56354
G1 X191.184 Y107.184 E3729.90702
G1 X191.184 Y105.812 E3730.0305
G1 X31.812 Y105.812 E3744.37398
G0 F7200 X31.812 Y106.112
G0 X32.498 Y106.498
;TYPE:WALL-INNER
G1 F3487.7 X190.498 Y106.498 E3762.67038
G10
;MESH:NONMESH
G0 F600 X190.498 Y106.498 Z2.65
G0 F7200 X32.195 Y106.195
G0 X31.812 Y105.812
;TIME_ELAPSED:874.765795
;LAYER:15
;TYPE:WALL-OUTER
;MESH:glasses_holder1.stl
G11
G1 F2880 X31.812 Y107.184 E3762.79386
G1 X191.184 Y107.184 E3777.13734
G1 X191.184 Y105.812 E3777.26082
G1 X31.812 Y105.812 E3791.6043
G0 F7200 X31.812 Y106.112
G0 X32.498 Y106.498
;TYPE:WALL-INNER
G1 F3487.7 X190.498 Y106.498 E3809.9007
G10
;MESH:NONMESH
G0 F600 X190.498 Y106.498 Z2.8
G0 F7200 X32.195 Y106.195
G0 X31.812 Y105.812
;TIME_ELAPSED:886.048182
;LAYER:16
;TYPE:WALL-OUTER
;MESH:glasses_holder1.stl
G11
G1 F2880 X31.812 Y107.184 E3810.02418
G1 X191.184 Y107.184 E3824.36766
G1 X191.184 Y105.812 E3824.49114
G1 X31.812 Y105.812 E3838.83462
G0 F7200 X31.812 Y106.112
G0 X32.498 Y106.498
;TYPE:WALL-INNER
G1 F3487.7 X190.498 Y106.498 E3857.13102
G10
;MESH:NONMESH
G0 F600 X190.498 Y106.498 Z2.95
G0 F7200 X32.195 Y106.195
G0 X31.812 Y105.812
;TIME_ELAPSED:897.330569
;LAYER:17
;TYPE:WALL-OUTER
;MESH:glasses_holder1.stl
G11
G1 F2880 X31.812 Y107.184 E3857.2545
G1 X191.184 Y107.184 E3871.59798
G1 X191.184 Y105.812 E3871.72146
G1 X31.812 Y105.812 E3886.06494
G0 F7200 X31.812 Y106.112
G0 X32.498 Y106.498
;TYPE:WALL-INNER
G1 F3487.7 X190.498 Y106.498 E3904.36134
G10
;MESH:NONMESH
G0 F600 X190.498 Y106.498 Z3.1
G0 F7200 X32.195 Y106.195
G0 X31.812 Y105.812
;TIME_ELAPSED:908.612956
;LAYER:18
;TYPE:WALL-OUTER
;MESH:glasses_holder1.stl
G11
G1 F2880 X31.812 Y107.184 E3904.48482
G1 X191.184 Y107.184 E3918.8283
G1 X191.184 Y105.812 E3918.95178
G1 X31.812 Y105.812 E3933.29526
G0 F7200 X31.812 Y106.112
G0 X32.498 Y106.498
;TYPE:WALL-INNER
G1 F3487.7 X190.498 Y106.498 E3951.59166
G10
;MESH:NONMESH
G0 F600 X190.498 Y106.498 Z3.25
G0 F7200 X32.195 Y106.195
G0 X31.812 Y105.812
;TIME_ELAPSED:919.895343
;LAYER:19
;TYPE:WALL-OUTER
;MESH:glasses_holder1.stl
G11
G1 F2880 X31.812 Y107.184 E3951.71514
G1 X191.184 Y107.184 E3966.05862
G1 X191.184 Y105.812 E3966.1821
G1 X31.812 Y105.812 E3980.52558
G0 F7200 X31.812 Y106.112
G0 X32.498 Y106.498
;TYPE:WALL-INNER
G1 F3487.7 X190.498 Y106.498 E3998.82198
G10
;MESH:NONMESH
G0 F600 X190.498 Y106.498 Z3.4
G0 F7200 X32.195 Y106.195
G0 X31.812 Y105.812
;TIME_ELAPSED:931.177730
;LAYER:20
;TYPE:WALL-OUTER
;MESH:glasses_holder1.stl
G11
G1 F2880 X31.812 Y107.184 E3998.94546
G1 X191.184 Y107.184 E4013.28894
G1 X191.184 Y105.812 E4013.41242
G1 X31.812 Y105.812 E4027.7559
G0 F7200 X31.812 Y106.112
G0 X32.498 Y106.498
;TYPE:WALL-INNER
G1 F3487.7 X190.498 Y106.498 E4046.0523
G10
;MESH:NONMESH
G0 F600 X190.498 Y106.498 Z3.55
G0 F7200 X32.195 Y106.195
G0 X31.812 Y105.812
;TIME_ELAPSED:942.460117
;LAYER:21
;TYPE:WALL-OUTER
;MESH:glasses_holder1.stl
G11
G1 F2880 X31.812 Y107.184 E4046.17578
G1 X191.184 Y107.184 E4060.51926
G1 X191.184 Y105.812 E4060.64274
G1 X31.812 Y105.812 E4074.98622
G0 F7200 X31.812 Y106.112
G0 X32.498 Y106.498
;TYPE:WALL-INNER
G1 F3487.7 X190.498 Y106.498 E4093.28262
G10
;MESH:NONMESH
G0 F600 X190.498 Y106.498 Z3.7
G0 F7200 X32.195 Y106.195
G0 X31.812 Y105.812
;TIME_ELAPSED:953.742504
;LAYER:22
;TYPE:WALL-OUTER
;MESH:glasses_holder1.stl
G11
G1 F2880 X31.812 Y107.184 E4093.4061
G1 X191.184 Y107.184 E4107.74958
G1 X191.184 Y105.812 E4107.87306
G1 X31.812 Y105.812 E4122.21654
G0 F7200 X31.812 Y106.112
G0 X32.498 Y106.498
;TYPE:WALL-INNER
G1 F3487.7 X190.498 Y106.498 E4140.51294
G10
;MESH:NONMESH
G0 F600 X190.498 Y106.498 Z3.85
G0 F7200 X32.195 Y106.195
G0 X31.812 Y105.812
;TIME_ELAPSED:965.024891
;LAYER:23
;TYPE:WALL-OUTER
;MESH:glasses_holder1.stl
G11
G1 F2880 X31.812 Y107.184 E4140.63642
G1 X191.184 Y107.184 E4154.9799
G1 X191.184 Y105.812 E4155.10338
G1 X31.812 Y105.812 E4169.44686
G0 F7200 X31.812 Y106.112
G0 X32.498 Y106.498
;TYPE:WALL-INNER
G1 F3487.7 X190.498 Y106.498 E4187.74326
G10
;MESH:NONMESH
G0 F600 X190.498 Y106.498 Z4
G0 F7200 X32.195 Y106.195
G0 X31.812 Y105.812
;TIME_ELAPSED:976.307277
;LAYER:24
;TYPE:WALL-OUTER
;MESH:glasses_holder1.stl
G11
G1 F2880 X31.812 Y107.184 E4187.86674
G1 X191.184 Y107.184 E4202.21022
G1 X191.184 Y105.812 E4202.3337
G1 X31.812 Y105.812 E4216.67718
G0 F7200 X31.812 Y106.112
G0 X32.498 Y106.498
;TYPE:WALL-INNER
G1 F3487.7 X190.498 Y106.498 E4234.97358
G10
;MESH:NONMESH
G0 F600 X190.498 Y106.498 Z4.15
G0 F7200 X32.195 Y106.195
G0 X31.812 Y105.812
;TIME_ELAPSED:987.589664
;LAYER:25
;TYPE:WALL-OUTER
;MESH:glasses_holder1.stl
G11
G1 F2880 X31.812 Y107.184 E4235.09706
G1 X191.184 Y107.184 E4249.44054
G1 X191.184 Y105.812 E4249.56402
G1 X31.812 Y105.812 E4263.9075
G0 F7200 X31.812 Y106.112
G0 X32.498 Y106.498
;TYPE:WALL-INNER
G1 F3487.7 X190.498 Y106.498 E4282.2039
G10
;MESH:NONMESH
G0 F600 X190.498 Y106.498 Z4.3
G0 F7200 X32.195 Y106.195
G0 X31.812 Y105.812
;TIME_ELAPSED:998.872051
;LAYER:26
;TYPE:WALL-OUTER
;MESH:glasses_holder1.stl
G11
G1 F2880 X31.812 Y107.184 E4282.32738
G1 X191.184 Y107.184 E4296.67086
G1 X191.184 Y105.812 E4296.79434
G1 X31.812 Y105.812 E4311.13782
G0 F7200 X31.812 Y106.112
G0 X32.498 Y106.498
;TYPE:WALL-INNER
G1 F3487.7 X190.498 Y106.498 E4329.43422
G10
;MESH:NONMESH
G0 F600 X190.498 Y106.498 Z4.45
G0 F7200 X32.195 Y106.195
G0 X31.812 Y105.812
;TIME_ELAPSED:1010.154438
;LAYER:27
;TYPE:WALL-OUTER
;MESH:glasses_holder1.stl
G11
G1 F2880 X31.812 Y107.184 E4329.5577
G1 X191.184 Y107.184 E4343.90118
G1 X191.184 Y105.812 E4344.02466
G1 X31.812 Y105.812 E4358.36814
G0 F7200 X31.812 Y106.112
G0 X32.498 Y106.498
;TYPE:WALL-INNER
G1 F3487.7 X190.498 Y106.498 E4376.66454
G10
;MESH:NONMESH
G0 F600 X190.498 Y106.498 Z4.6
G0 F7200 X32.195 Y106.195
G0 X31.812 Y105.812
;TIME_ELAPSED:1021.436825
;LAYER:28
;TYPE:WALL-OUTER
;MESH:glasses_holder1.stl
G11
G1 F2880 X31.812 Y107.184 E4376.78802
G1 X191.184 Y107.184 E4391.1315
G1 X191.184 Y105.812 E4391.25498
G1 X31.812 Y105.812 E4405.59846
G0 F7200 X31.812 Y106.112
G0 X32.498 Y106.498
;TYPE:WALL-INNER
G1 F3487.7 X190.498 Y106.498 E4423.89486
G10
;MESH:NONMESH
G0 F600 X190.498 Y106.498 Z4.75
G0 F7200 X32.195 Y106.195
G0 X31.812 Y105.812
;TIME_ELAPSED:1032.719212
;LAYER:29
;TYPE:WALL-OUTER
;MESH:glasses_holder1.stl
G11
G1 F2880 X31.812 Y107.184 E4424.01834
G1 X191.184 Y107.184 E4438.36182
G1 X191.184 Y105.812 E4438.4853
G1 X31.812 Y105.812 E4452.82878
G0 F7200 X31.812 Y106.112
G0 X32.498 Y106.498
;TYPE:WALL-INNER
G1 F3487.7 X190.498 Y106.498 E4471.12518
G10
;MESH:NONMESH
G0 F600 X190.498 Y106.498 Z4.9
G0 F7200 X32.195 Y106.195
G0 X31.812 Y105.812
;TIME_ELAPSED:1044.001599
;LAYER:30
;TYPE:WALL-OUTER
;MESH:glasses_holder1.stl
G11
G1 F2880 X31.812 Y107.184 E4471.24866
G1 X191.184 Y107.184 E4485.59214
G1 X191.184 Y105.812 E4485.71562
G1 X31.812 Y105.812 E4500.0591
G0 F7200 X31.812 Y106.112
G0 X32.498 Y106.498
;TYPE:WALL-INNER
G1 F3487.7 X190.498 Y106.498 E4518.3555
G10
;MESH:NONMESH
G0 F600 X190.498 Y106.498 Z5.05
G0 F7200 X32.195 Y106.195
G0 X31.812 Y105.812
;TIME_ELAPSED:1055.283986
;LAYER:31
;TYPE:WALL-OUTER
;MESH:glasses_holder1.stl
G11
G1 F2880 X31.812 Y107.184 E4518.47898
G1 X191.184 Y107.184 E4532.82246
G1 X191.184 Y105.812 E4532.94594
G1 X31.812 Y105.812 E4547.28942
G0 F7200 X31.812 Y106.112
G0 X32.498 Y106.498
;TYPE:WALL-INNER
G1 F3487.7 X190.498 Y106.498 E4565.58582
G10
;MESH:NONMESH
G0 F600 X190.498 Y106.498 Z5.2
G0 F7200 X152.017 Y106.139
G0 X152.017 Y104.694
G0 X70.982 Y104.694
G0 X31.82 Y105.812
;TIME_ELAPSED:1066.623134
;LAYER:32
;TYPE:WALL-OUTER
;MESH:glasses_holder1.stl
G11
G1 F2880 X31.817 Y107.184 E4565.7093
G1 X70.696 Y107.184 E4569.20841
G1 X70.696 Y105.812 E4569.33189
G1 X31.82 Y105.812 E4572.83073
G0 F7200 X31.82 Y106.112
G0 X32.504 Y106.498
;TYPE:WALL-INNER
G1 F3487.7 X70.01 Y106.498 E4577.17393
G0 F7200 X72.634 Y106.501
G0 X72.304 Y106.498
;TYPE:WALL-OUTER
G1 F2880 X72.304 Y107.184 E4577.23567
G1 X150.696 Y107.184 E4584.29095
G1 X150.696 Y105.812 E4584.41443
G1 X72.304 Y105.812 E4591.46971
G1 X72.304 Y106.498 E4591.53145
G0 F7200 X72.304 Y106.798
G0 X72.99 Y106.498
;TYPE:WALL-INNER
G1 F3487.7 X150.01 Y106.498 E4600.45036
G0 F7200 X152.614 Y106.49
G0 X152.302 Y106.492
;TYPE:WALL-OUTER
G1 F2880 X152.304 Y107.184 E4600.51264
G1 X191.18 Y107.184 E4604.01148
G1 X191.18 Y105.812 E4604.13496
G1 X152.301 Y105.812 E4607.63407
G1 X152.302 Y106.492 E4607.69527
G0 F7200 X152.302 Y106.792
G0 X152.988 Y106.498
;TYPE:WALL-INNER
G1 F3487.7 X190.494 Y106.498 E4612.03847
G10
;MESH:NONMESH
G0 F600 X190.494 Y106.498 Z5.35
G0 F7200 X152.627 Y106.139
G0 X152.627 Y104.694
G0 X70.372 Y104.694
G0 X31.824 Y105.812
;TIME_ELAPSED:1078.119936
;LAYER:33
;TYPE:WALL-OUTER
;MESH:glasses_holder1.stl
G11
G1 F2880 X31.824 Y107.184 E4612.16195
G1 X70.492 Y107.184 E4615.64207
G1 X70.492 Y105.812 E4615.76555
G1 X31.824 Y105.812 E4619.24567
G0 F7200 X31.824 Y106.112
G0 X32.51 Y106.498
;TYPE:WALL-INNER
G1 F3487.7 X69.806 Y106.498 E4623.56454
G0 F7200 X72.817 Y106.498
G0 X72.504 Y106.498
;TYPE:WALL-OUTER
G1 F2880 X72.504 Y107.184 E4623.62628
G1 X150.492 Y107.184 E4630.6452
G1 X150.492 Y105.812 E4630.76868
G1 X72.504 Y105.812 E4637.7876
G1 X72.504 Y106.498 E4637.84934
G0 F7200 X72.504 Y106.798
G0 X73.19 Y106.498
;TYPE:WALL-INNER
G1 F3487.7 X149.806 Y106.498 E4646.72148
G0 F7200 X152.817 Y106.495
G0 X152.504 Y106.498
;TYPE:WALL-OUTER
G1 F2880 X152.504 Y107.184 E4646.78322
G1 X191.172 Y107.184 E4650.26334
G1 X191.172 Y105.812 E4650.38682
G1 X152.504 Y105.812 E4653.86694
G1 X152.504 Y106.498 E4653.92868
G0 F7200 X152.504 Y106.798
G0 X153.19 Y106.498
;TYPE:WALL-INNER
G1 F3487.7 X190.486 Y106.498 E4658.24755
G10
;MESH:NONMESH
G0 F600 X190.486 Y106.498 Z5.5
G0 F7200 X152.83 Y106.139
G0 X152.83 Y104.694
G0 X70.169 Y104.694
G0 X31.832 Y105.812
;TIME_ELAPSED:1089.576008
;LAYER:34
;TYPE:WALL-OUTER
;MESH:glasses_holder1.stl
G11
G1 F2880 X31.832 Y107.184 E4658.37103
G1 X70.364 Y107.184 E4661.83891
G1 X70.364 Y105.812 E4661.96239
G1 X31.832 Y105.812 E4665.43027
G0 F7200 X31.832 Y106.112
G0 X32.518 Y106.498
;TYPE:WALL-INNER
G1 F3487.7 X69.678 Y106.498 E4669.7334
G0 F7200 X72.966 Y106.498
G0 X72.636 Y106.498
;TYPE:WALL-OUTER
G1 F2880 X72.636 Y107.184 E4669.79514
G1 X150.364 Y107.184 E4676.79066
G1 X150.364 Y105.812 E4676.91414
G1 X72.636 Y105.812 E4683.90966
G1 X72.636 Y106.498 E4683.9714
G0 F7200 X72.636 Y106.798
G0 X73.322 Y106.498
;TYPE:WALL-INNER
G1 F3487.7 X149.678 Y106.498 E4692.81343
G0 F7200 X152.946 Y106.488
G0 X152.634 Y106.491
;TYPE:WALL-OUTER
G1 F2880 X152.636 Y107.184 E4692.8758
G1 X191.164 Y107.184 E4696.34332
G1 X191.164 Y105.812 E4696.4668
G1 X152.633 Y105.812 E4699.93459
G1 X152.634 Y106.491 E4699.9957
G0 F7200 X152.634 Y106.791
G0 X153.32 Y106.498
;TYPE:WALL-INNER
G1 F3487.7 X190.478 Y106.498 E4704.29859
G10
;MESH:NONMESH
G0 F600 X190.478 Y106.498 Z5.65
G0 F7200 X152.959 Y106.139
G0 X151.515 Y106.14
G0 X151.473 Y104.706
G0 X71.527 Y104.706
G0 X71.486 Y106.139
G0 X31.852 Y105.812
;TIME_ELAPSED:1101.071122
;LAYER:35
;TYPE:WALL-OUTER
;MESH:glasses_holder1.stl
G11
G1 F2880 X31.852 Y107.184 E4704.42207
G1 X70.276 Y107.184 E4707.88023
G1 X70.276 Y105.812 E4708.00371
G1 X31.852 Y105.812 E4711.46187
G0 F7200 X31.852 Y106.112
G0 X32.538 Y106.498
;TYPE:WALL-INNER
G1 F3487.7 X69.59 Y106.498 E4715.7525
G0 F7200 X73.032 Y106.488
G0 X72.72 Y106.498
;TYPE:WALL-OUTER
G1 F2880 X72.72 Y107.184 E4715.81424
G1 X150.276 Y107.184 E4722.79428
G1 X150.276 Y105.812 E4722.91776
G1 X72.72 Y105.812 E4729.8978
G1 X72.72 Y106.498 E4729.95954
G0 F7200 X72.72 Y106.798
G0 X73.406 Y106.498
;TYPE:WALL-INNER
G1 F3487.7 X149.59 Y106.498 E4738.78164
G0 F7200 X153.032 Y106.488
G0 X152.72 Y106.498
;TYPE:WALL-OUTER
G1 F2880 X152.72 Y107.184 E4738.84338
G1 X191.144 Y107.184 E4742.30154
G1 X191.144 Y105.812 E4742.42502
G1 X152.72 Y105.812 E4745.88318
G1 X152.72 Y106.498 E4745.94492
G0 F7200 X152.72 Y106.798
G0 X153.406 Y106.498
;TYPE:WALL-INNER
G1 F3487.7 X190.458 Y106.498 E4750.23554
G10
;MESH:NONMESH
G0 F600 X190.458 Y106.498 Z5.8
G0 F7200 X153.045 Y106.139
G0 X151.601 Y106.14
G0 X151.388 Y104.706
G0 X71.612 Y104.706
G0 X71.4 Y106.139
G0 X31.876 Y105.812
;TIME_ELAPSED:1112.541280
;LAYER:36
;TYPE:WALL-OUTER
;MESH:glasses_holder1.stl
G11
G1 F2880 X31.876 Y107.184 E4750.35902
G1 X70.22 Y107.184 E4753.80998
G1 X70.22 Y105.812 E4753.93346
G1 X31.876 Y105.812 E4757.38442
G0 F7200 X31.876 Y106.112
G0 X32.562 Y106.498
;TYPE:WALL-INNER
G1 F3487.7 X69.534 Y106.498 E4761.66578
G0 F7200 X73.089 Y106.488
G0 X72.776 Y106.498
;TYPE:WALL-OUTER
G1 F2880 X72.776 Y107.184 E4761.72752
G1 X150.22 Y107.184 E4768.69748
G1 X150.22 Y105.812 E4768.82096
G1 X72.776 Y105.812 E4775.79092
G1 X72.776 Y106.498 E4775.85266
G0 F7200 X72.776 Y106.798
G0 X73.462 Y106.498
;TYPE:WALL-INNER
G1 F3487.7 X149.534 Y106.498 E4784.6618
G0 F7200 X153.089 Y106.488
G0 X152.776 Y106.498
;TYPE:WALL-OUTER
G1 F2880 X152.776 Y107.184 E4784.72354
G1 X191.12 Y107.184 E4788.1745
G1 X191.12 Y105.812 E4788.29798
G1 X152.776 Y105.812 E4791.74894
G1 X152.776 Y106.498 E4791.81068
G0 F7200 X152.776 Y106.798
G0 X153.462 Y106.498
;TYPE:WALL-INNER
G1 F3487.7 X190.434 Y106.498 E4796.09204
G10
;MESH:NONMESH
G0 F600 X190.434 Y106.498 Z5.95
G0 F7200 X153.102 Y106.139
G0 X151.658 Y106.14
G0 X151.331 Y104.706
G0 X71.669 Y104.706
G0 X71.343 Y106.139
G0 X31.9 Y105.812
;TIME_ELAPSED:1123.994354
;LAYER:37
;TYPE:WALL-OUTER
;MESH:glasses_holder1.stl
G11
G1 F2880 X31.897 Y107.184 E4796.21552
G1 X70.188 Y107.184 E4799.66171
G1 X70.188 Y105.812 E4799.78519
G1 X31.9 Y105.812 E4803.23111
G0 F7200 X31.9 Y106.112
G0 X32.584 Y106.498
;TYPE:WALL-INNER
G1 F3487.7 X69.502 Y106.498 E4807.50621
G0 F7200 X73.14 Y106.498
G0 X72.808 Y106.498
;TYPE:WALL-OUTER
G1 F2880 X72.808 Y107.184 E4807.56795
G1 X150.188 Y107.184 E4814.53215
G1 X150.188 Y105.812 E4814.65563
G1 X72.808 Y105.812 E4821.61983
G1 X72.808 Y106.498 E4821.68157
G0 F7200 X72.808 Y106.798
G0 X73.494 Y106.498
;TYPE:WALL-INNER
G1 F3487.7 X149.502 Y106.498 E4830.4833
G0 F7200 X153.14 Y106.498
G0 X152.808 Y106.498
;TYPE:WALL-OUTER
G1 F2880 X152.808 Y107.184 E4830.54504
G1 X191.1 Y107.184 E4833.99132
G1 X191.1 Y105.812 E4834.1148
G1 X152.808 Y105.812 E4837.56108
G1 X152.808 Y106.498 E4837.62282
G0 F7200 X152.808 Y106.798
G0 X153.494 Y106.498
;TYPE:WALL-INNER
G1 F3487.7 X190.414 Y106.498 E4841.89815
G10
;MESH:NONMESH
G0 F600 X190.414 Y106.498 Z6.1
G0 F7200 X153.14 Y106.195
G0 X151.689 Y106.195
G0 X151.3 Y104.706
G0 X71.701 Y104.706
G0 X71.312 Y106.195
G0 X31.932 Y105.812
;TIME_ELAPSED:1135.439982
;LAYER:38
;TYPE:WALL-OUTER
;MESH:glasses_holder1.stl
G11
G1 F2880 X31.932 Y107.184 E4842.02163
G1 X70.18 Y107.184 E4845.46395
G1 X70.18 Y105.812 E4845.58743
G1 X31.932 Y105.812 E4849.02975
G0 F7200 X31.932 Y106.112
G0 X32.618 Y106.498
;TYPE:WALL-INNER
G1 F3487.7 X69.494 Y106.498 E4853.29999
G0 F7200 X73.145 Y106.512
G0 X72.815 Y106.505
;TYPE:WALL-OUTER
G1 F2880 X72.813 Y107.184 E4853.36111
G1 X150.184 Y107.184 E4860.3245
G1 X150.184 Y105.812 E4860.44798
G1 X72.816 Y105.812 E4867.4111
G1 X72.815 Y106.505 E4867.47347
G0 F7200 X72.815 Y106.805
G0 X73.5 Y106.498
;TYPE:WALL-INNER
G1 F3487.7 X149.498 Y106.498 E4876.27403
G0 F7200 X153.147 Y106.498
G0 X152.816 Y106.498
;TYPE:WALL-OUTER
G1 F2880 X152.816 Y107.184 E4876.33577
G1 X191.068 Y107.184 E4879.77845
G1 X191.068 Y105.812 E4879.90193
G1 X152.816 Y105.812 E4883.34461
G1 X152.816 Y106.498 E4883.40635
G0 F7200 X152.816 Y106.798
G0 X153.502 Y106.498
;TYPE:WALL-INNER
G1 F3487.7 X190.382 Y106.498 E4887.67706
G10
;MESH:NONMESH
G0 F600 X190.382 Y106.498 Z6.25
G0 F7200 X153.147 Y106.195
G0 X151.696 Y106.195
G0 X151.293 Y104.706
G0 X71.707 Y104.706
G0 X71.304 Y106.195
G0 X31.968 Y105.812
;TIME_ELAPSED:1146.879575
;LAYER:39
;TYPE:WALL-OUTER
;MESH:glasses_holder1.stl
G11
G1 F2880 X31.968 Y107.184 E4887.80054
G1 X70.199 Y107.184 E4891.24133
G1 X70.196 Y105.812 E4891.36481
G1 X31.968 Y105.812 E4894.80533
G0 F7200 X31.968 Y106.112
G0 X32.654 Y106.498
;TYPE:WALL-INNER
G1 F3487.7 X69.512 Y106.498 E4899.07348
G0 F7200 X73.13 Y106.502
G0 X72.8 Y106.498
;TYPE:WALL-OUTER
G1 F2880 X72.8 Y107.184 E4899.13522
G1 X150.199 Y107.184 E4906.10113
G1 X150.196 Y105.812 E4906.22461
G1 X72.8 Y105.812 E4913.19025
G1 X72.8 Y106.498 E4913.25199
G0 F7200 X72.8 Y106.798
G0 X73.486 Y106.498
;TYPE:WALL-INNER
G1 F3487.7 X149.512 Y106.498 E4922.05581
G0 F7200 X153.111 Y106.498
G0 X152.8 Y106.498
;TYPE:WALL-OUTER
G1 F2880 X152.8 Y107.184 E4922.11755
G1 X191.028 Y107.184 E4925.55807
G1 X191.028 Y105.812 E4925.68155
G1 X152.8 Y105.812 E4929.12207
G1 X152.8 Y106.498 E4929.18381
G0 F7200 X152.8 Y106.798
G0 X153.486 Y106.498
;TYPE:WALL-INNER
G1 F3487.7 X190.342 Y106.498 E4933.45173
G10
;MESH:NONMESH
G0 F600 X190.342 Y106.498 Z6.4
G0 F7200 X153.124 Y106.139
G0 X151.68 Y106.14
G0 X151.308 Y104.706
G0 X71.691 Y104.706
G0 X71.32 Y106.138
G0 X32.004 Y105.812
;TIME_ELAPSED:1158.315167
;LAYER:40
;TYPE:WALL-OUTER
;MESH:glasses_holder1.stl
G11
G1 F2880 X32.004 Y107.184 E4933.57521
G1 X70.236 Y107.184 E4937.01609
G1 X70.236 Y105.812 E4937.13957
G1 X32.004 Y105.812 E4940.58045
G0 F7200 X32.004 Y106.112
G0 X32.69 Y106.498
;TYPE:WALL-INNER
G1 F3487.7 X69.55 Y106.498 E4944.84884
G0 F7200 X73.091 Y106.498
G0 X72.76 Y106.498
;TYPE:WALL-OUTER
G1 F2880 X72.76 Y107.184 E4944.91058
G1 X150.236 Y107.184 E4951.88342
G1 X150.236 Y105.812 E4952.0069
G1 X72.76 Y105.812 E4958.97974
G1 X72.76 Y106.498 E4959.04148
G0 F7200 X72.76 Y106.798
G0 X73.446 Y106.498
;TYPE:WALL-INNER
G1 F3487.7 X149.55 Y106.498 E4967.85432
G0 F7200 X153.072 Y106.498
G0 X152.76 Y106.498
;TYPE:WALL-OUTER
G1 F2880 X152.76 Y107.184 E4967.91606
G1 X190.992 Y107.184 E4971.35694
G1 X190.992 Y105.812 E4971.48042
G1 X152.76 Y105.812 E4974.9213
G1 X152.76 Y106.498 E4974.98304
G0 F7200 X152.76 Y106.798
G0 X153.446 Y106.498
;TYPE:WALL-INNER
G1 F3487.7 X190.306 Y106.498 E4979.25143
G10
;MESH:NONMESH
G0 F600 X190.306 Y106.498 Z6.55
G0 F7200 X153.085 Y106.139
G0 X151.641 Y106.14
G0 X151.347 Y104.706
G0 X71.652 Y104.706
G0 X71.359 Y106.139
G0 X32.052 Y105.812
;TIME_ELAPSED:1169.755587
;LAYER:41
;TYPE:WALL-OUTER
;MESH:glasses_holder1.stl
G11
G1 F2880 X32.052 Y107.184 E4979.37491
G1 X70.3 Y107.184 E4982.81723
G1 X70.3 Y105.812 E4982.94071
G1 X32.052 Y105.812 E4986.38303
G0 F7200 X32.052 Y106.112
G0 X32.738 Y106.498
;TYPE:WALL-INNER
G1 F3487.7 X69.614 Y106.498 E4990.65327
G0 F7200 X73.027 Y106.509
G0 X72.696 Y106.498
;TYPE:WALL-OUTER
G1 F2880 X72.696 Y107.184 E4990.71501
G1 X150.3 Y107.184 E4997.69937
G1 X150.3 Y105.812 E4997.82285
G1 X72.696 Y105.812 E5004.80721
G1 X72.696 Y106.498 E5004.86895
G0 F7200 X72.696 Y106.798
G0 X73.382 Y106.498
;TYPE:WALL-INNER
G1 F3487.7 X149.614 Y106.498 E5013.69662
G0 F7200 X153.008 Y106.498
G0 X152.696 Y106.498
;TYPE:WALL-OUTER
G1 F2880 X152.696 Y107.184 E5013.75836
G1 X190.948 Y107.184 E5017.20104
G1 X190.948 Y105.812 E5017.32452
G1 X152.696 Y105.812 E5020.7672
G1 X152.696 Y106.498 E5020.82894
G0 F7200 X152.696 Y106.798
G0 X153.382 Y106.498
;TYPE:WALL-INNER
G1 F3487.7 X190.262 Y106.498 E5025.09964
G10
;MESH:NONMESH
G0 F600 X190.262 Y106.498 Z6.7
G0 F7200 X153.021 Y106.139
G0 X151.577 Y106.14
G0 X151.411 Y104.706
G0 X71.589 Y104.706
G0 X71.423 Y106.138
G0 X32.104 Y105.812
;TIME_ELAPSED:1181.205722
;LAYER:42
;TYPE:WALL-OUTER
;MESH:glasses_holder1.stl
G11
G1 F2880 X32.104 Y107.184 E5025.22312
G1 X70.4 Y107.184 E5028.66976
G1 X70.4 Y105.812 E5028.79324
G1 X32.104 Y105.812 E5032.23988
G0 F7200 X32.104 Y106.112
G0 X32.79 Y106.498
;TYPE:WALL-INNER
G1 F3487.7 X69.714 Y106.498 E5036.51568
G0 F7200 X72.927 Y106.498
G0 X72.596 Y106.498
;TYPE:WALL-OUTER
G1 F2880 X72.596 Y107.184 E5036.57742
G1 X150.4 Y107.184 E5043.57978
G1 X150.4 Y105.812 E5043.70326
G1 X72.596 Y105.812 E5050.70562
G1 X72.596 Y106.498 E5050.76736
G0 F7200 X72.596 Y106.798
G0 X73.282 Y106.498
;TYPE:WALL-INNER
G1 F3487.7 X149.714 Y106.498 E5059.61818
G0 F7200 X152.908 Y106.498
G0 X152.596 Y106.498
;TYPE:WALL-OUTER
G1 F2880 X152.596 Y107.184 E5059.67992
G1 X190.892 Y107.184 E5063.12656
G1 X190.892 Y105.812 E5063.25004
G1 X152.596 Y105.812 E5066.69668
G1 X152.596 Y106.498 E5066.75842
G0 F7200 X152.596 Y106.798
G0 X153.282 Y106.498
;TYPE:WALL-INNER
G1 F3487.7 X190.206 Y106.498 E5071.03422
G10
;MESH:NONMESH
G0 F600 X190.206 Y106.498 Z6.85
G0 F7200 X152.921 Y106.139
G0 X151.477 Y106.14
G0 X71.523 Y106.139
G0 X32.156 Y105.812
;TIME_ELAPSED:1192.539815
;LAYER:43
;TYPE:WALL-OUTER
;MESH:glasses_holder1.stl
G11
G1 F2880 X32.156 Y107.184 E5071.1577
G1 X70.548 Y107.184 E5074.61298
G1 X70.548 Y105.812 E5074.73646
G1 X32.156 Y105.812 E5078.19174
G0 F7200 X32.156 Y106.112
G0 X32.842 Y106.498
;TYPE:WALL-INNER
G1 F3487.7 X69.862 Y106.498 E5082.47866
G0 F7200 X72.781 Y106.492
G0 X72.45 Y106.492
;TYPE:WALL-OUTER
G1 F2880 X72.452 Y107.184 E5082.54094
G1 X150.548 Y107.184 E5089.56958
G1 X150.548 Y105.812 E5089.69306
G1 X72.449 Y105.812 E5096.72197
G1 X72.45 Y106.492 E5096.78317
G0 F7200 X72.45 Y106.792
G0 X73.136 Y106.498
;TYPE:WALL-INNER
G1 F3487.7 X149.862 Y106.498 E5105.66804
G0 F7200 X152.781 Y106.492
G0 X152.45 Y106.492
;TYPE:WALL-OUTER
G1 F2880 X152.452 Y107.184 E5105.73032
G1 X190.84 Y107.184 E5109.18524
G1 X190.84 Y105.812 E5109.30872
G1 X152.449 Y105.812 E5112.76391
G1 X152.45 Y106.492 E5112.82511
G0 F7200 X152.45 Y106.792
G0 X153.136 Y106.498
;TYPE:WALL-INNER
G1 F3487.7 X190.154 Y106.498 E5117.1118
G10
;MESH:NONMESH
G0 F600 X190.154 Y106.498 Z7
G0 F7200 X152.781 Y106.195
G0 X152.781 Y104.694
G0 X70.219 Y104.694
G0 X32.216 Y105.812
;TIME_ELAPSED:1203.963645
;LAYER:44
;TYPE:WALL-OUTER
;MESH:glasses_holder1.stl
G11
G1 F2880 X32.216 Y107.184 E5117.23528
G1 X70.799 Y107.184 E5120.70775
G1 X70.796 Y105.812 E5120.83123
G1 X32.216 Y105.812 E5124.30343
G0 F7200 X32.216 Y106.112
G0 X32.902 Y106.498
;TYPE:WALL-INNER
G1 F3487.7 X70.112 Y106.498 E5128.61234
G0 F7200 X72.511 Y106.498
G0 X72.2 Y106.498
;TYPE:WALL-OUTER
G1 F2880 X72.2 Y107.184 E5128.67408
G1 X150.796 Y107.184 E5135.74772
G1 X150.796 Y105.812 E5135.8712
G1 X72.2 Y105.812 E5142.94484
G1 X72.2 Y106.498 E5143.00658
G0 F7200 X72.2 Y106.798
G0 X72.886 Y106.498
;TYPE:WALL-INNER
G1 F3487.7 X150.11 Y106.498 E5151.94912
G10
G0 F7200 X152.511 Y106.803
G0 X190.78 Y107.184
;TYPE:WALL-OUTER
G11
G1 F2880 X190.78 Y105.812 E5152.0726
G1 X152.2 Y105.812 E5155.5448
G1 X152.2 Y106.498 E5155.60654
G1 X152.2 Y107.184 E5155.66828
G1 X190.78 Y107.184 E5159.14048
G0 F7200 X190.78 Y106.884
G0 X190.094 Y106.498
;TYPE:WALL-INNER
G1 F3487.7 X152.886 Y106.498 E5163.44917
G10
;MESH:NONMESH
G0 F600 X152.886 Y106.498 Z7.15
G0 F7200 X152.524 Y104.694
G0 X70.475 Y104.694
G0 X32.288 Y105.812
;TIME_ELAPSED:1215.793201
;LAYER:45
;TYPE:WALL-OUTER
;MESH:glasses_holder1.stl
G11
G1 F2880 X32.288 Y107.184 E5163.57265
G1 X70.8 Y107.184 E5167.03873
G1 X72.201 Y107.184 E5167.16482
G1 X150.799 Y107.184 E5174.23864
G1 X152.201 Y107.184 E5174.36482
G1 X190.708 Y107.184 E5177.83045
G1 X190.708 Y105.812 E5177.95393
G1 X152.2 Y105.812 E5181.41965
G1 X150.799 Y105.812 E5181.54574
G1 X72.2 Y105.812 E5188.61965
G1 X70.799 Y105.812 E5188.74574
G1 X32.288 Y105.812 E5192.21173
G0 F7200 X32.288 Y106.112
G0 X32.974 Y106.498
;TYPE:WALL-INNER
G1 F3487.7 X70.799 Y106.498 E5196.59186
G1 X72.2 Y106.498 E5196.7541
G1 X150.799 Y106.498 E5205.85586
G1 X152.2 Y106.498 E5206.0181
G1 X190.022 Y106.498 E5210.39789
G10
;MESH:NONMESH
G0 F600 X190.022 Y106.498 Z7.3
G0 F7200 X32.669 Y106.195
G0 X32.36 Y105.812
;TIME_ELAPSED:1227.011682
;LAYER:46
;TYPE:WALL-OUTER
;MESH:glasses_holder1.stl
G11
G1 F2880 X32.36 Y107.184 E5210.52137
G1 X190.64 Y107.184 E5224.76657
G1 X190.64 Y105.812 E5224.89005
G1 X32.36 Y105.812 E5239.13525
G0 F7200 X32.36 Y106.112
G0 X33.046 Y106.498
;TYPE:WALL-INNER
G1 F3487.7 X189.954 Y106.498 E5257.30519
G10
;MESH:NONMESH
G0 F600 X189.954 Y106.498 Z7.45
G0 F7200 X32.74 Y106.195
G0 X32.436 Y105.812
;TIME_ELAPSED:1238.220768
;LAYER:47
;TYPE:WALL-OUTER
;MESH:glasses_holder1.stl
G11
G1 F2880 X32.436 Y107.184 E5257.42867
G1 X190.56 Y107.184 E5271.65983
G1 X190.56 Y105.812 E5271.78331
G1 X32.436 Y105.812 E5286.01447
G0 F7200 X32.436 Y106.112
G0 X33.122 Y106.498
;TYPE:WALL-INNER
G1 F3487.7 X189.874 Y106.498 E5304.16636
G10
;MESH:NONMESH
G0 F600 X189.874 Y106.498 Z7.6
G0 F7200 X32.817 Y106.195
G0 X32.524 Y105.812
;TIME_ELAPSED:1249.419375
;LAYER:48
;TYPE:WALL-OUTER
;MESH:glasses_holder1.stl
G11
G1 F2880 X32.524 Y107.184 E5304.28984
G1 X190.472 Y107.184 E5318.50516
G1 X190.472 Y105.812 E5318.62864
G1 X32.524 Y105.812 E5332.84396
G0 F7200 X32.524 Y106.112
G0 X33.21 Y106.498
;TYPE:WALL-INNER
G1 F3487.7 X189.786 Y106.498 E5350.97546
G10
;MESH:NONMESH
G0 F600 X189.786 Y106.498 Z7.75
G0 F7200 X32.907 Y106.195
G0 X32.616 Y105.812
;TIME_ELAPSED:1260.606139
;LAYER:49
;TYPE:WALL-OUTER
;MESH:glasses_holder1.stl
G11
G1 F2880 X32.616 Y107.184 E5351.09894
G1 X190.38 Y107.184 E5365.2977
G1 X190.38 Y105.812 E5365.42118
G1 X32.616 Y105.812 E5379.61994
G0 F7200 X32.616 Y106.112
G0 X33.302 Y106.498
;TYPE:WALL-INNER
G1 F3487.7 X189.694 Y106.498 E5397.73013
G10
;MESH:NONMESH
G0 F600 X189.694 Y106.498 Z7.9
G0 F7200 X32.997 Y106.195
G0 X32.716 Y105.812
;TIME_ELAPSED:1271.780568
;LAYER:50
;TYPE:WALL-OUTER
;MESH:glasses_holder1.stl
G11
G1 F2880 X32.716 Y107.184 E5397.85361
G1 X190.28 Y107.184 E5412.03437
G1 X190.28 Y105.812 E5412.15785
G1 X32.716 Y105.812 E5426.33861
G0 F7200 X32.716 Y106.112
G0 X33.402 Y106.498
;TYPE:WALL-INNER
G1 F3487.7 X189.594 Y106.498 E5444.42564
G10
;MESH:NONMESH
G0 F600 X189.594 Y106.498 Z8.05
G0 F7200 X33.097 Y106.195
G0 X32.828 Y105.812
;TIME_ELAPSED:1282.941572
;LAYER:51
;TYPE:WALL-OUTER
;MESH:glasses_holder1.stl
G11
G1 F2880 X32.828 Y107.184 E5444.54912
G1 X190.168 Y107.184 E5458.70972
G1 X190.168 Y105.812 E5458.8332
G1 X32.828 Y105.812 E5472.9938
G0 F7200 X32.828 Y106.112
G0 X33.514 Y106.498
;TYPE:WALL-INNER
G1 F3487.7 X189.482 Y106.498 E5491.0549
G10
;MESH:NONMESH
G0 F600 X189.482 Y106.498 Z8.2
G0 F7200 X33.209 Y106.195
G0 X32.94 Y105.812
;TIME_ELAPSED:1294.087523
;LAYER:52
;TYPE:WALL-OUTER
;MESH:glasses_holder1.stl
G11
G1 F2880 X32.94 Y107.184 E5491.17838
G1 X190.06 Y107.184 E5505.31918
G1 X190.06 Y105.812 E5505.44266
G1 X32.94 Y105.812 E5519.58346
G0 F7200 X32.94 Y106.112
G0 X33.626 Y106.498
;TYPE:WALL-INNER
G1 F3487.7 X189.374 Y106.498 E5537.61908
G10
;MESH:NONMESH
G0 F600 X189.374 Y106.498 Z8.35
G0 F7200 X33.32 Y106.195
G0 X33.068 Y105.812
;TIME_ELAPSED:1305.218725
;LAYER:53
;TYPE:WALL-OUTER
;MESH:glasses_holder1.stl
G11
G1 F2880 X33.068 Y107.184 E5537.74256
G1 X189.928 Y107.184 E5551.85996
G1 X189.928 Y105.812 E5551.98344
G1 X33.068 Y105.812 E5566.10084
G0 F7200 X33.068 Y106.112
G0 X33.754 Y106.498
;TYPE:WALL-INNER
G1 F3487.7 X189.242 Y106.498 E5584.10635
G10
;MESH:NONMESH
G0 F600 X189.242 Y106.498 Z8.5
G0 F7200 X33.451 Y106.195
G0 X33.204 Y105.812
;TIME_ELAPSED:1316.332437
;LAYER:54
;TYPE:WALL-OUTER
;MESH:glasses_holder1.stl
G11
G1 F2880 X33.204 Y107.184 E5584.22983
G1 X189.792 Y107.184 E5598.32275
G1 X189.792 Y105.812 E5598.44623
G1 X33.204 Y105.812 E5612.53915
G0 F7200 X33.204 Y106.112
G0 X33.89 Y106.498
;TYPE:WALL-INNER
G1 F3487.7 X189.106 Y106.498 E5630.51316
G10
;MESH:NONMESH
G0 F600 X189.106 Y106.498 Z8.65
G0 F7200 X33.586 Y106.195
G0 X33.352 Y105.812
;TIME_ELAPSED:1327.427903
;LAYER:55
;TYPE:WALL-OUTER
;MESH:glasses_holder1.stl
G11
G1 F2880 X33.352 Y107.184 E5630.63664
G1 X189.648 Y107.184 E5644.70328
G1 X189.648 Y105.812 E5644.82676
G1 X33.352 Y105.812 E5658.8934
G0 F7200 X33.352 Y106.112
G0 X34.038 Y106.498
;TYPE:WALL-INNER
G1 F3487.7 X188.962 Y106.498 E5676.8336
G10
;MESH:NONMESH
G0 F600 X188.962 Y106.498 Z8.8
G0 F7200 X33.732 Y106.195
G0 X33.516 Y105.812
;TIME_ELAPSED:1338.503801
;LAYER:56
;TYPE:WALL-OUTER
;MESH:glasses_holder1.stl
G11
G1 F2880 X33.516 Y107.184 E5676.95708
G1 X189.48 Y107.184 E5690.99384
G1 X189.48 Y105.812 E5691.11732
G1 X33.516 Y105.812 E5705.15408
G0 F7200 X33.516 Y106.112
G0 X34.202 Y106.498
;TYPE:WALL-INNER
G1 F3487.7 X188.794 Y106.498 E5723.05583
G10
;MESH:NONMESH
G0 F600 X188.794 Y106.498 Z8.95
G0 F7200 X33.899 Y106.195
G0 X33.688 Y105.812
;TIME_ELAPSED:1349.557374
;LAYER:57
;TYPE:WALL-OUTER
;MESH:glasses_holder1.stl
G11
G1 F2880 X33.688 Y107.184 E5723.17931
G1 X189.308 Y107.184 E5737.18511
G1 X189.308 Y105.812 E5737.30859
G1 X33.688 Y105.812 E5751.31439
G0 F7200 X33.688 Y106.112
G0 X34.374 Y106.498
;TYPE:WALL-INNER
G1 F3487.7 X188.622 Y106.498 E5769.17631
G10
;MESH:NONMESH
G0 F600 X188.622 Y106.498 Z9.1
G0 F7200 X34.07 Y106.195
G0 X33.892 Y105.812
;TIME_ELAPSED:1360.587926
;LAYER:58
;TYPE:WALL-OUTER
;MESH:glasses_holder1.stl
G11
G1 F2880 X33.892 Y107.184 E5769.29979
G1 X189.108 Y107.184 E5783.26923
G1 X189.108 Y105.812 E5783.39271
G1 X33.892 Y105.812 E5797.36215
G0 F7200 X33.892 Y106.112
G0 X34.578 Y106.498
;TYPE:WALL-INNER
G1 F3487.7 X188.422 Y106.498 E5815.17729
G10
;MESH:NONMESH
G0 F600 X188.422 Y106.498 Z9.25
G0 F7200 X34.272 Y106.195
G0 X34.1 Y105.812
;TIME_ELAPSED:1371.591365
;LAYER:59
;TYPE:WALL-OUTER
;MESH:glasses_holder1.stl
G11
G1 F2880 X34.1 Y107.184 E5815.30077
G1 X188.896 Y107.184 E5829.23241
G1 X188.896 Y105.812 E5829.35589
G1 X34.1 Y105.812 E5843.28753
G0 F7200 X34.1 Y106.112
G0 X34.786 Y106.498
;TYPE:WALL-INNER
G1 F3487.7 X188.21 Y106.498 E5861.05403
G10
;MESH:NONMESH
G0 F600 X188.21 Y106.498 Z9.4
G0 F7200 X34.482 Y106.195
G0 X34.348 Y105.812
;TIME_ELAPSED:1382.566701
;LAYER:60
;TYPE:WALL-OUTER
;MESH:glasses_holder1.stl
G11
G1 F2880 X34.348 Y107.184 E5861.17751
G1 X188.648 Y107.184 E5875.06451
G1 X188.648 Y105.812 E5875.18799
G1 X34.348 Y105.812 E5889.07499
G0 F7200 X34.348 Y106.112
G0 X35.034 Y106.498
;TYPE:WALL-INNER
G1 F3487.7 X187.962 Y106.498 E5906.78405
G10
;MESH:NONMESH
G0 F600 X187.962 Y106.498 Z9.55
G0 F7200 X34.731 Y106.195
G0 X34.632 Y105.812
;TIME_ELAPSED:1393.508863
;LAYER:61
;TYPE:WALL-OUTER
;MESH:glasses_holder1.stl
G11
G1 F2880 X34.632 Y107.184 E5906.90753
G1 X188.368 Y107.184 E5920.74377
G1 X188.368 Y105.812 E5920.86725
G1 X34.632 Y105.812 E5934.70349
G0 F7200 X34.632 Y106.112
G0 X35.318 Y106.498
;TYPE:WALL-INNER
G1 F3487.7 X187.682 Y106.498 E5952.34724
G10
;MESH:NONMESH
G0 F600 X187.682 Y106.498 Z9.7
G0 F7200 X34.952 Y106.225
G0 X34.952 Y105.812
;TIME_ELAPSED:1404.415190
;LAYER:62
;TYPE:WALL-OUTER
;MESH:glasses_holder1.stl
G11
G1 F2880 X34.952 Y107.184 E5952.47072
G1 X188.044 Y107.184 E5966.249
G1 X188.044 Y105.812 E5966.37248
G1 X34.952 Y105.812 E5980.15076
G0 F7200 X34.952 Y106.112
G0 X35.638 Y106.498
;TYPE:WALL-INNER
G1 F3487.7 X187.358 Y106.498 E5997.71994
G10
;MESH:NONMESH
G0 F600 X187.358 Y106.498 Z9.85
G0 F7200 X35.368 Y106.225
G0 X35.368 Y105.812
;TIME_ELAPSED:1415.277439
;LAYER:63
;TYPE:WALL-OUTER
;MESH:glasses_holder1.stl
G11
G1 F2880 X35.368 Y107.184 E5997.84342
G1 X187.628 Y107.184 E6011.54682
G1 X187.628 Y105.812 E6011.6703
G1 X35.368 Y105.812 E6025.3737
G0 F7200 X35.368 Y106.112
G0 X36.054 Y106.498
;TYPE:WALL-INNER
G1 F3487.7 X186.942 Y106.498 E6042.84653
G10
;MESH:NONMESH
G0 F600 X186.942 Y106.498 Z10
G0 F7200 X36 Y106.225
G0 X36 Y105.812
;TIME_ELAPSED:1426.081974
;LAYER:64
;TYPE:WALL-OUTER
;MESH:glasses_holder1.stl
G11
G1 F2880 X36 Y107.184 E6042.97001
G1 X186.996 Y107.184 E6056.55965
G1 X186.996 Y105.812 E6056.68313
G1 X36 Y105.812 E6070.27277
G0 F7200 X36 Y106.112
G0 X36.686 Y106.498
;TYPE:WALL-INNER
G1 F3487.7 X186.31 Y106.498 E6087.59922
;TIME_ELAPSED:1435.085102
G10
M107
;Version _2.6 of the firmware can abort the print too early if the file ends
;too soon. However if the file hasn't ended yet because there are comments at
;the end of the file, it won't abort yet. Therefore we have to put at least 512
;bytes at the end of the g-code so that the file is not yet finished by the
;time that the motion planner gets flushed. With firmware version _3.3 this
;should be fixed, so this comment wouldn't be necessary any more. Now we have
;to pad this text to make precisely 512 bytes.
M82 ;absolute extrusion mode
;End of Gcode
;SETTING_3 {"global_quality": "[general]\\nversion = 4\\nname = Normal #2\\ndefi
;SETTING_3 nition = ultimaker2_plus\\n\\n[metadata]\\ntype = quality_changes\\nq
;SETTING_3 uality_type = fast\\nsetting_version = 25\\n\\n[values]\\nadhesion_ty
;SETTING_3 pe = brim\\n\\n", "extruder_quality": ["[general]\\nversion = 4\\nnam
;SETTING_3 e = Normal #2\\ndefinition = ultimaker2_plus\\n\\n[metadata]\\ntype =
;SETTING_3  quality_changes\\nquality_type = fast\\nsetting_version = 25\\nposit
;SETTING_3 ion = 0\\n\\n[values]\\ninfill_pattern = trihexagon\\ninfill_sparse_d
;SETTING_3 ensity = 20\\nspeed_layer_0 = 29\\nspeed_print = 105.0\\nz_seam_type 
;SETTING_3 = shortest\\n\\n"]}
