;FLAVOR:UltiGCode
;TIME:438
;MATERIAL:635
;MATERIAL2:0
;NOZZLE_DIAMETER:0.4
;MINX:83.416
;MINY:87.41
;MINZ:0.27
;MAXX:139.593
;MAXY:135.582
;MAXZ:0.57
;TARGET_MACHINE.NAME:Ultimaker 2+
;Generated with Cura_SteamEngine 5.10.0
G0 F3000 Y50 ;avoid prime blob
M104 S230 ; Régler la température de l'extrudeur à 230°C
M140 S58 ; Régle la température du plateau à 58°C
M221 S100 ; Augmente le material flow de +0%
M82 ;absolute extrusion mode
G92 E0
G92 E0
G10
;LAYER_COUNT:4
;LAYER:0
M107
G0 F7200 X90.882 Y95.115 Z0.27
;TYPE:SKIRT
G11
G1 F1740 X91.391 Y94.66 E0.07373
G1 X92.387 Y93.815 E0.2148
G1 X93.308 Y93.128 E0.33889
G1 X93.835 Y92.757 E0.4085
G1 X94.85 Y92.087 E0.53984
G1 X95.571 Y91.643 E0.63129
G1 X96.139 Y91.316 E0.70208
G1 X96.906 Y90.906 E0.79601
G1 X97.866 Y90.435 E0.91149
G1 X99.212 Y89.839 E1.07047
G1 X100.289 Y89.414 E1.19552
G1 X101.614 Y88.95 E1.34714
G1 X102.238 Y88.755 E1.41774
G1 X103.121 Y88.506 E1.51683
G1 X104.42 Y88.189 E1.66124
G1 X105.237 Y88.02 E1.75134
G1 X106.238 Y87.843 E1.86113
G1 X107.285 Y87.691 E1.97539
G1 X108.704 Y87.537 E2.12954
G1 X109.45 Y87.48 E2.21034
G1 X110.536 Y87.429 E2.32776
G1 X111.638 Y87.41 E2.44679
G1 X113.258 Y87.464 E2.62185
G1 X114.247 Y87.522 E2.72885
G1 X115.991 Y87.724 E2.91846
G1 X116.906 Y87.86 E3.01836
G1 X117.64 Y87.991 E3.09889
G1 X118.481 Y88.167 E3.19168
G1 X119.374 Y88.371 E3.29061
G1 X120.14 Y88.573 E3.37617
G1 X120.798 Y88.765 E3.45019
G1 X121.956 Y89.139 E3.58162
G1 X122.691 Y89.397 E3.66575
G1 X123.77 Y89.818 E3.79084
G1 X124.658 Y90.204 E3.89541
G1 X125.597 Y90.652 E4.00777
G1 X126.417 Y91.077 E4.10752
G1 X127.37 Y91.603 E4.22508
G1 X127.929 Y91.939 E4.29552
G1 X128.628 Y92.382 E4.3849
G1 X129.438 Y92.936 E4.49088
G1 X130.015 Y93.358 E4.56808
G1 X130.831 Y94 E4.68022
G1 X131.753 Y94.779 E4.81058
G1 X132.703 Y95.673 E4.95146
G1 X133.567 Y96.556 E5.08489
G1 X134.269 Y97.373 E5.20122
G1 X134.918 Y98.17 E5.31222
G1 X135.421 Y98.856 E5.40409
G1 X136.297 Y100.154 E5.57322
G1 X136.931 Y101.236 E5.70865
G1 X137.915 Y103.255 E5.95123
G1 X138.408 Y104.592 E6.10513
G1 X138.839 Y105.969 E6.26096
G1 X139.071 Y106.909 E6.36552
G1 X139.266 Y107.812 E6.46529
G1 X139.457 Y109.216 E6.61832
G1 X139.517 Y109.869 E6.68914
G1 X139.564 Y110.598 E6.76804
G1 X139.593 Y111.734 E6.89077
G1 X139.546 Y112.834 E7.00968
G1 X139.489 Y113.522 E7.08423
G1 X139.364 Y114.569 E7.19811
G1 X139.019 Y116.377 E7.3969
G1 X138.665 Y117.631 E7.53763
G1 X138.275 Y118.81 E7.67174
G1 X137.965 Y119.586 E7.76199
G1 X137.627 Y120.367 E7.8539
G1 X136.979 Y121.681 E8.01213
G1 X136.095 Y123.17 E8.19915
G1 X135.697 Y123.767 E8.27664
G1 X134.784 Y124.995 E8.4419
G1 X134.012 Y125.946 E8.57419
G1 X133.237 Y126.783 E8.69738
G1 X132.716 Y127.317 E8.77796
G1 X132.001 Y127.991 E8.88408
G1 X130.984 Y128.871 E9.02933
G1 X129.999 Y129.652 E9.16509
G1 X128.923 Y130.416 E9.30761
G1 X128.03 Y131 E9.42285
G1 X126.701 Y131.784 E9.58949
G1 X125.466 Y132.408 E9.73893
G1 X124.601 Y132.81 E9.84195
G1 X122.765 Y133.587 E10.05726
G1 X121.443 Y134.033 E10.20794
G1 X120.392 Y134.35 E10.3265
G1 X118.997 Y134.716 E10.48226
G1 X118.172 Y134.896 E10.57346
G1 X117.056 Y135.105 E10.69608
G1 X115.693 Y135.312 E10.84497
G1 X114.667 Y135.431 E10.95652
G1 X114.002 Y135.49 E11.02862
G1 X113.244 Y135.537 E11.11065
G1 X111.619 Y135.582 E11.28621
G1 X110.979 Y135.581 E11.35533
G1 X109.682 Y135.529 E11.49552
G1 X108.82 Y135.476 E11.58879
G1 X107.564 Y135.357 E11.72505
G1 X105.943 Y135.12 E11.90198
G1 X104.771 Y134.889 E12.03099
G1 X103.798 Y134.669 E12.13873
G1 X102.393 Y134.294 E12.29578
G1 X100.88 Y133.811 E12.46731
G1 X100.015 Y133.491 E12.56691
G1 X99.419 Y133.253 E12.63622
G1 X98.48 Y132.85 E12.74658
G1 X97.337 Y132.318 E12.88274
G1 X96.594 Y131.933 E12.97312
G1 X95.019 Y131.034 E13.16898
G1 X94.145 Y130.466 E13.28155
G1 X93.514 Y130.026 E13.36463
G1 X92.269 Y129.086 E13.53311
G1 X91.723 Y128.635 E13.6096
G1 X91.041 Y128.035 E13.7077
G1 X90.58 Y127.605 E13.77578
G1 X89.883 Y126.903 E13.88262
G1 X89.208 Y126.176 E13.98976
G1 X88.594 Y125.463 E14.09139
G1 X87.851 Y124.526 E14.22054
G1 X87.407 Y123.908 E14.30272
G1 X86.928 Y123.196 E14.3954
G1 X86.451 Y122.428 E14.49304
G1 X86.092 Y121.791 E14.57201
G1 X85.564 Y120.769 E14.69624
G1 X85.242 Y120.085 E14.77789
G1 X84.678 Y118.69 E14.9404
G1 X84.228 Y117.275 E15.10076
G1 X84.006 Y116.394 E15.19888
G1 X83.779 Y115.353 E15.31395
G1 X83.62 Y114.367 E15.42182
G1 X83.533 Y113.681 E15.4965
G1 X83.45 Y112.662 E15.60691
G1 X83.416 Y111.638 E15.71757
G1 X83.421 Y110.875 E15.79997
G1 X83.468 Y109.903 E15.90507
G1 X83.657 Y108.254 E16.08433
G1 X83.886 Y107.108 E16.21054
G1 X84.148 Y105.999 E16.33361
G1 X84.46 Y104.986 E16.44809
G1 X84.719 Y104.211 E16.53634
G1 X84.959 Y103.603 E16.60693
G1 X85.311 Y102.775 E16.7041
G1 X85.622 Y102.11 E16.78339
G1 X85.976 Y101.428 E16.86638
G1 X86.701 Y100.158 E17.02431
G1 X87.347 Y99.176 E17.15126
G1 X87.751 Y98.614 E17.22601
G1 X88.564 Y97.572 E17.36875
G1 X89.077 Y96.973 E17.45392
G1 X89.816 Y96.169 E17.57186
G1 X90.412 Y95.569 E17.6632
G1 X90.882 Y95.115 E17.73377
G0 F7200 X91.149 Y95.413
G1 F1740 X91.65 Y94.965 E17.80636
G1 X92.626 Y94.136 E17.94466
G1 X93.539 Y93.455 E18.06767
G1 X94.055 Y93.091 E18.13587
G1 X95.06 Y92.428 E18.2659
G1 X95.771 Y91.99 E18.35609
G1 X96.328 Y91.669 E18.42552
G1 X97.082 Y91.265 E18.5179
G1 X98.028 Y90.801 E18.6317
G1 X99.359 Y90.211 E18.78894
G1 X100.421 Y89.792 E18.91224
G1 X101.734 Y89.332 E19.06249
G1 X102.346 Y89.14 E19.13176
G1 X103.216 Y88.895 E19.22938
G1 X104.501 Y88.581 E19.37224
G1 X105.307 Y88.414 E19.46114
G1 X106.296 Y88.239 E19.56961
G1 X107.328 Y88.089 E19.68224
G1 X108.734 Y87.936 E19.83498
G1 X109.469 Y87.88 E19.91459
G1 X110.543 Y87.829 E20.03072
G1 X111.625 Y87.81 E20.14759
G1 X113.235 Y87.863 E20.32156
G1 X114.201 Y87.919 E20.42607
G1 X115.932 Y88.12 E20.61427
G1 X116.836 Y88.254 E20.71297
G1 X117.558 Y88.382 E20.79216
G1 X118.392 Y88.557 E20.88419
G1 X119.272 Y88.758 E20.98168
G1 X120.028 Y88.957 E21.06611
G1 X120.675 Y89.146 E21.13891
G1 X121.823 Y89.516 E21.26917
G1 X122.546 Y89.77 E21.35193
G1 X123.611 Y90.185 E21.47538
G1 X124.486 Y90.565 E21.57841
G1 X125.413 Y91.007 E21.68932
G1 X126.224 Y91.427 E21.78796
G1 X127.164 Y91.946 E21.90392
G1 X127.715 Y92.277 E21.97334
G1 X128.402 Y92.712 E22.06116
G1 X129.202 Y93.259 E22.16583
G1 X129.768 Y93.672 E22.2415
G1 X130.573 Y94.306 E22.35216
G1 X131.495 Y95.085 E22.48252
G1 X132.417 Y95.953 E22.61928
G1 X133.281 Y96.836 E22.75271
G1 X133.959 Y97.625 E22.86506
G1 X134.595 Y98.407 E22.97392
G1 X135.098 Y99.093 E23.06579
G1 X135.952 Y100.356 E23.23045
G1 X136.586 Y101.438 E23.36589
G1 X137.54 Y103.393 E23.60083
G1 X138.026 Y104.711 E23.75254
G1 X138.457 Y106.088 E23.90837
G1 X138.68 Y106.993 E24.00903
G1 X138.875 Y107.896 E24.1088
G1 X139.059 Y109.253 E24.2567
G1 X139.118 Y109.895 E24.32633
G1 X139.164 Y110.608 E24.40349
G1 X139.193 Y111.717 E24.52331
G1 X139.147 Y112.801 E24.64048
G1 X139.092 Y113.475 E24.71352
G1 X138.971 Y114.494 E24.82434
G1 X138.634 Y116.268 E25.01936
G1 X138.285 Y117.505 E25.15817
G1 X137.895 Y118.684 E25.29229
G1 X137.598 Y119.427 E25.37871
G1 X137.268 Y120.19 E25.46849
G1 X136.62 Y121.504 E25.62672
G1 X135.762 Y122.948 E25.80812
G1 X135.376 Y123.528 E25.88337
G1 X134.473 Y124.743 E26.04686
G1 X133.718 Y125.674 E26.17632
G1 X132.943 Y126.511 E26.29951
G1 X132.441 Y127.026 E26.37718
G1 X131.739 Y127.689 E26.48147
G1 X130.735 Y128.558 E26.62487
G1 X129.768 Y129.326 E26.75824
G1 X128.704 Y130.081 E26.89914
G1 X127.827 Y130.655 E27.01234
G1 X126.498 Y131.439 E27.17899
G1 X125.297 Y132.045 E27.32427
G1 X124.445 Y132.442 E27.42579
G1 X122.637 Y133.208 E27.63785
G1 X121.328 Y133.65 E27.78707
G1 X120.29 Y133.963 E27.90416
G1 X118.912 Y134.325 E28.05803
G1 X118.098 Y134.503 E28.14802
G1 X116.996 Y134.71 E28.26912
G1 X115.647 Y134.915 E28.41648
G1 X114.632 Y135.033 E28.52684
G1 X113.977 Y135.091 E28.59786
G1 X113.233 Y135.137 E28.67836
G1 X111.62 Y135.182 E28.85264
G1 X110.995 Y135.181 E28.92014
G1 X109.706 Y135.13 E29.05946
G1 X108.858 Y135.078 E29.15121
G1 X107.622 Y134.961 E29.2853
G1 X106.001 Y134.724 E29.46223
G1 X104.859 Y134.499 E29.58793
G1 X103.901 Y134.283 E29.69399
G1 X102.515 Y133.913 E29.84892
G1 X101.019 Y133.436 E30.01851
G1 X100.163 Y133.12 E30.11705
G1 X99.577 Y132.886 E30.1852
G1 X98.649 Y132.487 E30.2943
G1 X97.521 Y131.963 E30.42862
G1 X96.792 Y131.586 E30.51726
G1 X95.237 Y130.699 E30.7106
G1 X94.374 Y130.138 E30.82177
G1 X93.755 Y129.707 E30.90323
G1 X92.524 Y128.778 E31.06979
G1 X91.987 Y128.334 E31.14504
G1 X91.314 Y127.743 E31.24177
G1 X90.864 Y127.323 E31.30825
G1 X90.176 Y126.631 E31.41364
G1 X89.511 Y125.915 E31.51917
G1 X88.907 Y125.214 E31.61911
G1 X88.176 Y124.292 E31.74618
G1 X87.739 Y123.685 E31.82696
G1 X87.268 Y122.985 E31.91808
G1 X86.799 Y122.231 E32.01398
G1 X86.447 Y121.608 E32.09126
G1 X85.926 Y120.598 E32.214
G1 X85.613 Y119.935 E32.29318
G1 X85.049 Y118.54 E32.45569
G1 X84.616 Y117.177 E32.61014
G1 X84.397 Y116.309 E32.70682
G1 X84.174 Y115.289 E32.81959
G1 X84.017 Y114.317 E32.92592
G1 X83.932 Y113.648 E32.99876
G1 X83.85 Y112.649 E33.10701
G1 X83.816 Y111.641 E33.21594
G1 X83.821 Y110.894 E33.29661
G1 X83.868 Y109.922 E33.40171
G1 X84.049 Y108.332 E33.57454
G1 X84.275 Y107.2 E33.69921
G1 X84.53 Y106.117 E33.81937
G1 X84.839 Y105.113 E33.93282
G1 X85.091 Y104.358 E34.01879
G1 X85.327 Y103.759 E34.08832
G1 X85.673 Y102.944 E34.18394
G1 X85.977 Y102.294 E34.26144
G1 X86.323 Y101.626 E34.34269
G1 X87.035 Y100.378 E34.49786
G1 X87.672 Y99.409 E34.6231
G1 X88.066 Y98.86 E34.69608
G1 X88.868 Y97.832 E34.8369
G1 X89.371 Y97.244 E34.92047
G1 X90.1 Y96.451 E35.0368
G1 X90.69 Y95.857 E35.12722
G1 X91.149 Y95.413 E35.19619
;MESH:Protect_badge_Dessus.STL
G0 F7200 X92.924 Y97.283
G0 X93.52 Y97.947
;TYPE:WALL-OUTER
G1 F1740 X92.978 Y98.466 E35.28534
G1 X92.224 Y99.251 E35.41465
G1 X91.678 Y99.881 E35.51369
G1 X90.996 Y100.725 E35.6426
G1 X90.379 Y101.604 E35.77018
G1 X89.867 Y102.405 E35.88312
G1 X89.414 Y103.184 E35.99018
G1 X88.886 Y104.271 E36.13374
G1 X88.408 Y105.391 E36.27841
G1 X88.068 Y106.416 E36.4067
G1 X87.768 Y107.458 E36.53552
G1 X87.55 Y108.539 E36.66653
G1 X87.399 Y109.568 E36.79008
G1 X87.318 Y110.49 E36.90004
G1 F1851.4 X87.27 Y111.214 E36.9815
G1 X87.498 Y110.691 E37.04555
G1 F1740 X88.055 Y110.291 E37.12702
G1 X88.537 Y110.216 E37.18497
G1 X88.993 Y110.309 E37.24025
G1 X89.561 Y110.753 E37.3259
G1 F1789.1 X89.717 Y111.192 E37.37987
G1 X89.856 Y110.421 E37.47061
G1 F1740 X90.069 Y109.867 E37.54112
G1 X90.565 Y109.06 E37.65366
G1 X91.04 Y108.564 E37.73524
G1 X91.709 Y108.09 E37.83265
G1 X92.233 Y107.848 E37.90122
G1 X93.312 Y107.608 E38.03254
G1 X93.94 Y107.613 E38.10714
G1 X94.719 Y107.756 E38.20124
G1 X95.287 Y107.975 E38.27356
G1 X95.914 Y108.351 E38.36041
G1 X96.337 Y108.709 E38.42624
G1 X96.851 Y109.328 E38.52183
G1 X97.148 Y109.858 E38.59401
G1 X97.364 Y110.437 E38.66742
G1 X97.506 Y111.316 E38.7732
G1 X97.463 Y112.283 E38.88819
G1 X97.121 Y113.201 E39.00457
G1 X96.577 Y114.035 E39.12287
G1 X96.116 Y114.491 E39.1999
G1 X95.518 Y114.905 E39.28631
G1 X94.424 Y115.315 E39.4251
G1 X93.424 Y115.398 E39.54431
G1 X92.398 Y115.209 E39.66825
G1 X91.777 Y114.943 E39.74851
G1 X91.128 Y114.508 E39.84133
G1 X90.632 Y114.02 E39.92399
G1 X90.224 Y113.44 E40.00823
G1 X89.983 Y112.944 E40.07375
G1 F1730.5 X89.69 Y111.972 E40.19495
G1 X89.391 Y112.43 E40.26026
G1 F1740 X89.095 Y112.643 E40.30358
G1 X88.613 Y112.79 E40.36345
G1 X87.957 Y112.664 E40.4428
G1 X87.659 Y112.474 E40.48479
G1 F1749.6 X87.372 Y112.117 E40.53893
G1 F1900.8 X87.264 Y111.759 E40.57992
G1 F1889.6 X87.395 Y113.452 E40.76702
G1 F1740 X87.593 Y114.691 E40.91608
G1 X87.81 Y115.702 E41.03892
G1 X88.23 Y117.114 E41.21393
G1 X88.827 Y118.63 E41.40749
G1 X89.362 Y119.695 E41.54908
G1 X89.674 Y120.264 E41.62618
G1 X90.133 Y121.027 E41.73196
G1 X90.81 Y122.014 E41.87415
G1 X91.341 Y122.707 E41.97786
G1 X91.864 Y123.341 E42.0755
G1 X92.311 Y123.835 E42.15465
G1 X93.081 Y124.629 E42.28605
G1 X93.603 Y125.124 E42.37151
G1 X94.298 Y125.735 E42.48145
G1 X94.856 Y126.19 E42.56698
G1 X95.622 Y126.769 E42.68105
G1 X96.602 Y127.444 E42.82242
G1 X97.435 Y127.96 E42.93883
G1 X98.041 Y128.308 E43.02185
G1 X98.975 Y128.801 E43.14732
G1 X99.677 Y129.142 E43.24003
G1 X100.495 Y129.507 E43.34645
G1 X101.496 Y129.909 E43.4746
G1 X102.417 Y130.242 E43.59095
G1 X103.238 Y130.5 E43.69318
G1 X103.957 Y130.704 E43.78197
G1 X104.831 Y130.929 E43.88919
G1 X105.701 Y131.12 E43.99501
G1 X106.683 Y131.306 E44.11374
G1 X107.389 Y131.417 E44.19864
G1 X108.58 Y131.568 E44.34127
G1 X109.79 Y131.656 E44.4854
G1 X110.505 Y131.692 E44.57045
G1 F1675.3 X110.972 Y131.683 E44.62788
G1 X110.59 Y131.415 E44.68525
G1 F1740 X110.377 Y131.138 E44.72677
G1 X110.229 Y130.705 E44.78113
G1 X110.29 Y130.062 E44.85786
G1 X110.632 Y129.549 E44.93111
G1 X111.124 Y129.265 E44.99859
G1 X111.44 Y129.208 E45.03674
G1 X112.081 Y129.346 E45.11464
G1 X112.505 Y129.696 E45.17995
G1 X112.764 Y130.275 E45.25531
G1 X112.735 Y130.859 E45.32477
G1 X112.462 Y131.358 E45.39234
G1 X112.16 Y131.597 E45.4381
G1 F1895.2 X111.626 Y131.745 E45.49899
G1 X113.266 Y131.656 E45.67947
G1 F1740 X114.082 Y131.593 E45.7767
G1 X114.82 Y131.517 E45.86484
G1 X115.897 Y131.37 E45.99398
G1 X116.883 Y131.203 E46.11278
G1 X117.768 Y131.02 E46.22014
G1 X118.86 Y130.76 E46.3535
G1 X119.805 Y130.488 E46.47032
G1 X120.603 Y130.23 E46.56996
G1 X121.29 Y129.988 E46.65649
G1 X121.91 Y129.75 E46.73538
G1 X123.113 Y129.241 E46.89057
G1 X123.691 Y128.968 E46.96651
G1 X124.811 Y128.396 E47.11591
G1 X126.101 Y127.634 E47.2939
G1 X126.882 Y127.115 E47.4053
G1 X127.513 Y126.666 E47.49731
G1 X128.271 Y126.091 E47.61034
G1 X128.964 Y125.509 E47.71785
G1 X129.769 Y124.775 E47.84727
G1 X130.522 Y124.014 E47.97445
G1 X131.132 Y123.34 E48.08245
G1 X131.786 Y122.552 E48.2041
G1 X132.467 Y121.622 E48.34104
G1 X132.97 Y120.85 E48.4505
G1 X133.445 Y120.046 E48.56144
G1 X133.872 Y119.235 E48.67033
G1 X134.355 Y118.19 E48.80709
G1 X134.739 Y117.166 E48.93702
G1 X135.055 Y116.184 E49.05957
G1 X135.268 Y115.335 E49.16356
G1 X135.446 Y114.457 E49.26999
G1 X135.597 Y113.428 E49.39354
G1 X135.676 Y112.535 E49.50004
G1 F1779.1 X135.707 Y111.915 E49.57232
G1 X135.528 Y112.273 E49.61892
G1 F1740 X135.141 Y112.612 E49.68004
G1 X134.524 Y112.781 E49.75604
G1 X133.941 Y112.659 E49.8268
G1 X133.493 Y112.307 E49.89448
G1 X133.261 Y111.862 E49.9541
G1 X133.208 Y111.535 E49.99346
G1 X133.274 Y111.088 E50.04713
G1 X133.624 Y110.554 E50.12299
G1 X134.017 Y110.304 E50.17832
G1 X134.537 Y110.213 E50.24104
G1 X135.129 Y110.379 E50.31408
G1 X135.502 Y110.692 E50.37192
G1 F1809.4 X135.72 Y111.192 E50.43446
G1 X135.656 Y110.141 E50.55517
G1 F1740 X135.567 Y109.316 E50.65375
G1 X135.407 Y108.295 E50.77652
G1 X135.106 Y107.016 E50.93262
G1 X134.838 Y106.1 E51.046
G1 X134.454 Y105.07 E51.17659
G1 X134.038 Y104.089 E51.30318
G1 X133.556 Y103.152 E51.42836
G1 X133.171 Y102.474 E51.52099
G1 X132.839 Y101.937 E51.59599
G1 X132.479 Y101.398 E51.67299
G1 X132.095 Y100.864 E51.75113
G1 X131.579 Y100.197 E51.85132
G1 X131.168 Y99.699 E51.92802
G1 X130.557 Y99.021 E52.03645
G1 X130.058 Y98.506 E52.12164
G1 X129.539 Y98.003 E52.20751
G1 X128.965 Y97.488 E52.29912
G1 X128.223 Y96.873 E52.41361
G1 X127.267 Y96.139 E52.5568
G1 X126.045 Y95.326 E52.73117
G1 X124.808 Y94.6 E52.90156
G1 X123.648 Y94.009 E53.05623
G1 X122.811 Y93.624 E53.16568
G1 X121.846 Y93.223 E53.28982
G1 X121.02 Y92.913 E53.39463
G1 X120.167 Y92.623 E53.50167
G1 X119.246 Y92.349 E53.61582
G1 X118.121 Y92.059 E53.75384
G1 X117.224 Y91.86 E53.86299
G1 X116.004 Y91.634 E54.0104
G1 X115.139 Y91.519 E54.11406
G1 X113.891 Y91.38 E54.26324
G1 F1804.3 X111.817 Y91.28 E54.5019
G1 X112.235 Y91.446 E54.5536
G1 F1740 X112.622 Y91.873 E54.62206
G1 X112.772 Y92.309 E54.67684
G1 X112.687 Y92.996 E54.75907
G1 X112.471 Y93.342 E54.80753
G1 X111.937 Y93.712 E54.88471
G1 X111.3 Y93.775 E54.96075
G1 X110.951 Y93.665 E55.00423
G1 X110.479 Y93.288 E55.07599
G1 X110.261 Y92.858 E55.13326
G1 X110.236 Y92.25 E55.20556
G1 X110.4 Y91.824 E55.25979
G1 X110.601 Y91.573 E55.29799
G1 F1759.3 X111.073 Y91.288 E55.36283
G1 X110.082 Y91.324 E55.47947
G1 F1740 X109.323 Y91.373 E55.56982
G1 X108.482 Y91.446 E55.67011
G1 X107.334 Y91.59 E55.80756
G1 X106.391 Y91.741 E55.92102
G1 X105.701 Y91.876 E56.00454
G1 X105.01 Y92.027 E56.08857
G1 X104.352 Y92.188 E56.16905
G1 X103.667 Y92.369 E56.25322
G1 X103.016 Y92.563 E56.33392
G1 X102.163 Y92.845 E56.44065
G1 X101.13 Y93.231 E56.57166
G1 X100.122 Y93.651 E56.70139
G1 X99.148 Y94.108 E56.8292
G1 X98.582 Y94.393 E56.90448
G1 X97.676 Y94.898 E57.02771
G1 X96.979 Y95.314 E57.12414
G1 X96.267 Y95.781 E57.2253
G1 X95.51 Y96.302 E57.33447
G1 X94.762 Y96.88 E57.44677
G1 X94.043 Y97.48 E57.55802
G1 X93.52 Y97.947 E57.64132
G0 F7200 X93.376 Y98.085
G10
G0 X101.773 Y103.992
G11
G1 F1740 X102.208 Y103.453 E57.7236
G1 X102.644 Y102.976 E57.80038
G1 X103.261 Y102.38 E57.90229
G1 X103.747 Y101.96 E57.9786
G1 X104.434 Y101.44 E58.08096
G1 X105.059 Y101.031 E58.16969
G1 X105.612 Y100.71 E58.24566
G1 X106.182 Y100.416 E58.32185
G1 X107.294 Y99.94 E58.46555
G1 X108.68 Y99.521 E58.63756
G1 X109.662 Y99.345 E58.75609
G1 X110.307 Y99.264 E58.83331
G1 X111.162 Y99.212 E58.93507
G1 X111.943 Y99.216 E59.02786
G1 X112.939 Y99.282 E59.14644
G1 X114.376 Y99.532 E59.31972
G1 X115.606 Y99.913 E59.4727
G1 X116.381 Y100.218 E59.57164
G1 X117.18 Y100.59 E59.67634
G1 X118.112 Y101.128 E59.80419
G1 X119.046 Y101.787 E59.93999
G1 X119.723 Y102.364 E60.04566
G1 X120.319 Y102.94 E60.14413
G1 X120.776 Y103.434 E60.22408
G1 X121.456 Y104.274 E60.35247
G1 X121.97 Y105.06 E60.46404
G1 X122.435 Y105.869 E60.5749
G1 X122.847 Y106.779 E60.69357
G1 X123.079 Y107.379 E60.76999
G1 X123.338 Y108.195 E60.8717
G1 X123.538 Y108.99 E60.96909
G1 X123.72 Y110.081 E61.10049
G1 X123.8 Y111.614 E61.28286
G1 X123.727 Y112.715 E61.41394
G1 X123.571 Y113.86 E61.55123
G1 X123.294 Y114.981 E61.68841
G1 X122.945 Y116 E61.81637
G1 X122.45 Y117.104 E61.9601
G1 X121.988 Y117.906 E62.07006
G1 X121.494 Y118.664 E62.17754
G1 X120.925 Y119.386 E62.28675
G1 X120.149 Y120.247 E62.42445
G1 X119.253 Y121.035 E62.56621
G1 X118.564 Y121.554 E62.66868
G1 X118.03 Y121.913 E62.74513
G1 X117.478 Y122.237 E62.82117
G1 X116.906 Y122.539 E62.89801
G1 X116.22 Y122.847 E62.98734
G1 X115.617 Y123.079 E63.0641
G1 X114.551 Y123.417 E63.19695
G1 X113.553 Y123.614 E63.3178
G1 X112.906 Y123.708 E63.39547
G1 X112.17 Y123.772 E63.48324
G1 X111.082 Y123.781 E63.6125
G1 X110.282 Y123.727 E63.70775
G1 X109.473 Y123.621 E63.80469
G1 X108.488 Y123.428 E63.92393
G1 X107.676 Y123.176 E64.02493
G1 X106.824 Y122.864 E64.13272
G1 X106.224 Y122.602 E64.2105
G1 X105.33 Y122.143 E64.32989
G1 X104.332 Y121.494 E64.47132
G1 X103.615 Y120.93 E64.57969
G1 X102.859 Y120.258 E64.69986
G1 X102.099 Y119.417 E64.83452
G1 X101.687 Y118.898 E64.91324
G1 X101.087 Y118.029 E65.0387
G1 X100.705 Y117.374 E65.12878
G1 X100.274 Y116.512 E65.24327
G1 X99.912 Y115.627 E65.35686
G1 X99.657 Y114.797 E65.46002
G1 X99.462 Y114.006 E65.5568
G1 X99.3 Y113.046 E65.67246
G1 X99.224 Y112.17 E65.77692
G1 X99.216 Y111.066 E65.90808
G1 X99.269 Y110.281 E66.00155
G1 X99.425 Y109.135 E66.13895
G1 X99.724 Y107.943 E66.28495
G1 X100.137 Y106.814 E66.42777
G1 X100.55 Y105.888 E66.54822
G1 X101.007 Y105.095 E66.65695
G1 X101.516 Y104.31 E66.7681
G1 X101.773 Y103.992 E66.81667
G0 F7200 X101.898 Y103.837
G10
G0 X89.749 Y111.282
G11
G1 F1814.6 X89.716 Y111.933 E66.89121
G0 F7200 X87.264 Y111.759
G1 F2019.7 X87.27 Y111.214 E66.9477
G10
G0 F7200 X111.073 Y91.288
G11
G1 F1917.8 X111.732 Y91.262 E67.01939
G10
G0 F7200 X135.746 Y111.329
G11
G1 F1935.1 X135.707 Y111.915 E67.08271
G10
G0 F7200 X111.626 Y131.745
G11
G1 F1819.8 X110.972 Y131.683 E67.15763
G0 F7200 X110 Y131.266
;TYPE:WALL-INNER
G1 F1740 X109.848 Y130.827 E67.2053
G1 X109.862 Y130.117 E67.27816
G1 X109.95 Y129.851 E67.3069
G1 X110.329 Y129.288 E67.37653
G1 X110.981 Y128.891 E67.45485
G1 X111.471 Y128.805 E67.5059
G1 X112.22 Y128.97 E67.58459
G1 X112.834 Y129.447 E67.66436
G1 X113.14 Y130.138 E67.7419
G1 X113.155 Y130.797 E67.80953
G1 X112.97 Y131.27 E67.86164
G1 X114.042 Y131.195 E67.97189
G1 X114.766 Y131.121 E68.04656
G1 X115.882 Y130.967 E68.16215
G1 X116.809 Y130.81 E68.25861
G1 X117.681 Y130.63 E68.34997
G1 X118.419 Y130.453 E68.42783
G1 X119.041 Y130.292 E68.49375
G1 X119.689 Y130.106 E68.56292
G1 X120.522 Y129.835 E68.6528
G1 X121.152 Y129.612 E68.72137
G1 X121.762 Y129.378 E68.7884
G1 X122.948 Y128.877 E68.92049
G1 X123.515 Y128.609 E68.98484
G1 X124.622 Y128.043 E69.1124
G1 X125.887 Y127.296 E69.26313
G1 X126.655 Y126.785 E69.35778
G1 X127.276 Y126.344 E69.43592
G1 X128.021 Y125.779 E69.53186
G1 X128.7 Y125.208 E69.62288
G1 X129.492 Y124.486 E69.73284
G1 X130.232 Y123.739 E69.84072
G1 X130.83 Y123.078 E69.93217
G1 X131.47 Y122.306 E70.03506
G1 X132.138 Y121.394 E70.15104
G1 X132.63 Y120.639 E70.2435
G1 X133.095 Y119.851 E70.33738
G1 X133.513 Y119.058 E70.42935
G1 X133.985 Y118.036 E70.54485
G1 X134.361 Y117.034 E70.65466
G1 X134.67 Y116.074 E70.75813
G1 X134.878 Y115.247 E70.84562
G1 X135.052 Y114.389 E70.93545
G1 X135.255 Y112.996 E71.07988
G1 X134.746 Y113.156 E71.13462
G1 X134.446 Y113.173 E71.16545
G1 X133.775 Y113.023 E71.23599
G1 X133.174 Y112.572 E71.31309
G1 X132.869 Y111.946 E71.38453
G1 X132.808 Y111.519 E71.42879
G1 X132.906 Y110.897 E71.49339
G1 X133.346 Y110.253 E71.57341
G1 X133.811 Y109.961 E71.62975
G1 X134.378 Y109.817 E71.68977
G1 X134.633 Y109.825 E71.71595
G1 X135.238 Y109.997 E71.78048
G1 X135.172 Y109.377 E71.84445
G1 X135.014 Y108.371 E71.94893
G1 X134.719 Y107.118 E72.08101
G1 X134.458 Y106.226 E72.17636
G1 X134.082 Y105.218 E72.28674
G1 X133.676 Y104.259 E72.39359
G1 X133.204 Y103.342 E72.49941
G1 X132.827 Y102.678 E72.57775
G1 X132.503 Y102.153 E72.64105
G1 X132.15 Y101.626 E72.70612
G1 X131.775 Y101.103 E72.77215
G1 X131.267 Y100.447 E72.85728
G1 X130.865 Y99.96 E72.92207
G1 X130.265 Y99.294 E73.01404
G1 X129.775 Y98.789 E73.08624
G1 X129.266 Y98.295 E73.15901
G1 X128.704 Y97.791 E73.23646
G1 X127.906 Y97.133 E73.34258
G1 X127.034 Y96.465 E73.45528
G1 X125.833 Y95.665 E73.60334
G1 X124.612 Y94.949 E73.74857
G1 X123.474 Y94.369 E73.87961
G1 X122.651 Y93.99 E73.97258
G1 X121.699 Y93.595 E74.07833
G1 X120.886 Y93.29 E74.16742
G1 X120.045 Y93.004 E74.25856
G1 X119.139 Y92.735 E74.35552
G1 X118.028 Y92.448 E74.47325
G1 X117.144 Y92.252 E74.56616
G1 X115.941 Y92.029 E74.69169
G1 X115.072 Y91.915 E74.78161
G1 X113.859 Y91.779 E74.90684
G1 X112.998 Y91.734 E74.9953
G1 X113.17 Y92.351 E75.06102
G1 X113.085 Y93.1 E75.13836
G1 X112.746 Y93.656 E75.20517
G1 X112.039 Y94.116 E75.29171
G1 X111.293 Y94.176 E75.3685
G1 X110.773 Y94.037 E75.42373
G1 X110.159 Y93.528 E75.50555
G1 X109.863 Y92.901 E75.57669
G1 X109.836 Y92.232 E75.64539
G1 X110.005 Y91.73 E75.69973
G1 X109.357 Y91.771 E75.76635
G1 X108.531 Y91.843 E75.85142
G1 X107.397 Y91.985 E75.96868
G1 X106.461 Y92.135 E76.06594
G1 X105.782 Y92.268 E76.13692
G1 X105.1 Y92.417 E76.20855
G1 X104.454 Y92.575 E76.27678
G1 X103.775 Y92.754 E76.34883
G1 X103.085 Y92.961 E76.42274
G1 X102.227 Y93.248 E76.51556
G1 X101.277 Y93.603 E76.61962
G1 X100.284 Y94.017 E76.73
G1 X98.979 Y94.631 E76.87797
G1 X97.876 Y95.244 E77.00744
G1 X97.191 Y95.653 E77.0893
G1 X96.493 Y96.111 E77.17495
G1 X95.746 Y96.625 E77.26799
G1 X95.012 Y97.192 E77.36315
G1 X94.305 Y97.783 E77.45769
G1 X93.792 Y98.241 E77.52825
G1 X93.26 Y98.749 E77.60372
G1 X92.52 Y99.521 E77.71344
G1 X91.985 Y100.138 E77.79723
G1 X91.316 Y100.966 E77.90644
G1 X90.711 Y101.827 E78.01441
G1 X90.046 Y102.868 E78.14115
G1 X89.608 Y103.7 E78.23762
G1 X89.25 Y104.437 E78.32168
G1 X88.782 Y105.533 E78.44396
G1 X88.45 Y106.534 E78.55216
G1 X88.155 Y107.56 E78.66169
G1 X87.944 Y108.607 E78.77128
G1 X87.739 Y110.001 E78.91584
G1 X87.981 Y109.898 E78.94282
G1 X88.617 Y109.824 E79.00852
G1 X89.195 Y109.959 E79.06941
G1 X89.513 Y110.196 E79.11011
G1 X89.728 Y109.658 E79.16955
G1 X90.257 Y108.805 E79.27253
G1 X90.76 Y108.273 E79.34765
G1 X91.496 Y107.752 E79.44017
G1 X92.092 Y107.474 E79.50764
G1 X93.266 Y107.21 E79.6311
G1 X93.977 Y107.212 E79.70405
G1 X94.837 Y107.374 E79.79384
G1 X95.443 Y107.607 E79.86045
G1 X96.138 Y108.016 E79.94319
G1 X96.617 Y108.423 E80.00768
G1 X97.195 Y109.116 E80.10027
G1 X97.523 Y109.718 E80.17061
G1 X97.746 Y110.32 E80.23647
G1 X97.911 Y111.314 E80.33985
G1 X97.859 Y112.365 E80.44782
G1 X97.493 Y113.363 E80.55688
G1 X96.91 Y114.267 E80.66725
G1 X96.371 Y114.799 E80.74495
G1 X95.688 Y115.272 E80.83019
G1 X94.492 Y115.713 E80.96097
G1 X93.397 Y115.796 E81.07364
G1 X92.306 Y115.604 E81.1873
G1 X91.601 Y115.307 E81.26579
G1 X90.89 Y114.834 E81.3534
G1 X90.336 Y114.294 E81.43278
G1 X89.882 Y113.647 E81.51387
G1 X89.528 Y112.824 E81.60579
G1 X89.276 Y113 E81.63733
G1 X88.742 Y113.169 E81.6948
G1 X87.959 Y113.085 E81.77559
G1 X87.728 Y112.998 E81.80092
G1 X87.986 Y114.617 E81.96913
G1 X88.198 Y115.603 E82.0726
G1 X88.608 Y116.984 E82.2204
G1 X89.193 Y118.466 E82.38388
G1 X89.716 Y119.509 E82.50359
G1 X90.021 Y120.064 E82.56856
G1 X90.469 Y120.811 E82.65793
G1 X91.134 Y121.779 E82.77843
G1 X91.654 Y122.458 E82.86617
G1 X92.167 Y123.079 E82.94882
G1 X92.603 Y123.561 E83.0155
G1 X93.362 Y124.344 E83.12738
G1 X93.873 Y124.828 E83.1996
G1 X94.556 Y125.43 E83.29301
G1 X95.103 Y125.876 E83.36542
G1 X95.856 Y126.445 E83.46226
G1 X96.821 Y127.109 E83.58244
G1 X97.64 Y127.616 E83.68127
G1 X98.234 Y127.958 E83.75159
G1 X99.156 Y128.444 E83.85853
G1 X99.906 Y128.807 E83.94401
G1 X100.651 Y129.139 E84.0277
G1 X101.638 Y129.535 E84.13681
G1 X102.545 Y129.863 E84.23577
G1 X103.353 Y130.117 E84.32267
G1 X104.01 Y130.304 E84.39275
G1 X104.924 Y130.54 E84.4896
G1 X105.781 Y130.728 E84.57962
G1 X106.751 Y130.912 E84.68092
G1 X107.445 Y131.021 E84.753
G1 X108.62 Y131.17 E84.87452
G1 X110 Y131.266 E85.01645
G10
G0 F7200 X110.267 Y124.127
G11
G1 F1740 X109.397 Y124.014 E85.10646
G1 X108.4 Y123.818 E85.21071
G1 X107.558 Y123.558 E85.30112
G1 X106.664 Y123.231 E85.39879
G1 X106.063 Y122.969 E85.46606
G1 X105.109 Y122.476 E85.57624
G1 X104.129 Y121.84 E85.6961
G1 X103.349 Y121.229 E85.79776
G1 X102.546 Y120.51 E85.90835
G1 X101.786 Y119.666 E86.02488
G1 X101.358 Y119.126 E86.09557
G1 X100.759 Y118.26 E86.20361
G1 X100.365 Y117.587 E86.28362
G1 X99.904 Y116.664 E86.38948
G1 X99.53 Y115.745 E86.49127
G1 X99.269 Y114.893 E86.5827
G1 X99.068 Y114.073 E86.66932
G1 X98.908 Y113.129 E86.76756
G1 X98.826 Y112.204 E86.86283
G1 X98.817 Y111.039 E86.98237
G1 X98.869 Y110.267 E87.06175
G1 X99.037 Y109.039 E87.18892
G1 X99.348 Y107.806 E87.31939
G1 X99.771 Y106.652 E87.44549
G1 X100.184 Y105.726 E87.54952
G1 X100.671 Y104.878 E87.64985
G1 X101.204 Y104.059 E87.75011
G1 X101.461 Y103.741 E87.79206
G1 X101.896 Y103.202 E87.86312
G1 X102.366 Y102.688 E87.93458
G1 X102.979 Y102.095 E88.02209
G1 X103.505 Y101.641 E88.09338
G1 X104.214 Y101.106 E88.18451
G1 X104.858 Y100.685 E88.26345
G1 X105.429 Y100.354 E88.33117
G1 X106.004 Y100.058 E88.39752
G1 X107.178 Y99.557 E88.52848
G1 X108.586 Y99.132 E88.67938
G1 X109.612 Y98.948 E88.78633
G1 X110.244 Y98.868 E88.85169
G1 X111.122 Y98.813 E88.94195
G1 X111.969 Y98.817 E89.02885
G1 X113.007 Y98.888 E89.1356
G1 X114.458 Y99.14 E89.2867
G1 X115.71 Y99.526 E89.42112
G1 X116.549 Y99.855 E89.51358
G1 X117.369 Y100.237 E89.6064
G1 X118.319 Y100.785 E89.71892
G1 X119.266 Y101.451 E89.8377
G1 X119.973 Y102.05 E89.93278
G1 X120.613 Y102.668 E90.02406
G1 X121.066 Y103.157 E90.09245
G1 X121.791 Y104.055 E90.21086
G1 X122.3 Y104.833 E90.30625
G1 X122.775 Y105.656 E90.40375
G1 X123.22 Y106.635 E90.51408
G1 X123.454 Y107.238 E90.58044
G1 X123.719 Y108.07 E90.67003
G1 X123.932 Y108.924 E90.76034
G1 X124.117 Y110.025 E90.87488
G1 X124.2 Y111.568 E91.03342
G1 X124.123 Y112.769 E91.1569
G1 X123.969 Y113.909 E91.27493
G1 X123.672 Y115.111 E91.40196
G1 X123.321 Y116.136 E91.51312
G1 X122.824 Y117.25 E91.63828
G1 X122.341 Y118.096 E91.73823
G1 X121.808 Y118.911 E91.83814
G1 X121.222 Y119.654 E91.93523
G1 X120.442 Y120.519 E92.05473
G1 X119.517 Y121.335 E92.18129
G1 X118.812 Y121.869 E92.27203
G1 X118.233 Y122.258 E92.34359
G1 X117.665 Y122.591 E92.41115
G1 X117.105 Y122.887 E92.47614
G1 X116.395 Y123.208 E92.55608
G1 X115.738 Y123.46 E92.62828
G1 X114.689 Y123.794 E92.74123
G1 X113.641 Y124.005 E92.85091
G1 X112.94 Y124.106 E92.92358
G1 X112.157 Y124.172 E93.0042
G1 X111.085 Y124.181 E93.11419
G1 X110.267 Y124.127 E93.1983
G0 F7200 X110.246 Y124.444
;TYPE:SKIN
G1 F1680 X110.181 Y124.439 E93.20465
G1 X109.346 Y124.329 E93.28674
G1 X108.353 Y124.136 E93.38534
G1 X107.455 Y123.86 E93.47691
G1 X106.589 Y123.544 E93.56676
G1 X105.923 Y123.258 E93.63741
G1 X104.926 Y122.74 E93.74692
G1 X103.885 Y122.059 E93.86817
G1 X103.171 Y121.494 E93.95692
G1 X102.315 Y120.734 E94.06849
G1 X101.546 Y119.88 E94.18051
G1 X101.091 Y119.302 E94.2522
G1 X100.491 Y118.433 E94.35513
G1 X100.069 Y117.71 E94.43673
G1 X99.602 Y116.776 E94.53851
G1 X99.244 Y115.899 E94.63084
G1 X98.957 Y114.965 E94.72608
G1 X98.762 Y114.182 E94.80473
G1 X98.58 Y113.098 E94.91187
G1 F1777.3 X98.524 Y112.224 E94.99296
G1 F1920.1 X98.528 Y111.842 E95.02591
G1 F1281.4 X98.363 Y111.443 E95.07957
G1 X98.181 Y111.834 E95.13317
G1 F1862.8 X98.154 Y112.458 E95.18857
G1 F1757 X97.801 Y113.474 E95.28921
G1 F1708.1 X97.141 Y114.487 E95.40529
G1 F1680 X96.563 Y115.053 E95.48414
G1 X95.845 Y115.551 E95.56931
G1 X94.588 Y116.023 E95.70018
G1 X93.385 Y116.114 E95.81777
G1 X92.233 Y115.914 E95.93174
G1 X91.433 Y115.579 E96.01628
G1 X90.697 Y115.091 E96.10235
G1 X90.08 Y114.487 E96.18651
G1 X89.605 Y113.809 E96.2672
G1 X89.356 Y113.292 E96.32313
G1 X88.802 Y113.484 E96.38028
G1 X88.119 Y113.422 E96.44712
G1 X88.309 Y114.598 E96.56323
G1 X88.506 Y115.518 E96.65494
G1 X88.91 Y116.874 E96.79285
G1 X89.483 Y118.334 E96.94572
G1 X89.998 Y119.355 E97.05718
G1 X90.298 Y119.904 E97.11816
G1 X90.741 Y120.639 E97.20181
G1 X91.39 Y121.59 E97.31403
G1 X91.905 Y122.255 E97.39601
G1 X92.384 Y122.837 E97.46948
G1 X92.835 Y123.343 E97.53555
G1 X93.585 Y124.113 E97.64032
G1 X94.087 Y124.588 E97.70768
G1 X94.766 Y125.183 E97.79568
G1 X95.3 Y125.622 E97.86306
G1 X96.041 Y126.181 E97.95353
G1 X96.998 Y126.84 E98.06679
G1 X97.803 Y127.34 E98.15915
G1 X98.385 Y127.676 E98.22466
G1 X99.299 Y128.157 E98.32533
G1 X99.977 Y128.486 E98.39878
G1 X100.775 Y128.843 E98.48399
G1 X101.724 Y129.225 E98.5837
G1 X102.644 Y129.558 E98.67907
G1 X103.486 Y129.82 E98.76502
G1 X104.192 Y130.022 E98.83659
G1 X104.998 Y130.225 E98.91761
G1 X105.845 Y130.412 E99.00215
G1 X106.807 Y130.594 E99.09758
G1 X107.571 Y130.713 E99.17295
G1 X108.652 Y130.848 E99.27913
G1 X109.564 Y130.917 E99.36828
G1 X109.504 Y130.556 E99.40395
G1 X109.549 Y130.05 E99.45346
G1 X109.675 Y129.678 E99.49174
G1 X110.155 Y128.974 E99.5748
G1 X110.857 Y128.594 E99.6526
G1 X111.426 Y128.488 E99.70902
G1 X112.22 Y128.638 E99.78778
G1 X112.556 Y128.801 E99.82418
G1 X113.104 Y129.263 E99.89404
G1 X113.436 Y130.018 E99.97443
G1 X113.491 Y130.41 E100.01301
G1 X113.424 Y130.937 E100.06479
G1 X114.701 Y130.804 E100.18993
G1 X115.738 Y130.662 E100.29195
G1 X116.747 Y130.495 E100.39164
G1 X117.657 Y130.305 E100.48225
G1 X118.621 Y130.074 E100.57887
G1 X119.625 Y129.788 E100.68062
G1 X120.356 Y129.551 E100.75553
G1 X121.416 Y129.174 E100.86518
G1 X122.814 Y128.585 E101.01305
G1 X123.375 Y128.32 E101.07352
G1 X124.459 Y127.764 E101.19227
G1 X125.717 Y127.022 E101.33462
G1 X126.47 Y126.519 E101.42289
G1 X127.085 Y126.082 E101.49642
G1 X127.823 Y125.523 E101.58666
G1 X128.488 Y124.965 E101.67128
G1 X129.265 Y124.255 E101.77387
G1 X129.998 Y123.514 E101.87546
G1 X130.612 Y122.837 E101.96454
G1 X131.218 Y122.105 E102.05717
G1 X131.871 Y121.214 E102.16484
G1 X132.358 Y120.466 E102.25184
G1 X132.817 Y119.69 E102.33971
G1 X133.224 Y118.911 E102.42538
G1 X133.691 Y117.906 E102.5334
G1 X134.059 Y116.926 E102.63543
G1 X134.363 Y115.981 E102.73219
G1 X134.564 Y115.171 E102.81354
G1 X134.738 Y114.311 E102.89906
G1 X134.863 Y113.425 E102.98627
G1 X134.366 Y113.484 E103.03505
G1 X133.64 Y113.311 E103.1078
G1 X132.917 Y112.784 E103.195
G1 X132.553 Y112.017 E103.27775
G1 X132.488 Y111.498 E103.32874
G1 X132.596 Y110.776 E103.39989
G1 X133.111 Y110.025 E103.48865
G1 X133.659 Y109.674 E103.55208
G1 X134.292 Y109.506 E103.61592
G1 X134.88 Y109.572 E103.67359
G1 X134.699 Y108.435 E103.78581
G1 X134.406 Y107.196 E103.9099
G1 X134.15 Y106.324 E103.99848
G1 X133.782 Y105.334 E104.10143
G1 X133.386 Y104.397 E104.20058
G1 X132.964 Y103.577 E104.29047
G1 X132.405 Y102.581 E104.4018
G1 X131.887 Y101.807 E104.49257
G1 X131.515 Y101.292 E104.5545
G1 X130.818 Y100.392 E104.66545
G1 X130.029 Y99.509 E104.78087
G1 X129.546 Y99.01 E104.84856
G1 X129.027 Y98.507 E104.91901
G1 X128.493 Y98.032 E104.98867
G1 X127.771 Y97.433 E105.08011
G1 X126.843 Y96.723 E105.19399
G1 X125.661 Y95.938 E105.3323
G1 X124.483 Y95.244 E105.46556
G1 X123.332 Y94.657 E105.5915
G1 X122.519 Y94.284 E105.67868
G1 X121.578 Y93.891 E105.77808
G1 X120.776 Y93.593 E105.86147
G1 X119.947 Y93.307 E105.94695
G1 X119.054 Y93.045 E106.03766
G1 X117.949 Y92.759 E106.14891
G1 X117.076 Y92.565 E106.23608
G1 X115.892 Y92.346 E106.35344
G1 X115.018 Y92.229 E106.43939
G1 X113.437 Y92.056 E106.59441
G1 X113.487 Y92.4 E106.62829
G1 X113.395 Y93.192 E106.70601
G1 X112.978 Y93.884 E106.78475
G1 X112.132 Y94.433 E106.88306
G1 X111.212 Y94.487 E106.97288
G1 X110.567 Y94.275 E107.03906
G1 X109.9 Y93.72 E107.12363
G1 X109.542 Y92.95 E107.2064
G1 X109.51 Y92.079 E107.29136
G1 X108.554 Y92.161 E107.38488
G1 X107.497 Y92.294 E107.48872
G1 X106.519 Y92.449 E107.58523
G1 X105.781 Y92.595 E107.65856
G1 X105.136 Y92.736 E107.72291
G1 X104.5 Y92.891 E107.78672
G1 X103.859 Y93.061 E107.85136
G1 X103.135 Y93.279 E107.92505
G1 X102.399 Y93.525 E108.00069
G1 X101.466 Y93.871 E108.09768
G1 X100.41 Y94.311 E108.20919
G1 X99.136 Y94.911 E108.34645
G1 X98.036 Y95.522 E108.4691
G1 X97.359 Y95.926 E108.54594
G1 X96.708 Y96.354 E108.62188
G1 X95.891 Y96.91 E108.7182
G1 X95.21 Y97.444 E108.80255
G1 X94.511 Y98.024 E108.89108
G1 X94.008 Y98.475 E108.95693
G1 X93.482 Y98.978 E109.02787
G1 X92.752 Y99.735 E109.13037
G1 X92.23 Y100.341 E109.20833
G1 X91.572 Y101.157 E109.31051
G1 X90.975 Y102.004 E109.41151
G1 X90.48 Y102.779 E109.50114
G1 X89.91 Y103.805 E109.61554
G1 X89.539 Y104.571 E109.6985
G1 X89.084 Y105.643 E109.81201
G1 X88.754 Y106.641 E109.91447
G1 X88.463 Y107.636 E110.01551
G1 X88.258 Y108.658 E110.11711
G1 X88.13 Y109.556 E110.20552
G1 X88.7 Y109.513 E110.26124
G1 X89.336 Y109.682 E110.32538
G1 X89.969 Y108.643 E110.44397
G1 X90.564 Y108.016 E110.52822
G1 X91.322 Y107.478 E110.61882
G1 X92.033 Y107.148 E110.69522
G1 X93.216 Y106.893 E110.81317
G1 X94.013 Y106.893 E110.89086
G1 X94.896 Y107.058 E110.97841
G1 X95.563 Y107.307 E111.04781
G1 X96.31 Y107.743 E111.13211
G1 X96.841 Y108.193 E111.19996
G1 X97.468 Y108.951 E111.29584
G1 X97.812 Y109.579 E111.36563
G1 X98.07 Y110.284 E111.4388
G1 F1173.6 X98.345 Y111.038 E111.54656
G1 X98.546 Y110.262 E111.65419
G1 F1680 X98.709 Y109.039 E111.77445
G1 X99.041 Y107.711 E111.90787
G1 X99.457 Y106.567 E112.02652
G1 X99.888 Y105.591 E112.13052
G1 X100.379 Y104.74 E112.22628
G1 X100.921 Y103.895 E112.32413
G1 X101.641 Y103 E112.43609
G1 X102.141 Y102.459 E112.50789
G1 X102.784 Y101.841 E112.59482
G1 X103.271 Y101.416 E112.65782
G1 X104.03 Y100.84 E112.75069
G1 X104.674 Y100.419 E112.82569
G1 X105.285 Y100.061 E112.89471
G1 X105.881 Y99.76 E112.95979
G1 X107.013 Y99.276 E113.07979
G1 X108.504 Y98.821 E113.23173
G1 X109.498 Y98.641 E113.33019
G1 X110.259 Y98.544 E113.40497
G1 X111.117 Y98.492 E113.48875
G1 X111.986 Y98.496 E113.57345
G1 X113.063 Y98.57 E113.67868
G1 X114.54 Y98.829 E113.82484
G1 X115.814 Y99.221 E113.95476
G1 X116.681 Y99.562 E114.04557
G1 X117.541 Y99.964 E114.1381
G1 X118.495 Y100.52 E114.24572
G1 X119.478 Y101.211 E114.36284
G1 X120.199 Y101.823 E114.45502
G1 X120.815 Y102.416 E114.53836
G1 X121.308 Y102.95 E114.6092
G1 X122.06 Y103.882 E114.72592
G1 X122.594 Y104.7 E114.82114
G1 X123.059 Y105.509 E114.91209
G1 X123.503 Y106.487 E115.01678
G1 X123.771 Y107.179 E115.08911
G1 X124.027 Y107.983 E115.17135
G1 X124.246 Y108.866 E115.26003
G1 X124.436 Y110.005 E115.37258
G1 X124.52 Y111.561 E115.52446
G1 X124.443 Y112.763 E115.64186
G1 X124.282 Y113.958 E115.75939
G1 X123.994 Y115.141 E115.87807
G1 X123.595 Y116.311 E115.99855
G1 X123.079 Y117.451 E116.12052
G1 X122.612 Y118.261 E116.21166
G1 X122.077 Y119.085 E116.30741
G1 X121.453 Y119.87 E116.40516
G1 X120.671 Y120.741 E116.51925
G1 X119.725 Y121.576 E116.64224
G1 X118.968 Y122.151 E116.73489
G1 X118.437 Y122.505 E116.7971
G1 X117.806 Y122.873 E116.8683
G1 X117.243 Y123.171 E116.93039
G1 X116.476 Y123.519 E117.01248
G1 X115.817 Y123.771 E117.08125
G1 X114.723 Y124.117 E117.19309
G1 X113.698 Y124.318 E117.2949
G1 X113.014 Y124.42 E117.3623
G1 X112.226 Y124.488 E117.4394
G1 X111.018 Y124.496 E117.55714
G1 X110.246 Y124.444 E117.63256
G10
G0 F7200 X110.436 Y122.845
G0 X100.116 Y111.426
G0 X98.363 Y111.443
G11
G1 F908 X98.345 Y111.038 E117.70042
G10
G0 F7200 X95.667 Y125.648
G11
G1 F1680 X91.76 Y121.741 E118.23898
G1 X91.69 Y121.671
G0 F7200 X90.595 Y120.01
G1 F1680 X97.501 Y126.916 E119.19093
G1 X97.571 Y126.986
G0 F7200 X98.839 Y127.689
G1 F1680 X89.935 Y118.785 E120.41828
G1 X89.865 Y118.715
G0 F7200 X89.471 Y117.755
G1 F1680 X99.981 Y128.266 E121.86709
G1 X100.051 Y128.336
G0 F7200 X100.999 Y128.717
G1 F1680 X89.104 Y116.823 E123.50666
G1 X89.034 Y116.753
G0 F7200 X88.863 Y116.016
G1 F1680 X101.937 Y129.089 E125.30876
G1 X102.007 Y129.159
G0 F7200 X102.813 Y129.401
G1 F1680 X88.651 Y115.238 E127.26097
G0 F7200 X88.499 Y114.52
G1 F1680 X103.632 Y129.654 E129.34702
G1 X103.702 Y129.724
G0 F7200 X104.416 Y129.872
G1 F1680 X88.389 Y113.845 E131.55624
G0 F7200 X88.777 Y113.667
G1 F1680 X105.167 Y130.057 E133.81549
G0 F7200 X105.893 Y130.218
G1 F1680 X91.496 Y115.821 E135.80002
G1 X91.426 Y115.751
G0 F7200 X92.384 Y116.143
G1 F1680 X106.591 Y130.35 E137.75836
G0 F7200 X107.271 Y130.464
G1 F1680 X93.067 Y116.26 E139.71629
G0 F7200 X93.667 Y116.294
G1 F1680 X107.929 Y130.556 E141.68221
G0 F7200 X108.574 Y130.636
G1 F1680 X94.191 Y116.253 E143.66481
G0 F7200 X94.698 Y116.194
G1 F1680 X109.192 Y130.688 E145.66272
G0 F7200 X109.344 Y130.275
G1 F1680 X95.11 Y116.04 E147.62485
G0 F7200 X95.522 Y115.886
G1 F1680 X109.428 Y129.793 E149.54177
G0 F7200 X109.615 Y129.414
G1 F1680 X95.932 Y115.731 E151.42788
G0 F7200 X96.267 Y115.5
G1 F1680 X109.844 Y129.077 E153.29938
G0 F7200 X110.106 Y128.773
G1 F1680 X102.464 Y121.132 E154.35271
G1 X102.394 Y121.062
G0 F7200 X101.851 Y120.519
G1 F1680 X96.601 Y115.269 E155.07639
G0 F7200 X96.901 Y115.003
G1 F1680 X100.158 Y118.26 E155.52534
G1 X100.228 Y118.33
G0 F7200 X99.519 Y117.055
G1 F1680 X97.187 Y114.723 E155.84679
G0 F7200 X97.436 Y114.406
G1 F1680 X99.097 Y116.067 E156.07575
G1 X99.167 Y116.137
G0 F7200 X98.832 Y115.236
G1 F1680 X97.658 Y114.063 E156.23751
G0 F7200 X97.88 Y113.719
G1 F1680 X98.628 Y114.467 E156.34062
G0 F7200 X98.49 Y113.764
G1 F1680 X98.064 Y113.337 E156.39941
G0 F7200 X98.376 Y113.084
G1 F1680 X98.204 Y112.912 E156.42312
G0 F7200 X98.344 Y110.224
G1 F1680 X98.219 Y110.098 E156.44042
G0 F7200 X98.413 Y109.727
G1 F1680 X97.764 Y109.078 E156.52988
G0 F7200 X98.482 Y109.23
G1 F1680 X91.234 Y101.982 E157.52896
G0 F7200 X91.469 Y101.651
G1 F1680 X98.574 Y108.756 E158.50834
G0 F7200 X98.687 Y108.304
G1 F1680 X91.702 Y101.319 E159.47118
G0 F7200 X91.952 Y101.003
G1 F1680 X98.8 Y107.851 E160.41513
G0 F7200 X98.936 Y107.421
G1 F1680 X92.205 Y100.691 E161.34288
G0 F7200 X92.461 Y100.38
G1 F1680 X99.086 Y107.006 E162.25617
G0 F7200 X99.236 Y106.59
G1 F1680 X92.722 Y100.076 E163.15408
G0 F7200 X92.989 Y99.777
G1 F1680 X99.404 Y106.193 E164.03841
G0 F7200 X99.578 Y105.8
G1 F1680 X93.267 Y99.489 E164.90834
G0 F7200 X93.545 Y99.201
G1 F1680 X99.759 Y105.416 E165.76497
G0 F7200 X99.967 Y105.058
G1 F1680 X93.831 Y98.922 E166.61078
G0 F7200 X94.12 Y98.646
G1 F1680 X100.173 Y104.698 E167.44507
G0 F7200 X100.391 Y104.351
G1 F1680 X94.417 Y98.377 E168.26855
G0 F7200 X94.718 Y98.112
G1 F1680 X100.613 Y104.007 E169.08114
G0 F7200 X100.844 Y103.672
G1 F1680 X95.027 Y97.856 E169.8829
G0 F7200 X95.337 Y97.6
G1 F1680 X101.096 Y103.359 E170.67674
G0 F7200 X101.348 Y103.045
G1 F1680 X95.654 Y97.351 E171.46162
G0 F7200 X95.971 Y97.103
G1 F1680 X101.609 Y102.74 E172.23872
G0 F7200 X101.881 Y102.447
G1 F1680 X96.305 Y96.871 E173.00733
G0 F7200 X96.641 Y96.641
G1 F1680 X102.161 Y102.161 E173.76823
G0 F7200 X102.45 Y101.884
G1 F1680 X96.98 Y96.414 E174.52223
G0 F7200 X97.322 Y96.191
G1 F1680 X102.742 Y101.611 E175.26934
G0 F7200 X103.044 Y101.347
G1 F1680 X97.671 Y95.973 E176.01004
G0 F7200 X98.025 Y95.762
G1 F1680 X103.36 Y101.097 E176.74544
G0 F7200 X103.681 Y100.853
G1 F1680 X98.385 Y95.557 E177.47546
G0 F7200 X98.749 Y95.355
G1 F1680 X104.008 Y100.614 E178.20037
G0 F7200 X104.351 Y100.391
G1 F1680 X99.112 Y95.153 E178.92247
G0 F7200 X99.491 Y94.965
G1 F1680 X104.698 Y100.172 E179.64022
G0 F7200 X105.055 Y99.964
G1 F1680 X99.875 Y94.784 E180.35425
G0 F7200 X100.26 Y94.603
G1 F1680 X105.423 Y99.766 E181.06593
G0 F7200 X105.8 Y99.578
G1 F1680 X100.65 Y94.428 E181.77582
G0 F7200 X101.049 Y94.261
G1 F1680 X106.196 Y99.408 E182.4853
G0 F7200 X106.593 Y99.239
G1 F1680 X101.448 Y94.094 E183.19451
G0 F7200 X101.859 Y93.94
G1 F1680 X106.992 Y99.073 E183.90206
G0 F7200 X107.426 Y98.941
G1 F1680 X102.272 Y93.786 E184.61257
G0 F7200 X102.69 Y93.639
G1 F1680 X107.86 Y98.809 E185.32522
G0 F7200 X108.293 Y98.677
G1 F1680 X103.115 Y93.498 E186.03905
G0 F7200 X103.547 Y93.365
G1 F1680 X108.755 Y98.573 E186.75693
G0 F7200 X109.235 Y98.487
G1 F1680 X103.984 Y93.236 E187.48075
G0 F7200 X104.43 Y93.117
G1 F1680 X109.725 Y98.411 E188.21056
G0 F7200 X110.225 Y98.346
G1 F1680 X104.883 Y93.004 E188.94692
G0 F7200 X105.341 Y92.896
G1 F1680 X110.757 Y98.312 E189.69348
G0 F7200 X111.304 Y98.293
G1 F1680 X105.805 Y92.794 E190.45148
G0 F7200 X106.277 Y92.701
G1 F1680 X111.872 Y98.296 E191.22272
G0 F7200 X112.471 Y98.329
G1 F1680 X106.757 Y92.615 E192.01035
G0 F7200 X107.245 Y92.537
G1 F1680 X113.08 Y98.372 E192.81467
G0 F7200 X113.764 Y98.49
G1 F1680 X107.74 Y92.466 E193.64504
G0 F7200 X108.242 Y92.403
G1 F1680 X114.449 Y98.61 E194.50063
G1 X114.519 Y98.68
G0 F7200 X115.241 Y98.836
G1 F1680 X111.042 Y94.637 E195.07944
G0 F7200 X111.635 Y94.665
G1 F1680 X116.082 Y99.112 E195.69243
G1 X116.152 Y99.182
G0 F7200 X117.05 Y99.514
G1 F1680 X112.168 Y94.631 E196.36545
G0 F7200 X112.521 Y94.419
G1 F1680 X118.244 Y100.142 E197.15432
G1 X118.314 Y100.212
G0 F7200 X120.553 Y101.885
G1 F1680 X112.864 Y94.197 E198.21413
G0 F7200 X113.177 Y93.944
G1 F1680 X134.367 Y115.134 E201.13503
G0 F7200 X134.255 Y115.587
G1 F1680 X121.13 Y102.462 E202.94423
G1 X121.06 Y102.392
G0 F7200 X122.855 Y104.753
G1 F1680 X134.136 Y116.034 E204.49924
G0 F7200 X133.999 Y116.463
G1 F1680 X123.473 Y105.937 E205.95018
G1 X123.403 Y105.867
G0 F7200 X123.882 Y106.912
G1 F1680 X133.86 Y116.889 E207.32551
G0 F7200 X133.705 Y117.301
G1 F1680 X124.166 Y107.761 E208.64047
G0 F7200 X124.369 Y108.53
G1 F1680 X133.551 Y117.711 E209.90608
G0 F7200 X133.379 Y118.105
G1 F1680 X124.51 Y109.237 E211.12854
G0 F7200 X124.625 Y109.917
G1 F1680 X133.199 Y118.491 E212.31041
G0 F7200 X133.017 Y118.875
G1 F1680 X124.663 Y110.521 E213.46196
G0 F7200 X124.695 Y111.119
G1 F1680 X132.824 Y119.247 E214.58242
G0 F7200 X132.628 Y119.617
G1 F1680 X124.712 Y111.701 E215.67358
G0 F7200 X124.678 Y112.233
G1 F1680 X132.418 Y119.973 E216.74049
G0 F7200 X132.207 Y120.328
G1 F1680 X124.643 Y112.764 E217.78314
G0 F7200 X124.577 Y113.263
G1 F1680 X131.986 Y120.672 E218.80442
G0 F7200 X131.762 Y121.014
G1 F1680 X124.509 Y113.761 E219.8042
G0 F7200 X124.419 Y114.237
G1 F1680 X131.528 Y121.345 E220.78406
G0 F7200 X131.289 Y121.672
G1 F1680 X124.309 Y114.692 E221.74621
G0 F7200 X124.198 Y115.147
G1 F1680 X131.048 Y121.997 E222.69043
G0 F7200 X130.792 Y122.307
G1 F1680 X124.058 Y115.572 E223.61874
G0 F7200 X123.913 Y115.994
G1 F1680 X130.536 Y122.617 E224.53168
G0 F7200 X130.27 Y122.916
G1 F1680 X123.767 Y116.413 E225.42807
G0 F7200 X123.59 Y116.802
G1 F1680 X130.002 Y123.213 E226.31185
G0 F7200 X129.727 Y123.505
G1 F1680 X123.413 Y117.191 E227.1822
G0 F7200 X123.236 Y117.579
G1 F1680 X129.446 Y123.789 E228.03821
G0 F7200 X129.164 Y124.073
G1 F1680 X123.029 Y117.938 E228.88387
G0 F7200 X122.822 Y118.297
G1 F1680 X128.87 Y124.345 E229.71755
G0 F7200 X128.574 Y124.614
G1 F1680 X122.602 Y118.643 E230.54068
G0 F7200 X122.38 Y118.986
G1 F1680 X128.275 Y124.881 E231.35327
G0 F7200 X127.968 Y125.14
G1 F1680 X122.147 Y119.319 E232.15566
G0 F7200 X121.896 Y119.633
G1 F1680 X127.659 Y125.396 E232.95005
G0 F7200 X127.337 Y125.64
G1 F1680 X121.646 Y119.949 E233.73451
G0 F7200 X121.381 Y120.249
G1 F1680 X127.015 Y125.884 E234.51119
G0 F7200 X126.686 Y126.12
G1 F1680 X121.113 Y120.547 E235.27939
G0 F7200 X120.845 Y120.845
G1 F1680 X126.355 Y126.355 E236.03891
G0 F7200 X126.016 Y126.582
G1 F1680 X120.549 Y121.115 E236.7925
G0 F7200 X120.248 Y121.38
G1 F1680 X125.677 Y126.808 E237.54078
G0 F7200 X125.324 Y127.021
G1 F1680 X119.949 Y121.646 E238.28169
G0 F7200 X119.634 Y121.897
G1 F1680 X124.968 Y127.231 E239.01695
G0 F7200 X124.612 Y127.44
G1 F1680 X119.312 Y122.141 E239.74745
G0 F7200 X118.986 Y122.38
G1 F1680 X124.251 Y127.646 E240.47326
G0 F7200 X123.877 Y127.837
G1 F1680 X118.646 Y122.606 E241.19432
G0 F7200 X118.295 Y122.82
G1 F1680 X123.503 Y128.029 E241.91228
G0 F7200 X123.125 Y128.216
G1 F1680 X117.938 Y123.029 E242.62727
G0 F7200 X117.569 Y123.225
G1 F1680 X122.741 Y128.398 E243.34027
G0 F7200 X122.343 Y128.565
G1 F1680 X117.192 Y123.415 E244.05023
G0 F7200 X116.803 Y123.592
G1 F1680 X121.945 Y128.733 E244.75895
G0 F7200 X121.547 Y128.901
G1 F1680 X116.406 Y123.76 E245.46761
G0 F7200 X115.997 Y123.917
G1 F1680 X121.139 Y129.059 E246.1764
G0 F7200 X120.722 Y129.208
G1 F1680 X115.574 Y124.059 E246.88608
G0 F7200 X115.144 Y124.195
G1 F1680 X120.305 Y129.356 E247.59749
G0 F7200 X119.879 Y129.496
G1 F1680 X114.707 Y124.324 E248.31042
G0 F7200 X114.235 Y124.417
G1 F1680 X119.448 Y129.63 E249.029
G0 F7200 X119.007 Y129.756
G1 F1680 X113.761 Y124.509 E249.75219
G0 F7200 X113.27 Y124.584
G1 F1680 X118.567 Y129.881 E250.48235
G0 F7200 X118.11 Y129.99
G1 F1680 X112.763 Y124.642 E251.21947
G0 F7200 X112.243 Y124.688
G1 F1680 X117.654 Y130.099 E251.96534
G0 F7200 X117.188 Y130.199
G1 F1680 X111.68 Y124.691 E252.72458
G0 F7200 X111.119 Y124.695
G1 F1680 X116.719 Y130.296 E253.49657
G0 F7200 X116.234 Y130.376
G1 F1680 X110.521 Y124.663 E254.28407
G0 F7200 X109.896 Y124.604
G1 F1680 X115.749 Y130.457 E255.09087
G0 F7200 X115.252 Y130.526
G1 F1680 X109.239 Y124.512 E255.91979
G0 F7200 X108.535 Y124.374
G1 F1680 X114.756 Y130.595 E256.77731
G0 F7200 X114.245 Y130.65
G1 F1680 X113.637 Y130.042 E256.86112
G0 F7200 X113.663 Y130.634
G1 F1680 X113.734 Y130.704 E256.87084
G0 F7200 X111.979 Y128.384
G1 F1680 X107.758 Y124.163 E257.45268
G1 X107.688 Y124.093
G0 F7200 X106.9 Y123.871
G1 F1680 X111.337 Y128.307 E258.06422
G0 F7200 X110.859 Y128.395
G1 F1680 X105.952 Y123.488 E258.74062
G1 X105.882 Y123.418
G0 F7200 X104.778 Y122.88
G1 F1680 X110.473 Y128.575 E259.52563
G1 X110.543 Y128.645
G10
G0 F7200 X96.042 Y107.356
G11
G1 F1680 X91.008 Y102.322 E260.21954
G0 F7200 X90.788 Y102.667
G1 F1680 X95.006 Y106.886 E260.80103
G0 F7200 X94.298 Y106.743
G1 F1680 X90.574 Y103.019 E261.31436
G0 F7200 X90.372 Y103.383
G1 F1680 X93.683 Y106.694 E261.77076
G0 F7200 X93.131 Y106.707
G1 F1680 X90.171 Y103.747 E262.17878
G0 F7200 X89.979 Y104.121
G1 F1680 X92.665 Y106.807 E262.54902
G0 F7200 X92.2 Y106.907
G1 F1680 X89.794 Y104.502 E262.8806
G0 F7200 X89.619 Y104.893
G1 F1680 X91.772 Y107.045 E263.17731
G0 F7200 X91.388 Y107.227
G1 F1680 X89.45 Y105.29 E263.44438
G0 F7200 X89.282 Y105.687
G1 F1680 X91.033 Y107.438 E263.68575
G0 F7200 X90.702 Y107.673
G1 F1680 X89.139 Y106.11 E263.9012
G0 F7200 X88.999 Y106.535
G1 F1680 X90.38 Y107.916 E264.09156
G0 F7200 X90.104 Y108.206
G1 F1680 X88.866 Y106.968 E264.26221
G0 F7200 X88.738 Y107.405
G1 F1680 X89.828 Y108.496 E264.41253
G0 F7200 X89.612 Y108.845
G1 F1680 X88.622 Y107.856 E264.54892
G0 F7200 X88.528 Y108.327
G1 F1680 X89.397 Y109.196 E264.66871
G0 F7200 X89.021 Y109.386
G1 F1680 X88.439 Y108.803 E264.749
G1 X88.369 Y108.733
G0 F7200 X89.225 Y113.549
G1 F1680 X89.289 Y113.614 E264.75789
G10
G0 F7200 X109.343 Y92.939
G11
G1 F1680 X108.749 Y92.345 E264.83977
G1 X108.679 Y92.275
G0 F7200 X113.388 Y93.589
G1 F1680 X134.463 Y114.664 E267.74482
G0 F7200 X134.553 Y114.189
G1 F1680 X133.959 Y113.595 E267.8267
G1 X133.889 Y113.525
G0 F7200 X132.349 Y111.985
G1 F1680 X113.592 Y93.228 E270.41223
G0 F7200 X113.651 Y92.721
G1 F1680 X132.305 Y111.375 E272.98356
G0 F7200 X132.378 Y110.882
G1 F1680 X113.793 Y92.297 E275.54538
G0 F7200 X114.428 Y92.367
G1 F1680 X132.551 Y110.489 E278.04345
G0 F7200 X132.781 Y110.154
G1 F1680 X115.065 Y92.437 E280.48555
G0 F7200 X115.718 Y92.525
G1 F1680 X133.032 Y109.839 E282.87217
G0 F7200 X133.376 Y109.617
G1 F1680 X116.403 Y92.644 E285.21179
G0 F7200 X117.1 Y92.775
G1 F1680 X133.763 Y109.439 E287.50874
G0 F7200 X134.211 Y109.321
G1 F1680 X117.827 Y92.936 E289.76724
G0 F7200 X118.587 Y93.131
G1 F1680 X134.612 Y109.156 E291.97618
G0 F7200 X134.504 Y108.483
G1 F1680 X119.367 Y93.346 E294.06271
G1 X119.297 Y93.276
G0 F7200 X120.19 Y93.603
G1 F1680 X134.33 Y107.743 E296.01182
G0 F7200 X134.135 Y106.982
G1 F1680 X121.067 Y93.914 E297.81315
G1 X120.997 Y93.844
G0 F7200 X122.004 Y94.286
G1 F1680 X133.874 Y106.156 E299.44936
G1 X133.944 Y106.226
G0 F7200 X133.526 Y105.242
G1 F1680 X123.017 Y94.733 E300.89795
G1 X122.947 Y94.663
G0 F7200 X124.147 Y95.297
G1 F1680 X133.069 Y104.219 E302.12779
G1 X133.139 Y104.289
G0 F7200 X132.407 Y102.992
G1 F1680 X125.479 Y96.063 E303.08284
G1 X125.409 Y95.993
G0 F7200 X127.322 Y97.341
G1 F1680 X131.224 Y101.243 E303.6207
G1 X131.294 Y101.313
G10
;MESH:NONMESH
G0 F600 X131.294 Y101.313 Z0.37
G0 F7200 X132.722 Y100.206
G0 X131.214 Y98.411
G0 X129.584 Y96.838
G0 X127.79 Y95.412
G0 X125.585 Y94.016
G0 X123.177 Y92.805
G0 X120.442 Y91.771
G0 X117.434 Y90.99
G0 X115.25 Y90.631
G0 X113.971 Y90.49
G0 X111.308 Y90.391
G0 X108.425 Y90.554
G0 X105.518 Y90.999
G0 X103.276 Y91.576
G0 X91.149 Y95.413
;TIME_ELAPSED:120.904485
;LAYER:1
M106 S255
;TYPE:SKIRT
G11
G1 F1740 X91.65 Y94.965 E303.64759
G1 X92.626 Y94.136 E303.69881
G1 X93.539 Y93.455 E303.74437
G1 X94.055 Y93.091 E303.76963
G1 X95.06 Y92.428 E303.81779
G1 X95.771 Y91.99 E303.85119
G1 X96.328 Y91.669 E303.87691
G1 X97.082 Y91.265 E303.91112
G1 X98.028 Y90.801 E303.95327
G1 X99.359 Y90.211 E304.01151
G1 X100.421 Y89.792 E304.05717
G1 X101.734 Y89.332 E304.11282
G1 X102.346 Y89.14 E304.13848
G1 X103.216 Y88.895 E304.17463
G1 X104.501 Y88.581 E304.22754
G1 X105.307 Y88.414 E304.26047
G1 X106.296 Y88.239 E304.30064
G1 X107.328 Y88.089 E304.34236
G1 X108.734 Y87.936 E304.39893
G1 X109.469 Y87.88 E304.42841
G1 X110.543 Y87.829 E304.47142
G1 X111.625 Y87.81 E304.51471
G1 X113.235 Y87.863 E304.57914
G1 X114.201 Y87.919 E304.61785
G1 X115.932 Y88.12 E304.68755
G1 X116.836 Y88.254 E304.72411
G1 X117.558 Y88.382 E304.75344
G1 X118.392 Y88.557 E304.78753
G1 X119.272 Y88.758 E304.82363
G1 X120.028 Y88.957 E304.8549
G1 X120.675 Y89.146 E304.88186
G1 X121.823 Y89.516 E304.93011
G1 X122.546 Y89.77 E304.96076
G1 X123.611 Y90.185 E305.00648
G1 X124.486 Y90.565 E305.04464
G1 X125.413 Y91.007 E305.08572
G1 X126.224 Y91.427 E305.12225
G1 X127.164 Y91.946 E305.1652
G1 X127.715 Y92.277 E305.19091
G1 X128.402 Y92.712 E305.22344
G1 X129.202 Y93.259 E305.26221
G1 X129.768 Y93.672 E305.29023
G1 X130.573 Y94.306 E305.33122
G1 X131.495 Y95.085 E305.3795
G1 X132.417 Y95.953 E305.43015
G1 X133.281 Y96.836 E305.47957
G1 X133.959 Y97.625 E305.52118
G1 X134.595 Y98.407 E305.5615
G1 X135.098 Y99.093 E305.59552
G1 X135.952 Y100.356 E305.65651
G1 X136.586 Y101.438 E305.70667
G1 X137.54 Y103.393 E305.79369
G1 X138.026 Y104.711 E305.84988
G1 X138.457 Y106.088 E305.90759
G1 X138.68 Y106.993 E305.94487
G1 X138.875 Y107.896 E305.98183
G1 X139.059 Y109.253 E306.0366
G1 X139.118 Y109.895 E306.06239
G1 X139.164 Y110.608 E306.09097
G1 X139.193 Y111.717 E306.13535
G1 X139.147 Y112.801 E306.17875
G1 X139.092 Y113.475 E306.20579
G1 X138.971 Y114.494 E306.24684
G1 X138.634 Y116.268 E306.31907
G1 X138.285 Y117.505 E306.37048
G1 X137.895 Y118.684 E306.42015
G1 X137.598 Y119.427 E306.45216
G1 X137.268 Y120.19 E306.48541
G1 X136.62 Y121.504 E306.54402
G1 X135.762 Y122.948 E306.6112
G1 X135.376 Y123.528 E306.63907
G1 X134.473 Y124.743 E306.69962
G1 X133.718 Y125.674 E306.74757
G1 X132.943 Y126.511 E306.7932
G1 X132.441 Y127.026 E306.82197
G1 X131.739 Y127.689 E306.86059
G1 X130.735 Y128.558 E306.9137
G1 X129.768 Y129.326 E306.9631
G1 X128.704 Y130.081 E307.01529
G1 X127.827 Y130.655 E307.05721
G1 X126.498 Y131.439 E307.11893
G1 X125.297 Y132.045 E307.17274
G1 X124.445 Y132.442 E307.21034
G1 X122.637 Y133.208 E307.28888
G1 X121.328 Y133.65 E307.34415
G1 X120.29 Y133.963 E307.38751
G1 X118.912 Y134.325 E307.4445
G1 X118.098 Y134.503 E307.47783
G1 X116.996 Y134.71 E307.52268
G1 X115.647 Y134.915 E307.57726
G1 X114.632 Y135.033 E307.61814
G1 X113.977 Y135.091 E307.64444
G1 X113.233 Y135.137 E307.67426
G1 X111.62 Y135.182 E307.7388
G1 X110.995 Y135.181 E307.7638
G1 X109.706 Y135.13 E307.8154
G1 X108.858 Y135.078 E307.84938
G1 X107.622 Y134.961 E307.89905
G1 X106.001 Y134.724 E307.96458
G1 X104.859 Y134.499 E308.01113
G1 X103.901 Y134.283 E308.05042
G1 X102.515 Y133.913 E308.1078
G1 X101.019 Y133.436 E308.17061
G1 X100.163 Y133.12 E308.2071
G1 X99.577 Y132.886 E308.23234
G1 X98.649 Y132.487 E308.27275
G1 X97.521 Y131.963 E308.3225
G1 X96.792 Y131.586 E308.35533
G1 X95.237 Y130.699 E308.42694
G1 X94.374 Y130.138 E308.46811
G1 X93.755 Y129.707 E308.49828
G1 X92.524 Y128.778 E308.55997
G1 X91.987 Y128.334 E308.58784
G1 X91.314 Y127.743 E308.62367
G1 X90.864 Y127.323 E308.64829
G1 X90.176 Y126.631 E308.68732
G1 X89.511 Y125.915 E308.72641
G1 X88.907 Y125.214 E308.76342
G1 X88.176 Y124.292 E308.81048
G1 X87.739 Y123.685 E308.8404
G1 X87.268 Y122.985 E308.87415
G1 X86.799 Y122.231 E308.90967
G1 X86.447 Y121.608 E308.93829
G1 X85.926 Y120.598 E308.98375
G1 X85.613 Y119.935 E309.01308
G1 X85.049 Y118.54 E309.07327
G1 X84.616 Y117.177 E309.13047
G1 X84.397 Y116.309 E309.16628
G1 X84.174 Y115.289 E309.20804
G1 X84.017 Y114.317 E309.24743
G1 X83.932 Y113.648 E309.2744
G1 X83.85 Y112.649 E309.3145
G1 X83.816 Y111.641 E309.35484
G1 X83.821 Y110.894 E309.38472
G1 X83.868 Y109.922 E309.42364
G1 X84.049 Y108.332 E309.48766
G1 X84.275 Y107.2 E309.53383
G1 X84.53 Y106.117 E309.57833
G1 X84.839 Y105.113 E309.62035
G1 X85.091 Y104.358 E309.65219
G1 X85.327 Y103.759 E309.67794
G1 X85.673 Y102.944 E309.71336
G1 X85.977 Y102.294 E309.74206
G1 X86.323 Y101.626 E309.77215
G1 X87.035 Y100.378 E309.82963
G1 X87.672 Y99.409 E309.87601
G1 X88.066 Y98.86 E309.90304
G1 X88.868 Y97.832 E309.95519
G1 X89.371 Y97.244 E309.98615
G1 X90.1 Y96.451 E310.02923
G1 X90.69 Y95.857 E310.06272
G1 X91.149 Y95.413 E310.08827
;MESH:Protect_badge_Dessus.STL
G0 F7200 X92.82 Y97.27
G0 X93.46 Y97.896
;TYPE:WALL-OUTER
G1 F2250 X92.985 Y98.351 E310.11458
G1 X92.224 Y99.132 E310.15819
G1 X91.507 Y99.96 E310.20201
G1 X90.785 Y100.883 E310.24888
G1 X90.132 Y101.818 E310.2945
G1 X89.598 Y102.704 E310.33588
G1 X89.119 Y103.582 E310.37588
G1 X88.644 Y104.612 E310.42125
G1 X88.245 Y105.604 E310.46402
G1 X87.869 Y106.804 E310.51432
G1 X87.635 Y107.697 E310.55125
G1 X87.382 Y109.002 E310.60442
G1 X87.214 Y110.573 E310.66762
G1 F1950.8 X87.256 Y111.061 E310.68991
G1 X87.269 Y111.213 E310.69685
G1 X87.346 Y111.085 E310.70364
G1 X87.539 Y110.765 E310.72065
G1 F2250 X87.756 Y110.54 E310.73315
G1 X88.048 Y110.375 E310.74657
G1 X88.517 Y110.293 E310.76561
G1 X89.075 Y110.434 E310.78863
G1 X89.533 Y110.885 E310.81434
G1 F1960.4 X89.753 Y111.406 E310.83996
G1 X89.906 Y110.555 E310.87913
G1 F2250 X90.121 Y109.933 E310.90546
G1 X90.544 Y109.213 E310.93886
G1 X90.92 Y108.781 E310.96177
G1 X91.479 Y108.326 E310.9906
G1 X92.255 Y107.922 E311.02559
G1 X93.321 Y107.686 E311.06927
G1 X94.31 Y107.739 E311.10888
G1 X94.93 Y107.913 E311.13464
G1 X95.423 Y108.136 E311.15628
G1 X96.179 Y108.671 E311.19333
G1 X96.619 Y109.143 E311.21914
G1 X97.157 Y110.07 E311.26201
G1 X97.361 Y110.748 E311.29033
G1 X97.432 Y111.437 E311.31804
G1 X97.313 Y112.438 E311.35836
G1 X97.031 Y113.251 E311.39278
G1 X96.528 Y113.964 E311.42769
G1 X95.91 Y114.581 E311.46262
G1 X95.088 Y115.023 E311.49995
G1 X94.422 Y115.236 E311.52792
G1 X93.386 Y115.314 E311.56948
G1 X92.532 Y115.166 E311.60414
G1 X91.806 Y114.867 E311.63555
G1 X91.398 Y114.615 E311.65473
G1 X90.809 Y114.097 E311.68611
G1 X90.232 Y113.29 E311.72579
G1 X89.963 Y112.64 E311.75393
G1 F2109.9 X89.738 Y111.565 E311.8005
G1 X89.521 Y112.142 E311.82663
G1 F2250 X89.218 Y112.475 E311.84464
G1 X88.656 Y112.7 E311.86886
G1 X88.311 Y112.692 E311.88266
G1 X87.772 Y112.463 E311.90609
G1 F2219.4 X87.417 Y112.049 E311.92817
G1 F1950.8 X87.348 Y111.905 E311.93544
G1 X87.263 Y111.727 E311.94441
G1 X87.242 Y111.924 E311.95343
G1 X87.225 Y112.086 E311.96084
G1 F2219.4 X87.294 Y113.161 E312.00447
G1 F2250 X87.434 Y114.232 E312.04767
G1 X87.576 Y115.006 E312.07915
G1 X87.881 Y116.276 E312.13139
G1 X88.312 Y117.546 E312.18504
G1 X88.759 Y118.67 E312.23342
G1 X89.302 Y119.755 E312.28195
G1 X89.713 Y120.502 E312.31606
G1 X90.187 Y121.249 E312.35145
G1 X90.746 Y122.062 E312.39091
G1 X91.257 Y122.727 E312.42446
G1 X91.693 Y123.258 E312.45194
G1 X92.248 Y123.888 E312.48552
G1 X92.961 Y124.626 E312.52657
G1 X93.714 Y125.343 E312.56816
G1 X94.535 Y126.037 E312.61116
G1 X95.038 Y126.436 E312.63684
G1 X95.987 Y127.127 E312.6838
G1 X96.791 Y127.666 E312.72252
G1 X97.879 Y128.309 E312.77307
G1 X98.621 Y128.71 E312.80681
G1 X99.383 Y129.091 E312.84089
G1 X99.974 Y129.365 E312.86694
G1 X101.229 Y129.901 E312.92153
G1 X102.508 Y130.354 E312.9758
G1 X103.583 Y130.691 E313.02087
G1 X104.882 Y131.025 E313.07452
G1 X105.808 Y131.223 E313.11239
G1 X107.028 Y131.45 E313.16203
G1 X108.422 Y131.629 E313.21825
G1 X109.647 Y131.729 E313.26741
G1 X110.851 Y131.79 E313.31563
G1 F2014.8 X111.478 Y131.744 E313.34342
G1 X110.901 Y131.547 E313.37037
G1 F2250 X110.547 Y131.241 E313.38909
G1 X110.356 Y130.895 E313.4049
G1 X110.292 Y130.559 E313.41858
G1 X110.323 Y130.207 E313.43271
G1 X110.462 Y129.874 E313.44715
G1 X110.89 Y129.451 E313.47122
G1 X111.289 Y129.305 E313.48821
G1 X111.815 Y129.327 E313.50927
G1 X112.088 Y129.44 E313.52109
G1 X112.42 Y129.712 E313.53826
G1 X112.692 Y130.33 E313.56527
G1 X112.656 Y130.846 E313.58596
G1 X112.401 Y131.305 E313.60696
G1 X112.149 Y131.518 E313.62016
G1 F2014.8 X111.575 Y131.746 E313.64746
G1 X112.205 Y131.788 E313.67536
G1 F2250 X113.322 Y131.732 E313.7201
G1 X114.066 Y131.675 E313.74995
G1 X114.864 Y131.589 E313.78205
G1 X115.671 Y131.486 E313.81459
G1 X116.895 Y131.283 E313.86422
G1 X117.754 Y131.107 E313.8993
G1 X118.503 Y130.93 E313.93008
G1 X119.22 Y130.738 E313.95977
G1 X119.935 Y130.528 E313.98958
G1 X120.684 Y130.287 E314.02105
G1 X121.318 Y130.064 E314.04794
G1 X122.347 Y129.659 E314.09217
G1 X123.168 Y129.302 E314.12798
G1 X124.11 Y128.845 E314.16986
G1 X124.856 Y128.456 E314.20351
G1 X125.574 Y128.047 E314.23657
G1 X126.406 Y127.54 E314.27554
G1 X127.625 Y126.695 E314.33487
G1 X128.817 Y125.755 E314.39559
G1 X129.821 Y124.835 E314.45006
G1 X130.582 Y124.07 E314.49322
G1 X131.227 Y123.353 E314.5318
G1 X131.977 Y122.429 E314.5794
G1 X132.598 Y121.583 E314.62138
G1 X133.248 Y120.553 E314.6701
G1 X133.671 Y119.809 E314.70433
G1 X134.193 Y118.765 E314.75102
G1 X134.751 Y117.4 E314.81001
G1 X135.131 Y116.192 E314.86066
G1 X135.364 Y115.303 E314.89742
G1 X135.613 Y113.994 E314.95072
G1 X135.752 Y112.705 E315.00258
G1 F1994.7 X135.741 Y111.998 E315.03412
G1 X135.737 Y111.741 E315.04558
G1 X135.612 Y111.96 E315.05683
G1 X135.454 Y112.238 E315.07109
G1 F2250 X135.099 Y112.544 E315.08983
G1 X134.527 Y112.708 E315.11364
G1 X133.899 Y112.551 E315.13953
G1 X133.556 Y112.267 E315.15734
G1 X133.313 Y111.739 E315.18059
G1 X133.368 Y111.067 E315.20756
G1 X133.561 Y110.733 E315.22299
G1 X133.797 Y110.514 E315.23587
G1 X134.182 Y110.33 E315.25294
G1 X134.49 Y110.289 E315.26537
G1 X134.877 Y110.351 E315.28104
G1 X135.235 Y110.542 E315.29727
G1 F2056.1 X135.677 Y111.043 E315.32627
G1 X135.717 Y111.089 E315.32892
G1 X135.72 Y111.03 E315.33148
G1 X135.753 Y110.335 E315.36168
G1 F2250 X135.647 Y109.327 E315.40222
G1 X135.487 Y108.275 E315.44478
G1 X135.182 Y106.996 E315.49738
G1 X134.914 Y106.079 E315.53559
G1 X134.439 Y104.797 E315.59028
G1 X133.976 Y103.796 E315.63439
G1 X133.628 Y103.116 E315.66495
G1 X133.089 Y102.178 E315.70822
G1 X132.542 Y101.353 E315.74782
G1 X132.163 Y100.816 E315.77411
G1 X131.644 Y100.146 E315.80801
G1 X131.014 Y99.39 E315.84737
G1 X130.173 Y98.509 E315.89609
G1 X129.594 Y97.946 E315.92839
G1 X129.116 Y97.511 E315.95425
G1 X128.311 Y96.841 E315.99614
G1 X127.323 Y96.083 E316.04595
G1 X126.319 Y95.409 E316.09432
G1 X125.538 Y94.929 E316.13099
G1 X124.717 Y94.465 E316.16871
G1 X123.958 Y94.075 E316.20285
G1 X123.382 Y93.793 E316.2285
G1 X122.812 Y93.536 E316.25351
G1 X122.181 Y93.27 E316.2809
G1 X121.083 Y92.849 E316.32794
G1 X120.326 Y92.591 E316.35993
G1 X119.639 Y92.38 E316.38867
G1 X118.816 Y92.146 E316.4229
G1 X118.07 Y91.963 E316.45362
G1 X117.379 Y91.812 E316.48192
G1 X116.1 Y91.566 E316.53401
G1 X114.781 Y91.395 E316.58722
G1 X113.567 Y91.283 E316.63598
G1 F2237.7 X112.184 Y91.204 E316.69167
G1 F1984.8 X111.93 Y91.227 E316.7031
G1 X111.633 Y91.254 E316.71646
G1 F1994.7 X111.899 Y91.36 E316.72923
G1 X112.043 Y91.417 E316.73613
G1 F2250 X112.334 Y91.627 E316.75049
G1 X112.644 Y92.126 E316.77399
G1 X112.683 Y92.75 E316.799
G1 X112.535 Y93.124 E316.81508
G1 X112.146 Y93.52 E316.83729
G1 X111.763 Y93.679 E316.85388
G1 X111.286 Y93.691 E316.87296
G1 X110.894 Y93.546 E316.88968
G1 X110.553 Y93.253 E316.90766
G1 X110.321 Y92.78 E316.92874
G1 X110.295 Y92.385 E316.94457
G1 F2143.4 X110.517 Y91.773 E316.97178
G1 F1946.1 X111.064 Y91.308 E317.00452
G1 X111.104 Y91.274 E317.00692
G1 F2035.3 X111.059 Y91.272 E317.00889
G1 X110.294 Y91.23 E317.04245
G1 F2250 X109.313 Y91.293 E317.08177
G1 X108.514 Y91.363 E317.11385
G1 X107.418 Y91.5 E317.15803
G1 X106.379 Y91.661 E317.20009
G1 X105.639 Y91.806 E317.23025
G1 X104.994 Y91.947 E317.25666
G1 X103.583 Y92.311 E317.31495
G1 X102.98 Y92.491 E317.34012
G1 X102.139 Y92.769 E317.37555
G1 X101.098 Y93.154 E317.41994
G1 X100.09 Y93.579 E317.4637
G1 X99.113 Y94.036 E317.50685
G1 X98.363 Y94.421 E317.54057
G1 X97.573 Y94.863 E317.57678
G1 X96.935 Y95.246 E317.60654
G1 X96.014 Y95.853 E317.65066
G1 X95.308 Y96.357 E317.68536
G1 X94.713 Y96.821 E317.71554
G1 X94.198 Y97.241 E317.74213
G1 X93.46 Y97.896 E317.7816
G0 F7200 X93.316 Y98.034
G0 X93.529 Y98.258
G0 X101.607 Y103.834
G0 X101.847 Y104.028
G1 F2250 X102.252 Y103.525 E317.80743
G1 X102.721 Y103.012 E317.83523
G1 X103.295 Y102.457 E317.86717
G1 X104.16 Y101.741 E317.91208
G1 X104.767 Y101.309 E317.94188
G1 X105.439 Y100.898 E317.97339
G1 X106.342 Y100.431 E318.01406
G1 X107.418 Y99.976 E318.06079
G1 X108.445 Y99.676 E318.10358
G1 X109.393 Y99.469 E318.1424
G1 X110.33 Y99.344 E318.18021
G1 X111.133 Y99.292 E318.2124
G1 X111.931 Y99.296 E318.24432
G1 X112.832 Y99.361 E318.28045
G1 X113.8 Y99.497 E318.31955
G1 X114.919 Y99.765 E318.36558
G1 X115.976 Y100.14 E318.41044
G1 X116.93 Y100.553 E318.45202
G1 X117.834 Y101.06 E318.49348
G1 X118.681 Y101.615 E318.53399
G1 X119.433 Y102.217 E318.57252
G1 X120.224 Y102.956 E318.61582
G1 X120.716 Y103.493 E318.64495
G1 X121.363 Y104.289 E318.68598
G1 X121.858 Y105.031 E318.72166
G1 X122.228 Y105.671 E318.75123
G1 X122.657 Y106.539 E318.78996
G1 X123.025 Y107.431 E318.82855
G1 X123.348 Y108.548 E318.87507
G1 X123.539 Y109.419 E318.91073
G1 X123.652 Y110.33 E318.94745
G1 X123.72 Y111.342 E318.98802
G1 X123.68 Y112.351 E319.02842
G1 X123.597 Y113.21 E319.06294
G1 X123.418 Y114.149 E319.10117
G1 X123.263 Y114.764 E319.12654
G1 X122.923 Y115.85 E319.17206
G1 X122.473 Y116.851 E319.21596
G1 X122.022 Y117.692 E319.25413
G1 X121.446 Y118.603 E319.29724
G1 X120.853 Y119.347 E319.3353
G1 X120.203 Y120.061 E319.37392
G1 X119.672 Y120.571 E319.40337
G1 X118.856 Y121.243 E319.44566
G1 X117.966 Y121.857 E319.48891
G1 X117.412 Y122.182 E319.5146
G1 X116.628 Y122.586 E319.54988
G1 X115.816 Y122.918 E319.58497
G1 X114.801 Y123.254 E319.62773
G1 X114.086 Y123.434 E319.65723
G1 X113.036 Y123.612 E319.69983
G1 X112.29 Y123.684 E319.7298
G1 X111.384 Y123.708 E319.76606
G1 X110.644 Y123.68 E319.79568
G1 X109.736 Y123.592 E319.83217
G1 X108.459 Y123.335 E319.88427
G1 X107.412 Y123.003 E319.92821
G1 X106.525 Y122.663 E319.9662
G1 X105.573 Y122.177 E320.00896
G1 X104.993 Y121.833 E320.03593
G1 X103.931 Y121.098 E320.0876
G1 X103.056 Y120.32 E320.13443
G1 X102.417 Y119.664 E320.17106
G1 X101.74 Y118.84 E320.21372
G1 X101.342 Y118.279 E320.24123
G1 X100.978 Y117.699 E320.26862
G1 X100.431 Y116.677 E320.31499
G1 X99.963 Y115.544 E320.36402
G1 X99.648 Y114.452 E320.40948
G1 X99.51 Y113.824 E320.4352
G1 X99.384 Y113.04 E320.46697
G1 X99.312 Y112.29 E320.4971
G1 X99.288 Y111.378 E320.5336
G1 X99.316 Y110.645 E320.56294
G1 X99.396 Y109.805 E320.59669
G1 X99.577 Y108.851 E320.63553
G1 X99.733 Y108.231 E320.6611
G1 X100.077 Y107.142 E320.70679
G1 X100.635 Y105.894 E320.76147
G1 X101.171 Y104.981 E320.80382
G1 X101.752 Y104.146 E320.84451
G1 X101.847 Y104.028 E320.85057
G0 F7200 X101.972 Y103.873
G10
G0 X101.733 Y103.679
G0 X94.34 Y107.513
G0 X94.16 Y108.629
G0 X90.707 Y111.159
G0 X89.753 Y111.406
G11
G1 F1747.1 X89.755 Y111.519 E320.85624
G0 F7200 X87.263 Y111.727
G1 F1735.4 X87.269 Y111.213 E320.8822
G10
G0 F7200 X89.911 Y109.846
G0 X111.083 Y91.288
G11
G1 F1675.2 X111.633 Y91.254 E320.91091
G10
G0 F7200 X112.927 Y92.746
G0 X135.715 Y111.126
G11
G1 F1697.3 X135.737 Y111.741 E320.9426
G10
G0 F7200 X111.575 Y131.746
G11
G1 F1820.5 X111.478 Y131.744 E320.9473
G0 F7200 X110.531 Y131.544
G0 X109.707 Y131.062
G0 X110.159 Y131.37
;TYPE:WALL-INNER
G1 F2550 X109.965 Y130.98 E320.96472
G1 X109.894 Y130.525 E320.98314
G1 X109.929 Y130.135 E320.9988
G1 X110.14 Y129.62 E321.02107
G1 X110.651 Y129.128 E321.04944
G1 X111.131 Y128.932 E321.07018
G1 X111.893 Y128.935 E321.10066
G1 X112.278 Y129.088 E321.11723
G1 X112.776 Y129.488 E321.14278
G1 X113.067 Y130.19 E321.17318
G1 X113.104 Y130.42 E321.1825
G1 X113.031 Y130.984 E321.20524
G1 X112.835 Y131.368 E321.22249
G1 X114.025 Y131.277 E321.27023
G1 X114.704 Y131.206 E321.29754
G1 X115.661 Y131.083 E321.33613
G1 X116.822 Y130.89 E321.38321
G1 X117.733 Y130.702 E321.42042
G1 X118.452 Y130.53 E321.44999
G1 X119.108 Y130.354 E321.47716
G1 X119.813 Y130.147 E321.50655
G1 X120.501 Y129.927 E321.53544
G1 X121.178 Y129.689 E321.56414
G1 X122.194 Y129.289 E321.60782
G1 X123.001 Y128.938 E321.64302
G1 X123.875 Y128.515 E321.68186
G1 X124.664 Y128.105 E321.71743
G1 X125.371 Y127.702 E321.74998
G1 X126.188 Y127.204 E321.78825
G1 X127.387 Y126.373 E321.8466
G1 X128.281 Y125.67 E321.8921
G1 X128.751 Y125.273 E321.9167
G1 X129.544 Y124.547 E321.95971
G1 X130.292 Y123.795 E322.00214
G1 X130.923 Y123.093 E322.03989
G1 X131.66 Y122.185 E322.08667
G1 X132.267 Y121.358 E322.12771
G1 X132.905 Y120.347 E322.17552
G1 X133.318 Y119.621 E322.20893
G1 X133.829 Y118.6 E322.2546
G1 X134.375 Y117.264 E322.31233
G1 X134.747 Y116.081 E322.36194
G1 X134.974 Y115.215 E322.39775
G1 X135.217 Y113.935 E322.44986
G1 X135.333 Y112.858 E322.49319
G1 X134.558 Y113.136 E322.52613
G1 X133.677 Y112.904 E322.56257
G1 X133.202 Y112.458 E322.58863
G1 X132.907 Y111.755 E322.61913
G1 X132.963 Y111.02 E322.64861
G1 X133.251 Y110.479 E322.67313
G1 X133.584 Y110.176 E322.69114
G1 X134.084 Y109.942 E322.71322
G1 X134.44 Y109.892 E322.7276
G1 X134.949 Y109.958 E322.74813
G1 X135.33 Y110.136 E322.76495
G1 X135.251 Y109.386 E322.79512
G1 X135.094 Y108.351 E322.83699
G1 X134.813 Y107.169 E322.88559
G1 X134.534 Y106.205 E322.92573
G1 X134.069 Y104.951 E322.97923
G1 X133.616 Y103.971 E323.02241
G1 X133.276 Y103.307 E323.05225
G1 X132.749 Y102.388 E323.09463
G1 X132.212 Y101.579 E323.13347
G1 X131.841 Y101.054 E323.15918
G1 X131.332 Y100.396 E323.19246
G1 X130.715 Y99.656 E323.231
G1 X129.889 Y98.791 E323.27884
G1 X129.32 Y98.238 E323.31058
G1 X128.854 Y97.813 E323.3358
G1 X128.061 Y97.153 E323.37707
G1 X127.089 Y96.408 E323.42606
G1 X126.103 Y95.745 E323.47359
G1 X125.335 Y95.274 E323.50962
G1 X124.527 Y94.817 E323.54675
G1 X123.396 Y94.238 E323.59758
G1 X122.652 Y93.903 E323.63022
G1 X122.031 Y93.641 E323.65718
G1 X120.947 Y93.225 E323.70362
G1 X120.203 Y92.971 E323.73507
G1 X119.489 Y92.754 E323.76492
G1 X118.714 Y92.533 E323.79715
G1 X117.98 Y92.353 E323.82738
G1 X117.299 Y92.204 E323.85527
G1 X116.036 Y91.961 E323.90671
G1 X114.737 Y91.793 E323.95911
G1 X113.543 Y91.682 E324.00707
G1 X112.829 Y91.642 E324.03568
G1 X113.042 Y92.091 E324.05555
G1 X113.063 Y92.874 E324.08689
G1 X112.868 Y93.346 E324.10731
G1 X112.397 Y93.831 E324.13436
G1 X111.815 Y94.075 E324.1596
G1 X111.236 Y94.088 E324.18277
G1 X110.658 Y93.869 E324.20749
G1 X110.223 Y93.48 E324.23083
G1 X109.925 Y92.834 E324.25929
G1 X109.903 Y92.308 E324.28035
G1 X110.139 Y91.644 E324.30853
G1 X109.347 Y91.691 E324.34027
G1 X108.556 Y91.761 E324.37203
G1 X107.428 Y91.903 E324.41751
G1 X106.448 Y92.055 E324.45718
G1 X105.724 Y92.197 E324.48669
G1 X105.033 Y92.349 E324.51499
G1 X103.755 Y92.678 E324.56778
G1 X103.046 Y92.89 E324.59738
G1 X102.271 Y93.147 E324.63004
G1 X101.245 Y93.526 E324.67379
G1 X100.252 Y93.945 E324.7169
G1 X99.289 Y94.395 E324.75942
G1 X98.552 Y94.774 E324.79257
G1 X97.837 Y95.172 E324.8253
G1 X97.148 Y95.585 E324.85743
G1 X96.24 Y96.183 E324.90092
G1 X95.547 Y96.677 E324.93496
G1 X94.963 Y97.134 E324.96463
G1 X94.457 Y97.546 E324.99073
G1 X93.731 Y98.19 E325.02955
G1 X93.267 Y98.635 E325.05526
G1 X92.519 Y99.403 E325.09814
G1 X91.816 Y100.214 E325.14108
G1 X91.107 Y101.121 E325.18712
G1 X90.468 Y102.036 E325.23177
G1 X89.945 Y102.903 E325.27227
G1 X89.477 Y103.762 E325.3114
G1 X89.011 Y104.77 E325.35582
G1 X88.622 Y105.739 E325.39758
G1 X88.253 Y106.914 E325.44685
G1 X88.025 Y107.785 E325.48286
G1 X87.778 Y109.062 E325.53489
G1 X87.664 Y110.129 E325.57781
G1 X88.027 Y109.963 E325.59378
G1 X88.52 Y109.881 E325.61377
G1 X89.224 Y110.063 E325.64285
G1 X89.558 Y110.335 E325.66008
G1 X89.764 Y109.753 E325.68478
G1 X90.209 Y108.987 E325.72021
G1 X90.666 Y108.472 E325.74775
G1 X91.24 Y108 E325.77748
G1 X92.113 Y107.544 E325.81688
G1 X93.282 Y107.285 E325.86477
G1 X94.386 Y107.346 E325.909
G1 X95.009 Y107.517 E325.93484
G1 X95.653 Y107.808 E325.96311
G1 X96.431 Y108.354 E326.00113
G1 X96.959 Y108.92 E326.03209
G1 X97.536 Y109.93 E326.07862
G1 X97.753 Y110.668 E326.10939
G1 X97.832 Y111.44 E326.14043
G1 X97.713 Y112.506 E326.18333
G1 X97.39 Y113.435 E326.22267
G1 X96.825 Y114.236 E326.26188
G1 X96.136 Y114.919 E326.30069
G1 X95.233 Y115.399 E326.34159
G1 X94.506 Y115.627 E326.37207
G1 X93.383 Y115.718 E326.41714
G1 X92.442 Y115.561 E326.4553
G1 X91.634 Y115.231 E326.49021
G1 X91.109 Y114.897 E326.5151
G1 X90.526 Y114.388 E326.54606
G1 X89.887 Y113.498 E326.58988
G1 X89.552 Y112.703 E326.62439
G1 X89.313 Y112.876 E326.63619
G1 X88.743 Y113.09 E326.66055
G1 X88.295 Y113.092 E326.67847
G1 X87.657 Y112.849 E326.70577
G1 X87.825 Y114.147 E326.75813
G1 X87.968 Y114.923 E326.78969
G1 X88.265 Y116.165 E326.84077
G1 X88.688 Y117.408 E326.89329
G1 X89.125 Y118.506 E326.94056
G1 X89.656 Y119.569 E326.98809
G1 X90.057 Y120.298 E327.02137
G1 X90.521 Y121.028 E327.05597
G1 X91.07 Y121.827 E327.09475
G1 X91.57 Y122.478 E327.12758
G1 X91.998 Y122.999 E327.15455
G1 X92.542 Y123.616 E327.18746
G1 X93.243 Y124.342 E327.22782
G1 X93.982 Y125.045 E327.26862
G1 X94.789 Y125.727 E327.31089
G1 X95.28 Y126.118 E327.33599
G1 X96.216 Y126.799 E327.38229
G1 X97.004 Y127.328 E327.42026
G1 X98.076 Y127.961 E327.47005
G1 X98.805 Y128.355 E327.5032
G1 X99.557 Y128.731 E327.53683
G1 X100.136 Y128.999 E327.56235
G1 X101.375 Y129.528 E327.61624
G1 X102.635 Y129.974 E327.6697
G1 X103.693 Y130.306 E327.71406
G1 X104.974 Y130.635 E327.76696
G1 X105.886 Y130.831 E327.80428
G1 X107.09 Y131.054 E327.85325
G1 X108.464 Y131.231 E327.90867
G1 X110.159 Y131.37 E327.9767
G0 F7200 X109.707 Y131.062
G0 X110.576 Y124.385
G0 X110.606 Y124.078
G1 F2550 X109.637 Y123.981 E328.01565
G1 X108.371 Y123.726 E328.06731
G1 X107.302 Y123.389 E328.11214
G1 X106.367 Y123.031 E328.15219
G1 X105.369 Y122.521 E328.19702
G1 X104.789 Y122.177 E328.22399
G1 X103.665 Y121.397 E328.27872
G1 X102.77 Y120.599 E328.32668
G1 X102.108 Y119.918 E328.36467
G1 X101.414 Y119.072 E328.40844
G1 X101.022 Y118.52 E328.43552
G1 X100.639 Y117.911 E328.4643
G1 X100.061 Y116.83 E328.51333
G1 X99.579 Y115.655 E328.56413
G1 X99.267 Y114.575 E328.6091
G1 X99.115 Y113.888 E328.63724
G1 X98.986 Y113.079 E328.67001
G1 X98.912 Y112.301 E328.70127
G1 X98.888 Y111.362 E328.73885
G1 X98.918 Y110.607 E328.76907
G1 X99.006 Y109.711 E328.80508
G1 X99.189 Y108.754 E328.84406
G1 X99.341 Y108.146 E328.86912
G1 X99.687 Y107.044 E328.91533
G1 X100.274 Y105.721 E328.97322
G1 X100.831 Y104.77 E329.01731
G1 X101.418 Y103.924 E329.05849
G1 X101.541 Y103.771 E329.06635
G1 X101.956 Y103.255 E329.09283
G1 X102.416 Y102.751 E329.12013
G1 X103.048 Y102.142 E329.15523
G1 X103.892 Y101.442 E329.19909
G1 X104.558 Y100.968 E329.23179
G1 X105.229 Y100.557 E329.26327
G1 X106.186 Y100.063 E329.30635
G1 X107.278 Y99.601 E329.35378
G1 X108.359 Y99.285 E329.39882
G1 X109.293 Y99.081 E329.43707
G1 X110.304 Y98.945 E329.47787
G1 X111.092 Y98.893 E329.50946
G1 X111.96 Y98.897 E329.54418
G1 X112.888 Y98.965 E329.5814
G1 X113.856 Y99.101 E329.6205
G1 X115.013 Y99.376 E329.66807
G1 X116.097 Y99.758 E329.71404
G1 X117.126 Y100.204 E329.7589
G1 X118.053 Y100.725 E329.80144
G1 X118.894 Y101.275 E329.84163
G1 X119.685 Y101.906 E329.88211
G1 X120.519 Y102.686 E329.92778
G1 X121.026 Y103.24 E329.95782
G1 X121.661 Y104.02 E329.99805
G1 X122.204 Y104.831 E330.03709
G1 X122.572 Y105.466 E330.06645
G1 X123.015 Y106.359 E330.10632
G1 X123.401 Y107.295 E330.14682
G1 X123.732 Y108.437 E330.19438
G1 X123.936 Y109.369 E330.23254
G1 X124.048 Y110.269 E330.26882
G1 X124.12 Y111.381 E330.3134
G1 X124.078 Y112.389 E330.35375
G1 X123.994 Y113.262 E330.38883
G1 X123.814 Y114.212 E330.42751
G1 X123.65 Y114.869 E330.45459
G1 X123.288 Y116.014 E330.50263
G1 X122.825 Y117.04 E330.54765
G1 X122.368 Y117.892 E330.58633
G1 X121.745 Y118.871 E330.63274
G1 X121.149 Y119.616 E330.67091
G1 X120.497 Y120.332 E330.70964
G1 X119.926 Y120.88 E330.7413
G1 X119.11 Y121.552 E330.78358
G1 X118.169 Y122.202 E330.82933
G1 X117.625 Y122.522 E330.85457
G1 X116.78 Y122.956 E330.89257
G1 X115.942 Y123.298 E330.92878
G1 X114.942 Y123.63 E330.97092
G1 X114.153 Y123.828 E331.00346
G1 X113.075 Y124.01 E331.04719
G1 X112.301 Y124.084 E331.07829
G1 X111.368 Y124.108 E331.11563
G1 X110.606 Y124.078 E331.14613
G0 F7200 X110.593 Y124.396
;TYPE:SKIN
G1 F1680 X110.576 Y124.395 E331.14678
G1 X109.579 Y124.296 E331.18485
G1 X108.283 Y124.035 E331.23508
G1 X107.212 Y123.695 E331.27778
G1 X106.22 Y123.315 E331.31815
G1 X105.202 Y122.793 E331.36162
G1 X104.614 Y122.445 E331.38759
G1 X103.523 Y121.694 E331.43792
G1 X102.532 Y120.816 E331.48823
G1 X101.897 Y120.164 E331.52282
G1 X101.144 Y119.248 E331.56788
G1 X100.774 Y118.727 E331.59216
G1 X100.351 Y118.055 E331.62233
G1 X99.799 Y117.031 E331.66654
G1 X99.299 Y115.828 E331.71604
G1 X98.956 Y114.652 E331.76259
G1 X98.798 Y113.933 E331.79057
G1 X98.664 Y113.111 E331.82222
G1 F1527.4 X98.556 Y112.33 E331.85487
G1 F1504.4 X98.567 Y111.515 E331.8891
G1 F1512 X98.563 Y110.605 E331.92714
G1 F1535.2 X98.679 Y109.718 E331.96402
G1 F1680 X98.878 Y108.674 E332.0044
G1 X99.053 Y107.986 E332.03138
G1 X99.421 Y106.842 E332.07705
G1 X99.985 Y105.573 E332.12982
G1 X100.563 Y104.59 E332.17315
G1 X101.164 Y103.722 E332.21327
G1 X101.716 Y103.04 E332.24661
G1 X102.208 Y102.504 E332.27426
G1 X102.815 Y101.918 E332.30632
G1 X103.685 Y101.192 E332.34938
G1 X104.375 Y100.701 E332.38156
G1 X105.107 Y100.254 E332.41415
G1 X106.01 Y99.787 E332.45278
G1 X107.168 Y99.301 E332.5005
G1 X108.289 Y98.968 E332.54494
G1 X109.241 Y98.761 E332.58196
G1 X110.278 Y98.624 E332.62171
G1 X111.085 Y98.572 E332.65244
G1 X111.979 Y98.576 E332.68641
G1 X112.941 Y98.645 E332.72306
G1 X113.915 Y98.785 E332.76046
G1 X115.184 Y99.091 E332.81006
G1 X116.264 Y99.476 E332.85363
G1 X117.237 Y99.9 E332.89396
G1 X118.172 Y100.424 E332.93469
G1 X119.081 Y101.015 E332.97589
G1 X119.893 Y101.662 E333.01534
G1 X120.732 Y102.448 E333.05903
G1 X121.271 Y103.037 E333.08937
G1 X121.923 Y103.836 E333.12856
G1 X122.478 Y104.664 E333.16644
G1 X122.86 Y105.33 E333.19561
G1 X123.309 Y106.235 E333.234
G1 X123.701 Y107.183 E333.27298
G1 X124.052 Y108.389 E333.32071
G1 X124.247 Y109.291 E333.35578
G1 X124.368 Y110.279 E333.39361
G1 X124.441 Y111.401 E333.43633
G1 X124.396 Y112.415 E333.4749
G1 X124.312 Y113.299 E333.50865
G1 X124.126 Y114.278 E333.54651
G1 X123.943 Y114.996 E333.57467
G1 X123.615 Y116.051 E333.61665
G1 X123.105 Y117.191 E333.66411
G1 X122.633 Y118.068 E333.70196
G1 X121.993 Y119.074 E333.74726
G1 X121.356 Y119.868 E333.78595
G1 X120.723 Y120.557 E333.8215
G1 X120.143 Y121.113 E333.85203
G1 X119.242 Y121.849 E333.89624
G1 X118.381 Y122.445 E333.93603
G1 X117.736 Y122.822 E333.96442
G1 X116.9 Y123.254 E334.00018
G1 X116.052 Y123.598 E334.03496
G1 X115.037 Y123.935 E334.0756
G1 X114.202 Y124.142 E334.10829
G1 X113.108 Y124.328 E334.15045
G1 X112.302 Y124.404 E334.18122
G1 X111.355 Y124.428 E334.21722
G1 X110.593 Y124.396 E334.2462
G0 F7200 X111.173 Y128.581
G1 F1680 X111.968 Y128.622 E334.27645
G1 X112.424 Y128.802 E334.29508
G1 X112.913 Y129.189 E334.31877
G1 X113.095 Y129.434 E334.33037
G1 X113.363 Y130.069 E334.35656
G1 X113.418 Y130.458 E334.37149
G1 X113.324 Y131.005 E334.39258
G1 X113.993 Y130.956 E334.41807
G1 X114.756 Y130.874 E334.44723
G1 X115.515 Y130.778 E334.47631
G1 X116.759 Y130.575 E334.5242
G1 X117.709 Y130.377 E334.56108
G1 X118.327 Y130.23 E334.58522
G1 X119.059 Y130.034 E334.61401
G1 X119.712 Y129.841 E334.63989
G1 X121.094 Y129.38 E334.69525
G1 X122.135 Y128.963 E334.73786
G1 X122.868 Y128.646 E334.76821
G1 X123.781 Y128.201 E334.80681
G1 X124.512 Y127.82 E334.83813
G1 X125.21 Y127.423 E334.86864
G1 X126.03 Y126.924 E334.90512
G1 X127.196 Y126.111 E334.95914
G1 X128.358 Y125.195 E335.01536
G1 X129.317 Y124.315 E335.06482
G1 X130.058 Y123.57 E335.10475
G1 X130.679 Y122.882 E335.13997
G1 X131.405 Y121.985 E335.18382
G1 X132.002 Y121.171 E335.22218
G1 X132.628 Y120.177 E335.26682
G1 X133.035 Y119.465 E335.29798
G1 X133.533 Y118.469 E335.3403
G1 X134.071 Y117.151 E335.39439
G1 X134.439 Y115.988 E335.44075
G1 X134.652 Y115.175 E335.47268
G1 X134.899 Y113.875 E335.52297
G1 X134.958 Y113.325 E335.54399
G1 X134.443 Y113.438 E335.56402
G1 X133.517 Y113.189 E335.60046
G1 X132.925 Y112.629 E335.63143
G1 X132.581 Y111.784 E335.6661
G1 X132.647 Y110.937 E335.69838
G1 X133.005 Y110.277 E335.72691
G1 X133.435 Y109.894 E335.74879
G1 X134.003 Y109.633 E335.77255
G1 X134.67 Y109.578 E335.79798
G1 X134.966 Y109.649 E335.80955
G1 X134.779 Y108.415 E335.85697
G1 X134.482 Y107.176 E335.90539
G1 X134.226 Y106.303 E335.93996
G1 X133.771 Y105.069 E335.98994
G1 X133.324 Y104.108 E336.03021
G1 X132.992 Y103.456 E336.05802
G1 X132.473 Y102.554 E336.09756
G1 X131.705 Y101.401 E336.15021
G1 X131.08 Y100.598 E336.18887
G1 X130.47 Y99.866 E336.22508
G1 X129.657 Y99.013 E336.26986
G1 X129.098 Y98.466 E336.29958
G1 X128.613 Y98.028 E336.32441
G1 X127.859 Y97.401 E336.36168
G1 X126.899 Y96.667 E336.4076
G1 X125.927 Y96.013 E336.45212
G1 X125.17 Y95.545 E336.48594
G1 X124.373 Y95.097 E336.52068
G1 X122.876 Y94.342 E336.58439
G1 X121.913 Y93.938 E336.62407
G1 X120.84 Y93.525 E336.66776
G1 X119.651 Y93.131 E336.71536
G1 X118.573 Y92.826 E336.75793
G1 X117.903 Y92.663 E336.78414
G1 X117.231 Y92.516 E336.81028
G1 X115.984 Y92.278 E336.85852
G1 X114.697 Y92.111 E336.90783
G1 X113.359 Y91.986 E336.9589
G1 X113.373 Y92.956 E336.99576
G1 X113.085 Y93.589 E337.02219
G1 X112.587 Y94.087 E337.04895
G1 X111.87 Y94.391 E337.07855
G1 X111.198 Y94.403 E337.10409
G1 X110.477 Y94.136 E337.1333
G1 X109.961 Y93.671 E337.1597
G1 X109.607 Y92.889 E337.19232
G1 X109.598 Y92.216 E337.21789
G1 X109.677 Y91.982 E337.22728
G1 X108.557 Y92.081 E337.27
G1 X107.518 Y92.214 E337.30981
G1 X106.507 Y92.37 E337.34868
G1 X105.793 Y92.508 E337.37632
G1 X105.107 Y92.659 E337.40301
G1 X103.783 Y93.001 E337.45497
G1 X103.106 Y93.207 E337.48186
G1 X102.374 Y93.449 E337.51116
G1 X101.362 Y93.823 E337.55216
G1 X100.354 Y94.247 E337.59371
G1 X99.497 Y94.648 E337.62967
G1 X98.699 Y95.057 E337.66374
G1 X97.946 Y95.479 E337.69654
G1 X97.315 Y95.858 E337.72451
G1 X96.418 Y96.449 E337.76533
G1 X95.74 Y96.933 E337.79699
G1 X95.189 Y97.361 E337.8235
G1 X94.666 Y97.789 E337.84918
G1 X93.77 Y98.582 E337.89465
G1 X92.751 Y99.62 E337.94992
G1 X92.059 Y100.416 E337.99
G1 X91.366 Y101.307 E338.0329
G1 X90.732 Y102.213 E338.07492
G1 X90.222 Y103.064 E338.11262
G1 X89.763 Y103.906 E338.14906
G1 X89.304 Y104.896 E338.19052
G1 X88.921 Y105.848 E338.22952
G1 X88.561 Y107.004 E338.27553
G1 X88.336 Y107.857 E338.30905
G1 X88.094 Y109.106 E338.35739
G1 X88.036 Y109.649 E338.37815
G1 X88.541 Y109.555 E338.39767
G1 X89.378 Y109.77 E338.4305
G1 X89.955 Y108.786 E338.47385
G1 X90.468 Y108.217 E338.50296
G1 X91.04 Y107.745 E338.53114
G1 X92.006 Y107.234 E338.57267
G1 X93.25 Y106.963 E338.62105
G1 X94.416 Y107.023 E338.66542
G1 X95.166 Y107.229 E338.69497
G1 X95.844 Y107.548 E338.72345
G1 X96.659 Y108.127 E338.76144
G1 X97.203 Y108.711 E338.79177
G1 X97.833 Y109.806 E338.83977
G1 F1535.2 X98.097 Y110.607 E338.87454
G1 F1512 X98.157 Y111.496 E338.91179
G1 F1608.9 X98.08 Y112.445 E338.94942
G1 F1600.4 X97.674 Y113.584 E338.99743
G1 F1643.8 X97.057 Y114.455 E339.03881
G1 F1680 X96.338 Y115.165 E339.0772
G1 X95.332 Y115.703 E339.12056
G1 X94.548 Y115.948 E339.15177
G1 X93.335 Y116.034 E339.19798
G1 X92.328 Y115.862 E339.2368
G1 X91.568 Y115.55 E339.26802
G1 X90.948 Y115.183 E339.29539
G1 X90.273 Y114.586 E339.32964
G1 X89.617 Y113.678 E339.3722
G1 X89.405 Y113.183 E339.39267
G1 X88.815 Y113.4 E339.41656
G1 X88.3 Y113.412 E339.43613
G1 X88.046 Y113.347 E339.44609
G1 X88.144 Y114.098 E339.47487
G1 X88.28 Y114.854 E339.50406
G1 X88.573 Y116.068 E339.55152
G1 X88.988 Y117.294 E339.6007
G1 X89.419 Y118.378 E339.64503
G1 X89.938 Y119.415 E339.6891
G1 X90.329 Y120.13 E339.72007
G1 X90.787 Y120.849 E339.75246
G1 X91.326 Y121.634 E339.78864
G1 X91.821 Y122.275 E339.81942
G1 X92.241 Y122.786 E339.84456
G1 X92.752 Y123.372 E339.8741
G1 X93.465 Y124.109 E339.91307
G1 X94.198 Y124.807 E339.95153
G1 X95.32 Y125.753 E340.0073
G1 X96.395 Y126.535 E340.05781
G1 X97.171 Y127.054 E340.09329
G1 X98.231 Y127.677 E340.14001
G1 X98.953 Y128.07 E340.17125
G1 X99.695 Y128.439 E340.20274
G1 X100.266 Y128.705 E340.22667
G1 X101.493 Y129.229 E340.27737
G1 X102.732 Y129.67 E340.32735
G1 X103.775 Y129.995 E340.36886
G1 X105.046 Y130.321 E340.41873
G1 X105.948 Y130.515 E340.45378
G1 X107.191 Y130.746 E340.50183
G1 X108.501 Y130.912 E340.55201
G1 X109.653 Y131.002 E340.59592
G1 X109.588 Y130.729 E340.60658
G1 X109.611 Y130.076 E340.63141
G1 X109.902 Y129.41 E340.65903
G1 X110.47 Y128.858 E340.68912
G1 X111.173 Y128.581 E340.71784
G10
G0 F7200 X126.53 Y126.332
G11
G1 F1680 X131.892 Y120.969 E341.00602
G1 X131.962 Y120.899
G0 F7200 X132.771 Y119.524
G1 F1680 X124.961 Y127.335 E341.42576
G1 X124.891 Y127.405
G0 F7200 X123.725 Y128.005
G1 F1680 X133.355 Y118.375 E341.94327
G1 X133.425 Y118.305
G0 F7200 X133.746 Y117.419
G1 F1680 X122.635 Y128.529 E342.54035
G1 X122.565 Y128.599
G0 F7200 X121.661 Y128.937
G1 F1680 X134.053 Y116.546 E343.20627
G1 X134.123 Y116.476
G0 F7200 X134.299 Y115.734
G1 F1680 X120.748 Y129.285 E343.93451
G1 X120.678 Y129.355
G0 F7200 X119.899 Y129.568
G1 F1680 X134.485 Y114.983 E344.71833
G0 F7200 X134.618 Y114.284
G1 F1680 X119.084 Y129.818 E345.55313
G1 X119.014 Y129.888
G0 F7200 X118.307 Y130.028
G1 F1680 X134.75 Y113.586 E346.43675
G0 F7200 X134.193 Y113.577
G1 F1680 X117.566 Y130.204 E347.33029
G0 F7200 X116.853 Y130.352
G1 F1680 X133.747 Y113.457 E348.2382
G0 F7200 X133.342 Y113.297
G1 F1680 X116.17 Y130.469 E349.16103
G0 F7200 X115.494 Y130.579
G1 F1680 X133.051 Y113.022 E350.10454
G0 F7200 X132.761 Y112.747
G1 F1680 X114.845 Y130.662 E351.06732
G0 F7200 X114.21 Y130.732
G1 F1680 X132.595 Y112.347 E352.05534
G0 F7200 X132.431 Y111.945
G1 F1680 X113.576 Y130.8 E353.06861
G0 F7200 X113.587 Y130.224
G1 F1680 X132.409 Y111.401 E354.08013
G0 F7200 X132.551 Y110.693
G1 F1680 X113.462 Y129.783 E355.106
G0 F7200 X113.295 Y129.384
G1 F1680 X134.514 Y108.165 E356.24631
G0 F7200 X134.404 Y107.709
G1 F1680 X113.059 Y129.055 E357.39342
G0 F7200 X112.744 Y128.804
G1 F1680 X120.525 Y121.023 E357.81157
G0 F7200 X121.026 Y120.521
G1 F1680 X134.294 Y107.253 E358.5246
G0 F7200 X134.167 Y106.815
G1 F1680 X122.792 Y118.19 E359.13589
G1 X122.722 Y118.26
G0 F7200 X123.404 Y117.012
G1 F1680 X134.039 Y106.377 E359.70742
G0 F7200 X133.887 Y105.963
G1 F1680 X123.836 Y116.015 E360.24759
G1 X123.766 Y116.085
G0 F7200 X124.092 Y115.193
G1 F1680 X133.734 Y105.551 E360.76575
G0 F7200 X133.582 Y105.138
G1 F1680 X124.295 Y114.424 E361.26481
G0 F7200 X124.435 Y113.718
G1 F1680 X133.401 Y104.752 E361.74664
G0 F7200 X133.222 Y104.366
G1 F1680 X124.536 Y113.052 E362.21343
G0 F7200 X124.596 Y112.426
G1 F1680 X133.036 Y103.986 E362.66699
G0 F7200 X132.846 Y103.611
G1 F1680 X124.622 Y111.835 E363.10895
G0 F7200 X124.632 Y111.259
G1 F1680 X132.641 Y103.25 E363.53936
G0 F7200 X132.435 Y102.89
G1 F1680 X124.598 Y110.727 E363.96052
G0 F7200 X124.56 Y110.2
G1 F1680 X132.221 Y102.538 E364.37225
G0 F7200 X131.996 Y102.198
G1 F1680 X124.499 Y109.695 E364.77514
G0 F7200 X124.431 Y109.197
G1 F1680 X131.769 Y101.859 E365.16948
G0 F7200 X131.536 Y101.526
G1 F1680 X124.331 Y108.732 E365.55671
G0 F7200 X124.227 Y108.27
G1 F1680 X131.296 Y101.201 E365.9366
G0 F7200 X131.048 Y100.883
G1 F1680 X124.099 Y107.832 E366.31004
G0 F7200 X123.971 Y107.394
G1 F1680 X130.796 Y100.57 E366.67679
G0 F7200 X130.538 Y100.261
G1 F1680 X123.83 Y106.97 E367.0373
G0 F7200 X123.664 Y106.569
G1 F1680 X130.279 Y99.955 E367.39276
G0 F7200 X130.002 Y99.666
G1 F1680 X123.499 Y106.169 E367.74224
G0 F7200 X123.313 Y105.79
G1 F1680 X129.726 Y99.377 E368.08687
G0 F7200 X129.449 Y99.088
G1 F1680 X123.125 Y105.412 E368.42672
G0 F7200 X122.927 Y105.044
G1 F1680 X129.162 Y98.809 E368.76179
G0 F7200 X128.873 Y98.533
G1 F1680 X122.721 Y104.685 E369.0924
G0 F7200 X122.501 Y104.339
G1 F1680 X128.576 Y98.264 E369.41887
G0 F7200 X128.271 Y98.004
G1 F1680 X122.274 Y104 E369.74113
G0 F7200 X122.042 Y103.666
G1 F1680 X127.962 Y97.746 E370.05927
G0 F7200 X127.65 Y97.493
G1 F1680 X121.789 Y103.354 E370.37424
G0 F7200 X121.535 Y103.042
G1 F1680 X127.329 Y97.248 E370.68561
G0 F7200 X127.008 Y97.003
G1 F1680 X121.272 Y102.74 E370.99389
G0 F7200 X121.001 Y102.445
G1 F1680 X126.683 Y96.763 E371.29924
G0 F7200 X126.345 Y96.535
G1 F1680 X120.719 Y102.161 E371.60158
G0 F7200 X120.427 Y101.888
G1 F1680 X126.007 Y96.307 E371.90148
G0 F7200 X125.663 Y96.085
G1 F1680 X120.135 Y101.614 E372.19858
G0 F7200 X119.828 Y101.355
G1 F1680 X125.314 Y95.869 E372.4934
G0 F7200 X124.961 Y95.657
G1 F1680 X119.513 Y101.104 E372.78615
G0 F7200 X119.198 Y100.854
G1 F1680 X124.599 Y95.453 E373.0764
G0 F7200 X124.235 Y95.251
G1 F1680 X118.855 Y100.631 E373.36552
G0 F7200 X118.513 Y100.408
G1 F1680 X123.859 Y95.061 E373.65284
G0 F7200 X123.483 Y94.872
G1 F1680 X118.164 Y100.191 E373.93869
G0 F7200 X117.801 Y99.988
G1 F1680 X123.107 Y94.682 E374.22383
G0 F7200 X122.727 Y94.496
G1 F1680 X117.439 Y99.784 E374.50801
G0 F7200 X117.053 Y99.604
G1 F1680 X122.328 Y94.329 E374.79149
G0 F7200 X121.93 Y94.162
G1 F1680 X116.659 Y99.433 E375.07475
G0 F7200 X116.262 Y99.264
G1 F1680 X121.524 Y94.002 E375.35753
G0 F7200 X121.116 Y93.844
G1 F1680 X115.845 Y99.115 E375.6408
G0 F7200 X115.428 Y98.967
G1 F1680 X120.705 Y93.69 E375.92438
G0 F7200 X120.28 Y93.549
G1 F1680 X114.989 Y98.84 E376.20872
G0 F7200 X114.533 Y98.73
G1 F1680 X119.853 Y93.41 E376.49462
G0 F7200 X119.421 Y93.277
G1 F1680 X114.077 Y98.621 E376.78181
G0 F7200 X113.595 Y98.537
G1 F1680 X118.983 Y93.149 E377.07136
G0 F7200 X118.542 Y93.025
G1 F1680 X113.1 Y98.466 E377.36379
G0 F7200 X112.581 Y98.419
G1 F1680 X118.088 Y92.913 E377.65971
G0 F7200 X117.628 Y92.807
G1 F1680 X112.053 Y98.382 E377.95931
G0 F7200 X111.494 Y98.375
G1 F1680 X117.163 Y92.707 E378.26393
G0 F7200 X116.687 Y92.616
G1 F1680 X110.922 Y98.381 E378.57374
G0 F7200 X110.317 Y98.421
G1 F1680 X116.212 Y92.526 E378.89054
G0 F7200 X115.726 Y92.446
G1 F1680 X109.669 Y98.503 E379.21605
G0 F7200 X108.996 Y98.611
G1 F1680 X115.225 Y92.381 E379.55082
G0 F7200 X114.725 Y92.316
G1 F1680 X108.272 Y98.769 E379.89761
G1 X108.202 Y98.839
G0 F7200 X107.474 Y99.001
G1 F1680 X111.887 Y94.588 E380.13476
G0 F7200 X111.311 Y94.598
G1 F1680 X106.577 Y99.333 E380.38919
G1 X106.507 Y99.403
G0 F7200 X105.538 Y99.806
G1 F1680 X110.853 Y94.491 E380.67482
G0 F7200 X110.442 Y94.336
G1 F1680 X104.191 Y100.587 E381.01075
G1 X104.121 Y100.657
G0 F7200 X100.616 Y104.162
G1 F1680 X96.797 Y107.982 E381.21601
G0 F7200 X97.069 Y108.274
G1 F1680 X99.762 Y105.582 E381.36071
G1 X99.832 Y105.512
G0 F7200 X99.312 Y106.597
G1 F1680 X97.342 Y108.567 E381.46658
G0 F7200 X97.557 Y108.918
G1 F1680 X99.009 Y107.466 E381.54461
G1 X99.079 Y107.396
G0 F7200 X98.775 Y108.266
G1 F1680 X97.762 Y109.278 E381.59902
G0 F7200 X97.968 Y109.639
G1 F1680 X98.612 Y108.995 E381.63363
G0 F7200 X98.479 Y109.693
G1 F1680 X98.132 Y110.04 E381.65227
G0 F7200 X98.373 Y110.365
G1 F1680 X98.284 Y110.454 E381.65706
G0 F7200 X98.373 Y112.628
G1 F1680 X98.16 Y112.841 E381.6685
G0 F7200 X98.46 Y113.106
G1 F1680 X97.762 Y113.805 E381.70604
G1 X97.692 Y113.875
G0 F7200 X98.54 Y113.592
G1 F1680 X91.133 Y120.999 E382.10409
G0 F7200 X91.364 Y121.334
G1 F1680 X98.624 Y114.073 E382.49427
G0 F7200 X98.726 Y114.537
G1 F1680 X91.601 Y121.662 E382.87717
G0 F7200 X91.848 Y121.982
G1 F1680 X98.845 Y114.984 E383.25322
G0 F7200 X98.972 Y115.422
G1 F1680 X92.099 Y122.296 E383.6226
G0 F7200 X92.354 Y122.607
G1 F1680 X99.1 Y115.86 E383.98516
G0 F7200 X99.263 Y116.263
G1 F1680 X92.616 Y122.91 E384.34237
G0 F7200 X92.879 Y123.213
G1 F1680 X99.43 Y116.662 E384.69442
G0 F7200 X99.596 Y117.062
G1 F1680 X93.156 Y123.501 E385.04048
G0 F7200 X93.434 Y123.789
G1 F1680 X99.789 Y117.434 E385.382
G0 F7200 X99.988 Y117.801
G1 F1680 X93.717 Y124.072 E385.719
G0 F7200 X94.007 Y124.348
G1 F1680 X100.186 Y118.169 E386.05106
G0 F7200 X100.404 Y118.516
G1 F1680 X94.296 Y124.625 E386.37934
G0 F7200 X94.6 Y124.886
G1 F1680 X100.624 Y118.862 E386.70307
G0 F7200 X100.86 Y119.192
G1 F1680 X94.907 Y125.144 E387.02295
G0 F7200 X95.214 Y125.403
G1 F1680 X101.104 Y119.514 E387.33946
G0 F7200 X101.359 Y119.824
G1 F1680 X95.527 Y125.656 E387.65287
G0 F7200 X95.854 Y125.895
G1 F1680 X101.614 Y120.135 E387.96241
G0 F7200 X101.881 Y120.433
G1 F1680 X96.181 Y126.133 E388.26873
G0 F7200 X96.509 Y126.371
G1 F1680 X102.16 Y120.72 E388.57242
G0 F7200 X102.442 Y121.004
G1 F1680 X96.847 Y126.598 E388.87306
G0 F7200 X97.186 Y126.825
G1 F1680 X102.742 Y121.27 E389.17162
G0 F7200 X103.042 Y121.535
G1 F1680 X97.538 Y127.039 E389.4674
G0 F7200 X97.895 Y127.248
G1 F1680 X103.342 Y121.801 E389.76013
G0 F7200 X103.671 Y122.037
G1 F1680 X98.251 Y127.457 E390.0514
G0 F7200 X98.615 Y127.659
G1 F1680 X104.006 Y122.268 E390.34111
G0 F7200 X104.341 Y122.498
G1 F1680 X98.981 Y127.859 E390.62918
G0 F7200 X99.357 Y128.049
G1 F1680 X104.686 Y122.72 E390.91557
G0 F7200 X105.042 Y122.929
G1 F1680 X99.735 Y128.237 E391.20079
G0 F7200 X100.12 Y128.417
G1 F1680 X105.412 Y123.125 E391.48518
G0 F7200 X105.786 Y123.317
G1 F1680 X100.51 Y128.592 E391.76869
G0 F7200 X100.906 Y128.762
G1 F1680 X106.163 Y123.505 E392.0512
G0 F7200 X106.572 Y123.662
G1 F1680 X101.303 Y128.931 E392.33436
G0 F7200 X101.707 Y129.093
G1 F1680 X106.98 Y123.82 E392.61773
G0 F7200 X107.401 Y123.964
G1 F1680 X102.124 Y129.241 E392.90132
G0 F7200 X102.541 Y129.39
G1 F1680 X107.83 Y124.101 E393.18555
G0 F7200 X108.262 Y124.235
G1 F1680 X102.964 Y129.533 E393.47026
G0 F7200 X103.395 Y129.668
G1 F1680 X108.733 Y124.329 E393.75715
G0 F7200 X109.205 Y124.423
G1 F1680 X103.826 Y129.802 E394.04622
G0 F7200 X104.276 Y129.917
G1 F1680 X109.687 Y124.507 E394.33698
G0 F7200 X110.201 Y124.558
G1 F1680 X104.727 Y130.033 E394.63118
G0 F7200 X105.18 Y130.145
G1 F1680 X110.723 Y124.602 E394.92907
G0 F7200 X111.266 Y124.625
G1 F1680 X105.645 Y130.246 E395.23114
G0 F7200 X106.113 Y130.343
G1 F1680 X111.841 Y124.616 E395.53894
G0 F7200 X112.431 Y124.592
G1 F1680 X106.591 Y130.432 E395.85278
G0 F7200 X107.068 Y130.52
G1 F1680 X113.054 Y124.534 E396.17447
G0 F7200 X113.729 Y124.425
G1 F1680 X107.562 Y130.591 E396.50585
G0 F7200 X108.064 Y130.655
G1 F1680 X114.428 Y124.291 E396.84786
G0 F7200 X115.191 Y124.094
G1 F1680 X110.758 Y128.527 E397.08609
G0 F7200 X111.458 Y128.393
G1 F1680 X116.038 Y123.812 E397.33224
G1 X116.108 Y123.742
G0 F7200 X116.98 Y123.436
G1 F1680 X111.996 Y128.42 E397.60008
G0 F7200 X112.402 Y128.58
G1 F1680 X118.199 Y122.783 E397.91161
G1 X118.269 Y122.713
G0 F7200 X111.985 Y127.728
G0 X109.528 Y129.757
G1 F1680 X108.568 Y130.717 E397.96321
G0 F7200 X109.093 Y130.757
G1 F1680 X109.398 Y130.453 E397.97957
G10
G0 F7200 X95.977 Y115.589
G11
G1 F1680 X90.905 Y120.661 E398.25214
G0 F7200 X90.684 Y120.316
G1 F1680 X94.979 Y116.021 E398.48295
G0 F7200 X94.268 Y116.167
G1 F1680 X90.468 Y119.967 E398.68717
G0 F7200 X90.269 Y119.601
G1 F1680 X93.656 Y116.214 E398.86918
G0 F7200 X93.11 Y116.194
G1 F1680 X90.071 Y119.232 E399.03247
G0 F7200 X89.882 Y118.855
G1 F1680 X92.622 Y116.116 E399.17969
G0 F7200 X92.162 Y116.01
G1 F1680 X89.694 Y118.479 E399.31235
G0 F7200 X89.519 Y118.088
G1 F1680 X91.761 Y115.845 E399.43286
G0 F7200 X91.374 Y115.666
G1 F1680 X89.358 Y117.682 E399.5412
G0 F7200 X89.197 Y117.278
G1 F1680 X91.017 Y115.459 E399.63898
G0 F7200 X90.692 Y115.217
G1 F1680 X89.052 Y116.858 E399.72714
G0 F7200 X88.909 Y116.435
G1 F1680 X90.389 Y114.955 E399.80668
G0 F7200 X90.096 Y114.682
G1 F1680 X88.765 Y116.013 E399.87821
G0 F7200 X88.656 Y115.557
G1 F1680 X89.858 Y114.354 E399.94283
G0 F7200 X89.621 Y114.026
G1 F1680 X88.545 Y115.101 E400.00063
G0 F7200 X88.445 Y114.636
G1 F1680 X89.402 Y113.679 E400.05206
G0 F7200 X88.956 Y113.559
G1 F1680 X88.358 Y114.157 E400.08419
G0 F7200 X88.272 Y113.678
G1 F1680 X88.341 Y113.609 E400.0879
G0 F7200 X91.527 Y115.458
G0 X92.383 Y115.804
G0 X93.387 Y115.971
G0 X94.544 Y115.879
G0 X95.328 Y115.632
G0 X96.297 Y115.115
G0 X97.017 Y114.402
G0 X97.62 Y113.544
G0 X97.959 Y112.564
G0 X98.088 Y111.455
G0 X98.001 Y110.626
G0 X97.761 Y109.82
G0 X97.163 Y108.776
G0 X96.595 Y108.164
G0 X95.731 Y107.56
G0 X94.407 Y107.096
G0 X93.274 Y107.034
G0 X92.033 Y107.309
G0 X91.193 Y107.746
G0 X89.071 Y109.485
G1 F1680 X89.653 Y108.902 E400.11921
G1 X89.723 Y108.832
G0 F7200 X88.62 Y109.37
G1 F1680 X105.129 Y92.861 E401.0064
G0 F7200 X105.855 Y92.7
G1 F1680 X91.04 Y107.516 E401.80259
G1 X90.97 Y107.586
G0 F7200 X92.115 Y107.006
G1 F1680 X106.557 Y92.565 E402.57868
G0 F7200 X107.226 Y92.461
G1 F1680 X92.839 Y106.848 E403.35183
G0 F7200 X93.477 Y106.775
G1 F1680 X107.884 Y92.369 E404.12604
G0 F7200 X108.532 Y92.287
G1 F1680 X94.015 Y106.804 E404.90619
G0 F7200 X94.535 Y106.849
G1 F1680 X109.155 Y92.229 E405.69187
G0 F7200 X109.396 Y92.554
G1 F1680 X94.978 Y106.972 E406.46669
G0 F7200 X95.396 Y107.119
G1 F1680 X109.462 Y93.054 E407.22257
G0 F7200 X109.638 Y93.443
G1 F1680 X95.78 Y107.301 E407.9673
G0 F7200 X96.137 Y107.51
G1 F1680 X109.829 Y93.818 E408.70311
G0 F7200 X110.126 Y94.087
G1 F1680 X96.468 Y107.744 E409.43707
G1 X96.398 Y107.814
G0 F7200 X89.863 Y104.167
G1 F1680 X98.802 Y95.228 E409.91745
G1 X98.872 Y95.158
G0 F7200 X99.929 Y94.667
G1 F1680 X89.399 Y105.197 E410.48334
G1 X89.329 Y105.267
G0 F7200 X89.048 Y106.113
G1 F1680 X100.948 Y94.213 E411.12284
G1 X101.018 Y94.143
G0 F7200 X101.885 Y93.842
G1 F1680 X88.791 Y106.936 E411.82652
G1 X88.721 Y107.006
G0 F7200 X88.582 Y107.711
G1 F1680 X102.762 Y93.531 E412.58855
G1 X102.832 Y93.461
G0 F7200 X103.59 Y93.269
G1 F1680 X88.429 Y108.43 E413.4033
G0 F7200 X88.293 Y109.131
G1 F1680 X104.367 Y93.057 E414.26712
G1 X104.437 Y92.987
G0 F7200 X97.463 Y96.001
G1 F1680 X90.539 Y102.926 E414.63925
G1 X90.469 Y102.996
G0 F7200 X91.714 Y101.185
G1 F1680 X95.618 Y97.281 E414.84905
G1 X95.688 Y97.211
G10
G0 F7200 X111.918 Y94.326
G0 X113.572 Y92.903
G11
G1 F1680 X114.208 Y92.267 E414.88323
G0 F7200 X113.691 Y92.219
G1 F1680 X113.564 Y92.345 E414.89003
G10
G0 F7200 X133.683 Y109.562
G11
G1 F1680 X134.61 Y108.635 E414.93984
G0 F7200 X134.684 Y109.126
G1 F1680 X134.41 Y109.4 E414.95457
G0 F7200 X134.397 Y109.285
G10
;MESH:NONMESH
G0 F600 X134.397 Y109.285 Z0.47
G0 F7200 X117.033 Y100.326
G0 X115.017 Y99.535
G0 X113.977 Y99.285
G0 X94.859 Y96.996
G0 X94.143 Y96.128
G0 X91.149 Y95.413
;TIME_ELAPSED:229.820815
;LAYER:2
;TYPE:SKIRT
G11
G1 F1740 X91.65 Y94.965 E414.98145
G1 X92.626 Y94.136 E415.03267
G1 X93.539 Y93.455 E415.07823
G1 X94.055 Y93.091 E415.10349
G1 X95.06 Y92.428 E415.15165
G1 X95.771 Y91.99 E415.18505
G1 X96.328 Y91.669 E415.21077
G1 X97.082 Y91.265 E415.24499
G1 X98.028 Y90.801 E415.28713
G1 X99.359 Y90.211 E415.34537
G1 X100.421 Y89.792 E415.39104
G1 X101.734 Y89.332 E415.44669
G1 X102.346 Y89.14 E415.47234
G1 X103.216 Y88.895 E415.5085
G1 X104.501 Y88.581 E415.56141
G1 X105.307 Y88.414 E415.59433
G1 X106.296 Y88.239 E415.63451
G1 X107.328 Y88.089 E415.67622
G1 X108.734 Y87.936 E415.73279
G1 X109.469 Y87.88 E415.76228
G1 X110.543 Y87.829 E415.80529
G1 X111.625 Y87.81 E415.84857
G1 X113.235 Y87.863 E415.91301
G1 X114.201 Y87.919 E415.95171
G1 X115.932 Y88.12 E416.02142
G1 X116.836 Y88.254 E416.05797
G1 X117.558 Y88.382 E416.0873
G1 X118.392 Y88.557 E416.12139
G1 X119.272 Y88.758 E416.1575
G1 X120.028 Y88.957 E416.18877
G1 X120.675 Y89.146 E416.21573
G1 X121.823 Y89.516 E416.26397
G1 X122.546 Y89.77 E416.29463
G1 X123.611 Y90.185 E416.34035
G1 X124.486 Y90.565 E416.37851
G1 X125.413 Y91.007 E416.41958
G1 X126.224 Y91.427 E416.45612
G1 X127.164 Y91.946 E416.49907
G1 X127.715 Y92.277 E416.52478
G1 X128.402 Y92.712 E416.5573
G1 X129.202 Y93.259 E416.59607
G1 X129.768 Y93.672 E416.6241
G1 X130.573 Y94.306 E416.66508
G1 X131.495 Y95.085 E416.71336
G1 X132.417 Y95.953 E416.76402
G1 X133.281 Y96.836 E416.81343
G1 X133.959 Y97.625 E416.85504
G1 X134.595 Y98.407 E416.89536
G1 X135.098 Y99.093 E416.92939
G1 X135.952 Y100.356 E416.99037
G1 X136.586 Y101.438 E417.04054
G1 X137.54 Y103.393 E417.12755
G1 X138.026 Y104.711 E417.18374
G1 X138.457 Y106.088 E417.24146
G1 X138.68 Y106.993 E417.27874
G1 X138.875 Y107.896 E417.31569
G1 X139.059 Y109.253 E417.37047
G1 X139.118 Y109.895 E417.39626
G1 X139.164 Y110.608 E417.42483
G1 X139.193 Y111.717 E417.46921
G1 X139.147 Y112.801 E417.51261
G1 X139.092 Y113.475 E417.53966
G1 X138.971 Y114.494 E417.5807
G1 X138.634 Y116.268 E417.65293
G1 X138.285 Y117.505 E417.70435
G1 X137.895 Y118.684 E417.75402
G1 X137.598 Y119.427 E417.78603
G1 X137.268 Y120.19 E417.81928
G1 X136.62 Y121.504 E417.87788
G1 X135.762 Y122.948 E417.94507
G1 X135.376 Y123.528 E417.97294
G1 X134.473 Y124.743 E418.03349
G1 X133.718 Y125.674 E418.08144
G1 X132.943 Y126.511 E418.12706
G1 X132.441 Y127.026 E418.15583
G1 X131.739 Y127.689 E418.19445
G1 X130.735 Y128.558 E418.24757
G1 X129.768 Y129.326 E418.29696
G1 X128.704 Y130.081 E418.34915
G1 X127.827 Y130.655 E418.39108
G1 X126.498 Y131.439 E418.4528
G1 X125.297 Y132.045 E418.5066
G1 X124.445 Y132.442 E418.5442
G1 X122.637 Y133.208 E418.62275
G1 X121.328 Y133.65 E418.67801
G1 X120.29 Y133.963 E418.72138
G1 X118.912 Y134.325 E418.77837
G1 X118.098 Y134.503 E418.8117
G1 X116.996 Y134.71 E418.85655
G1 X115.647 Y134.915 E418.91113
G1 X114.632 Y135.033 E418.952
G1 X113.977 Y135.091 E418.9783
G1 X113.233 Y135.137 E419.00812
G1 X111.62 Y135.182 E419.07266
G1 X110.995 Y135.181 E419.09766
G1 X109.706 Y135.13 E419.14927
G1 X108.858 Y135.078 E419.18325
G1 X107.622 Y134.961 E419.23291
G1 X106.001 Y134.724 E419.29844
G1 X104.859 Y134.499 E419.345
G1 X103.901 Y134.283 E419.38428
G1 X102.515 Y133.913 E419.44166
G1 X101.019 Y133.436 E419.50447
G1 X100.163 Y133.12 E419.54097
G1 X99.577 Y132.886 E419.56621
G1 X98.649 Y132.487 E419.60661
G1 X97.521 Y131.963 E419.65636
G1 X96.792 Y131.586 E419.68919
G1 X95.237 Y130.699 E419.7608
G1 X94.374 Y130.138 E419.80197
G1 X93.755 Y129.707 E419.83214
G1 X92.524 Y128.778 E419.89383
G1 X91.987 Y128.334 E419.9217
G1 X91.314 Y127.743 E419.95753
G1 X90.864 Y127.323 E419.98215
G1 X90.176 Y126.631 E420.02118
G1 X89.511 Y125.915 E420.06027
G1 X88.907 Y125.214 E420.09728
G1 X88.176 Y124.292 E420.14435
G1 X87.739 Y123.685 E420.17427
G1 X87.268 Y122.985 E420.20801
G1 X86.799 Y122.231 E420.24353
G1 X86.447 Y121.608 E420.27216
G1 X85.926 Y120.598 E420.31761
G1 X85.613 Y119.935 E420.34694
G1 X85.049 Y118.54 E420.40713
G1 X84.616 Y117.177 E420.46433
G1 X84.397 Y116.309 E420.50014
G1 X84.174 Y115.289 E420.54191
G1 X84.017 Y114.317 E420.58129
G1 X83.932 Y113.648 E420.60826
G1 X83.85 Y112.649 E420.64836
G1 X83.816 Y111.641 E420.6887
G1 X83.821 Y110.894 E420.71858
G1 X83.868 Y109.922 E420.75751
G1 X84.049 Y108.332 E420.82152
G1 X84.275 Y107.2 E420.86769
G1 X84.53 Y106.117 E420.9122
G1 X84.839 Y105.113 E420.95422
G1 X85.091 Y104.358 E420.98605
G1 X85.327 Y103.759 E421.01181
G1 X85.673 Y102.944 E421.04722
G1 X85.977 Y102.294 E421.07593
G1 X86.323 Y101.626 E421.10602
G1 X87.035 Y100.378 E421.16349
G1 X87.672 Y99.409 E421.20988
G1 X88.066 Y98.86 E421.23691
G1 X88.868 Y97.832 E421.28906
G1 X89.371 Y97.244 E421.32001
G1 X90.1 Y96.451 E421.3631
G1 X90.69 Y95.857 E421.39659
G1 X91.149 Y95.413 E421.42213
;MESH:Protect_badge_Dessus.STL
G0 F7200 X92.818 Y97.273
G0 X93.41 Y97.943
;TYPE:WALL-OUTER
G1 F2767.6 X93.353 Y97.994 E421.42518
G1 F2760 X92.711 Y98.625 E421.46119
G1 X92.224 Y99.136 E421.48942
G1 X91.649 Y99.79 E421.52426
G1 X91.218 Y100.312 E421.55134
G1 X90.568 Y101.176 E421.59458
G1 X90.077 Y101.921 E421.63027
G1 X89.741 Y102.458 E421.65561
G1 X89.289 Y103.266 E421.69264
G1 X88.946 Y103.946 E421.72311
G1 X88.462 Y105.055 E421.77151
G1 X88.106 Y106.036 E421.81325
G1 X87.774 Y107.107 E421.8581
G1 X87.446 Y108.61 E421.91964
G1 X87.279 Y109.945 E421.97346
G1 F2715.1 X87.215 Y111.028 E422.0175
G1 F2416.7 X87.256 Y111.368 E422.03295
G1 F2453 X87.443 Y110.912 E422.05488
G1 F2760 X87.722 Y110.57 E422.07253
G1 X87.957 Y110.413 E422.08384
G1 X88.505 Y110.292 E422.10629
G1 X89.028 Y110.408 E422.12772
G1 X89.413 Y110.706 E422.14719
G1 X89.624 Y111.051 E422.16337
G1 F2601.7 X89.732 Y111.382 E422.17806
G1 X90.048 Y110.113 E422.23325
G1 F2760 X90.364 Y109.482 E422.26147
G1 X90.982 Y108.722 E422.30066
G1 X91.544 Y108.282 E422.32921
G1 X92.07 Y107.999 E422.3531
G1 X92.988 Y107.728 E422.39138
G1 X93.512 Y107.676 E422.41245
G1 X94.316 Y107.74 E422.44471
G1 X95.212 Y108.029 E422.48237
G1 X95.813 Y108.375 E422.51011
G1 X96.281 Y108.762 E422.5344
G1 X96.734 Y109.296 E422.56241
G1 X97.095 Y109.934 E422.59173
G1 X97.355 Y110.746 E422.62584
G1 X97.432 Y111.431 E422.65341
G1 X97.296 Y112.515 E422.69711
G1 X96.94 Y113.377 E422.73441
G1 X96.647 Y113.822 E422.75572
G1 X96.076 Y114.423 E422.78888
G1 X95.575 Y114.78 E422.81349
G1 X95.069 Y115.031 E422.83609
G1 X94.103 Y115.313 E422.87634
G1 X93.15 Y115.292 E422.91447
G1 X92.536 Y115.164 E422.93956
G1 X91.64 Y114.774 E422.97864
G1 X91.062 Y114.345 E423.00744
G1 X90.348 Y113.489 E423.05202
G1 X89.888 Y112.467 E423.09685
G1 F2434.7 X89.741 Y111.583 E423.137
G1 X89.596 Y112.003 E423.15691
G1 F2760 X89.423 Y112.28 E423.16997
G1 X88.959 Y112.614 E423.19284
G1 X88.328 Y112.695 E423.21828
G1 X87.831 Y112.503 E423.2396
G1 X87.463 Y112.119 E423.26087
G1 F2465.3 X87.254 Y111.482 E423.29057
G1 X87.217 Y112.053 E423.31592
G1 F2760 X87.256 Y112.73 E423.34304
G1 X87.339 Y113.571 E423.37685
G1 X87.473 Y114.504 E423.41455
G1 X87.711 Y115.623 E423.46031
G1 X87.98 Y116.573 E423.49981
G1 X88.32 Y117.594 E423.54285
G1 X88.798 Y118.752 E423.59296
G1 X89.377 Y119.893 E423.64414
G1 X89.844 Y120.708 E423.68171
G1 X90.251 Y121.345 E423.71195
G1 X90.718 Y122.022 E423.74485
G1 X91.333 Y122.823 E423.78524
G1 X91.804 Y123.393 E423.81482
G1 X92.251 Y123.892 E423.84162
G1 X93.052 Y124.728 E423.88793
G1 X93.92 Y125.521 E423.93496
G1 X94.689 Y126.167 E423.97513
G1 X95.756 Y126.972 E424.02859
G1 X96.677 Y127.587 E424.07289
G1 X97.367 Y128.016 E424.10539
G1 X98.462 Y128.631 E424.15563
G1 X99.585 Y129.19 E424.20581
G1 X100.466 Y129.583 E424.24439
G1 X101.4 Y129.957 E424.28464
G1 X102.602 Y130.393 E424.33578
G1 X103.79 Y130.743 E424.38532
G1 X104.922 Y131.033 E424.43206
G1 X105.844 Y131.231 E424.46978
G1 X106.594 Y131.37 E424.5003
G1 X107.305 Y131.485 E424.52911
G1 X108.689 Y131.653 E424.58487
G1 X109.419 Y131.712 E424.61417
G1 X110.845 Y131.795 E424.6713
G1 F2459.1 X111.363 Y131.743 E424.69442
G1 X110.915 Y131.557 E424.71596
G1 F2760 X110.587 Y131.295 E424.73275
G1 X110.378 Y130.954 E424.74875
G1 X110.292 Y130.529 E424.76609
G1 X110.429 Y129.934 E424.79051
G1 X110.692 Y129.592 E424.80777
G1 X111.265 Y129.311 E424.8333
G1 X111.822 Y129.334 E424.8556
G1 X112.224 Y129.532 E424.87352
G1 X112.587 Y129.973 E424.89637
G1 X112.703 Y130.581 E424.92113
G1 X112.554 Y131.084 E424.94211
G1 X112.115 Y131.537 E424.96734
G1 X111.47 Y131.704 E424.99399
G1 X111.478 Y131.785 E424.99725
G1 X112.607 Y131.768 E425.04242
G1 X113.323 Y131.732 E425.07109
G1 X114.066 Y131.675 E425.1009
G1 X114.741 Y131.605 E425.12804
G1 X115.91 Y131.45 E425.17521
G1 X116.898 Y131.283 E425.21529
G1 X117.757 Y131.105 E425.25038
G1 X118.897 Y130.826 E425.29733
G1 X119.862 Y130.556 E425.33741
G1 X120.61 Y130.312 E425.36888
G1 X121.592 Y129.969 E425.41049
G1 X122.666 Y129.523 E425.45701
G1 X123.729 Y129.035 E425.50379
G1 X124.733 Y128.531 E425.54873
G1 X125.943 Y127.833 E425.60461
G1 X126.935 Y127.176 E425.6522
G1 X127.517 Y126.766 E425.68068
G1 X128.168 Y126.27 E425.71341
G1 X128.834 Y125.727 E425.74779
G1 X129.626 Y125.03 E425.78999
G1 X130.546 Y124.106 E425.84214
G1 X131.272 Y123.301 E425.8855
G1 X131.679 Y122.803 E425.91123
G1 X132.194 Y122.141 E425.94478
G1 X132.891 Y121.143 E425.99347
G1 X133.493 Y120.122 E426.04088
G1 X134.078 Y119.014 E426.091
G1 X134.732 Y117.454 E426.15866
G1 X135.088 Y116.347 E426.20517
G1 X135.293 Y115.577 E426.23705
G1 X135.59 Y114.163 E426.29484
G1 X135.717 Y113.058 E426.33933
G1 X135.77 Y112.249 E426.37176
G1 F2364 X135.728 Y111.807 E426.39219
G1 X135.461 Y112.231 E426.41523
G1 F2760 X135.204 Y112.481 E426.42958
G1 X134.832 Y112.661 E426.44611
G1 X134.371 Y112.7 E426.46461
G1 X133.978 Y112.591 E426.48093
G1 X133.638 Y112.347 E426.49767
G1 X133.448 Y112.099 E426.51016
G1 X133.28 Y111.473 E426.53609
G1 X133.475 Y110.849 E426.56224
G1 X133.773 Y110.528 E426.57976
G1 X134.014 Y110.389 E426.59089
G1 X134.51 Y110.29 E426.61112
G1 X134.893 Y110.358 E426.62668
G1 X135.217 Y110.526 E426.64128
G1 F2335.6 X135.72 Y111.124 E426.67761
G1 X135.78 Y110.59 E426.7026
G1 F2760 X135.651 Y109.372 E426.75159
G1 X135.471 Y108.203 E426.7989
G1 X135.218 Y107.131 E426.84296
G1 X134.973 Y106.281 E426.87835
G1 X134.636 Y105.319 E426.91912
G1 X134.312 Y104.524 E426.95346
G1 X133.976 Y103.796 E426.98553
G1 X133.536 Y102.941 E427.02399
G1 X132.966 Y101.983 E427.06858
G1 X132.48 Y101.255 E427.1036
G1 X131.961 Y100.546 E427.13874
G1 X131.351 Y99.79 E427.1776
G1 X130.673 Y99.024 E427.21852
G1 X130.154 Y98.486 E427.24842
G1 X129.595 Y97.947 E427.27948
G1 X129.088 Y97.487 E427.30686
G1 X128.362 Y96.881 E427.34469
G1 X127.454 Y96.182 E427.39052
G1 X126.382 Y95.444 E427.44258
G1 X125.594 Y94.961 E427.47955
G1 X124.871 Y94.552 E427.51278
G1 X124.308 Y94.25 E427.53834
G1 X123.545 Y93.869 E427.57245
G1 X122.951 Y93.599 E427.59855
G1 X122.148 Y93.254 E427.63351
G1 X121.112 Y92.861 E427.67783
G1 X120.194 Y92.547 E427.71664
G1 X119.607 Y92.368 E427.74119
G1 X118.885 Y92.166 E427.77117
G1 X118.03 Y91.955 E427.8064
G1 X117.339 Y91.804 E427.83469
G1 X116.64 Y91.665 E427.8632
G1 X115.647 Y91.503 E427.90344
G1 X114.742 Y91.391 E427.93992
G1 X113.526 Y91.275 E427.98878
G1 X112.034 Y91.207 E428.04852
G1 F2477.7 X111.501 Y91.251 E428.07211
G1 X112.007 Y91.403 E428.09541
G1 F2760 X112.325 Y91.62 E428.11081
G1 X112.645 Y92.111 E428.13425
G1 X112.705 Y92.506 E428.15023
G1 X112.599 Y93.003 E428.17056
G1 X112.406 Y93.297 E428.18463
G1 X112.052 Y93.573 E428.20258
G1 X111.499 Y93.703 E428.22531
G1 X110.919 Y93.564 E428.24916
G1 X110.578 Y93.284 E428.26681
G1 X110.394 Y92.991 E428.28065
G1 X110.292 Y92.567 E428.29809
G1 X110.342 Y92.146 E428.31505
G1 X110.562 Y91.733 E428.33377
G1 X111.022 Y91.391 E428.3567
G1 X111.414 Y91.292 E428.37287
G1 X111.404 Y91.195 E428.37677
G1 X110.078 Y91.244 E428.42985
G1 X109.31 Y91.293 E428.46063
G1 X108.275 Y91.391 E428.50222
G1 X107.332 Y91.512 E428.54024
G1 X106.379 Y91.662 E428.57883
G1 X105.686 Y91.796 E428.60707
G1 X104.536 Y92.059 E428.65425
G1 X103.647 Y92.293 E428.69103
G1 X102.98 Y92.491 E428.71886
G1 X102.139 Y92.769 E428.75429
G1 X101.098 Y93.154 E428.79868
G1 X100.09 Y93.579 E428.84244
G1 X99.113 Y94.036 E428.88558
G1 X98.419 Y94.393 E428.9168
G1 X97.636 Y94.826 E428.95259
G1 X97.062 Y95.173 E428.97942
G1 X96.315 Y95.647 E429.01481
G1 X95.622 Y96.13 E429.0486
G1 X94.753 Y96.785 E429.09213
G1 X94.067 Y97.356 E429.12783
G1 F2767.6 X93.41 Y97.943 E429.16298
G0 F7200 X93.353 Y97.994
G0 X93.265 Y98.08
G0 X93.481 Y98.303
G0 X101.785 Y103.604
G0 X102.016 Y103.805
G1 F2760 X102.569 Y103.167 E429.19675
G1 X103.154 Y102.575 E429.23004
G1 X103.819 Y102.008 E429.265
G1 X104.704 Y101.34 E429.30935
G1 X105.693 Y100.747 E429.35548
G1 X106.639 Y100.297 E429.39738
G1 X107.426 Y99.989 E429.43119
G1 X108.268 Y99.716 E429.46659
G1 X109.276 Y99.494 E429.50788
G1 X109.912 Y99.392 E429.53364
G1 X110.748 Y99.312 E429.56724
G1 X111.694 Y99.28 E429.6051
G1 X112.678 Y99.345 E429.64454
G1 X113.45 Y99.443 E429.67567
G1 X114.32 Y99.609 E429.7111
G1 X115.564 Y99.974 E429.76296
G1 X116.567 Y100.381 E429.80626
G1 X117.33 Y100.771 E429.84053
G1 X118.286 Y101.332 E429.88487
G1 X119.19 Y102.015 E429.93019
G1 X119.831 Y102.563 E429.96392
G1 X120.595 Y103.339 E430.00748
G1 X121.421 Y104.363 E430.06011
G1 X122.025 Y105.305 E430.10487
G1 X122.475 Y106.149 E430.14313
G1 X122.751 Y106.759 E430.16991
G1 X123.096 Y107.64 E430.20775
G1 X123.348 Y108.548 E430.24545
G1 X123.486 Y109.176 E430.27116
G1 X123.62 Y110.013 E430.30507
G1 X123.688 Y110.745 E430.33448
G1 X123.708 Y111.607 E430.36897
G1 X123.679 Y112.478 E430.40383
G1 X123.557 Y113.413 E430.44154
G1 X123.424 Y114.129 E430.47067
G1 X123.21 Y114.978 E430.50569
G1 X122.862 Y115.986 E430.54835
G1 X122.473 Y116.855 E430.58643
G1 X122.021 Y117.694 E430.62455
G1 X121.57 Y118.407 E430.6583
G1 X120.984 Y119.188 E430.69736
G1 X120.427 Y119.829 E430.73132
G1 X119.976 Y120.284 E430.75695
G1 X119.506 Y120.716 E430.78249
G1 X118.839 Y121.257 E430.81684
G1 X118.05 Y121.805 E430.85526
G1 X117.424 Y122.174 E430.88433
G1 X116.799 Y122.496 E430.91245
G1 X116.228 Y122.759 E430.9376
G1 X115.57 Y123.011 E430.96578
G1 X114.746 Y123.275 E431.00039
G1 X113.892 Y123.474 E431.03547
G1 X112.983 Y123.62 E431.07229
G1 X112.247 Y123.688 E431.10186
G1 X111.385 Y123.708 E431.13635
G1 X110.749 Y123.688 E431.1618
G1 X109.741 Y123.593 E431.2023
G1 X108.851 Y123.419 E431.23857
G1 X108.015 Y123.21 E431.27304
G1 X106.993 Y122.859 E431.31627
G1 X106.143 Y122.474 E431.35359
G1 X105.57 Y122.173 E431.37948
G1 X104.702 Y121.66 E431.41981
G1 X103.808 Y120.984 E431.46465
G1 X103.167 Y120.427 E431.49861
G1 X102.712 Y119.976 E431.52424
G1 X102.28 Y119.506 E431.54977
G1 X101.739 Y118.838 E431.58416
G1 X101.199 Y118.054 E431.62224
G1 X100.638 Y117.106 E431.6663
G1 X100.237 Y116.225 E431.70502
G1 X99.899 Y115.346 E431.74269
G1 X99.648 Y114.44 E431.78029
G1 X99.51 Y113.82 E431.8057
G1 X99.376 Y112.982 E431.83965
G1 X99.312 Y112.234 E431.86967
G1 X99.288 Y111.364 E431.90449
G1 X99.312 Y110.75 E431.92907
G1 X99.378 Y110.005 E431.95898
G1 X99.517 Y109.099 E431.99565
G1 X99.783 Y108.025 E432.03991
G1 X100.062 Y107.22 E432.07398
G1 X100.347 Y106.525 E432.10403
G1 X100.669 Y105.856 E432.13373
G1 X100.979 Y105.296 E432.15933
G1 X101.439 Y104.576 E432.19351
G1 X102.016 Y103.805 E432.23203
G0 F7200 X102.147 Y103.654
G10
G0 X101.917 Y103.453
G0 X94.354 Y107.515
G0 X94.136 Y108.626
G0 X90.704 Y111.195
G0 X89.749 Y111.433
G11
G1 F2192.3 X89.741 Y111.583 E432.23942
G0 F7200 X87.254 Y111.482
G1 F2212.5 X87.256 Y111.368 E432.24498
G10
G0 F7200 X111.413 Y91.25
G11
G1 F2238.3 X111.501 Y91.251 E432.24923
G10
G0 F7200 X112.948 Y92.465
G0 X135.72 Y111.124
G11
G1 F2037.1 X135.728 Y111.807 E432.28509
G10
G0 F7200 X111.47 Y131.746
G11
G1 F2222.8 X111.363 Y131.743 E432.2903
G0 F7200 X110.57 Y131.559
G0 X109.717 Y131.062
G0 X110.147 Y131.355
;TYPE:WALL-INNER
G1 F3360 X109.99 Y131.052 E432.30395
G1 X109.901 Y130.445 E432.32849
G1 X110.08 Y129.739 E432.35762
G1 X110.456 Y129.25 E432.38229
G1 X111.219 Y128.897 E432.41592
G1 X111.93 Y128.949 E432.44444
G1 X112.471 Y129.217 E432.46859
G1 X112.921 Y129.752 E432.49655
G1 X113.1 Y130.535 E432.52868
G1 X113.073 Y130.795 E432.53913
G1 X112.831 Y131.368 E432.56401
G1 X114.025 Y131.277 E432.61191
G1 X114.74 Y131.201 E432.64067
G1 X115.85 Y131.054 E432.68546
G1 X116.824 Y130.89 E432.72497
G1 X117.743 Y130.698 E432.76252
G1 X118.852 Y130.424 E432.80822
G1 X119.746 Y130.173 E432.84536
G1 X120.478 Y129.934 E432.87616
G1 X121.449 Y129.595 E432.9173
G1 X122.587 Y129.122 E432.9666
G1 X123.555 Y128.675 E433.00925
G1 X124.543 Y128.179 E433.05347
G1 X125.732 Y127.493 E433.10837
G1 X126.654 Y126.884 E433.15257
G1 X127.281 Y126.443 E433.18324
G1 X127.92 Y125.956 E433.21537
G1 X128.576 Y125.422 E433.24921
G1 X129.352 Y124.738 E433.29058
G1 X130.256 Y123.831 E433.34181
G1 X130.968 Y123.041 E433.38435
G1 X131.403 Y122.506 E433.41193
G1 X131.872 Y121.903 E433.44248
G1 X132.554 Y120.927 E433.49011
G1 X133.144 Y119.927 E433.53655
G1 X133.716 Y118.843 E433.58558
G1 X134.356 Y117.315 E433.65185
G1 X134.704 Y116.234 E433.69727
G1 X134.904 Y115.484 E433.72832
G1 X135.194 Y114.099 E433.78492
G1 X135.338 Y112.86 E433.83481
G1 X134.777 Y113.08 E433.85892
G1 X134.362 Y113.1 E433.87554
G1 X133.784 Y112.941 E433.89952
G1 X133.285 Y112.557 E433.9247
G1 X133.062 Y112.221 E433.94083
G1 X132.869 Y111.467 E433.97197
G1 X133.118 Y110.634 E434.00674
G1 X133.511 Y110.225 E434.02943
G1 X133.819 Y110.04 E434.0438
G1 X134.358 Y109.9 E434.06608
G1 X134.89 Y109.942 E434.08742
G1 X135.329 Y110.134 E434.10659
G1 X135.257 Y109.441 E434.13446
G1 X135.078 Y108.279 E434.18149
G1 X134.847 Y107.296 E434.22188
G1 X134.592 Y106.403 E434.25903
G1 X134.262 Y105.461 E434.29895
G1 X133.945 Y104.684 E434.33252
G1 X133.616 Y103.971 E434.36393
G1 X133.186 Y103.135 E434.40153
G1 X132.628 Y102.197 E434.44519
G1 X132.152 Y101.485 E434.47945
G1 X131.644 Y100.79 E434.51388
G1 X131.045 Y100.048 E434.55203
G1 X130.379 Y99.296 E434.59221
G1 X129.871 Y98.769 E434.62149
G1 X129.322 Y98.239 E434.65201
G1 X128.825 Y97.789 E434.67883
G1 X128.112 Y97.193 E434.716
G1 X127.218 Y96.506 E434.7611
G1 X126.164 Y95.78 E434.81229
G1 X125.391 Y95.306 E434.84856
G1 X124.678 Y94.902 E434.88134
G1 X124.124 Y94.606 E434.90647
G1 X123.373 Y94.23 E434.94006
G1 X122.789 Y93.965 E434.96571
G1 X121.998 Y93.625 E435.00015
G1 X120.976 Y93.237 E435.04388
G1 X120.071 Y92.928 E435.08213
G1 X119.455 Y92.742 E435.10787
G1 X118.783 Y92.553 E435.13579
G1 X117.94 Y92.345 E435.17053
G1 X117.257 Y92.196 E435.19849
G1 X116.568 Y92.059 E435.22659
G1 X115.59 Y91.899 E435.26623
G1 X114.698 Y91.789 E435.30218
G1 X113.507 Y91.675 E435.35004
G1 X112.828 Y91.644 E435.37722
G1 X113.038 Y92.037 E435.39505
G1 X113.098 Y92.582 E435.41698
G1 X112.947 Y93.2 E435.44243
G1 X112.738 Y93.521 E435.45775
G1 X112.259 Y93.932 E435.48299
G1 X111.551 Y94.108 E435.51218
G1 X110.77 Y93.951 E435.54404
G1 X110.263 Y93.53 E435.5704
G1 X110.046 Y93.189 E435.58657
G1 X109.901 Y92.652 E435.60882
G1 X109.946 Y92.087 E435.63149
G1 X110.154 Y91.642 E435.65114
G1 X109.347 Y91.691 E435.68348
G1 X108.251 Y91.797 E435.72752
G1 X107.394 Y91.907 E435.76208
G1 X106.381 Y92.068 E435.80311
G1 X105.769 Y92.188 E435.82806
G1 X104.632 Y92.447 E435.8747
G1 X103.755 Y92.678 E435.91098
G1 X103.1 Y92.873 E435.93832
G1 X102.271 Y93.147 E435.97324
G1 X101.245 Y93.526 E436.01699
G1 X100.325 Y93.913 E436.05691
G1 X99.289 Y94.395 E436.10262
G1 X98.607 Y94.746 E436.1333
G1 X97.635 Y95.283 E436.17772
G1 X96.537 Y95.98 E436.22974
G1 X95.857 Y96.454 E436.2629
G1 X95.001 Y97.099 E436.30577
G1 X94.329 Y97.659 E436.34076
G1 X93.676 Y98.242 E436.37578
G1 X93.627 Y98.286 E436.37841
G1 X92.996 Y98.906 E436.41379
G1 X92.519 Y99.406 E436.44144
G1 X91.953 Y100.05 E436.47573
G1 X91.532 Y100.56 E436.50218
G1 X90.895 Y101.407 E436.54458
G1 X90.413 Y102.137 E436.57957
G1 X90.085 Y102.662 E436.60433
G1 X89.642 Y103.454 E436.64063
G1 X89.308 Y104.116 E436.67029
G1 X88.834 Y105.203 E436.71772
G1 X88.485 Y106.164 E436.75862
G1 X88.164 Y107.196 E436.80185
G1 X87.84 Y108.678 E436.86253
G1 X87.66 Y110.129 E436.92101
G1 X88.315 Y109.906 E436.94869
G1 X88.585 Y109.9 E436.95949
G1 X89.22 Y110.057 E436.98566
G1 X89.581 Y110.329 E437.00374
G1 X89.674 Y109.961 E437.01892
G1 X90.013 Y109.279 E437.04938
G1 X90.707 Y108.432 E437.09318
G1 X91.298 Y107.967 E437.12326
G1 X91.933 Y107.618 E437.15225
G1 X92.895 Y107.335 E437.19236
G1 X93.525 Y107.273 E437.21768
G1 X94.391 Y107.343 E437.25243
G1 X95.391 Y107.667 E437.29448
G1 X96.062 Y108.057 E437.32552
G1 X96.585 Y108.5 E437.35294
G1 X97.052 Y109.047 E437.38171
G1 X97.456 Y109.749 E437.41411
G1 X97.754 Y110.681 E437.45325
G1 X97.838 Y111.453 E437.48431
G1 X97.684 Y112.622 E437.53147
G1 X97.291 Y113.569 E437.57249
G1 X96.971 Y114.056 E437.5958
G1 X96.344 Y114.724 E437.63244
G1 X95.78 Y115.123 E437.66008
G1 X95.247 Y115.39 E437.68392
G1 X94.139 Y115.718 E437.73014
G1 X93.122 Y115.691 E437.77084
G1 X92.434 Y115.556 E437.79888
G1 X91.442 Y115.121 E437.84221
G1 X90.805 Y114.66 E437.87366
G1 X90.015 Y113.72 E437.92278
G1 X89.547 Y112.694 E437.96789
G1 X89.019 Y113.009 E437.99248
G1 X88.233 Y113.083 E438.02406
G1 X87.671 Y112.861 E438.04823
G1 X87.736 Y113.523 E438.07484
G1 X87.867 Y114.434 E438.11165
G1 X88.111 Y115.571 E438.15817
G1 X88.362 Y116.455 E438.19492
G1 X88.695 Y117.454 E438.23704
G1 X89.162 Y118.585 E438.28599
G1 X89.729 Y119.703 E438.33613
G1 X90.186 Y120.5 E438.37288
G1 X90.584 Y121.123 E438.40245
G1 X91.042 Y121.786 E438.43468
G1 X91.646 Y122.574 E438.4744
G1 X92.107 Y123.132 E438.50335
G1 X92.545 Y123.62 E438.52958
G1 X93.332 Y124.442 E438.5751
G1 X94.184 Y125.22 E438.62125
G1 X94.938 Y125.854 E438.66066
G1 X95.988 Y126.646 E438.71326
G1 X96.894 Y127.251 E438.75684
G1 X97.571 Y127.672 E438.78873
G1 X98.65 Y128.278 E438.83823
G1 X99.754 Y128.828 E438.88757
G1 X100.622 Y129.215 E438.92558
G1 X101.542 Y129.583 E438.96522
G1 X102.726 Y130.012 E439.01559
G1 X103.896 Y130.357 E439.06438
G1 X105.014 Y130.643 E439.11054
G1 X105.923 Y130.839 E439.14774
G1 X106.658 Y130.975 E439.17764
G1 X107.361 Y131.089 E439.20613
G1 X108.729 Y131.255 E439.26125
G1 X109.443 Y131.313 E439.2899
G1 X110.147 Y131.355 E439.31811
G0 F7200 X109.717 Y131.062
G0 X110.683 Y124.393
G0 X110.712 Y124.086
G1 F3360 X109.711 Y123.993 E439.35832
G1 X108.755 Y123.807 E439.39728
G1 X107.935 Y123.603 E439.43108
G1 X106.828 Y123.223 E439.4779
G1 X105.957 Y122.828 E439.51615
G1 X105.366 Y122.517 E439.54286
G1 X104.482 Y121.994 E439.58395
G1 X103.577 Y121.311 E439.6293
G1 X102.885 Y120.711 E439.66594
G1 X102.418 Y120.247 E439.69227
G1 X101.969 Y119.758 E439.71883
G1 X101.409 Y119.065 E439.75446
G1 X100.855 Y118.258 E439.79362
G1 X100.284 Y117.292 E439.8385
G1 X99.877 Y116.401 E439.87769
G1 X99.513 Y115.452 E439.91834
G1 X99.258 Y114.528 E439.95669
G1 X99.115 Y113.883 E439.98311
G1 X98.978 Y113.017 E440.01818
G1 X98.912 Y112.246 E440.04914
G1 X98.888 Y111.348 E440.08507
G1 X98.914 Y110.715 E440.11041
G1 X98.982 Y109.945 E440.14133
G1 X99.129 Y109.003 E440.17947
G1 X99.398 Y107.917 E440.22422
G1 X99.692 Y107.068 E440.26016
G1 X99.972 Y106.384 E440.28972
G1 X100.319 Y105.663 E440.32173
G1 X100.622 Y105.114 E440.34681
G1 X101.119 Y104.336 E440.38374
G1 X101.714 Y103.543 E440.42339
G1 X102.284 Y102.886 E440.45818
G1 X102.856 Y102.306 E440.49077
G1 X103.578 Y101.689 E440.52876
G1 X104.498 Y100.997 E440.57481
G1 X105.496 Y100.399 E440.62134
G1 X106.461 Y99.938 E440.66412
G1 X107.302 Y99.609 E440.70024
G1 X108.162 Y99.33 E440.73641
G1 X109.213 Y99.099 E440.77945
G1 X109.874 Y98.994 E440.80622
G1 X110.71 Y98.914 E440.83982
G1 X111.658 Y98.88 E440.87776
G1 X112.728 Y98.948 E440.92065
G1 X113.488 Y99.044 E440.95129
G1 X114.414 Y99.22 E440.98899
G1 X115.714 Y99.603 E441.0432
G1 X116.702 Y100.003 E441.08584
G1 X117.532 Y100.426 E441.1231
G1 X118.506 Y100.998 E441.16828
G1 X119.45 Y101.711 E441.2156
G1 X120.116 Y102.282 E441.25069
G1 X120.928 Y103.113 E441.29717
G1 X121.72 Y104.095 E441.34763
G1 X122.378 Y105.117 E441.39625
G1 X122.822 Y105.949 E441.43397
G1 X123.114 Y106.589 E441.46211
G1 X123.478 Y107.522 E441.50217
G1 X123.733 Y108.438 E441.54021
G1 X123.881 Y109.113 E441.56785
G1 X124.018 Y109.976 E441.6028
G1 X124.086 Y110.708 E441.63221
G1 X124.108 Y111.62 E441.6687
G1 X124.08 Y112.483 E441.70323
G1 X123.95 Y113.486 E441.74369
G1 X123.814 Y114.217 E441.77343
G1 X123.599 Y115.074 E441.80877
G1 X123.23 Y116.142 E441.85397
G1 X122.825 Y117.045 E441.89356
G1 X122.366 Y117.896 E441.93223
G1 X121.908 Y118.621 E441.96654
G1 X121.286 Y119.45 E442.00799
G1 X120.73 Y120.091 E442.04193
G1 X120.247 Y120.578 E442.06937
G1 X119.758 Y121.027 E442.09592
G1 X119.067 Y121.585 E442.13145
G1 X118.254 Y122.149 E442.17103
G1 X117.638 Y122.513 E442.19965
G1 X117.012 Y122.838 E442.22786
G1 X116.371 Y123.133 E442.25609
G1 X115.692 Y123.392 E442.28516
G1 X114.837 Y123.665 E442.32106
G1 X113.956 Y123.869 E442.35723
G1 X113.02 Y124.018 E442.39514
G1 X112.243 Y124.088 E442.42635
G1 X111.372 Y124.108 E442.4612
G1 X110.712 Y124.086 E442.48761
G0 F7200 X110.701 Y124.405
;TYPE:SKIN
G1 F1680 X110.681 Y124.404 E442.48837
G1 X109.658 Y124.309 E442.52741
G1 X108.711 Y124.127 E442.56406
G1 X107.842 Y123.91 E442.5981
G1 X106.706 Y123.518 E442.64376
G1 X105.802 Y123.109 E442.68147
G1 X105.234 Y122.809 E442.70587
G1 X104.29 Y122.252 E442.74753
G1 X103.328 Y121.52 E442.79346
G1 X102.664 Y120.944 E442.82686
G1 X102.176 Y120.459 E442.85301
G1 X101.752 Y119.995 E442.87689
G1 X101.188 Y119.303 E442.91082
G1 X100.591 Y118.438 E442.95076
G1 X99.999 Y117.438 E442.99492
G1 X99.561 Y116.476 E443.03508
G1 X99.226 Y115.603 E443.07061
G1 X98.94 Y114.587 E443.11072
G1 X98.806 Y113.973 E443.1346
G1 X98.664 Y113.095 E443.1684
G1 F1527.4 X98.557 Y112.294 E443.20187
G1 F1411.5 X98.565 Y110.632 E443.27577
G1 F1543.1 X98.662 Y109.892 E443.3064
G1 F1680 X98.817 Y108.919 E443.34384
G1 X99.09 Y107.827 E443.38661
G1 X99.378 Y106.984 E443.42046
G1 X99.675 Y106.257 E443.4503
G1 X100.037 Y105.506 E443.48198
G1 X100.374 Y104.901 E443.5083
G1 X100.824 Y104.191 E443.54024
G1 X101.472 Y103.328 E443.58125
G1 X102.058 Y102.655 E443.61516
G1 X102.682 Y102.027 E443.6488
G1 X103.38 Y101.431 E443.68368
G1 X104.331 Y100.723 E443.72874
G1 X105.377 Y100.095 E443.7751
G1 X106.335 Y99.641 E443.81538
G1 X107.198 Y99.305 E443.85057
G1 X108.117 Y99.008 E443.88727
G1 X109.111 Y98.79 E443.92594
G1 X109.838 Y98.672 E443.95393
G1 X110.741 Y98.592 E443.98838
G1 X111.742 Y98.56 E444.02644
G1 X112.726 Y98.625 E444.06391
G1 X113.496 Y98.723 E444.09341
G1 X114.491 Y98.905 E444.13184
G1 X115.839 Y99.306 E444.18529
G1 X116.835 Y99.709 E444.22612
G1 X117.67 Y100.135 E444.26174
G1 X118.686 Y100.732 E444.30652
G1 X119.655 Y101.464 E444.35266
G1 X120.351 Y102.063 E444.38756
G1 X121.111 Y102.835 E444.42872
G1 X122.029 Y103.972 E444.48425
G1 X122.625 Y104.909 E444.52645
G1 X123.13 Y105.852 E444.5671
G1 X123.407 Y106.459 E444.59246
G1 X123.785 Y107.437 E444.6323
G1 X124.052 Y108.389 E444.66987
G1 X124.186 Y109.012 E444.69409
G1 X124.332 Y109.917 E444.72892
G1 X124.408 Y110.729 E444.75991
G1 X124.428 Y111.628 E444.79408
G1 X124.391 Y112.579 E444.83025
G1 X124.265 Y113.52 E444.86632
G1 X124.126 Y114.286 E444.89591
G1 X123.89 Y115.21 E444.93215
G1 X123.535 Y116.234 E444.97333
G1 X123.104 Y117.2 E445.01353
G1 X122.641 Y118.056 E445.05051
G1 X122.132 Y118.857 E445.08657
G1 X121.528 Y119.656 E445.12463
G1 X120.938 Y120.334 E445.15879
G1 X120.461 Y120.811 E445.18442
G1 X119.994 Y121.244 E445.20862
G1 X119.287 Y121.817 E445.2432
G1 X118.414 Y122.425 E445.28363
G1 X117.748 Y122.814 E445.31294
G1 X117.104 Y123.146 E445.34047
G1 X116.48 Y123.431 E445.36654
G1 X115.789 Y123.695 E445.39465
G1 X114.909 Y123.975 E445.42974
G1 X114.004 Y124.182 E445.46502
G1 X113.051 Y124.336 E445.5017
G1 X112.255 Y124.408 E445.53207
G1 X111.36 Y124.428 E445.56609
G1 X110.701 Y124.405 E445.59115
G0 F7200 X111.156 Y128.576
G1 F1680 X111.995 Y128.636 E445.62311
G1 X112.672 Y128.965 E445.65172
G1 X113.183 Y129.573 E445.6819
G1 X113.322 Y129.911 E445.69578
G1 X113.415 Y130.486 E445.71792
G1 X113.315 Y131.008 E445.73811
G1 X114.036 Y130.952 E445.76559
G1 X114.678 Y130.884 E445.79013
G1 X115.837 Y130.728 E445.83457
G1 X116.762 Y130.575 E445.87019
G1 X117.731 Y130.368 E445.90785
G1 X118.657 Y130.142 E445.94407
G1 X119.654 Y129.864 E445.9834
G1 X120.37 Y129.631 E446.01201
G1 X121.36 Y129.285 E446.05186
G1 X122.459 Y128.824 E446.09715
G1 X123.417 Y128.383 E446.13723
G1 X124.392 Y127.895 E446.17866
G1 X125.756 Y127.095 E446.23875
G1 X126.562 Y126.552 E446.27568
G1 X127.09 Y126.182 E446.30018
G1 X127.724 Y125.702 E446.33039
G1 X128.366 Y125.175 E446.36196
G1 X129.134 Y124.502 E446.40076
G1 X130.022 Y123.606 E446.4487
G1 X130.854 Y122.687 E446.49581
G1 X131.61 Y121.709 E446.54278
G1 X132.283 Y120.747 E446.58739
G1 X132.865 Y119.766 E446.63074
G1 X133.426 Y118.698 E446.67658
G1 X134.052 Y117.198 E446.73834
G1 X134.396 Y116.139 E446.78066
G1 X134.593 Y115.405 E446.80953
G1 X134.874 Y114.052 E446.86205
G1 X134.955 Y113.343 E446.88916
G1 X134.355 Y113.416 E446.91213
G1 X133.623 Y113.216 E446.94097
G1 X133.044 Y112.772 E446.96869
G1 X132.764 Y112.343 E446.98816
G1 X132.577 Y111.611 E447.01687
G1 X132.592 Y111.252 E447.03052
G1 X132.779 Y110.646 E447.05462
G1 X132.946 Y110.351 E447.0675
G1 X133.301 Y109.984 E447.08691
G1 X133.7 Y109.742 E447.10464
G1 X134.277 Y109.59 E447.12731
G1 X134.634 Y109.58 E447.14089
G1 X134.966 Y109.651 E447.15379
G1 X134.763 Y108.343 E447.20409
G1 X134.518 Y107.311 E447.24439
G1 X134.285 Y106.497 E447.27657
G1 X133.953 Y105.548 E447.31477
G1 X133.648 Y104.809 E447.34515
G1 X133.324 Y104.108 E447.3745
G1 X132.904 Y103.285 E447.40961
G1 X132.354 Y102.363 E447.4504
G1 X131.888 Y101.663 E447.48236
G1 X131.385 Y100.983 E447.5145
G1 X130.799 Y100.253 E447.55007
G1 X130.164 Y99.536 E447.58647
G1 X129.642 Y98.99 E447.61517
G1 X129.099 Y98.471 E447.64371
G1 X128.584 Y98.004 E447.67013
G1 X127.907 Y97.441 E447.70359
G1 X127.026 Y96.762 E447.74586
G1 X125.986 Y96.048 E447.7938
G1 X125.226 Y95.577 E447.82777
G1 X123.975 Y94.89 E447.88201
G1 X123.233 Y94.517 E447.91357
G1 X122.618 Y94.238 E447.93923
G1 X121.877 Y93.922 E447.96984
G1 X120.804 Y93.513 E448.01348
G1 X119.776 Y93.164 E448.05473
G1 X118.645 Y92.846 E448.09937
G1 X117.77 Y92.637 E448.13356
G1 X116.507 Y92.373 E448.18259
G1 X115.491 Y92.207 E448.22171
G1 X114.645 Y92.107 E448.25408
G1 X113.327 Y91.979 E448.3044
G1 X113.406 Y92.276 E448.31608
G1 X113.407 Y92.657 E448.33056
G1 X113.225 Y93.359 E448.35812
G1 X112.902 Y93.814 E448.37932
G1 X112.309 Y94.248 E448.40724
G1 X111.495 Y94.442 E448.43904
G1 X110.622 Y94.221 E448.47326
G1 X110.012 Y93.731 E448.503
G1 X109.769 Y93.353 E448.52007
G1 X109.591 Y92.734 E448.54455
G1 X109.58 Y92.368 E448.55846
G1 X109.665 Y91.982 E448.57348
G1 X108.272 Y92.117 E448.62666
G1 X107.468 Y92.222 E448.65747
G1 X106.503 Y92.37 E448.69457
G1 X105.834 Y92.5 E448.72047
G1 X104.708 Y92.759 E448.76438
G1 X103.898 Y92.969 E448.79617
G1 X103.196 Y93.179 E448.82402
G1 X102.374 Y93.449 E448.85689
G1 X101.362 Y93.823 E448.89789
G1 X100.354 Y94.247 E448.93945
G1 X99.429 Y94.684 E448.97832
G1 X98.755 Y95.029 E449.00709
G1 X97.775 Y95.573 E449.04969
G1 X96.715 Y96.243 E449.09734
G1 X96.042 Y96.714 E449.12855
G1 X95.201 Y97.349 E449.1686
G1 X94.535 Y97.9 E449.20145
G1 X93.841 Y98.522 E449.23686
G1 X93.223 Y99.129 E449.26978
G1 X92.756 Y99.624 E449.29564
G1 X92.193 Y100.258 E449.32786
G1 X91.782 Y100.76 E449.35251
G1 X91.16 Y101.588 E449.39186
G1 X90.451 Y102.661 E449.44073
G1 X89.921 Y103.607 E449.48194
G1 X89.594 Y104.253 E449.50945
G1 X89.13 Y105.323 E449.55377
G1 X88.786 Y106.264 E449.59184
G1 X88.47 Y107.287 E449.63253
G1 X88.154 Y108.734 E449.68881
G1 X88.04 Y109.644 E449.72366
G1 X88.661 Y109.588 E449.74736
G1 X89.391 Y109.808 E449.77633
G1 X89.732 Y109.122 E449.80544
G1 X90.471 Y108.211 E449.85002
G1 X91.123 Y107.696 E449.88159
G1 X91.791 Y107.328 E449.91057
G1 X92.844 Y107.016 E449.9523
G1 X93.546 Y106.952 E449.97909
G1 X94.475 Y107.036 E450.01454
G1 X95.504 Y107.367 E450.05561
G1 X96.278 Y107.819 E450.08967
G1 X96.824 Y108.289 E450.11705
G1 X97.327 Y108.88 E450.14654
G1 X97.739 Y109.604 E450.17819
G1 X97.869 Y109.994 E450.19381
G1 F1543.1 X98.103 Y110.633 E450.22174
G1 F1519.7 X98.157 Y111.503 E450.25801
G1 F1639.3 X98.063 Y112.543 E450.29859
G1 F1666.2 X97.577 Y113.706 E450.34684
G1 F1680 X97.225 Y114.25 E450.37147
G1 X96.537 Y114.975 E450.40945
G1 X95.976 Y115.376 E450.43565
G1 X95.338 Y115.703 E450.46289
G1 X94.193 Y116.032 E450.50816
G1 X93.101 Y116.008 E450.54967
G1 X92.324 Y115.856 E450.57975
G1 X91.276 Y115.402 E450.62316
G1 X90.562 Y114.873 E450.65692
G1 X89.746 Y113.898 E450.70524
G1 X89.41 Y113.167 E450.73581
G1 X89.046 Y113.324 E450.75087
G1 X88.21 Y113.395 E450.78275
G1 X88.036 Y113.356 E450.78953
G1 X88.181 Y114.381 E450.82887
G1 X88.407 Y115.447 E450.87028
G1 X88.683 Y116.413 E450.90845
G1 X88.992 Y117.337 E450.94548
G1 X89.454 Y118.452 E450.99134
G1 X90.009 Y119.548 E451.03802
G1 X90.46 Y120.332 E451.07239
G1 X90.847 Y120.941 E451.09981
G1 X91.298 Y121.594 E451.12997
G1 X91.893 Y122.371 E451.16716
G1 X92.348 Y122.921 E451.19428
G1 X92.759 Y123.38 E451.21769
G1 X93.552 Y124.208 E451.26126
G1 X94.392 Y124.977 E451.30454
G1 X95.133 Y125.599 E451.3413
G1 X96.176 Y126.384 E451.39091
G1 X97.065 Y126.98 E451.43158
G1 X97.731 Y127.395 E451.4614
G1 X98.798 Y127.995 E451.50791
G1 X99.886 Y128.535 E451.55407
G1 X100.747 Y128.919 E451.58989
G1 X101.628 Y129.273 E451.62597
G1 X102.815 Y129.705 E451.67397
G1 X103.977 Y130.047 E451.72
G1 X105.086 Y130.329 E451.76349
G1 X105.984 Y130.523 E451.7984
G1 X106.711 Y130.658 E451.8265
G1 X107.456 Y130.781 E451.85519
G1 X108.791 Y130.937 E451.90626
G1 X109.65 Y131 E451.93899
G1 X109.59 Y130.361 E451.96338
G1 X109.793 Y129.585 E451.99386
G1 X110.254 Y128.989 E452.02249
G1 X111.156 Y128.576 E452.06019
G10
G0 F7200 X96.08 Y126.061
G11
G1 F1680 X91.382 Y121.363 E452.31266
G1 X91.312 Y121.293
G0 F7200 X90.382 Y119.798
G1 F1680 X97.765 Y127.181 E452.70943
G1 X97.835 Y127.251
G0 F7200 X99.042 Y127.892
G1 F1680 X89.757 Y118.607 E453.2084
G1 X89.687 Y118.537
G0 F7200 X89.318 Y117.602
G1 F1680 X100.149 Y128.433 E453.79046
G1 X100.219 Y128.503
G0 F7200 X101.145 Y128.863
G1 F1680 X88.994 Y116.713 E454.44343
G1 X88.924 Y116.643
G0 F7200 X88.742 Y115.895
G1 F1680 X102.067 Y129.22 E455.15952
G1 X102.137 Y129.29
G0 F7200 X102.948 Y129.536
G1 F1680 X88.545 Y115.132 E455.93357
G0 F7200 X88.393 Y114.414
G1 F1680 X103.75 Y129.771 E456.75885
G1 X103.82 Y129.841
G0 F7200 X104.523 Y129.979
G1 F1680 X88.293 Y113.749 E457.63105
G0 F7200 X88.667 Y113.557
G1 F1680 X105.274 Y130.164 E458.52352
G0 F7200 X105.997 Y130.322
G1 F1680 X91.309 Y115.633 E459.31288
G1 X91.239 Y115.563
G0 F7200 X92.302 Y116.061
G1 F1680 X106.691 Y130.45 E460.08614
G0 F7200 X107.371 Y130.564
G1 F1680 X92.997 Y116.19 E460.85861
G0 F7200 X93.594 Y116.221
G1 F1680 X108.019 Y130.646 E461.63381
G0 F7200 X108.66 Y130.722
G1 F1680 X94.176 Y116.238 E462.41218
G0 F7200 X94.62 Y116.116
G1 F1680 X109.302 Y130.798 E463.20119
G0 F7200 X109.396 Y130.327
G1 F1680 X95.058 Y115.989 E463.97172
G0 F7200 X95.487 Y115.852
G1 F1680 X109.51 Y129.875 E464.72531
G0 F7200 X109.652 Y129.451
G1 F1680 X95.861 Y115.66 E465.46644
G0 F7200 X96.216 Y115.449
G1 F1680 X109.897 Y129.13 E466.20166
G0 F7200 X110.149 Y128.816
G1 F1680 X96.546 Y115.214 E466.93266
G0 F7200 X96.843 Y114.945
G1 F1680 X100.393 Y118.495 E467.12344
G1 X100.463 Y118.565
G0 F7200 X99.678 Y117.214
G1 F1680 X97.118 Y114.654 E467.26101
G0 F7200 X97.39 Y114.36
G1 F1680 X99.248 Y116.219 E467.36089
G1 X99.318 Y116.289
G0 F7200 X98.948 Y115.353
G1 F1680 X97.614 Y114.019 E467.43258
G0 F7200 X97.813 Y113.652
G1 F1680 X98.733 Y114.572 E467.48202
G0 F7200 X98.586 Y113.859
G1 F1680 X97.98 Y113.254 E467.51456
G0 F7200 X98.149 Y112.856
G1 F1680 X98.477 Y113.184 E467.53219
G0 F7200 X98.397 Y110.277
G1 F1680 X98.064 Y109.944 E467.55008
G0 F7200 X98.476 Y109.79
G1 F1680 X97.545 Y108.859 E467.60011
G1 X97.475 Y108.789
G0 F7200 X98.636 Y108.819
G1 F1680 X91.408 Y101.59 E467.98858
G0 F7200 X91.65 Y101.267
G1 F1680 X98.75 Y108.366 E468.3701
G0 F7200 X98.863 Y107.914
G1 F1680 X91.893 Y100.944 E468.74467
G0 F7200 X92.146 Y100.631
G1 F1680 X98.997 Y107.482 E469.11285
G0 F7200 X99.141 Y107.061
G1 F1680 X92.403 Y100.322 E469.47497
G0 F7200 X92.669 Y100.023
G1 F1680 X99.298 Y106.652 E469.83122
G0 F7200 X99.462 Y106.251
G1 F1680 X92.936 Y99.724 E470.18195
G0 F7200 X93.211 Y99.433
G1 F1680 X99.643 Y105.865 E470.52761
G0 F7200 X99.827 Y105.484
G1 F1680 X93.491 Y99.148 E470.8681
G0 F7200 X93.776 Y98.867
G1 F1680 X100.026 Y105.117 E471.20398
G0 F7200 X100.23 Y104.756
G1 F1680 X94.065 Y98.59 E471.53532
G0 F7200 X94.363 Y98.323
G1 F1680 X100.449 Y104.409 E471.86238
G0 F7200 X100.671 Y104.065
G1 F1680 X94.663 Y98.057 E472.18525
G0 F7200 X94.972 Y97.8
G1 F1680 X100.913 Y103.741 E472.50452
G0 F7200 X101.155 Y103.418
G1 F1680 X95.281 Y97.543 E472.82021
G0 F7200 X95.601 Y97.298
G1 F1680 X101.405 Y103.102 E473.13212
G0 F7200 X101.668 Y102.799
G1 F1680 X95.923 Y97.055 E473.44083
G0 F7200 X96.249 Y96.814
G1 F1680 X101.932 Y102.497 E473.74624
G0 F7200 X102.214 Y102.214
G1 F1680 X96.582 Y96.582 E474.0489
G0 F7200 X96.917 Y96.352
G1 F1680 X102.496 Y101.93 E474.34869
G0 F7200 X102.797 Y101.666
G1 F1680 X97.264 Y96.133 E474.64603
G0 F7200 X97.61 Y95.913
G1 F1680 X103.102 Y101.405 E474.94118
G0 F7200 X103.416 Y101.154
G1 F1680 X97.961 Y95.698 E475.23435
G0 F7200 X98.325 Y95.496
G1 F1680 X103.741 Y100.913 E475.52544
G0 F7200 X104.066 Y100.671
G1 F1680 X98.688 Y95.294 E475.81443
G0 F7200 X99.059 Y95.099
G1 F1680 X104.405 Y100.445 E476.10172
G0 F7200 X104.759 Y100.233
G1 F1680 X99.433 Y94.908 E476.38791
G0 F7200 X99.815 Y94.724
G1 F1680 X105.112 Y100.021 E476.67257
G0 F7200 X105.481 Y99.824
G1 F1680 X100.199 Y94.542 E476.95643
G0 F7200 X100.589 Y94.366
G1 F1680 X105.865 Y99.643 E477.23999
G0 F7200 X106.249 Y99.461
G1 F1680 X100.987 Y94.199 E477.52277
G0 F7200 X101.385 Y94.031
G1 F1680 X106.655 Y99.301 E477.80598
G0 F7200 X107.062 Y99.143
G1 F1680 X101.796 Y93.876 E478.089
G0 F7200 X102.209 Y93.723
G1 F1680 X107.486 Y99.001 E478.37262
G0 F7200 X107.913 Y98.862
G1 F1680 X102.628 Y93.577 E478.65663
G0 F7200 X103.054 Y93.437
G1 F1680 X108.366 Y98.75 E478.94213
G0 F7200 X108.829 Y98.647
G1 F1680 X103.484 Y93.302 E479.22937
G0 F7200 X103.92 Y93.172
G1 F1680 X109.304 Y98.556 E479.51871
G0 F7200 X109.79 Y98.477
G1 F1680 X104.368 Y93.055 E479.81008
G0 F7200 X104.818 Y92.939
G1 F1680 X110.308 Y98.429 E480.10512
G0 F7200 X110.834 Y98.389
G1 F1680 X105.278 Y92.833 E480.4037
G0 F7200 X105.739 Y92.728
G1 F1680 X111.382 Y98.371 E480.70695
G0 F7200 X111.948 Y98.372
G1 F1680 X106.209 Y92.632 E481.01539
G0 F7200 X106.687 Y92.545
G1 F1680 X112.554 Y98.412 E481.33069
G0 F7200 X113.189 Y98.482
G1 F1680 X107.177 Y92.469 E481.6538
G0 F7200 X107.671 Y92.398
G1 F1680 X113.86 Y98.586 E481.98637
G0 F7200 X114.556 Y98.716
G1 F1680 X108.172 Y92.333 E482.32942
G0 F7200 X108.684 Y92.279
G1 F1680 X109.485 Y93.08 E482.37247
G0 F7200 X109.406 Y92.435
G1 F1680 X109.199 Y92.229 E482.38356
G0 F7200 X110.095 Y93.734
G0 X110.905 Y94.5
G1 F1680 X115.36 Y98.955 E482.62298
G1 X115.43 Y99.025
G0 F7200 X116.212 Y99.242
G1 F1680 X111.596 Y94.625 E482.87107
G0 F7200 X112.052 Y94.515
G1 F1680 X117.215 Y99.679 E483.14855
G1 X117.285 Y99.749
G0 F7200 X118.483 Y100.381
G1 F1680 X112.476 Y94.374 E483.47137
G0 F7200 X112.805 Y94.137
G1 F1680 X134.32 Y115.652 E484.62759
G0 F7200 X134.2 Y116.098
G1 F1680 X122.6 Y104.498 E485.25098
G1 X122.53 Y104.428
G0 F7200 X123.316 Y105.78
G1 F1680 X134.06 Y116.524 E485.82836
G0 F7200 X133.922 Y116.951
G1 F1680 X123.742 Y106.772 E486.37541
G1 X123.672 Y106.702
G0 F7200 X124.051 Y107.646
G1 F1680 X133.767 Y117.362 E486.89755
G0 F7200 X133.6 Y117.761
G1 F1680 X124.265 Y108.426 E487.39921
G0 F7200 X124.408 Y109.135
G1 F1680 X133.434 Y118.16 E487.88424
G0 F7200 X133.268 Y118.56
G1 F1680 X124.516 Y109.808 E488.35457
G0 F7200 X124.582 Y110.439
G1 F1680 X133.076 Y118.934 E488.81107
G0 F7200 X132.882 Y119.305
G1 F1680 X124.614 Y111.038 E489.25537
G0 F7200 X124.628 Y111.617
G1 F1680 X132.686 Y119.676 E489.68843
G0 F7200 X132.476 Y120.031
G1 F1680 X124.606 Y112.161 E490.11137
G0 F7200 X124.576 Y112.697
G1 F1680 X132.265 Y120.386 E490.52457
G0 F7200 X132.049 Y120.735
G1 F1680 X124.509 Y113.196 E490.92975
G0 F7200 X124.437 Y113.689
G1 F1680 X131.815 Y121.067 E491.32624
G0 F7200 X131.583 Y121.4
G1 F1680 X124.35 Y114.167 E491.71494
G0 F7200 X124.245 Y114.628
G1 F1680 X131.344 Y121.727 E492.09644
G0 F7200 X131.098 Y122.047
G1 F1680 X124.13 Y115.079 E492.47091
G0 F7200 X123.996 Y115.511
G1 F1680 X130.851 Y122.366 E492.83929
G0 F7200 X130.596 Y122.676
G1 F1680 X123.851 Y115.932 E493.20174
G0 F7200 X123.702 Y116.348
G1 F1680 X130.327 Y122.973 E493.55777
G0 F7200 X130.057 Y123.269
G1 F1680 X123.528 Y116.74 E493.90864
G0 F7200 X123.354 Y117.132
G1 F1680 X129.784 Y123.562 E494.25419
G0 F7200 X129.503 Y123.846
G1 F1680 X123.164 Y117.507 E494.59485
G0 F7200 X122.965 Y117.874
G1 F1680 X129.222 Y124.13 E494.93107
G0 F7200 X128.935 Y124.41
G1 F1680 X122.762 Y118.237 E495.26281
G0 F7200 X122.542 Y118.583
G1 F1680 X128.633 Y124.674 E495.59014
G0 F7200 X128.332 Y124.938
G1 F1680 X122.323 Y118.929 E495.91307
G0 F7200 X122.083 Y119.254
G1 F1680 X128.025 Y125.196 E496.23239
G0 F7200 X127.714 Y125.451
G1 F1680 X121.839 Y119.576 E496.54811
G0 F7200 X121.588 Y119.891
G1 F1680 X127.396 Y125.699 E496.86024
G0 F7200 X127.073 Y125.942
G1 F1680 X121.325 Y120.193 E497.16916
G0 F7200 X121.06 Y120.494
G1 F1680 X126.744 Y126.178 E497.47462
G0 F7200 X126.411 Y126.411
G1 F1680 X120.777 Y120.777 E497.77739
G0 F7200 X120.49 Y121.056
G1 F1680 X126.073 Y126.639 E498.07742
G0 F7200 X125.736 Y126.867
G1 F1680 X120.197 Y121.328 E498.37509
G0 F7200 X119.89 Y121.587
G1 F1680 X125.383 Y127.081 E498.67031
G0 F7200 X125.027 Y127.29
G1 F1680 X119.577 Y121.84 E498.9632
G0 F7200 X119.255 Y122.083
G1 F1680 X124.671 Y127.499 E499.25425
G0 F7200 X124.314 Y127.708
G1 F1680 X118.921 Y122.315 E499.54407
G0 F7200 X118.588 Y122.548
G1 F1680 X123.938 Y127.898 E499.83158
G0 F7200 X123.561 Y128.087
G1 F1680 X118.236 Y122.762 E500.11775
G0 F7200 X117.879 Y122.97
G1 F1680 X123.181 Y128.272 E500.40268
G0 F7200 X122.793 Y128.45
G1 F1680 X117.507 Y123.164 E500.68675
G0 F7200 X117.132 Y123.354
G1 F1680 X122.406 Y128.628 E500.97017
G0 F7200 X122.008 Y128.796
G1 F1680 X116.743 Y123.531 E501.25312
G0 F7200 X116.344 Y123.698
G1 F1680 X121.61 Y128.964 E501.53611
G0 F7200 X121.207 Y129.126
G1 F1680 X115.934 Y123.854 E501.81946
G0 F7200 X115.509 Y123.995
G1 F1680 X120.787 Y129.273 E502.1031
G0 F7200 X120.368 Y129.419
G1 F1680 X115.08 Y124.13 E502.3873
G0 F7200 X114.628 Y124.245
G1 F1680 X119.943 Y129.56 E502.67293
G0 F7200 X119.514 Y129.696
G1 F1680 X114.167 Y124.35 E502.96025
G0 F7200 X113.688 Y124.436
G1 F1680 X119.07 Y129.818 E503.24948
G0 F7200 X118.627 Y129.941
G1 F1680 X113.201 Y124.514 E503.5411
G0 F7200 X112.69 Y124.57
G1 F1680 X118.175 Y130.054 E503.83584
G0 F7200 X117.72 Y130.165
G1 F1680 X112.164 Y124.609 E504.13442
G0 F7200 X111.612 Y124.623
G1 F1680 X117.254 Y130.265 E504.43762
G0 F7200 X116.787 Y130.364
G1 F1680 X111.041 Y124.617 E504.74644
G0 F7200 X110.441 Y124.583
G1 F1680 X116.305 Y130.447 E505.06157
G0 F7200 X115.821 Y130.528
G1 F1680 X109.818 Y124.526 E505.38415
G0 F7200 X109.138 Y124.412
G1 F1680 X115.322 Y130.596 E505.71647
G0 F7200 X114.823 Y130.662
G1 F1680 X108.422 Y124.261 E506.06046
G0 F7200 X107.65 Y124.055
G1 F1680 X112.032 Y128.437 E506.29595
G0 F7200 X111.42 Y128.391
G1 F1680 X106.787 Y123.757 E506.54496
G1 X106.717 Y123.687
G0 F7200 X105.783 Y123.319
G1 F1680 X110.925 Y128.461 E506.82129
G0 F7200 X110.537 Y128.639
G1 F1680 X104.515 Y122.617 E507.14491
G1 X104.445 Y122.547
G0 F7200 X112.627 Y128.998
G0 X113.526 Y129.931
G1 F1680 X114.316 Y130.721 E507.18737
G0 F7200 X113.805 Y130.775
G1 F1680 X113.597 Y130.568 E507.19852
G10
G0 F7200 X134.432 Y115.199
G11
G1 F1680 X113.105 Y93.871 E508.34466
G0 F7200 X113.339 Y93.54
G1 F1680 X134.529 Y114.73 E509.48341
G0 F7200 X134.627 Y114.262
G1 F1680 X133.86 Y113.495 E509.52463
G0 F7200 X134.526 Y113.596
G1 F1680 X134.636 Y113.706 E509.53054
G1 X134.637 Y113.706
G1 X134.724 Y113.793 E509.53522
G0 F7200 X133.703 Y113.195
G0 X132.51 Y112.145
G1 F1680 X113.495 Y93.13 E510.55709
G0 F7200 X113.6 Y92.67
G1 F1680 X132.385 Y111.455 E511.5666
G0 F7200 X132.472 Y110.975
G1 F1680 X113.714 Y92.218 E512.57463
G0 F7200 X114.34 Y92.278
G1 F1680 X132.609 Y110.547 E513.5564
G0 F7200 X132.822 Y110.194
G1 F1680 X114.975 Y92.347 E514.5155
G0 F7200 X115.625 Y92.432
G1 F1680 X133.099 Y109.906 E515.45456
G0 F7200 X133.426 Y109.667
G1 F1680 X116.301 Y92.543 E516.37483
G0 F7200 X117.007 Y92.683
G1 F1680 X133.834 Y109.51 E517.27912
G0 F7200 X134.286 Y109.396
G1 F1680 X117.723 Y92.833 E518.16921
G0 F7200 X118.465 Y93.009
G1 F1680 X134.701 Y109.245 E519.04174
G0 F7200 X134.597 Y108.576
G1 F1680 X119.244 Y93.223 E519.86681
G1 X119.174 Y93.153
G0 F7200 X120.058 Y93.471
G1 F1680 X134.442 Y107.855 E520.63981
G0 F7200 X134.249 Y107.096
G1 F1680 X120.927 Y93.774 E521.35573
G1 X120.857 Y93.704
G0 F7200 X121.844 Y94.126
G1 F1680 X133.997 Y106.278 E522.00881
G1 X134.067 Y106.348
G0 F7200 X133.67 Y105.386
G1 F1680 X122.845 Y94.561 E522.59055
G1 X122.775 Y94.491
G0 F7200 X123.959 Y95.109
G1 F1680 X133.23 Y104.38 E523.08877
G1 X133.3 Y104.45
G0 F7200 X132.627 Y103.211
G1 F1680 X125.232 Y95.817 E523.48615
G1 X125.162 Y95.747
G0 F7200 X126.899 Y96.917
G1 F1680 X131.624 Y101.643 E523.7401
G1 X131.694 Y101.713
G10
G0 F7200 X112.732 Y98.699
G0 X111.697 Y98.631
G0 X109.825 Y98.75
G0 X108.087 Y99.092
G0 X106.372 Y99.707
G0 X105.385 Y100.178
G0 X104.333 Y100.807
G0 X102.705 Y102.109
G0 X101.504 Y103.408
G0 X100.42 Y104.971
G0 X99.879 Y106.023
G0 X98.554 Y109.302
G11
G1 F1680 X91.178 Y101.926 E524.13649
G0 F7200 X90.953 Y102.267
G1 F1680 X96.273 Y107.586 E524.42236
G1 X96.343 Y107.656
G0 F7200 X95.171 Y107.05
G1 F1680 X90.727 Y102.606 E524.66118
G0 F7200 X90.513 Y102.958
G1 F1680 X94.383 Y106.828 E524.86916
G0 F7200 X93.76 Y106.77
G1 F1680 X90.31 Y103.321 E525.05453
G0 F7200 X90.107 Y103.684
G1 F1680 X93.203 Y106.779 E525.22088
G0 F7200 X92.703 Y106.845
G1 F1680 X89.916 Y104.059 E525.37063
G0 F7200 X89.731 Y104.439
G1 F1680 X92.266 Y106.974 E525.50686
G0 F7200 X91.83 Y107.103
G1 F1680 X89.56 Y104.834 E525.62883
G0 F7200 X89.388 Y105.227
G1 F1680 X91.449 Y107.288 E525.73958
G0 F7200 X91.084 Y107.489
G1 F1680 X89.229 Y105.634 E525.83927
G0 F7200 X89.078 Y106.048
G1 F1680 X90.759 Y107.73 E525.92964
G0 F7200 X90.442 Y107.979
G1 F1680 X88.932 Y106.468 E526.01081
G0 F7200 X88.799 Y106.901
G1 F1680 X90.165 Y108.267 E526.08422
G0 F7200 X89.911 Y108.578
G1 F1680 X88.666 Y107.333 E526.15113
G0 F7200 X88.563 Y107.796
G1 F1680 X89.658 Y108.891 E526.20997
G0 F7200 X89.448 Y109.247
G1 F1680 X88.461 Y108.26 E526.26301
G0 F7200 X88.36 Y108.725
G1 F1680 X89.138 Y109.503 E526.30482
G0 F7200 X88.461 Y109.392
G1 F1680 X88.294 Y109.224 E526.31382
G0 F7200 X91.842 Y107.389
G0 X92.85 Y107.09
G0 X94.436 Y107.1
G0 X95.488 Y107.436
G0 X96.205 Y107.854
G0 X97.256 Y108.904
G0 X97.688 Y109.651
G0 X98.003 Y110.633
G0 X98.087 Y111.456
G0 X97.93 Y112.686
G0 X97.518 Y113.681
G0 X96.517 Y114.904
G0 X95.311 Y115.64
G0 X94.177 Y115.97
G0 X93.075 Y115.942
G0 X91.322 Y115.346
G0 X89.163 Y113.487
G1 F1680 X89.485 Y113.81 E526.33116
G0 F7200 X89.402 Y113.845
G10
;MESH:NONMESH
G0 F600 X89.402 Y113.845 Z0.57
G0 F7200 X91.523 Y114.997
G0 X92.478 Y115.413
G0 X94.124 Y115.569
G0 X95.163 Y115.266
G0 X96.253 Y114.601
G0 X96.838 Y113.985
G0 X97.54 Y112.582
G0 X97.685 Y111.451
G0 X93.633 Y98.16
G0 X93.426 Y97.928
;TIME_ELAPSED:335.410343
;LAYER:3
;TYPE:WALL-OUTER
;MESH:Protect_badge_Dessus.STL
G11
G1 F2760 X92.942 Y98.39 E526.35792
G1 X92.184 Y99.176 E526.4016
G1 X91.629 Y99.809 E526.43527
G1 X91.202 Y100.336 E526.4624
G1 X90.699 Y101.001 E526.49576
G1 X90.148 Y101.81 E526.53491
G1 X89.729 Y102.483 E526.56662
G1 X89.349 Y103.155 E526.5975
G1 X88.901 Y104.026 E526.63668
G1 X88.51 Y104.936 E526.67629
G1 X88.138 Y105.905 E526.71781
G1 X87.853 Y106.854 E526.75745
G1 X87.632 Y107.737 E526.79386
G1 X87.454 Y108.618 E526.82981
G1 X87.292 Y109.806 E526.87777
G1 X87.219 Y110.772 E526.91652
G1 F2453 X87.249 Y111.46 E526.94716
G1 X87.483 Y110.842 E526.97657
G1 F2760 X87.735 Y110.564 E526.99158
G1 X88.226 Y110.324 E527.01344
G1 X88.808 Y110.329 E527.03672
G1 X89.318 Y110.607 E527.05995
G1 F2657.3 X89.685 Y111.215 E527.08936
G1 F2341.2 X89.739 Y111.504 E527.103
G1 F2416.7 X89.915 Y110.526 E527.14781
G1 F2760 X90.168 Y109.838 E527.17714
G1 X90.454 Y109.347 E527.19986
G1 X90.98 Y108.725 E527.23245
G1 X91.372 Y108.401 E527.25279
G1 X92.096 Y107.99 E527.28609
G1 X92.73 Y107.779 E527.31282
G1 X93.658 Y107.676 E527.35017
G1 X94.489 Y107.779 E527.38366
G1 X95.242 Y108.045 E527.41561
G1 X96.032 Y108.54 E527.4529
G1 X96.488 Y108.99 E527.47852
G1 X97.098 Y109.931 E527.52338
G1 X97.314 Y110.563 E527.5501
G1 X97.408 Y111.088 E527.57143
G1 X97.42 Y111.8 E527.59991
G1 X97.298 Y112.507 E527.62861
G1 X96.931 Y113.392 E527.66693
G1 X96.608 Y113.873 E527.69011
G1 X95.974 Y114.502 E527.72583
G1 X95.137 Y115 E527.76479
G1 X94.493 Y115.216 E527.79196
G1 X94.008 Y115.299 E527.81164
G1 X93.28 Y115.308 E527.84077
G1 X92.3 Y115.122 E527.88067
G1 X91.491 Y114.683 E527.91748
G1 X90.697 Y113.974 E527.96006
G1 X90.194 Y113.209 E527.99668
G1 X89.897 Y112.394 E528.03138
G1 F2410.7 X89.751 Y111.666 E528.06494
G1 X89.57 Y112.055 E528.08434
G1 F2760 X89.298 Y112.404 E528.10203
G1 X88.897 Y112.642 E528.12069
G1 X88.326 Y112.696 E528.14363
G1 X87.736 Y112.437 E528.1694
G1 F2313.3 X87.288 Y111.906 E528.20199
G1 X87.235 Y112.438 E528.22706
G1 F2760 X87.322 Y113.468 E528.26841
G1 X87.489 Y114.564 E528.31275
G1 X87.725 Y115.702 E528.35924
G1 X88.162 Y117.136 E528.41921
G1 X88.405 Y117.802 E528.44756
G1 X88.759 Y118.645 E528.48414
G1 X89.163 Y119.484 E528.52138
G1 X89.595 Y120.281 E528.55765
G1 X89.926 Y120.841 E528.58367
G1 X90.525 Y121.746 E528.62708
G1 X90.932 Y122.311 E528.65493
G1 X91.352 Y122.846 E528.68214
G1 X91.792 Y123.377 E528.70972
G1 X92.235 Y123.875 E528.73638
G1 X93.005 Y124.669 E528.78062
G1 X93.531 Y125.167 E528.8096
G1 X94.373 Y125.902 E528.85431
G1 X95.09 Y126.476 E528.89104
G1 X96.229 Y127.302 E528.94732
G1 X97.049 Y127.817 E528.98606
G1 X97.76 Y128.242 E529.01919
G1 X98.307 Y128.543 E529.04416
G1 X99.062 Y128.936 E529.07821
G1 X99.844 Y129.31 E529.11288
G1 X100.486 Y129.591 E529.14091
G1 X101.054 Y129.825 E529.16549
G1 X101.673 Y130.06 E529.19197
G1 X102.365 Y130.306 E529.22135
G1 X102.951 Y130.496 E529.24599
G1 X104.052 Y130.814 E529.29183
G1 X104.962 Y131.041 E529.32935
G1 X106.118 Y131.287 E529.37662
G1 X107.346 Y131.494 E529.42643
G1 X108.731 Y131.656 E529.48221
G1 X109.682 Y131.73 E529.52037
G1 X110.657 Y131.775 E529.55941
G1 F2341.2 X111.13 Y131.718 E529.58151
G1 X110.671 Y131.374 E529.60813
G1 F2760 X110.356 Y130.901 E529.63086
G1 X110.289 Y130.42 E529.65029
G1 X110.373 Y130.054 E529.66531
G1 X110.621 Y129.668 E529.68366
G1 X111.205 Y129.325 E529.71075
G1 X111.702 Y129.308 E529.73064
G1 X112.021 Y129.406 E529.74399
G1 X112.411 Y129.702 E529.76357
G1 X112.575 Y129.948 E529.7754
G1 X112.704 Y130.411 E529.79463
G1 X112.686 Y130.711 E529.80665
G1 X112.537 Y131.117 E529.82395
G1 X112.25 Y131.452 E529.84159
G1 F2375.5 X111.806 Y131.727 E529.86551
G1 X112.292 Y131.778 E529.88789
G1 F2760 X113.324 Y131.732 E529.92921
G1 X114.069 Y131.675 E529.9591
G1 X115.29 Y131.54 E530.00824
G1 X116.144 Y131.414 E530.04277
G1 X116.894 Y131.283 E530.07322
G1 X117.561 Y131.148 E530.10044
G1 X118.515 Y130.923 E530.13965
G1 X119.194 Y130.747 E530.16771
G1 X120.29 Y130.421 E530.21345
G1 X121.098 Y130.141 E530.24765
G1 X121.983 Y129.808 E530.28547
G1 X122.724 Y129.5 E530.31757
G1 X123.397 Y129.195 E530.34713
G1 X124.081 Y128.861 E530.37758
G1 X124.832 Y128.468 E530.41148
G1 X125.55 Y128.059 E530.44453
G1 X126.386 Y127.556 E530.48356
G1 X127.542 Y126.746 E530.54002
G1 X128.148 Y126.286 E530.57045
G1 X128.858 Y125.707 E530.6071
G1 X129.623 Y125.03 E530.64796
G1 X130.316 Y124.34 E530.68708
G1 X130.923 Y123.697 E530.72245
G1 X131.374 Y123.175 E530.75004
G1 X131.806 Y122.648 E530.7773
G1 X132.401 Y121.847 E530.81721
G1 X132.86 Y121.179 E530.84963
G1 X133.469 Y120.181 E530.8964
G1 X133.94 Y119.284 E530.93692
G1 X134.561 Y117.906 E530.99738
G1 X135.036 Y116.512 E531.05629
G1 X135.325 Y115.481 E531.09912
G1 X135.542 Y114.379 E531.14405
G1 X135.704 Y113.19 E531.19205
G1 F2752.4 X135.79 Y112.128 E531.23477
G1 F2477.7 X135.746 Y111.604 E531.25796
G1 F2484 X135.594 Y112.012 E531.27712
G1 F2760 X135.405 Y112.303 E531.291
G1 X134.922 Y112.634 E531.31442
G1 X134.533 Y112.706 E531.33024
G1 X134.015 Y112.606 E531.35135
G1 X133.508 Y112.2 E531.37733
G1 X133.325 Y111.795 E531.3951
G1 X133.332 Y111.181 E531.41967
G1 X133.437 Y110.917 E531.43103
G1 X133.766 Y110.534 E531.45123
G1 X134.311 Y110.305 E531.47487
G1 X134.741 Y110.316 E531.49208
G1 X135.17 Y110.495 E531.51067
G1 F2259.3 X135.695 Y111.034 E531.54671
G1 X135.765 Y110.57 E531.56919
G1 F2760 X135.681 Y109.572 E531.60925
G1 X135.511 Y108.448 E531.65472
G1 X135.301 Y107.463 E531.69501
G1 X135.068 Y106.593 E531.73104
G1 X134.846 Y105.901 E531.76011
G1 X134.537 Y105.058 E531.79602
G1 X134.205 Y104.272 E531.83015
G1 X133.77 Y103.385 E531.86967
G1 X133.41 Y102.728 E531.89963
G1 X133.077 Y102.165 E531.9258
G1 X132.591 Y101.406 E531.96185
G1 X131.818 Y100.356 E532.014
G1 X131.105 Y99.504 E532.05844
G1 X130.53 Y98.878 E532.09244
G1 X129.876 Y98.212 E532.12978
G1 X129.342 Y97.717 E532.1589
G1 X128.437 Y96.932 E532.20682
G1 X127.569 Y96.27 E532.25049
G1 X126.538 Y95.544 E532.30093
G1 X125.562 Y94.945 E532.34673
G1 X124.839 Y94.532 E532.38004
G1 X124.089 Y94.139 E532.41391
G1 X123.514 Y93.857 E532.43953
G1 X122.919 Y93.583 E532.46573
G1 X122.113 Y93.242 E532.50073
G1 X121.076 Y92.849 E532.54509
G1 X120.222 Y92.559 E532.58117
G1 X119.567 Y92.356 E532.6086
G1 X118.845 Y92.154 E532.63859
G1 X117.991 Y91.943 E532.67377
G1 X117.07 Y91.749 E532.71142
G1 X115.845 Y91.534 E532.76117
G1 X114.701 Y91.387 E532.80731
G1 X113.49 Y91.271 E532.85597
G1 X112.226 Y91.223 E532.90657
G1 F2398.9 X111.779 Y91.27 E532.92697
G1 X112.229 Y91.542 E532.95084
G1 F2760 X112.62 Y92.043 E532.97627
G1 X112.706 Y92.519 E532.99561
G1 X112.652 Y92.87 E533.00982
G1 X112.396 Y93.312 E533.03025
G1 X112.128 Y93.535 E533.0442
G1 X111.754 Y93.683 E533.06028
G1 X111.275 Y93.69 E533.07945
G1 X110.901 Y93.549 E533.09543
G1 X110.456 Y93.117 E533.12024
G1 X110.292 Y92.459 E533.14737
G1 X110.399 Y91.99 E533.16661
G1 X110.558 Y91.739 E533.17849
G1 X110.845 Y91.479 E533.19398
G1 F2398.9 X111.233 Y91.265 E533.2141
G1 F2387.2 X110.8 Y91.214 E533.23398
G1 F2744.9 X109.565 Y91.273 E533.28369
G1 F2760 X108.495 Y91.362 E533.32663
G1 X107.367 Y91.508 E533.37213
G1 X106.342 Y91.67 E533.41364
G1 X105.686 Y91.796 E533.44036
G1 X104.572 Y92.051 E533.48607
G1 X103.655 Y92.293 E533.52401
G1 X102.777 Y92.555 E533.56066
G1 X101.928 Y92.845 E533.59654
G1 X101.13 Y93.147 E533.63067
G1 X100.312 Y93.48 E533.666
G1 X99.316 Y93.933 E533.70977
G1 X98.101 Y94.556 E533.76438
G1 X96.959 Y95.234 E533.81751
G1 X95.962 Y95.893 E533.86531
G1 X95.074 Y96.527 E533.90896
G1 X94.011 Y97.404 E533.96408
G1 X93.464 Y97.892 E533.9934
G1 X93.426 Y97.928 E533.9955
G0 F7200 X93.282 Y98.066
G10
G0 X103.145 Y102.584
G11
G1 F2760 X103.819 Y102.008 E534.03096
G1 X104.502 Y101.492 E534.0652
G1 X105.119 Y101.086 E534.09474
G1 X105.669 Y100.769 E534.12014
G1 X106.535 Y100.333 E534.15892
G1 X107.7 Y99.879 E534.20893
G1 X108.965 Y99.555 E534.26117
G1 X109.769 Y99.413 E534.29382
G1 X110.824 Y99.295 E534.33629
G1 X111.93 Y99.296 E534.38053
G1 X112.677 Y99.345 E534.41047
G1 X113.345 Y99.427 E534.43739
G1 X114.05 Y99.558 E534.46607
G1 X115.079 Y99.823 E534.50858
G1 X115.975 Y100.14 E534.54659
G1 X116.662 Y100.433 E534.57647
G1 X117.355 Y100.779 E534.60745
G1 X118.279 Y101.327 E534.65042
G1 X119.186 Y102.011 E534.69586
G1 X119.713 Y102.457 E534.72348
G1 X120.284 Y103.02 E534.75555
G1 X120.72 Y103.497 E534.7814
G1 X121.421 Y104.363 E534.82597
G1 X122.024 Y105.304 E534.87068
G1 X122.377 Y105.953 E534.90023
G1 X122.717 Y106.661 E534.93164
G1 X123.102 Y107.659 E534.97443
G1 X123.348 Y108.548 E535.01133
G1 X123.543 Y109.435 E535.04765
G1 X123.652 Y110.33 E535.08372
G1 X123.72 Y111.349 E535.12457
G1 X123.68 Y112.351 E535.16468
G1 X123.618 Y112.994 E535.19052
G1 X123.478 Y113.927 E535.22826
G1 X123.174 Y115.081 E535.27599
G1 X122.863 Y115.987 E535.31431
G1 X122.361 Y117.097 E535.36304
G1 X121.85 Y117.978 E535.40378
G1 X121.248 Y118.854 E535.44629
G1 X120.849 Y119.35 E535.47176
G1 X120.101 Y120.183 E535.51654
G1 X119.193 Y120.983 E535.56494
G1 X118.286 Y121.665 E535.61034
G1 X117.417 Y122.178 E535.6507
G1 X116.842 Y122.479 E535.67666
G1 X116.164 Y122.783 E535.70638
G1 X115.306 Y123.114 E535.74317
G1 X114.135 Y123.421 E535.79159
G1 X113.509 Y123.543 E535.8171
G1 X112.875 Y123.632 E535.84271
G1 X111.687 Y123.72 E535.89036
G1 X110.644 Y123.68 E535.93211
G1 X110.004 Y123.618 E535.95783
G1 X109.164 Y123.484 E535.99186
G1 X108.433 Y123.32 E536.02182
G1 X107.416 Y123.007 E536.06439
G1 X106.822 Y122.779 E536.08984
G1 X106.143 Y122.474 E536.11961
G1 X105.586 Y122.182 E536.14477
G1 X104.933 Y121.793 E536.17517
G1 X104.161 Y121.257 E536.21276
G1 X103.49 Y120.716 E536.24724
G1 X102.703 Y119.966 E536.29073
G1 X102.139 Y119.341 E536.3244
G1 X101.571 Y118.629 E536.36083
G1 X100.971 Y117.687 E536.40551
G1 X100.525 Y116.855 E536.44327
G1 X100.212 Y116.163 E536.47365
G1 X99.984 Y115.559 E536.49947
G1 X99.672 Y114.543 E536.54198
G1 X99.469 Y113.609 E536.58022
G1 X99.364 Y112.875 E536.60988
G1 X99.276 Y111.668 E536.65828
G1 X99.316 Y110.644 E536.69927
G1 X99.378 Y110.005 E536.72495
G1 X99.476 Y109.375 E536.75046
G1 X99.651 Y108.538 E536.78466
G1 X99.897 Y107.651 E536.82148
G1 X100.283 Y106.657 E536.86413
G1 X100.695 Y105.794 E536.90239
G1 X101.295 Y104.772 E536.94979
G1 X102.016 Y103.805 E536.99804
G1 X102.569 Y103.167 E537.03181
G1 X103.145 Y102.584 E537.06459
G0 F7200 X103.296 Y102.455
G10
G0 X111.233 Y91.265
G11
G1 F2114.6 X111.779 Y91.27 E537.09233
G10
G0 F7200 X89.739 Y111.504
G11
G1 F2138.3 X89.751 Y111.666 E537.1005
G0 F7200 X87.288 Y111.906
G1 F2086.6 X87.249 Y111.46 E537.12351
G10
G0 F7200 X111.13 Y131.718
G11
G1 F2050.4 X111.806 Y131.727 E537.1588
G10
G0 F7200 X135.746 Y111.604
G11
G1 F2063.9 X135.695 Y111.034 E537.1885
G0 F7200 X135.325 Y110.125
;TYPE:WALL-INNER
G1 F3360 X135.282 Y109.609 E537.20922
G1 X135.117 Y108.52 E537.25327
G1 X134.912 Y107.557 E537.29266
G1 X134.684 Y106.706 E537.3279
G1 X134.468 Y106.031 E537.35625
G1 X134.165 Y105.204 E537.39148
G1 X133.841 Y104.438 E537.42474
G1 X133.415 Y103.569 E537.46346
G1 X133.062 Y102.926 E537.4928
G1 X132.737 Y102.375 E537.51839
G1 X132.261 Y101.633 E537.55365
G1 X131.503 Y100.603 E537.6048
G1 X130.804 Y99.768 E537.64836
G1 X130.24 Y99.154 E537.68171
G1 X129.597 Y98.499 E537.71842
G1 X129.075 Y98.015 E537.7469
G1 X128.185 Y97.242 E537.79405
G1 X127.333 Y96.593 E537.83689
G1 X126.318 Y95.878 E537.88655
G1 X125.358 Y95.289 E537.93161
G1 X124.647 Y94.883 E537.96436
G1 X123.852 Y94.468 E538.00023
G1 X122.971 Y94.039 E538.03942
G1 X121.964 Y93.614 E538.08314
G1 X120.941 Y93.225 E538.12692
G1 X120.098 Y92.939 E538.16253
G1 X119.454 Y92.74 E538.18949
G1 X118.743 Y92.541 E538.21903
G1 X117.902 Y92.333 E538.25368
G1 X116.994 Y92.142 E538.29079
G1 X115.785 Y91.93 E538.33989
G1 X114.656 Y91.785 E538.38542
G1 X113.472 Y91.671 E538.433
G1 X112.838 Y91.643 E538.45839
G1 X113.012 Y91.961 E538.47289
G1 X113.102 Y92.579 E538.49787
G1 X113.044 Y92.952 E538.51297
G1 X112.742 Y93.522 E538.53877
G1 X112.319 Y93.886 E538.56109
G1 X111.805 Y94.08 E538.58307
G1 X111.211 Y94.085 E538.60683
G1 X110.679 Y93.882 E538.6296
G1 X110.115 Y93.354 E538.66051
G1 X109.909 Y92.659 E538.6895
G1 X109.983 Y91.971 E538.71718
G1 X110.15 Y91.626 E538.73251
G1 X108.546 Y91.759 E538.79689
G1 X107.429 Y91.903 E538.84194
G1 X106.479 Y92.052 E538.88041
G1 X105.768 Y92.188 E538.90936
G1 X104.668 Y92.439 E538.95449
G1 X103.763 Y92.678 E538.99194
G1 X102.899 Y92.936 E539.028
G1 X102.063 Y93.221 E539.06333
G1 X101.276 Y93.519 E539.09699
G1 X100.47 Y93.848 E539.13182
G1 X99.49 Y94.293 E539.17487
G1 X98.295 Y94.906 E539.22859
G1 X97.171 Y95.573 E539.28087
G1 X96.188 Y96.223 E539.32801
G1 X95.318 Y96.845 E539.37079
G1 X94.271 Y97.708 E539.42506
G1 X93.735 Y98.186 E539.45379
G1 X93.224 Y98.674 E539.48205
G1 X92.478 Y99.447 E539.52502
G1 X91.935 Y100.067 E539.55799
G1 X91.517 Y100.583 E539.58455
G1 X91.024 Y101.235 E539.61725
G1 X90.483 Y102.028 E539.65565
G1 X90.073 Y102.687 E539.68669
G1 X89.701 Y103.345 E539.71693
G1 X89.263 Y104.196 E539.75521
G1 X88.88 Y105.087 E539.794
G1 X88.517 Y106.034 E539.83457
G1 X88.239 Y106.96 E539.87325
G1 X88.022 Y107.825 E539.90892
G1 X87.848 Y108.684 E539.94398
G1 X87.649 Y110.155 E540.00335
G1 X88.229 Y109.924 E540.02832
G1 X88.855 Y109.932 E540.05337
G1 X89.568 Y110.303 E540.08552
G1 X89.811 Y109.65 E540.11339
G1 X90.148 Y109.09 E540.13953
G1 X90.697 Y108.442 E540.1735
G1 X91.164 Y108.058 E540.19768
G1 X91.913 Y107.629 E540.23221
G1 X92.656 Y107.386 E540.26348
G1 X93.685 Y107.271 E540.3049
G1 X94.594 Y107.389 E540.34156
G1 X95.397 Y107.671 E540.3756
G1 X96.208 Y108.173 E540.41376
G1 X96.782 Y108.709 E540.44517
G1 X97.45 Y109.726 E540.49384
G1 X97.693 Y110.433 E540.52374
G1 X97.807 Y111.028 E540.54798
G1 X97.818 Y111.84 E540.58046
G1 X97.681 Y112.641 E540.61297
G1 X97.313 Y113.525 E540.65127
G1 X96.91 Y114.141 E540.68071
G1 X96.198 Y114.839 E540.72059
G1 X95.304 Y115.366 E540.76211
G1 X94.581 Y115.606 E540.79258
G1 X94.048 Y115.697 E540.81421
G1 X93.248 Y115.707 E540.84621
G1 X92.188 Y115.515 E540.8893
G1 X91.257 Y115.008 E540.9317
G1 X90.402 Y114.253 E540.97733
G1 X89.84 Y113.395 E541.01835
G1 X89.573 Y112.683 E541.04877
G1 X89.001 Y113.028 E541.07549
G1 X88.211 Y113.079 E541.10716
G1 X87.673 Y112.871 E541.13023
G1 X87.718 Y113.408 E541.15178
G1 X87.883 Y114.493 E541.19568
G1 X88.053 Y115.312 E541.22914
G1 X88.208 Y115.913 E541.25397
G1 X88.542 Y117.009 E541.2998
G1 X88.799 Y117.712 E541.32974
G1 X89.124 Y118.481 E541.36313
G1 X89.519 Y119.302 E541.39958
G1 X89.943 Y120.084 E541.43516
G1 X90.265 Y120.629 E541.46048
G1 X90.854 Y121.518 E541.50314
G1 X91.252 Y122.071 E541.53039
G1 X91.699 Y122.638 E541.55927
G1 X92.096 Y123.117 E541.58415
G1 X92.528 Y123.603 E541.61016
G1 X93.286 Y124.385 E541.65373
G1 X93.8 Y124.871 E541.68202
G1 X94.629 Y125.595 E541.72605
G1 X95.332 Y126.158 E541.76207
G1 X96.453 Y126.97 E541.81744
G1 X97.299 Y127.501 E541.8574
G1 X97.959 Y127.895 E541.88814
G1 X98.496 Y128.191 E541.91267
G1 X99.24 Y128.578 E541.94621
G1 X100.011 Y128.946 E541.98039
G1 X100.963 Y129.363 E542.02196
G1 X101.811 Y129.684 E542.05823
G1 X102.829 Y130.045 E542.10143
G1 X104.156 Y130.428 E542.15668
G1 X105.052 Y130.651 E542.19361
G1 X106.193 Y130.894 E542.24028
G1 X107.404 Y131.098 E542.2894
G1 X108.784 Y131.258 E542.34497
G1 X110.182 Y131.37 E542.40107
G1 X109.972 Y131.014 E542.4176
G1 X109.893 Y130.366 E542.44371
G1 X109.992 Y129.932 E542.46152
G1 X110.369 Y129.358 E542.48899
G1 X111.048 Y128.933 E542.52103
G1 X111.73 Y128.909 E542.54833
G1 X112.191 Y129.044 E542.56754
G1 X112.653 Y129.376 E542.5903
G1 X112.949 Y129.805 E542.61115
G1 X113.104 Y130.424 E542.63667
G1 X113.066 Y130.836 E542.65322
G1 X112.847 Y131.367 E542.6762
G1 X114.025 Y131.277 E542.72345
G1 X115.232 Y131.144 E542.77203
G1 X116.081 Y131.019 E542.80635
G1 X116.82 Y130.89 E542.83636
G1 X117.534 Y130.744 E542.86551
G1 X118.415 Y130.536 E542.90172
G1 X119.018 Y130.38 E542.92663
G1 X120.168 Y130.04 E542.9746
G1 X120.913 Y129.783 E543.00613
G1 X121.764 Y129.465 E543.04246
G1 X122.565 Y129.133 E543.07715
G1 X123.222 Y128.835 E543.106
G1 X123.901 Y128.504 E543.13622
G1 X124.64 Y128.117 E543.16959
G1 X125.348 Y127.714 E543.20217
G1 X126.168 Y127.22 E543.24047
G1 X127.306 Y126.423 E543.29604
G1 X127.901 Y125.972 E543.3259
G1 X128.599 Y125.402 E543.36195
G1 X129.349 Y124.738 E543.40202
G1 X130.03 Y124.061 E543.44043
G1 X130.626 Y123.429 E543.47518
G1 X131.068 Y122.917 E543.50223
G1 X131.49 Y122.402 E543.52887
G1 X132.075 Y121.615 E543.56809
G1 X132.524 Y120.961 E543.59982
G1 X133.121 Y119.983 E543.64565
G1 X133.58 Y119.109 E543.68514
G1 X134.189 Y117.759 E543.74438
G1 X134.654 Y116.394 E543.80206
G1 X134.935 Y115.388 E543.84384
G1 X135.147 Y114.313 E543.88767
G1 X135.348 Y112.831 E543.94749
G1 X135.093 Y112.996 E543.95964
G1 X134.38 Y113.096 E543.98844
G1 X133.829 Y112.96 E544.01114
G1 X133.244 Y112.52 E544.04042
G1 X132.936 Y111.892 E544.0684
G1 X132.923 Y111.144 E544.09833
G1 X133.08 Y110.736 E544.11581
G1 X133.542 Y110.199 E544.14415
G1 X134.214 Y109.917 E544.1733
G1 X134.877 Y109.94 E544.19984
G1 X135.325 Y110.125 E544.21922
G10
G0 F7200 X124.12 Y111.34
G11
G1 F3360 X124.078 Y112.389 E544.26122
G1 X124.014 Y113.053 E544.2879
G1 X123.865 Y114.029 E544.32739
G1 X123.559 Y115.189 E544.37538
G1 X123.237 Y116.13 E544.41516
G1 X122.736 Y117.243 E544.46399
G1 X122.18 Y118.204 E544.5084
G1 X121.587 Y119.069 E544.55035
G1 X121.147 Y119.618 E544.57849
G1 X120.397 Y120.451 E544.62332
G1 X119.422 Y121.312 E544.67535
G1 X118.49 Y122.009 E544.72191
G1 X117.603 Y122.532 E544.76309
G1 X117.006 Y122.844 E544.79004
G1 X116.338 Y123.144 E544.81933
G1 X115.436 Y123.492 E544.858
G1 X114.249 Y123.805 E544.9071
G1 X113.565 Y123.939 E544.93498
G1 X112.945 Y124.027 E544.96003
G1 X111.648 Y124.12 E545.01205
G1 X110.606 Y124.078 E545.05376
G1 X109.978 Y124.018 E545.07899
G1 X109.113 Y123.881 E545.11403
G1 X108.316 Y123.702 E545.1467
G1 X107.273 Y123.381 E545.19035
G1 X106.658 Y123.144 E545.21671
G1 X105.957 Y122.828 E545.24747
G1 X105.4 Y122.536 E545.27263
G1 X104.705 Y122.121 E545.30501
G1 X103.899 Y121.56 E545.34429
G1 X103.239 Y121.028 E545.3782
G1 X102.438 Y120.267 E545.42239
G1 X101.826 Y119.591 E545.45887
G1 X101.221 Y118.826 E545.49788
G1 X100.619 Y117.876 E545.54287
G1 X100.17 Y117.039 E545.58086
G1 X99.838 Y116.305 E545.61308
G1 X99.614 Y115.713 E545.6384
G1 X99.281 Y114.628 E545.6838
G1 X99.073 Y113.666 E545.72317
G1 X98.969 Y112.946 E545.75227
G1 X98.876 Y111.652 E545.80416
G1 X98.918 Y110.606 E545.84603
G1 X98.978 Y109.978 E545.87127
G1 X99.084 Y109.293 E545.89899
G1 X99.256 Y108.469 E545.93266
G1 X99.505 Y107.564 E545.97021
G1 X99.922 Y106.485 E546.01648
G1 X100.331 Y105.627 E546.0545
G1 X100.974 Y104.533 E546.10526
G1 X101.686 Y103.577 E546.15294
G1 X102.284 Y102.886 E546.18949
G1 X102.848 Y102.314 E546.22162
G1 X103.577 Y101.689 E546.26003
G1 X104.282 Y101.158 E546.29534
G1 X104.919 Y100.74 E546.32581
G1 X105.489 Y100.412 E546.35212
G1 X106.367 Y99.97 E546.39144
G1 X107.606 Y99.49 E546.44459
G1 X108.85 Y99.17 E546.49597
G1 X109.724 Y99.015 E546.53147
G1 X110.824 Y98.895 E546.57573
G1 X111.956 Y98.897 E546.62101
G1 X112.701 Y98.945 E546.65088
G1 X113.418 Y99.033 E546.67977
G1 X114.15 Y99.17 E546.70956
G1 X115.187 Y99.437 E546.75239
G1 X116.096 Y99.758 E546.79095
G1 X116.81 Y100.06 E546.82196
G1 X117.559 Y100.435 E546.85547
G1 X118.503 Y100.996 E546.89939
G1 X119.444 Y101.705 E546.94652
G1 X119.96 Y102.141 E546.97354
G1 X120.579 Y102.75 E547.00828
G1 X121.031 Y103.245 E547.03509
G1 X121.757 Y104.147 E547.08141
G1 X122.376 Y105.113 E547.1273
G1 X122.724 Y105.753 E547.15644
G1 X123.077 Y106.488 E547.18905
G1 X123.481 Y107.53 E547.23376
G1 X123.733 Y108.44 E547.27153
G1 X123.936 Y109.358 E547.30913
G1 X124.051 Y110.303 E547.34721
G1 X124.12 Y111.34 E547.38878
G0 F7200 X124.435 Y111.319
;TYPE:SKIN
G1 F1680 X124.44 Y111.393 E547.39175
G1 X124.396 Y112.415 E547.43267
G1 X124.33 Y113.107 E547.46047
G1 X124.182 Y114.071 E547.49948
G1 X123.866 Y115.281 E547.54951
G1 X123.531 Y116.255 E547.59071
G1 X123.007 Y117.415 E547.64162
G1 X122.442 Y118.385 E547.68652
G1 X121.84 Y119.266 E547.72921
G1 X121.385 Y119.83 E547.75819
G1 X120.637 Y120.663 E547.80297
G1 X119.614 Y121.567 E547.85758
G1 X118.72 Y122.24 E547.90234
G1 X117.749 Y122.814 E547.94746
G1 X117.134 Y123.135 E547.97521
G1 X116.42 Y123.455 E548.00651
G1 X115.538 Y123.794 E548.0443
G1 X114.286 Y124.125 E548.0961
G1 X113.231 Y124.324 E548.13905
G1 X111.638 Y124.441 E548.20294
G1 X110.577 Y124.396 E548.24542
G1 X109.908 Y124.331 E548.2723
G1 X109.055 Y124.196 E548.30685
G1 X108.213 Y124.004 E548.34139
G1 X107.151 Y123.679 E548.38582
G1 X106.538 Y123.439 E548.41215
G1 X105.802 Y123.109 E548.44441
G1 X105.241 Y122.812 E548.4698
G1 X104.526 Y122.385 E548.50312
G1 X103.723 Y121.829 E548.54218
G1 X103.029 Y121.273 E548.57775
G1 X102.203 Y120.483 E548.62347
G1 X101.607 Y119.825 E548.65899
G1 X100.955 Y119.005 E548.70089
G1 X100.36 Y118.068 E548.74529
G1 X99.877 Y117.175 E548.7859
G1 X99.532 Y116.411 E548.81943
G1 X99.306 Y115.805 E548.8453
G1 X98.98 Y114.747 E548.88958
G1 X98.754 Y113.702 E548.93235
G1 X98.648 Y112.987 E548.96126
G1 F1670.8 X98.549 Y111.743 E549.01143
G1 F1592 X98.567 Y110.939 E549.04521
G1 F1604.7 X98.658 Y109.937 E549.08716
G1 F1680 X98.764 Y109.259 E549.11461
G1 X98.943 Y108.394 E549.14994
G1 X99.201 Y107.459 E549.18874
G1 X99.635 Y106.338 E549.23683
G1 X100.035 Y105.493 E549.27422
G1 X100.667 Y104.412 E549.32431
G1 X101.472 Y103.328 E549.37832
G1 X102.048 Y102.664 E549.41348
G1 X102.678 Y102.031 E549.4492
G1 X103.343 Y101.464 E549.48416
G1 X104.106 Y100.888 E549.5224
G1 X104.759 Y100.463 E549.55356
G1 X105.325 Y100.133 E549.57977
G1 X106.239 Y99.673 E549.6207
G1 X107.504 Y99.183 E549.67496
G1 X108.841 Y98.842 E549.73015
G1 X109.641 Y98.702 E549.76264
G1 X110.805 Y98.573 E549.80949
G1 X111.974 Y98.576 E549.85625
G1 X112.768 Y98.629 E549.88808
G1 X113.393 Y98.703 E549.91325
G1 X114.251 Y98.862 E549.94816
G1 X115.283 Y99.131 E549.99081
G1 X116.21 Y99.459 E550.03015
G1 X116.99 Y99.789 E550.06402
G1 X117.72 Y100.156 E550.09671
G1 X118.721 Y100.759 E550.14345
G1 X119.618 Y101.435 E550.18838
G1 X120.177 Y101.909 E550.2177
G1 X120.813 Y102.533 E550.25334
G1 X121.248 Y103.013 E550.27925
G1 X122.025 Y103.971 E550.32859
G1 X122.628 Y104.911 E550.37326
G1 X123.025 Y105.637 E550.40636
G1 X123.367 Y106.351 E550.43802
G1 X123.782 Y107.422 E550.48397
G1 X124.052 Y108.39 E550.52416
G1 X124.259 Y109.36 E550.56384
G1 X124.368 Y110.278 E550.60082
G1 X124.435 Y111.319 E550.64254
G10
G0 F7200 X132.599 Y111.068
G11
G1 F1680 X132.898 Y110.428 E550.6708
G1 X133.278 Y110.001 E550.69366
G1 X133.539 Y109.833 E550.70608
G1 X134.133 Y109.605 E550.73153
G1 X134.665 Y109.584 E550.75283
G1 X134.968 Y109.657 E550.76529
G1 X134.798 Y108.551 E550.81005
G1 X134.597 Y107.628 E550.84784
G1 X134.376 Y106.797 E550.88223
G1 X134.162 Y106.133 E550.91014
G1 X133.865 Y105.322 E550.94468
G1 X133.549 Y104.567 E550.97742
G1 X133.13 Y103.713 E551.01547
G1 X132.782 Y103.084 E551.04423
G1 X132.461 Y102.541 E551.06946
G1 X131.995 Y101.81 E551.10413
G1 X131.25 Y100.8 E551.15434
G1 X130.589 Y100.008 E551.1956
G1 X130.006 Y99.374 E551.23005
G1 X129.372 Y98.728 E551.26626
G1 X128.858 Y98.249 E551.29436
G1 X127.977 Y97.488 E551.34093
G1 X127.141 Y96.85 E551.38299
G1 X126.137 Y96.144 E551.43209
G1 X125.19 Y95.561 E551.47657
G1 X124.491 Y95.164 E551.50873
G1 X123.761 Y94.779 E551.54174
G1 X122.853 Y94.335 E551.58217
G1 X121.845 Y93.91 E551.62592
G1 X120.832 Y93.525 E551.66927
G1 X119.998 Y93.243 E551.70449
G1 X119.359 Y93.044 E551.73126
G1 X118.605 Y92.834 E551.76257
G1 X117.827 Y92.644 E551.7946
G1 X116.929 Y92.453 E551.83132
G1 X115.686 Y92.234 E551.88181
G1 X114.582 Y92.099 E551.9263
G1 X113.327 Y91.978 E551.97673
G1 X113.408 Y92.343 E551.99169
G1 X113.355 Y93.03 E552.01925
G1 X112.89 Y93.834 E552.0564
G1 X112.478 Y94.163 E552.07749
G1 X111.842 Y94.395 E552.10457
G1 X111.084 Y94.379 E552.1349
G1 X110.511 Y94.155 E552.15951
G1 X109.837 Y93.529 E552.1963
G1 X109.604 Y92.754 E552.22867
G1 X109.589 Y92.302 E552.24676
G1 X109.662 Y91.986 E552.25973
G1 X108.586 Y92.075 E552.30292
G1 X107.55 Y92.211 E552.34472
G1 X106.552 Y92.361 E552.38508
G1 X105.783 Y92.511 E552.41642
G1 X104.695 Y92.763 E552.4611
G1 X103.789 Y93.001 E552.49857
G1 X102.966 Y93.247 E552.53293
G1 X102.186 Y93.518 E552.56595
G1 X101.325 Y93.843 E552.60277
G1 X100.592 Y94.14 E552.6344
G1 X99.628 Y94.58 E552.67679
G1 X98.445 Y95.188 E552.72999
G1 X97.339 Y95.846 E552.78147
G1 X96.37 Y96.489 E552.82799
G1 X95.514 Y97.099 E552.87003
G1 X94.479 Y97.952 E552.92368
G1 X93.952 Y98.423 E552.95195
G1 X93.449 Y98.903 E552.97976
G1 X92.696 Y99.68 E553.02304
G1 X92.177 Y100.273 E553.05457
G1 X91.766 Y100.78 E553.08067
G1 X91.283 Y101.421 E553.11278
G1 X90.748 Y102.202 E553.15064
G1 X90.345 Y102.85 E553.18117
G1 X89.981 Y103.495 E553.21079
G1 X89.55 Y104.338 E553.24866
G1 X89.15 Y105.274 E553.28938
G1 X88.818 Y106.141 E553.32651
G1 X88.545 Y107.046 E553.36433
G1 X88.327 Y107.917 E553.40024
G1 X88.162 Y108.734 E553.43358
G1 X88.039 Y109.647 E553.47043
G1 X88.245 Y109.604 E553.47885
G1 X89.046 Y109.643 E553.51093
G1 X89.404 Y109.822 E553.52694
G1 X89.564 Y109.436 E553.54365
G1 X89.903 Y108.877 E553.5698
G1 X90.481 Y108.203 E553.60532
G1 X91.04 Y107.758 E553.6339
G1 X91.804 Y107.326 E553.669
G1 X92.577 Y107.073 E553.70154
G1 X93.707 Y106.949 E553.74701
G1 X94.655 Y107.074 E553.78526
G1 X95.519 Y107.371 E553.8218
G1 X96.471 Y107.963 E553.86664
G1 X97.052 Y108.53 E553.89912
G1 X97.724 Y109.562 E553.94838
G1 X97.994 Y110.322 E553.98064
G1 F1604.7 X98.137 Y110.971 E554.00835
G1 F1567.2 X98.144 Y111.869 E554.04661
G1 F1639.3 X97.978 Y112.749 E554.08323
G1 F1680 X97.566 Y113.737 E554.12605
G1 X97.145 Y114.352 E554.15586
G1 X96.404 Y115.087 E554.19761
G1 X95.425 Y115.66 E554.24299
G1 X94.708 Y115.901 E554.27324
G1 X94.076 Y116.016 E554.29894
G1 X93.223 Y116.024 E554.33306
G1 X92.059 Y115.806 E554.38043
G1 X91.07 Y115.266 E554.4255
G1 X90.172 Y114.48 E554.47324
G1 X89.568 Y113.561 E554.51723
G1 X89.415 Y113.177 E554.53376
G1 X89.158 Y113.306 E554.54526
G1 X88.513 Y113.414 E554.57142
G1 X88.029 Y113.336 E554.59103
G1 X88.201 Y114.452 E554.6362
G1 X88.422 Y115.526 E554.68006
G1 X88.842 Y116.904 E554.73768
G1 X89.095 Y117.59 E554.76693
G1 X89.461 Y118.453 E554.80442
G1 X89.806 Y119.156 E554.83575
G1 X90.219 Y119.921 E554.87052
G1 X90.534 Y120.453 E554.89525
G1 X91.117 Y121.334 E554.93751
G1 X91.508 Y121.879 E554.96434
G1 X91.912 Y122.39 E554.9904
G1 X92.547 Y123.161 E555.03035
G1 X93.509 Y124.153 E555.08562
G1 X94.015 Y124.631 E555.11347
G1 X94.837 Y125.35 E555.15715
G1 X95.526 Y125.905 E555.19254
G1 X96.648 Y126.718 E555.24796
G1 X97.495 Y127.245 E555.28787
G1 X98.318 Y127.737 E555.32622
G1 X99.382 Y128.289 E555.37417
G1 X100.144 Y128.654 E555.40796
G1 X101.088 Y129.066 E555.44916
G1 X101.953 Y129.392 E555.48614
G1 X102.894 Y129.729 E555.52612
G1 X104.292 Y130.134 E555.58434
G1 X105.125 Y130.337 E555.61863
G1 X106.254 Y130.579 E555.66482
G1 X107.5 Y130.789 E555.71536
G1 X108.822 Y130.937 E555.76857
G1 X109.67 Y131.004 E555.8026
G1 X109.572 Y130.337 E555.82957
G1 X109.708 Y129.79 E555.85211
G1 X110.174 Y129.096 E555.88555
G1 X110.799 Y128.71 E555.91493
G1 X111.109 Y128.609 E555.92797
G1 X111.739 Y128.588 E555.95319
G1 X112.348 Y128.765 E555.97856
G1 X112.897 Y129.166 E556.00575
G1 X113.255 Y129.717 E556.03203
G1 X113.423 Y130.418 E556.06087
G1 X113.32 Y131.005 E556.08471
G1 X113.998 Y130.956 E556.1119
G1 X115.212 Y130.822 E556.16075
G1 X115.93 Y130.718 E556.18977
G1 X117.188 Y130.495 E556.24088
G1 X118.364 Y130.215 E556.28923
G1 X119.002 Y130.051 E556.31558
G1 X120.098 Y129.725 E556.36132
G1 X120.776 Y129.488 E556.39005
G1 X121.703 Y129.141 E556.42964
G1 X122.44 Y128.836 E556.46155
G1 X123.122 Y128.524 E556.49154
G1 X123.816 Y128.185 E556.52244
G1 X124.484 Y127.832 E556.55266
G1 X125.227 Y127.411 E556.58682
G1 X125.994 Y126.948 E556.62266
G1 X127.118 Y126.162 E556.67752
G1 X127.704 Y125.718 E556.70693
G1 X128.386 Y125.159 E556.7422
G1 X129.131 Y124.501 E556.78196
G1 X129.8 Y123.836 E556.81969
G1 X130.387 Y123.21 E556.85402
G1 X131.123 Y122.359 E556.89902
G1 X131.813 Y121.423 E556.94554
G1 X132.24 Y120.802 E556.97568
G1 X132.853 Y119.805 E557.0225
G1 X133.291 Y118.964 E557.06043
G1 X133.873 Y117.67 E557.11718
G1 X134.337 Y116.328 E557.17398
G1 X134.625 Y115.309 E557.21633
G1 X134.83 Y114.263 E557.25897
G1 X134.955 Y113.339 E557.29627
G1 X134.293 Y113.406 E557.32288
G1 X133.679 Y113.242 E557.3483
G1 X132.945 Y112.696 E557.3849
G1 X132.622 Y111.963 E557.41694
G1 X132.599 Y111.068 E557.45275
G10
G0 F7200 X95.651 Y97.248
G11
G1 F1680 X91.704 Y101.195 E557.67602
G1 X91.634 Y101.265
G0 F7200 X90.524 Y102.941
G1 F1680 X97.453 Y96.011 E558.06802
G1 X97.523 Y95.941
G0 F7200 X98.799 Y95.231
G1 F1680 X89.861 Y104.169 E558.57363
G1 X89.791 Y104.239
G0 F7200 X89.4 Y105.196
G1 F1680 X99.937 Y94.659 E559.16969
G1 X100.007 Y94.589
G0 F7200 X100.952 Y94.21
G1 F1680 X89.038 Y106.123 E559.84362
G1 X88.968 Y106.193
G0 F7200 X88.786 Y106.941
G1 F1680 X101.88 Y93.847 E560.58433
G1 X101.95 Y93.777
G0 F7200 X102.765 Y93.528
G1 F1680 X88.586 Y107.707 E561.38641
G0 F7200 X88.427 Y108.432
G1 F1680 X103.589 Y93.27 E562.2441
G1 X103.659 Y93.2
G0 F7200 X104.368 Y93.056
G1 F1680 X88.313 Y109.112 E563.15234
G0 F7200 X88.572 Y109.418
G1 F1680 X105.121 Y92.869 E564.08849
G1 X105.191 Y92.799
G10
G0 F7200 X89.66 Y108.896
G11
G1 F1680 X89.103 Y109.452 E564.11997
G0 F7200 X91.005 Y107.551
G1 F1680 X105.855 Y92.7 E564.96004
G0 F7200 X106.558 Y92.563
G1 F1680 X92.107 Y107.014 E565.77752
G0 F7200 X92.846 Y106.841
G1 F1680 X107.225 Y92.462 E566.59091
G0 F7200 X107.885 Y92.368
G1 F1680 X93.484 Y106.769 E567.40556
G0 F7200 X94.028 Y106.791
G1 F1680 X108.536 Y92.282 E568.22628
G0 F7200 X109.155 Y92.229
G1 F1680 X94.527 Y106.857 E569.05377
G0 F7200 X94.975 Y106.975
G1 F1680 X109.409 Y92.541 E569.87028
G0 F7200 X109.48 Y93.035
G1 F1680 X95.396 Y107.119 E570.66699
G0 F7200 X95.785 Y107.296
G1 F1680 X109.611 Y93.47 E571.44911
G0 F7200 X109.842 Y93.805
G1 F1680 X96.133 Y107.513 E572.22458
G0 F7200 X96.482 Y107.731
G1 F1680 X110.133 Y94.08 E572.99679
G1 X110.203 Y94.01
G10
G0 F7200 X88.357 Y113.592
G11
G1 F1680 X88.283 Y113.667 E573.00101
G0 F7200 X88.359 Y114.157
G1 F1680 X88.977 Y113.539 E573.03597
G0 F7200 X89.404 Y113.677
G1 F1680 X88.444 Y114.637 E573.09027
G0 F7200 X88.54 Y115.106
G1 F1680 X89.626 Y114.02 E573.15171
G0 F7200 X89.849 Y114.363
G1 F1680 X88.644 Y115.568 E573.21987
G0 F7200 X88.777 Y116.002
G1 F1680 X90.098 Y114.68 E573.29463
G0 F7200 X90.4 Y114.944
G1 F1680 X88.909 Y116.435 E573.37897
G0 F7200 X89.042 Y116.867
G1 F1680 X90.702 Y115.207 E573.47287
G0 F7200 X91.015 Y115.461
G1 F1680 X89.194 Y117.281 E573.57586
G0 F7200 X89.354 Y117.687
G1 F1680 X91.38 Y115.661 E573.69047
G0 F7200 X91.746 Y115.861
G1 F1680 X89.521 Y118.085 E573.8163
G0 F7200 X89.696 Y118.476
G1 F1680 X92.142 Y116.031 E573.95464
G0 F7200 X92.621 Y116.117
G1 F1680 X89.882 Y118.855 E574.10955
G0 F7200 X90.074 Y119.23
G1 F1680 X93.101 Y116.203 E574.28079
G0 F7200 X93.651 Y116.219
G1 F1680 X90.272 Y119.597 E574.4719
G0 F7200 X90.47 Y119.965
G1 F1680 X94.248 Y116.187 E574.68562
G0 F7200 X94.981 Y116.02
G1 F1680 X90.684 Y120.316 E574.92867
G0 F7200 X90.91 Y120.656
G1 F1680 X96.024 Y115.543 E575.21793
G1 X96.094 Y115.473
G10
G0 F7200 X95.414 Y113.799
G0 X95.533 Y109.305
G0 X96.787 Y107.991
G11
G1 F1680 X100.567 Y104.211 E575.43176
G1 X100.637 Y104.141
G0 F7200 X99.783 Y105.561
G1 F1680 X97.075 Y108.269 E575.58495
G0 F7200 X97.326 Y108.583
G1 F1680 X99.324 Y106.586 E575.69794
G1 X99.394 Y106.516
G0 F7200 X98.986 Y107.489
G1 F1680 X97.549 Y108.926 E575.77923
G0 F7200 X97.772 Y109.269
G1 F1680 X98.768 Y108.273 E575.83557
G0 F7200 X98.615 Y108.992
G1 F1680 X97.968 Y109.638 E575.87214
G0 F7200 X98.115 Y110.058
G1 F1680 X98.495 Y109.677 E575.89367
G0 F7200 X98.419 Y110.319
G1 F1680 X98.243 Y110.495 E575.90362
G10
G0 F7200 X100.216 Y110.683
G0 X105.018 Y102.226
G0 X104.17 Y100.609
G11
G1 F1680 X110.439 Y94.339 E576.25828
G0 F7200 X110.841 Y94.503
G1 F1680 X105.546 Y99.798 E576.55781
G1 X105.476 Y99.868
G0 F7200 X106.583 Y99.327
G1 F1680 X111.327 Y94.583 E576.82617
G0 F7200 X111.882 Y94.593
G1 F1680 X107.496 Y98.979 E577.07428
G1 X107.426 Y99.049
G10
G0 F7200 X113.612 Y92.297
G11
G1 F1680 X113.696 Y92.214 E577.07901
G0 F7200 X114.212 Y92.263
G1 F1680 X113.564 Y92.911 E577.11566
G1 X113.494 Y92.981
G0 F7200 X114.724 Y92.317
G1 F1680 X108.255 Y98.786 E577.4816
G0 F7200 X108.994 Y98.612
G1 F1680 X115.228 Y92.379 E577.83422
G0 F7200 X115.729 Y92.444
G1 F1680 X109.674 Y98.498 E578.17672
G0 F7200 X110.311 Y98.427
G1 F1680 X116.209 Y92.528 E578.51039
G0 F7200 X116.69 Y92.613
G1 F1680 X110.929 Y98.375 E578.83631
G0 F7200 X111.494 Y98.376
G1 F1680 X117.163 Y92.707 E579.15699
G0 F7200 X117.629 Y92.806
G1 F1680 X112.054 Y98.381 E579.47236
G0 F7200 X112.584 Y98.417
G1 F1680 X118.088 Y92.913 E579.78372
G0 F7200 X118.542 Y93.024
G1 F1680 X113.099 Y98.467 E580.09162
G0 F7200 X113.595 Y98.537
G1 F1680 X118.985 Y93.147 E580.39652
G0 F7200 X119.424 Y93.274
G1 F1680 X114.072 Y98.626 E580.69928
G0 F7200 X114.534 Y98.73
G1 F1680 X119.855 Y93.408 E581.00031
G0 F7200 X120.28 Y93.549
G1 F1680 X114.983 Y98.846 E581.29995
G0 F7200 X115.425 Y98.969
G1 F1680 X120.703 Y93.692 E581.59849
G0 F7200 X121.115 Y93.846
G1 F1680 X115.843 Y99.117 E581.89669
G0 F7200 X116.262 Y99.264
G1 F1680 X121.524 Y94.002 E582.19436
G0 F7200 X121.929 Y94.163
G1 F1680 X116.659 Y99.433 E582.49247
G0 F7200 X117.057 Y99.601
G1 F1680 X122.327 Y94.33 E582.79062
G0 F7200 X122.725 Y94.498
G1 F1680 X117.433 Y99.79 E583.08998
G0 F7200 X117.81 Y99.979
G1 F1680 X123.107 Y94.682 E583.38962
G0 F7200 X123.487 Y94.868
G1 F1680 X118.163 Y100.191 E583.69077
G0 F7200 X118.517 Y100.404
G1 F1680 X123.862 Y95.058 E583.99315
G0 F7200 X124.233 Y95.253
G1 F1680 X118.866 Y100.62 E584.29676
G0 F7200 X119.189 Y100.862
G1 F1680 X124.598 Y95.454 E584.60271
G0 F7200 X124.958 Y95.659
G1 F1680 X119.512 Y101.106 E584.91081
G0 F7200 X119.83 Y101.353
G1 F1680 X125.312 Y95.871 E585.22092
G0 F7200 X125.662 Y96.087
G1 F1680 X120.136 Y101.613 E585.53351
G0 F7200 X120.432 Y101.882
G1 F1680 X126.012 Y96.302 E585.84917
G0 F7200 X126.346 Y96.534
G1 F1680 X120.718 Y102.162 E586.16753
G0 F7200 X121.002 Y102.444
G1 F1680 X126.678 Y96.768 E586.48862
G0 F7200 X127.011 Y97.001
G1 F1680 X121.271 Y102.74 E586.81329
G0 F7200 X121.532 Y103.045
G1 F1680 X127.332 Y97.246 E587.14136
G0 F7200 X127.652 Y97.491
G1 F1680 X121.785 Y103.358 E587.47325
G0 F7200 X122.037 Y103.671
G1 F1680 X127.967 Y97.742 E587.80867
G0 F7200 X128.27 Y98.004
G1 F1680 X122.279 Y103.996 E588.1476
G0 F7200 X122.499 Y104.341
G1 F1680 X128.573 Y98.267 E588.4912
G0 F7200 X128.871 Y98.535
G1 F1680 X122.72 Y104.686 E588.83915
G0 F7200 X122.928 Y105.044
G1 F1680 X129.164 Y98.808 E589.19191
G0 F7200 X129.447 Y99.09
G1 F1680 X123.129 Y105.408 E589.54931
G0 F7200 X123.318 Y105.785
G1 F1680 X129.727 Y99.376 E589.91186
G0 F7200 X130.002 Y99.666
G1 F1680 X123.5 Y106.168 E590.27967
G0 F7200 X123.666 Y106.568
G1 F1680 X130.274 Y99.96 E590.65348
G0 F7200 X130.539 Y100.261
G1 F1680 X123.824 Y106.975 E591.03331
G0 F7200 X123.98 Y107.385
G1 F1680 X130.796 Y100.569 E591.41888
G0 F7200 X131.054 Y100.877
G1 F1680 X124.103 Y107.828 E591.81208
G0 F7200 X124.227 Y108.27
G1 F1680 X131.296 Y101.2 E592.212
G0 F7200 X131.536 Y101.526
G1 F1680 X124.33 Y108.733 E592.61966
G0 F7200 X124.429 Y109.199
G1 F1680 X131.776 Y101.852 E593.03527
G0 F7200 X132.001 Y102.192
G1 F1680 X124.501 Y109.693 E593.45956
G0 F7200 X124.56 Y110.199
G1 F1680 X132.221 Y102.538 E593.89293
G0 F7200 X132.435 Y102.89
G1 F1680 X124.598 Y110.727 E594.33626
G0 F7200 X124.632 Y111.259
G1 F1680 X132.643 Y103.247 E594.78946
G0 F7200 X132.845 Y103.612
G1 F1680 X124.622 Y111.835 E595.25462
G0 F7200 X124.596 Y112.426
G1 F1680 X133.039 Y103.983 E595.73223
G0 F7200 X133.225 Y104.363
G1 F1680 X124.537 Y113.051 E596.2237
G0 F7200 X124.44 Y113.713
G1 F1680 X133.407 Y104.747 E596.73092
G0 F7200 X133.574 Y105.145
G1 F1680 X124.297 Y114.423 E597.25573
G0 F7200 X124.097 Y115.188
G1 F1680 X133.735 Y105.55 E597.80094
G0 F7200 X133.887 Y105.963
G1 F1680 X123.819 Y116.031 E598.37047
G1 X123.749 Y116.101
G0 F7200 X123.409 Y117.008
G1 F1680 X134.033 Y106.384 E598.97146
G0 F7200 X134.171 Y106.811
G1 F1680 X122.78 Y118.202 E599.61583
G1 X122.71 Y118.272
G0 F7200 X121.072 Y120.476
G1 F1680 X134.292 Y107.256 E600.36366
G1 X134.362 Y107.186
G10
G0 F7200 X98.367 Y112.068
G11
G1 F1680 X98.303 Y112.132 E600.36728
G0 F7200 X98.412 Y112.589
G1 F1680 X98.154 Y112.846 E600.38185
G0 F7200 X98.462 Y113.104
G1 F1680 X97.757 Y113.81 E600.42176
G1 X97.687 Y113.88
G0 F7200 X98.536 Y113.596
G1 F1680 X91.135 Y120.997 E600.84042
G0 F7200 X91.364 Y121.334
G1 F1680 X98.629 Y114.068 E601.25142
G0 F7200 X98.73 Y114.533
G1 F1680 X91.6 Y121.663 E601.65476
G0 F7200 X91.848 Y121.982
G1 F1680 X98.844 Y114.985 E602.05054
G0 F7200 X98.977 Y115.418
G1 F1680 X92.101 Y122.294 E602.4395
G0 F7200 X92.354 Y122.607
G1 F1680 X99.11 Y115.85 E602.82171
G0 F7200 X99.263 Y116.263
G1 F1680 X92.606 Y122.92 E603.19829
G0 F7200 X92.878 Y123.213
G1 F1680 X99.427 Y116.665 E603.56872
G0 F7200 X99.603 Y117.054
G1 F1680 X93.156 Y123.501 E603.93342
G0 F7200 X93.435 Y123.788
G1 F1680 X99.79 Y117.433 E604.29292
G0 F7200 X99.988 Y117.8
G1 F1680 X93.715 Y124.074 E604.6478
G0 F7200 X94.006 Y124.348
G1 F1680 X100.186 Y118.168 E604.99739
G0 F7200 X100.406 Y118.515
G1 F1680 X94.303 Y124.618 E605.34263
G0 F7200 X94.605 Y124.881
G1 F1680 X100.625 Y118.861 E605.68317
G0 F7200 X100.854 Y119.198
G1 F1680 X94.906 Y125.146 E606.01964
G0 F7200 X95.217 Y125.4
G1 F1680 X101.104 Y119.513 E606.35266
G0 F7200 X101.354 Y119.829
G1 F1680 X95.53 Y125.653 E606.68212
G0 F7200 X95.853 Y125.895
G1 F1680 X101.616 Y120.132 E607.00812
G0 F7200 X101.885 Y120.429
G1 F1680 X96.181 Y126.133 E607.33079
G0 F7200 X96.509 Y126.371
G1 F1680 X102.161 Y120.719 E607.65051
G0 F7200 X102.45 Y120.996
G1 F1680 X96.842 Y126.604 E607.96775
G0 F7200 X97.19 Y126.821
G1 F1680 X102.739 Y121.272 E608.28165
G0 F7200 X103.04 Y121.538
G1 F1680 X97.539 Y127.038 E608.5928
G0 F7200 X97.893 Y127.25
G1 F1680 X103.354 Y121.789 E608.90172
G0 F7200 X103.672 Y122.036
G1 F1680 X98.247 Y127.462 E609.20864
G0 F7200 X98.61 Y127.664
G1 F1680 X104.006 Y122.268 E609.51388
G0 F7200 X104.341 Y122.499
G1 F1680 X98.983 Y127.857 E609.81697
G0 F7200 X99.355 Y128.051
G1 F1680 X104.69 Y122.716 E610.11877
G0 F7200 X105.044 Y122.927
G1 F1680 X99.735 Y128.237 E610.41912
G0 F7200 X100.117 Y128.42
G1 F1680 X105.41 Y123.127 E610.71854
G0 F7200 X105.782 Y123.32
G1 F1680 X100.507 Y128.595 E611.01694
G0 F7200 X100.901 Y128.768
G1 F1680 X106.173 Y123.495 E611.31519
G0 F7200 X106.569 Y123.665
G1 F1680 X101.3 Y128.934 E611.61325
G0 F7200 X101.712 Y129.088
G1 F1680 X106.975 Y123.824 E611.911
G0 F7200 X107.402 Y123.964
G1 F1680 X102.124 Y129.241 E612.20954
G0 F7200 X102.54 Y129.391
G1 F1680 X107.835 Y124.096 E612.50907
G0 F7200 X108.274 Y124.223
G1 F1680 X102.957 Y129.54 E612.80985
G0 F7200 X103.395 Y129.667
G1 F1680 X108.735 Y124.328 E613.11189
G0 F7200 X109.207 Y124.421
G1 F1680 X103.834 Y129.794 E613.41584
G0 F7200 X104.272 Y129.922
G1 F1680 X109.695 Y124.499 E613.72261
G0 F7200 X110.199 Y124.56
G1 F1680 X104.725 Y130.035 E614.03229
G0 F7200 X105.18 Y130.145
G1 F1680 X110.724 Y124.601 E614.34591
G0 F7200 X111.266 Y124.625
G1 F1680 X105.646 Y130.245 E614.66382
G0 F7200 X106.112 Y130.345
G1 F1680 X111.83 Y124.627 E614.98728
G0 F7200 X112.441 Y124.582
G1 F1680 X106.589 Y130.434 E615.31832
G0 F7200 X107.073 Y130.515
G1 F1680 X113.051 Y124.537 E615.65649
G0 F7200 X113.72 Y124.433
G1 F1680 X107.559 Y130.595 E616.00504
G0 F7200 X108.067 Y130.652
G1 F1680 X114.424 Y124.295 E616.36464
G1 X114.494 Y124.225
G10
G0 F7200 X109.518 Y129.767
G11
G1 F1680 X108.576 Y130.709 E616.41793
G0 F7200 X109.085 Y130.766
G1 F1680 X109.396 Y130.454 E616.43555
G0 F7200 X110.773 Y128.512
G1 F1680 X115.193 Y124.092 E616.68558
G1 X115.263 Y124.022
G0 F7200 X116.033 Y123.818
G1 F1680 X111.452 Y128.399 E616.94472
G0 F7200 X111.966 Y128.45
G1 F1680 X117.005 Y123.411 E617.22977
G1 X117.075 Y123.341
G0 F7200 X118.206 Y122.776
G1 F1680 X112.409 Y128.573 E617.5577
G0 F7200 X112.74 Y128.807
G1 F1680 X120.466 Y121.081 E617.99475
G1 X120.536 Y121.011
G10
G0 F7200 X113.068 Y129.046
G11
G1 F1680 X134.408 Y107.705 E619.20195
G0 F7200 X134.509 Y108.17
G1 F1680 X113.288 Y129.391 E620.40239
G1 X113.218 Y129.461
G10
G0 F7200 X133.678 Y109.567
G11
G1 F1680 X134.608 Y108.636 E620.45503
G0 F7200 X134.684 Y109.126
G1 F1680 X134.409 Y109.401 E620.47059
G0 F7200 X132.554 Y110.691
G1 F1680 X113.471 Y129.774 E621.55008
G0 F7200 X113.583 Y130.228
G1 F1680 X132.406 Y111.404 E622.6149
G0 F7200 X132.421 Y111.956
G1 F1680 X113.574 Y130.802 E623.68102
G0 F7200 X114.21 Y130.732
G1 F1680 X132.58 Y112.362 E624.72018
G0 F7200 X132.754 Y112.754
G1 F1680 X114.846 Y130.661 E625.73318
G0 F7200 X115.495 Y130.579
G1 F1680 X133.051 Y113.023 E626.7263
G0 F7200 X133.376 Y113.263
G1 F1680 X116.165 Y130.474 E627.6999
G0 F7200 X116.856 Y130.349
G1 F1680 X133.742 Y113.462 E628.65515
G0 F7200 X134.186 Y113.584
G1 F1680 X117.572 Y130.198 E629.59498
G0 F7200 X118.315 Y130.021
G1 F1680 X134.714 Y113.622 E630.52265
G0 F7200 X134.621 Y114.28
G1 F1680 X119.083 Y129.818 E631.40161
G1 X119.013 Y129.888
G0 F7200 X119.889 Y129.579
G1 F1680 X134.484 Y114.983 E632.22725
G0 F7200 X134.296 Y115.737
G1 F1680 X120.748 Y129.285 E632.99364
G1 X120.678 Y129.355
G0 F7200 X121.655 Y128.944
G1 F1680 X134.048 Y116.551 E633.6947
G1 X134.118 Y116.481
G0 F7200 X133.749 Y117.415
G1 F1680 X122.638 Y128.526 E634.32323
G1 X122.568 Y128.596
G0 F7200 X123.722 Y128.008
G1 F1680 X133.321 Y118.409 E634.86623
G1 X133.391 Y118.339
G0 F7200 X132.775 Y119.521
G1 F1680 X124.968 Y127.327 E635.30784
G1 X124.898 Y127.397
G0 F7200 X126.538 Y126.323
G1 F1680 X131.861 Y121 E635.60895
G1 X131.931 Y120.93
;TIME_ELAPSED:438.336647
G10
M107
;Version _2.6 of the firmware can abort the print too early if the file ends
;too soon. However if the file hasn't ended yet because there are comments at
;the end of the file, it won't abort yet. Therefore we have to put at least 512
;bytes at the end of the g-code so that the file is not yet finished by the
;time that the motion planner gets flushed. With firmware version _3.3 this
;should be fixed, so this comment wouldn't be necessary any more. Now we have
;to pad this text to make precisely 512 bytes.
M82 ;absolute extrusion mode
;End of Gcode
;SETTING_3 {"global_quality": "[general]\\nversion = 4\\nname = Fine #2\\ndefini
;SETTING_3 tion = ultimaker2_plus\\n\\n[metadata]\\ntype = quality_changes\\nqua
;SETTING_3 lity_type = normal\\nsetting_version = 25\\n\\n[values]\\nadhesion_ty
;SETTING_3 pe = skirt\\n\\n", "extruder_quality": ["[general]\\nversion = 4\\nna
;SETTING_3 me = Fine #2\\ndefinition = ultimaker2_plus\\n\\n[metadata]\\ntype = 
;SETTING_3 quality_changes\\nquality_type = normal\\nsetting_version = 25\\nposi
;SETTING_3 tion = 0\\n\\n[values]\\nbrim_line_count = 5\\ninfill_sparse_density 
;SETTING_3 = 0\\nspeed_layer_0 = 29.0\\nspeed_print = 70.0\\nz_seam_type = short
;SETTING_3 est\\n\\n"]}
